station_id,station_name,latitude,longitude,time_utc,parameter,value,unit,agency,source
000060104,Ottawa Downtown,45.434333,-75.67599,2026-06-15T00:00:00Z,NO2,3.0,PPB,Ontario Ministry of the Environment,"EPA AirNow hourly (preliminary, not regulatory AQS)"
000060104,Ottawa Downtown,45.434333,-75.67599,2026-06-15T01:00:00Z,NO2,2.0,PPB,Ontario Ministry of the Environment,"EPA AirNow hourly (preliminary, not regulatory AQS)"
000060104,Ottawa Downtown,45.434333,-75.67599,2026-06-15T02:00:00Z,NO2,2.0,PPB,Ontario Ministry of the Environment,"EPA AirNow hourly (preliminary, not regulatory AQS)"
000060104,Ottawa Downtown,45.434333,-75.67599,2026-06-15T03:00:00Z,NO2,3.0,PPB,Ontario Ministry of the Environment,"EPA AirNow hourly (preliminary, not regulatory AQS)"
000060104,Ottawa Downtown,45.434333,-75.67599,2026-06-15T04:00:00Z,NO2,2.0,PPB,Ontario Ministry of the Environment,"EPA AirNow hourly (preliminary, not regulatory AQS)"
000060104,Ottawa Downtown,45.434333,-75.67599,2026-06-15T05:00:00Z,NO2,2.0,PPB,Ontario Ministry of the Environment,"EPA AirNow hourly (preliminary, not regulatory AQS)"
000060104,Ottawa Downtown,45.434333,-75.67599,2026-06-15T06:00:00Z,NO2,2.0,PPB,Ontario Ministry of the Environment,"EPA AirNow hourly (preliminary, not regulatory AQS)"
000060104,Ottawa Downtown,45.434333,-75.67599,2026-06-15T07:00:00Z,NO2,2.0,PPB,Ontario Ministry of the Environment,"EPA AirNow hourly (preliminary, not regulatory AQS)"
000060104,Ottawa Downtown,45.434333,-75.67599,2026-06-15T09:00:00Z,NO2,2.0,PPB,Ontario Ministry of the Environment,"EPA AirNow hourly (preliminary, not regulatory AQS)"
000060104,Ottawa Downtown,45.434333,-75.67599,2026-06-15T10:00:00Z,NO2,2.0,PPB,Ontario Ministry of the Environment,"EPA AirNow hourly (preliminary, not regulatory AQS)"
000060104,Ottawa Downtown,45.434333,-75.67599,2026-06-15T11:00:00Z,NO2,2.0,PPB,Ontario Ministry of the Environment,"EPA AirNow hourly (preliminary, not regulatory AQS)"
000060104,Ottawa Downtown,45.434333,-75.67599,2026-06-15T12:00:00Z,NO2,2.0,PPB,Ontario Ministry of the Environment,"EPA AirNow hourly (preliminary, not regulatory AQS)"
000060104,Ottawa Downtown,45.434333,-75.67599,2026-06-15T13:00:00Z,NO2,1.0,PPB,Ontario Ministry of the Environment,"EPA AirNow hourly (preliminary, not regulatory AQS)"
000060104,Ottawa Downtown,45.434333,-75.67599,2026-06-15T14:00:00Z,NO2,2.0,PPB,Ontario Ministry of the Environment,"EPA AirNow hourly (preliminary, not regulatory AQS)"
000060104,Ottawa Downtown,45.434333,-75.67599,2026-06-15T15:00:00Z,NO2,2.0,PPB,Ontario Ministry of the Environment,"EPA AirNow hourly (preliminary, not regulatory AQS)"
000060104,Ottawa Downtown,45.434333,-75.67599,2026-06-15T16:00:00Z,NO2,2.0,PPB,Ontario Ministry of the Environment,"EPA AirNow hourly (preliminary, not regulatory AQS)"
000060104,Ottawa Downtown,45.434333,-75.67599,2026-06-15T17:00:00Z,NO2,1.0,PPB,Ontario Ministry of the Environment,"EPA AirNow hourly (preliminary, not regulatory AQS)"
000060104,Ottawa Downtown,45.434333,-75.67599,2026-06-15T18:00:00Z,NO2,1.0,PPB,Ontario Ministry of the Environment,"EPA AirNow hourly (preliminary, not regulatory AQS)"
000060104,Ottawa Downtown,45.434333,-75.67599,2026-06-15T19:00:00Z,NO2,1.0,PPB,Ontario Ministry of the Environment,"EPA AirNow hourly (preliminary, not regulatory AQS)"
000060104,Ottawa Downtown,45.434333,-75.67599,2026-06-15T20:00:00Z,NO2,1.0,PPB,Ontario Ministry of the Environment,"EPA AirNow hourly (preliminary, not regulatory AQS)"
000060104,Ottawa Downtown,45.434333,-75.67599,2026-06-15T21:00:00Z,NO2,1.0,PPB,Ontario Ministry of the Environment,"EPA AirNow hourly (preliminary, not regulatory AQS)"
000060104,Ottawa Downtown,45.434333,-75.67599,2026-06-15T22:00:00Z,NO2,1.0,PPB,Ontario Ministry of the Environment,"EPA AirNow hourly (preliminary, not regulatory AQS)"
000060104,Ottawa Downtown,45.434333,-75.67599,2026-06-15T23:00:00Z,NO2,2.0,PPB,Ontario Ministry of the Environment,"EPA AirNow hourly (preliminary, not regulatory AQS)"
000060304,Kingston,44.219953,-76.521143,2026-06-15T00:00:00Z,NO2,2.0,PPB,Ontario Ministry of the Environment,"EPA AirNow hourly (preliminary, not regulatory AQS)"
000060304,Kingston,44.219953,-76.521143,2026-06-15T01:00:00Z,NO2,2.0,PPB,Ontario Ministry of the Environment,"EPA AirNow hourly (preliminary, not regulatory AQS)"
000060304,Kingston,44.219953,-76.521143,2026-06-15T02:00:00Z,NO2,2.0,PPB,Ontario Ministry of the Environment,"EPA AirNow hourly (preliminary, not regulatory AQS)"
000060304,Kingston,44.219953,-76.521143,2026-06-15T03:00:00Z,NO2,2.0,PPB,Ontario Ministry of the Environment,"EPA AirNow hourly (preliminary, not regulatory AQS)"
000060304,Kingston,44.219953,-76.521143,2026-06-15T04:00:00Z,NO2,1.0,PPB,Ontario Ministry of the Environment,"EPA AirNow hourly (preliminary, not regulatory AQS)"
000060304,Kingston,44.219953,-76.521143,2026-06-15T05:00:00Z,NO2,1.0,PPB,Ontario Ministry of the Environment,"EPA AirNow hourly (preliminary, not regulatory AQS)"
000060304,Kingston,44.219953,-76.521143,2026-06-15T06:00:00Z,NO2,2.0,PPB,Ontario Ministry of the Environment,"EPA AirNow hourly (preliminary, not regulatory AQS)"
000060304,Kingston,44.219953,-76.521143,2026-06-15T07:00:00Z,NO2,2.0,PPB,Ontario Ministry of the Environment,"EPA AirNow hourly (preliminary, not regulatory AQS)"
000060304,Kingston,44.219953,-76.521143,2026-06-15T09:00:00Z,NO2,2.0,PPB,Ontario Ministry of the Environment,"EPA AirNow hourly (preliminary, not regulatory AQS)"
000060304,Kingston,44.219953,-76.521143,2026-06-15T10:00:00Z,NO2,2.0,PPB,Ontario Ministry of the Environment,"EPA AirNow hourly (preliminary, not regulatory AQS)"
000060304,Kingston,44.219953,-76.521143,2026-06-15T11:00:00Z,NO2,1.0,PPB,Ontario Ministry of the Environment,"EPA AirNow hourly (preliminary, not regulatory AQS)"
000060304,Kingston,44.219953,-76.521143,2026-06-15T12:00:00Z,NO2,2.0,PPB,Ontario Ministry of the Environment,"EPA AirNow hourly (preliminary, not regulatory AQS)"
000060304,Kingston,44.219953,-76.521143,2026-06-15T13:00:00Z,NO2,1.0,PPB,Ontario Ministry of the Environment,"EPA AirNow hourly (preliminary, not regulatory AQS)"
000060304,Kingston,44.219953,-76.521143,2026-06-15T14:00:00Z,NO2,1.0,PPB,Ontario Ministry of the Environment,"EPA AirNow hourly (preliminary, not regulatory AQS)"
000060304,Kingston,44.219953,-76.521143,2026-06-15T15:00:00Z,NO2,1.0,PPB,Ontario Ministry of the Environment,"EPA AirNow hourly (preliminary, not regulatory AQS)"
000060304,Kingston,44.219953,-76.521143,2026-06-15T16:00:00Z,NO2,1.0,PPB,Ontario Ministry of the Environment,"EPA AirNow hourly (preliminary, not regulatory AQS)"
000060304,Kingston,44.219953,-76.521143,2026-06-15T17:00:00Z,NO2,1.0,PPB,Ontario Ministry of the Environment,"EPA AirNow hourly (preliminary, not regulatory AQS)"
000060304,Kingston,44.219953,-76.521143,2026-06-15T18:00:00Z,NO2,1.0,PPB,Ontario Ministry of the Environment,"EPA AirNow hourly (preliminary, not regulatory AQS)"
000060304,Kingston,44.219953,-76.521143,2026-06-15T19:00:00Z,NO2,1.0,PPB,Ontario Ministry of the Environment,"EPA AirNow hourly (preliminary, not regulatory AQS)"
000060304,Kingston,44.219953,-76.521143,2026-06-15T20:00:00Z,NO2,1.0,PPB,Ontario Ministry of the Environment,"EPA AirNow hourly (preliminary, not regulatory AQS)"
000060304,Kingston,44.219953,-76.521143,2026-06-15T21:00:00Z,NO2,2.0,PPB,Ontario Ministry of the Environment,"EPA AirNow hourly (preliminary, not regulatory AQS)"
000060304,Kingston,44.219953,-76.521143,2026-06-15T22:00:00Z,NO2,2.0,PPB,Ontario Ministry of the Environment,"EPA AirNow hourly (preliminary, not regulatory AQS)"
000060304,Kingston,44.219953,-76.521143,2026-06-15T23:00:00Z,NO2,1.0,PPB,Ontario Ministry of the Environment,"EPA AirNow hourly (preliminary, not regulatory AQS)"
000060410,Toronto East,43.747917,-79.274056,2026-06-15T00:00:00Z,NO2,4.0,PPB,Ontario Ministry of the Environment,"EPA AirNow hourly (preliminary, not regulatory AQS)"
000060410,Toronto East,43.747917,-79.274056,2026-06-15T01:00:00Z,NO2,5.0,PPB,Ontario Ministry of the Environment,"EPA AirNow hourly (preliminary, not regulatory AQS)"
000060410,Toronto East,43.747917,-79.274056,2026-06-15T02:00:00Z,NO2,5.0,PPB,Ontario Ministry of the Environment,"EPA AirNow hourly (preliminary, not regulatory AQS)"
000060410,Toronto East,43.747917,-79.274056,2026-06-15T03:00:00Z,NO2,3.0,PPB,Ontario Ministry of the Environment,"EPA AirNow hourly (preliminary, not regulatory AQS)"
000060410,Toronto East,43.747917,-79.274056,2026-06-15T04:00:00Z,NO2,2.0,PPB,Ontario Ministry of the Environment,"EPA AirNow hourly (preliminary, not regulatory AQS)"
000060410,Toronto East,43.747917,-79.274056,2026-06-15T05:00:00Z,NO2,1.0,PPB,Ontario Ministry of the Environment,"EPA AirNow hourly (preliminary, not regulatory AQS)"
000060410,Toronto East,43.747917,-79.274056,2026-06-15T06:00:00Z,NO2,2.0,PPB,Ontario Ministry of the Environment,"EPA AirNow hourly (preliminary, not regulatory AQS)"
000060410,Toronto East,43.747917,-79.274056,2026-06-15T07:00:00Z,NO2,2.0,PPB,Ontario Ministry of the Environment,"EPA AirNow hourly (preliminary, not regulatory AQS)"
000060410,Toronto East,43.747917,-79.274056,2026-06-15T09:00:00Z,NO2,3.0,PPB,Ontario Ministry of the Environment,"EPA AirNow hourly (preliminary, not regulatory AQS)"
000060410,Toronto East,43.747917,-79.274056,2026-06-15T10:00:00Z,NO2,4.0,PPB,Ontario Ministry of the Environment,"EPA AirNow hourly (preliminary, not regulatory AQS)"
000060410,Toronto East,43.747917,-79.274056,2026-06-15T11:00:00Z,NO2,4.0,PPB,Ontario Ministry of the Environment,"EPA AirNow hourly (preliminary, not regulatory AQS)"
000060410,Toronto East,43.747917,-79.274056,2026-06-15T12:00:00Z,NO2,4.0,PPB,Ontario Ministry of the Environment,"EPA AirNow hourly (preliminary, not regulatory AQS)"
000060410,Toronto East,43.747917,-79.274056,2026-06-15T13:00:00Z,NO2,4.0,PPB,Ontario Ministry of the Environment,"EPA AirNow hourly (preliminary, not regulatory AQS)"
000060410,Toronto East,43.747917,-79.274056,2026-06-15T14:00:00Z,NO2,4.0,PPB,Ontario Ministry of the Environment,"EPA AirNow hourly (preliminary, not regulatory AQS)"
000060410,Toronto East,43.747917,-79.274056,2026-06-15T15:00:00Z,NO2,4.0,PPB,Ontario Ministry of the Environment,"EPA AirNow hourly (preliminary, not regulatory AQS)"
000060410,Toronto East,43.747917,-79.274056,2026-06-15T16:00:00Z,NO2,5.0,PPB,Ontario Ministry of the Environment,"EPA AirNow hourly (preliminary, not regulatory AQS)"
000060410,Toronto East,43.747917,-79.274056,2026-06-15T17:00:00Z,NO2,3.0,PPB,Ontario Ministry of the Environment,"EPA AirNow hourly (preliminary, not regulatory AQS)"
000060410,Toronto East,43.747917,-79.274056,2026-06-15T18:00:00Z,NO2,4.0,PPB,Ontario Ministry of the Environment,"EPA AirNow hourly (preliminary, not regulatory AQS)"
000060410,Toronto East,43.747917,-79.274056,2026-06-15T19:00:00Z,NO2,5.0,PPB,Ontario Ministry of the Environment,"EPA AirNow hourly (preliminary, not regulatory AQS)"
000060410,Toronto East,43.747917,-79.274056,2026-06-15T20:00:00Z,NO2,7.0,PPB,Ontario Ministry of the Environment,"EPA AirNow hourly (preliminary, not regulatory AQS)"
000060410,Toronto East,43.747917,-79.274056,2026-06-15T21:00:00Z,NO2,7.0,PPB,Ontario Ministry of the Environment,"EPA AirNow hourly (preliminary, not regulatory AQS)"
000060410,Toronto East,43.747917,-79.274056,2026-06-15T22:00:00Z,NO2,8.0,PPB,Ontario Ministry of the Environment,"EPA AirNow hourly (preliminary, not regulatory AQS)"
000060410,Toronto East,43.747917,-79.274056,2026-06-15T23:00:00Z,NO2,4.0,PPB,Ontario Ministry of the Environment,"EPA AirNow hourly (preliminary, not regulatory AQS)"
000060512,Hamilton Downtown,43.257778,-79.861667,2026-06-15T00:00:00Z,NO2,2.0,PPB,Ontario Ministry of the Environment,"EPA AirNow hourly (preliminary, not regulatory AQS)"
000060512,Hamilton Downtown,43.257778,-79.861667,2026-06-15T01:00:00Z,NO2,3.0,PPB,Ontario Ministry of the Environment,"EPA AirNow hourly (preliminary, not regulatory AQS)"
000060512,Hamilton Downtown,43.257778,-79.861667,2026-06-15T02:00:00Z,NO2,2.0,PPB,Ontario Ministry of the Environment,"EPA AirNow hourly (preliminary, not regulatory AQS)"
000060512,Hamilton Downtown,43.257778,-79.861667,2026-06-15T03:00:00Z,NO2,3.0,PPB,Ontario Ministry of the Environment,"EPA AirNow hourly (preliminary, not regulatory AQS)"
000060512,Hamilton Downtown,43.257778,-79.861667,2026-06-15T04:00:00Z,NO2,4.0,PPB,Ontario Ministry of the Environment,"EPA AirNow hourly (preliminary, not regulatory AQS)"
000060512,Hamilton Downtown,43.257778,-79.861667,2026-06-15T05:00:00Z,NO2,4.0,PPB,Ontario Ministry of the Environment,"EPA AirNow hourly (preliminary, not regulatory AQS)"
000060512,Hamilton Downtown,43.257778,-79.861667,2026-06-15T06:00:00Z,NO2,4.0,PPB,Ontario Ministry of the Environment,"EPA AirNow hourly (preliminary, not regulatory AQS)"
000060512,Hamilton Downtown,43.257778,-79.861667,2026-06-15T07:00:00Z,NO2,5.0,PPB,Ontario Ministry of the Environment,"EPA AirNow hourly (preliminary, not regulatory AQS)"
000060512,Hamilton Downtown,43.257778,-79.861667,2026-06-15T09:00:00Z,NO2,4.0,PPB,Ontario Ministry of the Environment,"EPA AirNow hourly (preliminary, not regulatory AQS)"
000060512,Hamilton Downtown,43.257778,-79.861667,2026-06-15T10:00:00Z,NO2,3.0,PPB,Ontario Ministry of the Environment,"EPA AirNow hourly (preliminary, not regulatory AQS)"
000060512,Hamilton Downtown,43.257778,-79.861667,2026-06-15T13:00:00Z,NO2,2.0,PPB,Ontario Ministry of the Environment,"EPA AirNow hourly (preliminary, not regulatory AQS)"
000060512,Hamilton Downtown,43.257778,-79.861667,2026-06-15T14:00:00Z,NO2,2.0,PPB,Ontario Ministry of the Environment,"EPA AirNow hourly (preliminary, not regulatory AQS)"
000060512,Hamilton Downtown,43.257778,-79.861667,2026-06-15T15:00:00Z,NO2,2.0,PPB,Ontario Ministry of the Environment,"EPA AirNow hourly (preliminary, not regulatory AQS)"
000060512,Hamilton Downtown,43.257778,-79.861667,2026-06-15T16:00:00Z,NO2,2.0,PPB,Ontario Ministry of the Environment,"EPA AirNow hourly (preliminary, not regulatory AQS)"
000060512,Hamilton Downtown,43.257778,-79.861667,2026-06-15T17:00:00Z,NO2,3.0,PPB,Ontario Ministry of the Environment,"EPA AirNow hourly (preliminary, not regulatory AQS)"
000060512,Hamilton Downtown,43.257778,-79.861667,2026-06-15T18:00:00Z,NO2,3.0,PPB,Ontario Ministry of the Environment,"EPA AirNow hourly (preliminary, not regulatory AQS)"
000060512,Hamilton Downtown,43.257778,-79.861667,2026-06-15T19:00:00Z,NO2,3.0,PPB,Ontario Ministry of the Environment,"EPA AirNow hourly (preliminary, not regulatory AQS)"
000060512,Hamilton Downtown,43.257778,-79.861667,2026-06-15T20:00:00Z,NO2,2.0,PPB,Ontario Ministry of the Environment,"EPA AirNow hourly (preliminary, not regulatory AQS)"
000060512,Hamilton Downtown,43.257778,-79.861667,2026-06-15T21:00:00Z,NO2,3.0,PPB,Ontario Ministry of the Environment,"EPA AirNow hourly (preliminary, not regulatory AQS)"
000060512,Hamilton Downtown,43.257778,-79.861667,2026-06-15T22:00:00Z,NO2,3.0,PPB,Ontario Ministry of the Environment,"EPA AirNow hourly (preliminary, not regulatory AQS)"
000060512,Hamilton Downtown,43.257778,-79.861667,2026-06-15T23:00:00Z,NO2,3.0,PPB,Ontario Ministry of the Environment,"EPA AirNow hourly (preliminary, not regulatory AQS)"
000060515,Hamilton West,43.257444,-79.90775,2026-06-15T00:00:00Z,NO2,4.0,PPB,Ontario Ministry of the Environment,"EPA AirNow hourly (preliminary, not regulatory AQS)"
000060515,Hamilton West,43.257444,-79.90775,2026-06-15T01:00:00Z,NO2,7.0,PPB,Ontario Ministry of the Environment,"EPA AirNow hourly (preliminary, not regulatory AQS)"
000060515,Hamilton West,43.257444,-79.90775,2026-06-15T02:00:00Z,NO2,6.0,PPB,Ontario Ministry of the Environment,"EPA AirNow hourly (preliminary, not regulatory AQS)"
000060515,Hamilton West,43.257444,-79.90775,2026-06-15T03:00:00Z,NO2,3.0,PPB,Ontario Ministry of the Environment,"EPA AirNow hourly (preliminary, not regulatory AQS)"
000060515,Hamilton West,43.257444,-79.90775,2026-06-15T04:00:00Z,NO2,2.0,PPB,Ontario Ministry of the Environment,"EPA AirNow hourly (preliminary, not regulatory AQS)"
000060515,Hamilton West,43.257444,-79.90775,2026-06-15T05:00:00Z,NO2,3.0,PPB,Ontario Ministry of the Environment,"EPA AirNow hourly (preliminary, not regulatory AQS)"
000060515,Hamilton West,43.257444,-79.90775,2026-06-15T06:00:00Z,NO2,3.0,PPB,Ontario Ministry of the Environment,"EPA AirNow hourly (preliminary, not regulatory AQS)"
000060515,Hamilton West,43.257444,-79.90775,2026-06-15T07:00:00Z,NO2,3.0,PPB,Ontario Ministry of the Environment,"EPA AirNow hourly (preliminary, not regulatory AQS)"
000060515,Hamilton West,43.257444,-79.90775,2026-06-15T09:00:00Z,NO2,3.0,PPB,Ontario Ministry of the Environment,"EPA AirNow hourly (preliminary, not regulatory AQS)"
000060515,Hamilton West,43.257444,-79.90775,2026-06-15T10:00:00Z,NO2,3.0,PPB,Ontario Ministry of the Environment,"EPA AirNow hourly (preliminary, not regulatory AQS)"
000060515,Hamilton West,43.257444,-79.90775,2026-06-15T11:00:00Z,NO2,3.0,PPB,Ontario Ministry of the Environment,"EPA AirNow hourly (preliminary, not regulatory AQS)"
000060515,Hamilton West,43.257444,-79.90775,2026-06-15T12:00:00Z,NO2,3.0,PPB,Ontario Ministry of the Environment,"EPA AirNow hourly (preliminary, not regulatory AQS)"
000060515,Hamilton West,43.257444,-79.90775,2026-06-15T13:00:00Z,NO2,3.0,PPB,Ontario Ministry of the Environment,"EPA AirNow hourly (preliminary, not regulatory AQS)"
000060515,Hamilton West,43.257444,-79.90775,2026-06-15T14:00:00Z,NO2,3.0,PPB,Ontario Ministry of the Environment,"EPA AirNow hourly (preliminary, not regulatory AQS)"
000060515,Hamilton West,43.257444,-79.90775,2026-06-15T15:00:00Z,NO2,3.0,PPB,Ontario Ministry of the Environment,"EPA AirNow hourly (preliminary, not regulatory AQS)"
000060515,Hamilton West,43.257444,-79.90775,2026-06-15T16:00:00Z,NO2,3.0,PPB,Ontario Ministry of the Environment,"EPA AirNow hourly (preliminary, not regulatory AQS)"
000060515,Hamilton West,43.257444,-79.90775,2026-06-15T17:00:00Z,NO2,2.0,PPB,Ontario Ministry of the Environment,"EPA AirNow hourly (preliminary, not regulatory AQS)"
000060515,Hamilton West,43.257444,-79.90775,2026-06-15T18:00:00Z,NO2,2.0,PPB,Ontario Ministry of the Environment,"EPA AirNow hourly (preliminary, not regulatory AQS)"
000060515,Hamilton West,43.257444,-79.90775,2026-06-15T19:00:00Z,NO2,3.0,PPB,Ontario Ministry of the Environment,"EPA AirNow hourly (preliminary, not regulatory AQS)"
000060515,Hamilton West,43.257444,-79.90775,2026-06-15T20:00:00Z,NO2,3.0,PPB,Ontario Ministry of the Environment,"EPA AirNow hourly (preliminary, not regulatory AQS)"
000060515,Hamilton West,43.257444,-79.90775,2026-06-15T21:00:00Z,NO2,4.0,PPB,Ontario Ministry of the Environment,"EPA AirNow hourly (preliminary, not regulatory AQS)"
000060515,Hamilton West,43.257444,-79.90775,2026-06-15T22:00:00Z,NO2,2.0,PPB,Ontario Ministry of the Environment,"EPA AirNow hourly (preliminary, not regulatory AQS)"
000060515,Hamilton West,43.257444,-79.90775,2026-06-15T23:00:00Z,NO2,2.0,PPB,Ontario Ministry of the Environment,"EPA AirNow hourly (preliminary, not regulatory AQS)"
000061104,Peterborough,44.301848,-78.346384,2026-06-15T00:00:00Z,NO2,2.0,PPB,Ontario Ministry of the Environment,"EPA AirNow hourly (preliminary, not regulatory AQS)"
000061104,Peterborough,44.301848,-78.346384,2026-06-15T01:00:00Z,NO2,1.0,PPB,Ontario Ministry of the Environment,"EPA AirNow hourly (preliminary, not regulatory AQS)"
000061104,Peterborough,44.301848,-78.346384,2026-06-15T02:00:00Z,NO2,1.0,PPB,Ontario Ministry of the Environment,"EPA AirNow hourly (preliminary, not regulatory AQS)"
000061104,Peterborough,44.301848,-78.346384,2026-06-15T03:00:00Z,NO2,1.0,PPB,Ontario Ministry of the Environment,"EPA AirNow hourly (preliminary, not regulatory AQS)"
000061104,Peterborough,44.301848,-78.346384,2026-06-15T04:00:00Z,NO2,0.0,PPB,Ontario Ministry of the Environment,"EPA AirNow hourly (preliminary, not regulatory AQS)"
000061104,Peterborough,44.301848,-78.346384,2026-06-15T05:00:00Z,NO2,0.0,PPB,Ontario Ministry of the Environment,"EPA AirNow hourly (preliminary, not regulatory AQS)"
000061104,Peterborough,44.301848,-78.346384,2026-06-15T06:00:00Z,NO2,0.0,PPB,Ontario Ministry of the Environment,"EPA AirNow hourly (preliminary, not regulatory AQS)"
000061104,Peterborough,44.301848,-78.346384,2026-06-15T07:00:00Z,NO2,0.0,PPB,Ontario Ministry of the Environment,"EPA AirNow hourly (preliminary, not regulatory AQS)"
000061104,Peterborough,44.301848,-78.346384,2026-06-15T09:00:00Z,NO2,1.0,PPB,Ontario Ministry of the Environment,"EPA AirNow hourly (preliminary, not regulatory AQS)"
000061104,Peterborough,44.301848,-78.346384,2026-06-15T10:00:00Z,NO2,1.0,PPB,Ontario Ministry of the Environment,"EPA AirNow hourly (preliminary, not regulatory AQS)"
000061104,Peterborough,44.301848,-78.346384,2026-06-15T11:00:00Z,NO2,1.0,PPB,Ontario Ministry of the Environment,"EPA AirNow hourly (preliminary, not regulatory AQS)"
000061104,Peterborough,44.301848,-78.346384,2026-06-15T12:00:00Z,NO2,1.0,PPB,Ontario Ministry of the Environment,"EPA AirNow hourly (preliminary, not regulatory AQS)"
000061104,Peterborough,44.301848,-78.346384,2026-06-15T13:00:00Z,NO2,1.0,PPB,Ontario Ministry of the Environment,"EPA AirNow hourly (preliminary, not regulatory AQS)"
000061104,Peterborough,44.301848,-78.346384,2026-06-15T14:00:00Z,NO2,0.0,PPB,Ontario Ministry of the Environment,"EPA AirNow hourly (preliminary, not regulatory AQS)"
000061104,Peterborough,44.301848,-78.346384,2026-06-15T15:00:00Z,NO2,1.0,PPB,Ontario Ministry of the Environment,"EPA AirNow hourly (preliminary, not regulatory AQS)"
000061104,Peterborough,44.301848,-78.346384,2026-06-15T16:00:00Z,NO2,0.0,PPB,Ontario Ministry of the Environment,"EPA AirNow hourly (preliminary, not regulatory AQS)"
000061104,Peterborough,44.301848,-78.346384,2026-06-15T17:00:00Z,NO2,0.0,PPB,Ontario Ministry of the Environment,"EPA AirNow hourly (preliminary, not regulatory AQS)"
000061104,Peterborough,44.301848,-78.346384,2026-06-15T18:00:00Z,NO2,1.0,PPB,Ontario Ministry of the Environment,"EPA AirNow hourly (preliminary, not regulatory AQS)"
000061104,Peterborough,44.301848,-78.346384,2026-06-15T19:00:00Z,NO2,1.0,PPB,Ontario Ministry of the Environment,"EPA AirNow hourly (preliminary, not regulatory AQS)"
000061104,Peterborough,44.301848,-78.346384,2026-06-15T20:00:00Z,NO2,1.0,PPB,Ontario Ministry of the Environment,"EPA AirNow hourly (preliminary, not regulatory AQS)"
000061104,Peterborough,44.301848,-78.346384,2026-06-15T21:00:00Z,NO2,1.0,PPB,Ontario Ministry of the Environment,"EPA AirNow hourly (preliminary, not regulatory AQS)"
000061104,Peterborough,44.301848,-78.346384,2026-06-15T22:00:00Z,NO2,1.0,PPB,Ontario Ministry of the Environment,"EPA AirNow hourly (preliminary, not regulatory AQS)"
000061104,Peterborough,44.301848,-78.346384,2026-06-15T23:00:00Z,NO2,1.0,PPB,Ontario Ministry of the Environment,"EPA AirNow hourly (preliminary, not regulatory AQS)"
000061201,Cornwall,45.017976,-74.735339,2026-06-15T00:00:00Z,NO2,1.0,PPB,Ontario Ministry of the Environment,"EPA AirNow hourly (preliminary, not regulatory AQS)"
000061201,Cornwall,45.017976,-74.735339,2026-06-15T01:00:00Z,NO2,1.0,PPB,Ontario Ministry of the Environment,"EPA AirNow hourly (preliminary, not regulatory AQS)"
000061201,Cornwall,45.017976,-74.735339,2026-06-15T02:00:00Z,NO2,1.0,PPB,Ontario Ministry of the Environment,"EPA AirNow hourly (preliminary, not regulatory AQS)"
000061201,Cornwall,45.017976,-74.735339,2026-06-15T03:00:00Z,NO2,1.0,PPB,Ontario Ministry of the Environment,"EPA AirNow hourly (preliminary, not regulatory AQS)"
000061201,Cornwall,45.017976,-74.735339,2026-06-15T04:00:00Z,NO2,1.0,PPB,Ontario Ministry of the Environment,"EPA AirNow hourly (preliminary, not regulatory AQS)"
000061201,Cornwall,45.017976,-74.735339,2026-06-15T05:00:00Z,NO2,1.0,PPB,Ontario Ministry of the Environment,"EPA AirNow hourly (preliminary, not regulatory AQS)"
000061201,Cornwall,45.017976,-74.735339,2026-06-15T06:00:00Z,NO2,2.0,PPB,Ontario Ministry of the Environment,"EPA AirNow hourly (preliminary, not regulatory AQS)"
000061201,Cornwall,45.017976,-74.735339,2026-06-15T07:00:00Z,NO2,2.0,PPB,Ontario Ministry of the Environment,"EPA AirNow hourly (preliminary, not regulatory AQS)"
000061201,Cornwall,45.017976,-74.735339,2026-06-15T09:00:00Z,NO2,0.0,PPB,Ontario Ministry of the Environment,"EPA AirNow hourly (preliminary, not regulatory AQS)"
000061201,Cornwall,45.017976,-74.735339,2026-06-15T10:00:00Z,NO2,1.0,PPB,Ontario Ministry of the Environment,"EPA AirNow hourly (preliminary, not regulatory AQS)"
000061201,Cornwall,45.017976,-74.735339,2026-06-15T11:00:00Z,NO2,0.0,PPB,Ontario Ministry of the Environment,"EPA AirNow hourly (preliminary, not regulatory AQS)"
000061201,Cornwall,45.017976,-74.735339,2026-06-15T12:00:00Z,NO2,1.0,PPB,Ontario Ministry of the Environment,"EPA AirNow hourly (preliminary, not regulatory AQS)"
000061201,Cornwall,45.017976,-74.735339,2026-06-15T13:00:00Z,NO2,0.0,PPB,Ontario Ministry of the Environment,"EPA AirNow hourly (preliminary, not regulatory AQS)"
000061201,Cornwall,45.017976,-74.735339,2026-06-15T14:00:00Z,NO2,1.0,PPB,Ontario Ministry of the Environment,"EPA AirNow hourly (preliminary, not regulatory AQS)"
000061201,Cornwall,45.017976,-74.735339,2026-06-15T15:00:00Z,NO2,0.0,PPB,Ontario Ministry of the Environment,"EPA AirNow hourly (preliminary, not regulatory AQS)"
000061201,Cornwall,45.017976,-74.735339,2026-06-15T16:00:00Z,NO2,1.0,PPB,Ontario Ministry of the Environment,"EPA AirNow hourly (preliminary, not regulatory AQS)"
000061201,Cornwall,45.017976,-74.735339,2026-06-15T17:00:00Z,NO2,0.0,PPB,Ontario Ministry of the Environment,"EPA AirNow hourly (preliminary, not regulatory AQS)"
000061201,Cornwall,45.017976,-74.735339,2026-06-15T18:00:00Z,NO2,1.0,PPB,Ontario Ministry of the Environment,"EPA AirNow hourly (preliminary, not regulatory AQS)"
000061201,Cornwall,45.017976,-74.735339,2026-06-15T19:00:00Z,NO2,1.0,PPB,Ontario Ministry of the Environment,"EPA AirNow hourly (preliminary, not regulatory AQS)"
000061201,Cornwall,45.017976,-74.735339,2026-06-15T20:00:00Z,NO2,1.0,PPB,Ontario Ministry of the Environment,"EPA AirNow hourly (preliminary, not regulatory AQS)"
000061201,Cornwall,45.017976,-74.735339,2026-06-15T21:00:00Z,NO2,0.0,PPB,Ontario Ministry of the Environment,"EPA AirNow hourly (preliminary, not regulatory AQS)"
000061201,Cornwall,45.017976,-74.735339,2026-06-15T22:00:00Z,NO2,1.0,PPB,Ontario Ministry of the Environment,"EPA AirNow hourly (preliminary, not regulatory AQS)"
000061201,Cornwall,45.017976,-74.735339,2026-06-15T23:00:00Z,NO2,1.0,PPB,Ontario Ministry of the Environment,"EPA AirNow hourly (preliminary, not regulatory AQS)"
000061302,St. Catharines,43.160056,-79.23475,2026-06-15T00:00:00Z,NO2,4.0,PPB,Ontario Ministry of the Environment,"EPA AirNow hourly (preliminary, not regulatory AQS)"
000061302,St. Catharines,43.160056,-79.23475,2026-06-15T01:00:00Z,NO2,6.0,PPB,Ontario Ministry of the Environment,"EPA AirNow hourly (preliminary, not regulatory AQS)"
000061302,St. Catharines,43.160056,-79.23475,2026-06-15T02:00:00Z,NO2,6.0,PPB,Ontario Ministry of the Environment,"EPA AirNow hourly (preliminary, not regulatory AQS)"
000061302,St. Catharines,43.160056,-79.23475,2026-06-15T03:00:00Z,NO2,4.0,PPB,Ontario Ministry of the Environment,"EPA AirNow hourly (preliminary, not regulatory AQS)"
000061302,St. Catharines,43.160056,-79.23475,2026-06-15T04:00:00Z,NO2,1.0,PPB,Ontario Ministry of the Environment,"EPA AirNow hourly (preliminary, not regulatory AQS)"
000061302,St. Catharines,43.160056,-79.23475,2026-06-15T05:00:00Z,NO2,1.0,PPB,Ontario Ministry of the Environment,"EPA AirNow hourly (preliminary, not regulatory AQS)"
000061302,St. Catharines,43.160056,-79.23475,2026-06-15T06:00:00Z,NO2,1.0,PPB,Ontario Ministry of the Environment,"EPA AirNow hourly (preliminary, not regulatory AQS)"
000061302,St. Catharines,43.160056,-79.23475,2026-06-15T07:00:00Z,NO2,1.0,PPB,Ontario Ministry of the Environment,"EPA AirNow hourly (preliminary, not regulatory AQS)"
000061302,St. Catharines,43.160056,-79.23475,2026-06-15T09:00:00Z,NO2,1.0,PPB,Ontario Ministry of the Environment,"EPA AirNow hourly (preliminary, not regulatory AQS)"
000061302,St. Catharines,43.160056,-79.23475,2026-06-15T10:00:00Z,NO2,2.0,PPB,Ontario Ministry of the Environment,"EPA AirNow hourly (preliminary, not regulatory AQS)"
000061302,St. Catharines,43.160056,-79.23475,2026-06-15T11:00:00Z,NO2,2.0,PPB,Ontario Ministry of the Environment,"EPA AirNow hourly (preliminary, not regulatory AQS)"
000061302,St. Catharines,43.160056,-79.23475,2026-06-15T12:00:00Z,NO2,1.0,PPB,Ontario Ministry of the Environment,"EPA AirNow hourly (preliminary, not regulatory AQS)"
000061302,St. Catharines,43.160056,-79.23475,2026-06-15T13:00:00Z,NO2,1.0,PPB,Ontario Ministry of the Environment,"EPA AirNow hourly (preliminary, not regulatory AQS)"
000061302,St. Catharines,43.160056,-79.23475,2026-06-15T14:00:00Z,NO2,1.0,PPB,Ontario Ministry of the Environment,"EPA AirNow hourly (preliminary, not regulatory AQS)"
000061302,St. Catharines,43.160056,-79.23475,2026-06-15T15:00:00Z,NO2,1.0,PPB,Ontario Ministry of the Environment,"EPA AirNow hourly (preliminary, not regulatory AQS)"
000061302,St. Catharines,43.160056,-79.23475,2026-06-15T16:00:00Z,NO2,1.0,PPB,Ontario Ministry of the Environment,"EPA AirNow hourly (preliminary, not regulatory AQS)"
000061302,St. Catharines,43.160056,-79.23475,2026-06-15T17:00:00Z,NO2,1.0,PPB,Ontario Ministry of the Environment,"EPA AirNow hourly (preliminary, not regulatory AQS)"
000061302,St. Catharines,43.160056,-79.23475,2026-06-15T18:00:00Z,NO2,2.0,PPB,Ontario Ministry of the Environment,"EPA AirNow hourly (preliminary, not regulatory AQS)"
000061302,St. Catharines,43.160056,-79.23475,2026-06-15T19:00:00Z,NO2,2.0,PPB,Ontario Ministry of the Environment,"EPA AirNow hourly (preliminary, not regulatory AQS)"
000061302,St. Catharines,43.160056,-79.23475,2026-06-15T20:00:00Z,NO2,2.0,PPB,Ontario Ministry of the Environment,"EPA AirNow hourly (preliminary, not regulatory AQS)"
000061302,St. Catharines,43.160056,-79.23475,2026-06-15T21:00:00Z,NO2,1.0,PPB,Ontario Ministry of the Environment,"EPA AirNow hourly (preliminary, not regulatory AQS)"
000061302,St. Catharines,43.160056,-79.23475,2026-06-15T22:00:00Z,NO2,2.0,PPB,Ontario Ministry of the Environment,"EPA AirNow hourly (preliminary, not regulatory AQS)"
000061302,St. Catharines,43.160056,-79.23475,2026-06-15T23:00:00Z,NO2,2.0,PPB,Ontario Ministry of the Environment,"EPA AirNow hourly (preliminary, not regulatory AQS)"
000061402,Brantford,43.138611,-80.292639,2026-06-15T00:00:00Z,NO2,1.0,PPB,Ontario Ministry of the Environment,"EPA AirNow hourly (preliminary, not regulatory AQS)"
000061402,Brantford,43.138611,-80.292639,2026-06-15T01:00:00Z,NO2,1.0,PPB,Ontario Ministry of the Environment,"EPA AirNow hourly (preliminary, not regulatory AQS)"
000061402,Brantford,43.138611,-80.292639,2026-06-15T02:00:00Z,NO2,2.0,PPB,Ontario Ministry of the Environment,"EPA AirNow hourly (preliminary, not regulatory AQS)"
000061402,Brantford,43.138611,-80.292639,2026-06-15T03:00:00Z,NO2,1.0,PPB,Ontario Ministry of the Environment,"EPA AirNow hourly (preliminary, not regulatory AQS)"
000061402,Brantford,43.138611,-80.292639,2026-06-15T04:00:00Z,NO2,1.0,PPB,Ontario Ministry of the Environment,"EPA AirNow hourly (preliminary, not regulatory AQS)"
000061402,Brantford,43.138611,-80.292639,2026-06-15T05:00:00Z,NO2,1.0,PPB,Ontario Ministry of the Environment,"EPA AirNow hourly (preliminary, not regulatory AQS)"
000061402,Brantford,43.138611,-80.292639,2026-06-15T07:00:00Z,NO2,4.0,PPB,Ontario Ministry of the Environment,"EPA AirNow hourly (preliminary, not regulatory AQS)"
000061402,Brantford,43.138611,-80.292639,2026-06-15T08:00:00Z,NO2,1.0,PPB,Ontario Ministry of the Environment,"EPA AirNow hourly (preliminary, not regulatory AQS)"
000061402,Brantford,43.138611,-80.292639,2026-06-15T09:00:00Z,NO2,1.0,PPB,Ontario Ministry of the Environment,"EPA AirNow hourly (preliminary, not regulatory AQS)"
000061402,Brantford,43.138611,-80.292639,2026-06-15T10:00:00Z,NO2,1.0,PPB,Ontario Ministry of the Environment,"EPA AirNow hourly (preliminary, not regulatory AQS)"
000061402,Brantford,43.138611,-80.292639,2026-06-15T11:00:00Z,NO2,1.0,PPB,Ontario Ministry of the Environment,"EPA AirNow hourly (preliminary, not regulatory AQS)"
000061402,Brantford,43.138611,-80.292639,2026-06-15T12:00:00Z,NO2,1.0,PPB,Ontario Ministry of the Environment,"EPA AirNow hourly (preliminary, not regulatory AQS)"
000061402,Brantford,43.138611,-80.292639,2026-06-15T13:00:00Z,NO2,10.0,PPB,Ontario Ministry of the Environment,"EPA AirNow hourly (preliminary, not regulatory AQS)"
000061402,Brantford,43.138611,-80.292639,2026-06-15T15:00:00Z,NO2,1.0,PPB,Ontario Ministry of the Environment,"EPA AirNow hourly (preliminary, not regulatory AQS)"
000061402,Brantford,43.138611,-80.292639,2026-06-15T16:00:00Z,NO2,1.0,PPB,Ontario Ministry of the Environment,"EPA AirNow hourly (preliminary, not regulatory AQS)"
000061402,Brantford,43.138611,-80.292639,2026-06-15T17:00:00Z,NO2,1.0,PPB,Ontario Ministry of the Environment,"EPA AirNow hourly (preliminary, not regulatory AQS)"
000061402,Brantford,43.138611,-80.292639,2026-06-15T18:00:00Z,NO2,1.0,PPB,Ontario Ministry of the Environment,"EPA AirNow hourly (preliminary, not regulatory AQS)"
000061402,Brantford,43.138611,-80.292639,2026-06-15T19:00:00Z,NO2,1.0,PPB,Ontario Ministry of the Environment,"EPA AirNow hourly (preliminary, not regulatory AQS)"
000061402,Brantford,43.138611,-80.292639,2026-06-15T20:00:00Z,NO2,1.0,PPB,Ontario Ministry of the Environment,"EPA AirNow hourly (preliminary, not regulatory AQS)"
000061402,Brantford,43.138611,-80.292639,2026-06-15T21:00:00Z,NO2,1.0,PPB,Ontario Ministry of the Environment,"EPA AirNow hourly (preliminary, not regulatory AQS)"
000061402,Brantford,43.138611,-80.292639,2026-06-15T22:00:00Z,NO2,1.0,PPB,Ontario Ministry of the Environment,"EPA AirNow hourly (preliminary, not regulatory AQS)"
000061402,Brantford,43.138611,-80.292639,2026-06-15T23:00:00Z,NO2,1.0,PPB,Ontario Ministry of the Environment,"EPA AirNow hourly (preliminary, not regulatory AQS)"
000061502,Kitchener,43.443833,-80.503806,2026-06-15T00:00:00Z,NO2,2.0,PPB,Ontario Ministry of the Environment,"EPA AirNow hourly (preliminary, not regulatory AQS)"
000061502,Kitchener,43.443833,-80.503806,2026-06-15T01:00:00Z,NO2,2.0,PPB,Ontario Ministry of the Environment,"EPA AirNow hourly (preliminary, not regulatory AQS)"
000061502,Kitchener,43.443833,-80.503806,2026-06-15T02:00:00Z,NO2,1.0,PPB,Ontario Ministry of the Environment,"EPA AirNow hourly (preliminary, not regulatory AQS)"
000061502,Kitchener,43.443833,-80.503806,2026-06-15T03:00:00Z,NO2,1.0,PPB,Ontario Ministry of the Environment,"EPA AirNow hourly (preliminary, not regulatory AQS)"
000061502,Kitchener,43.443833,-80.503806,2026-06-15T04:00:00Z,NO2,1.0,PPB,Ontario Ministry of the Environment,"EPA AirNow hourly (preliminary, not regulatory AQS)"
000061502,Kitchener,43.443833,-80.503806,2026-06-15T05:00:00Z,NO2,1.0,PPB,Ontario Ministry of the Environment,"EPA AirNow hourly (preliminary, not regulatory AQS)"
000061502,Kitchener,43.443833,-80.503806,2026-06-15T06:00:00Z,NO2,1.0,PPB,Ontario Ministry of the Environment,"EPA AirNow hourly (preliminary, not regulatory AQS)"
000061502,Kitchener,43.443833,-80.503806,2026-06-15T07:00:00Z,NO2,1.0,PPB,Ontario Ministry of the Environment,"EPA AirNow hourly (preliminary, not regulatory AQS)"
000061502,Kitchener,43.443833,-80.503806,2026-06-15T09:00:00Z,NO2,1.0,PPB,Ontario Ministry of the Environment,"EPA AirNow hourly (preliminary, not regulatory AQS)"
000061502,Kitchener,43.443833,-80.503806,2026-06-15T10:00:00Z,NO2,1.0,PPB,Ontario Ministry of the Environment,"EPA AirNow hourly (preliminary, not regulatory AQS)"
000061502,Kitchener,43.443833,-80.503806,2026-06-15T11:00:00Z,NO2,2.0,PPB,Ontario Ministry of the Environment,"EPA AirNow hourly (preliminary, not regulatory AQS)"
000061502,Kitchener,43.443833,-80.503806,2026-06-15T12:00:00Z,NO2,2.0,PPB,Ontario Ministry of the Environment,"EPA AirNow hourly (preliminary, not regulatory AQS)"
000061502,Kitchener,43.443833,-80.503806,2026-06-15T13:00:00Z,NO2,2.0,PPB,Ontario Ministry of the Environment,"EPA AirNow hourly (preliminary, not regulatory AQS)"
000061502,Kitchener,43.443833,-80.503806,2026-06-15T14:00:00Z,NO2,2.0,PPB,Ontario Ministry of the Environment,"EPA AirNow hourly (preliminary, not regulatory AQS)"
000061502,Kitchener,43.443833,-80.503806,2026-06-15T15:00:00Z,NO2,2.0,PPB,Ontario Ministry of the Environment,"EPA AirNow hourly (preliminary, not regulatory AQS)"
000061502,Kitchener,43.443833,-80.503806,2026-06-15T16:00:00Z,NO2,1.0,PPB,Ontario Ministry of the Environment,"EPA AirNow hourly (preliminary, not regulatory AQS)"
000061502,Kitchener,43.443833,-80.503806,2026-06-15T17:00:00Z,NO2,1.0,PPB,Ontario Ministry of the Environment,"EPA AirNow hourly (preliminary, not regulatory AQS)"
000061502,Kitchener,43.443833,-80.503806,2026-06-15T18:00:00Z,NO2,1.0,PPB,Ontario Ministry of the Environment,"EPA AirNow hourly (preliminary, not regulatory AQS)"
000061502,Kitchener,43.443833,-80.503806,2026-06-15T19:00:00Z,NO2,2.0,PPB,Ontario Ministry of the Environment,"EPA AirNow hourly (preliminary, not regulatory AQS)"
000061502,Kitchener,43.443833,-80.503806,2026-06-15T20:00:00Z,NO2,1.0,PPB,Ontario Ministry of the Environment,"EPA AirNow hourly (preliminary, not regulatory AQS)"
000061502,Kitchener,43.443833,-80.503806,2026-06-15T21:00:00Z,NO2,1.0,PPB,Ontario Ministry of the Environment,"EPA AirNow hourly (preliminary, not regulatory AQS)"
000061502,Kitchener,43.443833,-80.503806,2026-06-15T22:00:00Z,NO2,1.0,PPB,Ontario Ministry of the Environment,"EPA AirNow hourly (preliminary, not regulatory AQS)"
000061502,Kitchener,43.443833,-80.503806,2026-06-15T23:00:00Z,NO2,2.0,PPB,Ontario Ministry of the Environment,"EPA AirNow hourly (preliminary, not regulatory AQS)"
000061802,Guelph,43.551611,-80.264167,2026-06-15T00:00:00Z,NO2,2.0,PPB,Ontario Ministry of the Environment,"EPA AirNow hourly (preliminary, not regulatory AQS)"
000061802,Guelph,43.551611,-80.264167,2026-06-15T01:00:00Z,NO2,1.0,PPB,Ontario Ministry of the Environment,"EPA AirNow hourly (preliminary, not regulatory AQS)"
000061802,Guelph,43.551611,-80.264167,2026-06-15T02:00:00Z,NO2,1.0,PPB,Ontario Ministry of the Environment,"EPA AirNow hourly (preliminary, not regulatory AQS)"
000061802,Guelph,43.551611,-80.264167,2026-06-15T03:00:00Z,NO2,1.0,PPB,Ontario Ministry of the Environment,"EPA AirNow hourly (preliminary, not regulatory AQS)"
000061802,Guelph,43.551611,-80.264167,2026-06-15T04:00:00Z,NO2,1.0,PPB,Ontario Ministry of the Environment,"EPA AirNow hourly (preliminary, not regulatory AQS)"
000061802,Guelph,43.551611,-80.264167,2026-06-15T05:00:00Z,NO2,1.0,PPB,Ontario Ministry of the Environment,"EPA AirNow hourly (preliminary, not regulatory AQS)"
000061802,Guelph,43.551611,-80.264167,2026-06-15T06:00:00Z,NO2,1.0,PPB,Ontario Ministry of the Environment,"EPA AirNow hourly (preliminary, not regulatory AQS)"
000061802,Guelph,43.551611,-80.264167,2026-06-15T07:00:00Z,NO2,1.0,PPB,Ontario Ministry of the Environment,"EPA AirNow hourly (preliminary, not regulatory AQS)"
000061802,Guelph,43.551611,-80.264167,2026-06-15T09:00:00Z,NO2,1.0,PPB,Ontario Ministry of the Environment,"EPA AirNow hourly (preliminary, not regulatory AQS)"
000061802,Guelph,43.551611,-80.264167,2026-06-15T10:00:00Z,NO2,1.0,PPB,Ontario Ministry of the Environment,"EPA AirNow hourly (preliminary, not regulatory AQS)"
000061802,Guelph,43.551611,-80.264167,2026-06-15T11:00:00Z,NO2,1.0,PPB,Ontario Ministry of the Environment,"EPA AirNow hourly (preliminary, not regulatory AQS)"
000061802,Guelph,43.551611,-80.264167,2026-06-15T12:00:00Z,NO2,1.0,PPB,Ontario Ministry of the Environment,"EPA AirNow hourly (preliminary, not regulatory AQS)"
000061802,Guelph,43.551611,-80.264167,2026-06-15T13:00:00Z,NO2,1.0,PPB,Ontario Ministry of the Environment,"EPA AirNow hourly (preliminary, not regulatory AQS)"
000061802,Guelph,43.551611,-80.264167,2026-06-15T14:00:00Z,NO2,2.0,PPB,Ontario Ministry of the Environment,"EPA AirNow hourly (preliminary, not regulatory AQS)"
000061802,Guelph,43.551611,-80.264167,2026-06-15T15:00:00Z,NO2,1.0,PPB,Ontario Ministry of the Environment,"EPA AirNow hourly (preliminary, not regulatory AQS)"
000061802,Guelph,43.551611,-80.264167,2026-06-15T16:00:00Z,NO2,1.0,PPB,Ontario Ministry of the Environment,"EPA AirNow hourly (preliminary, not regulatory AQS)"
000061802,Guelph,43.551611,-80.264167,2026-06-15T17:00:00Z,NO2,1.0,PPB,Ontario Ministry of the Environment,"EPA AirNow hourly (preliminary, not regulatory AQS)"
000061802,Guelph,43.551611,-80.264167,2026-06-15T18:00:00Z,NO2,1.0,PPB,Ontario Ministry of the Environment,"EPA AirNow hourly (preliminary, not regulatory AQS)"
000061802,Guelph,43.551611,-80.264167,2026-06-15T19:00:00Z,NO2,1.0,PPB,Ontario Ministry of the Environment,"EPA AirNow hourly (preliminary, not regulatory AQS)"
000061802,Guelph,43.551611,-80.264167,2026-06-15T20:00:00Z,NO2,1.0,PPB,Ontario Ministry of the Environment,"EPA AirNow hourly (preliminary, not regulatory AQS)"
000061802,Guelph,43.551611,-80.264167,2026-06-15T21:00:00Z,NO2,1.0,PPB,Ontario Ministry of the Environment,"EPA AirNow hourly (preliminary, not regulatory AQS)"
000061802,Guelph,43.551611,-80.264167,2026-06-15T22:00:00Z,NO2,1.0,PPB,Ontario Ministry of the Environment,"EPA AirNow hourly (preliminary, not regulatory AQS)"
000061802,Guelph,43.551611,-80.264167,2026-06-15T23:00:00Z,NO2,1.0,PPB,Ontario Ministry of the Environment,"EPA AirNow hourly (preliminary, not regulatory AQS)"
000063001,Burlington,43.314603,-79.80277,2026-06-15T00:00:00Z,NO2,4.0,PPB,Ontario Ministry of the Environment,"EPA AirNow hourly (preliminary, not regulatory AQS)"
000063001,Burlington,43.314603,-79.80277,2026-06-15T01:00:00Z,NO2,5.0,PPB,Ontario Ministry of the Environment,"EPA AirNow hourly (preliminary, not regulatory AQS)"
000063001,Burlington,43.314603,-79.80277,2026-06-15T02:00:00Z,NO2,3.0,PPB,Ontario Ministry of the Environment,"EPA AirNow hourly (preliminary, not regulatory AQS)"
000063001,Burlington,43.314603,-79.80277,2026-06-15T03:00:00Z,NO2,3.0,PPB,Ontario Ministry of the Environment,"EPA AirNow hourly (preliminary, not regulatory AQS)"
000063001,Burlington,43.314603,-79.80277,2026-06-15T04:00:00Z,NO2,3.0,PPB,Ontario Ministry of the Environment,"EPA AirNow hourly (preliminary, not regulatory AQS)"
000063001,Burlington,43.314603,-79.80277,2026-06-15T05:00:00Z,NO2,3.0,PPB,Ontario Ministry of the Environment,"EPA AirNow hourly (preliminary, not regulatory AQS)"
000063001,Burlington,43.314603,-79.80277,2026-06-15T06:00:00Z,NO2,3.0,PPB,Ontario Ministry of the Environment,"EPA AirNow hourly (preliminary, not regulatory AQS)"
000063001,Burlington,43.314603,-79.80277,2026-06-15T07:00:00Z,NO2,3.0,PPB,Ontario Ministry of the Environment,"EPA AirNow hourly (preliminary, not regulatory AQS)"
000063001,Burlington,43.314603,-79.80277,2026-06-15T09:00:00Z,NO2,7.0,PPB,Ontario Ministry of the Environment,"EPA AirNow hourly (preliminary, not regulatory AQS)"
000063001,Burlington,43.314603,-79.80277,2026-06-15T10:00:00Z,NO2,8.0,PPB,Ontario Ministry of the Environment,"EPA AirNow hourly (preliminary, not regulatory AQS)"
000063001,Burlington,43.314603,-79.80277,2026-06-15T11:00:00Z,NO2,5.0,PPB,Ontario Ministry of the Environment,"EPA AirNow hourly (preliminary, not regulatory AQS)"
000063001,Burlington,43.314603,-79.80277,2026-06-15T12:00:00Z,NO2,4.0,PPB,Ontario Ministry of the Environment,"EPA AirNow hourly (preliminary, not regulatory AQS)"
000063001,Burlington,43.314603,-79.80277,2026-06-15T13:00:00Z,NO2,4.0,PPB,Ontario Ministry of the Environment,"EPA AirNow hourly (preliminary, not regulatory AQS)"
000063001,Burlington,43.314603,-79.80277,2026-06-15T14:00:00Z,NO2,4.0,PPB,Ontario Ministry of the Environment,"EPA AirNow hourly (preliminary, not regulatory AQS)"
000063001,Burlington,43.314603,-79.80277,2026-06-15T15:00:00Z,NO2,3.0,PPB,Ontario Ministry of the Environment,"EPA AirNow hourly (preliminary, not regulatory AQS)"
000063001,Burlington,43.314603,-79.80277,2026-06-15T16:00:00Z,NO2,4.0,PPB,Ontario Ministry of the Environment,"EPA AirNow hourly (preliminary, not regulatory AQS)"
000063001,Burlington,43.314603,-79.80277,2026-06-15T17:00:00Z,NO2,4.0,PPB,Ontario Ministry of the Environment,"EPA AirNow hourly (preliminary, not regulatory AQS)"
000063001,Burlington,43.314603,-79.80277,2026-06-15T18:00:00Z,NO2,3.0,PPB,Ontario Ministry of the Environment,"EPA AirNow hourly (preliminary, not regulatory AQS)"
000063001,Burlington,43.314603,-79.80277,2026-06-15T19:00:00Z,NO2,5.0,PPB,Ontario Ministry of the Environment,"EPA AirNow hourly (preliminary, not regulatory AQS)"
000063001,Burlington,43.314603,-79.80277,2026-06-15T20:00:00Z,NO2,4.0,PPB,Ontario Ministry of the Environment,"EPA AirNow hourly (preliminary, not regulatory AQS)"
000063001,Burlington,43.314603,-79.80277,2026-06-15T21:00:00Z,NO2,4.0,PPB,Ontario Ministry of the Environment,"EPA AirNow hourly (preliminary, not regulatory AQS)"
000063001,Burlington,43.314603,-79.80277,2026-06-15T22:00:00Z,NO2,4.0,PPB,Ontario Ministry of the Environment,"EPA AirNow hourly (preliminary, not regulatory AQS)"
000063001,Burlington,43.314603,-79.80277,2026-06-15T23:00:00Z,NO2,6.0,PPB,Ontario Ministry of the Environment,"EPA AirNow hourly (preliminary, not regulatory AQS)"
000065001,Barrie,44.382338,-79.702446,2026-06-15T00:00:00Z,NO2,1.0,PPB,Ontario Ministry of the Environment,"EPA AirNow hourly (preliminary, not regulatory AQS)"
000065001,Barrie,44.382338,-79.702446,2026-06-15T01:00:00Z,NO2,1.0,PPB,Ontario Ministry of the Environment,"EPA AirNow hourly (preliminary, not regulatory AQS)"
000065001,Barrie,44.382338,-79.702446,2026-06-15T02:00:00Z,NO2,1.0,PPB,Ontario Ministry of the Environment,"EPA AirNow hourly (preliminary, not regulatory AQS)"
000065001,Barrie,44.382338,-79.702446,2026-06-15T03:00:00Z,NO2,0.0,PPB,Ontario Ministry of the Environment,"EPA AirNow hourly (preliminary, not regulatory AQS)"
000065001,Barrie,44.382338,-79.702446,2026-06-15T04:00:00Z,NO2,0.0,PPB,Ontario Ministry of the Environment,"EPA AirNow hourly (preliminary, not regulatory AQS)"
000065001,Barrie,44.382338,-79.702446,2026-06-15T05:00:00Z,NO2,0.0,PPB,Ontario Ministry of the Environment,"EPA AirNow hourly (preliminary, not regulatory AQS)"
000065001,Barrie,44.382338,-79.702446,2026-06-15T06:00:00Z,NO2,0.0,PPB,Ontario Ministry of the Environment,"EPA AirNow hourly (preliminary, not regulatory AQS)"
000065001,Barrie,44.382338,-79.702446,2026-06-15T07:00:00Z,NO2,0.0,PPB,Ontario Ministry of the Environment,"EPA AirNow hourly (preliminary, not regulatory AQS)"
000065001,Barrie,44.382338,-79.702446,2026-06-15T09:00:00Z,NO2,2.0,PPB,Ontario Ministry of the Environment,"EPA AirNow hourly (preliminary, not regulatory AQS)"
000065001,Barrie,44.382338,-79.702446,2026-06-15T10:00:00Z,NO2,2.0,PPB,Ontario Ministry of the Environment,"EPA AirNow hourly (preliminary, not regulatory AQS)"
000065001,Barrie,44.382338,-79.702446,2026-06-15T11:00:00Z,NO2,3.0,PPB,Ontario Ministry of the Environment,"EPA AirNow hourly (preliminary, not regulatory AQS)"
000065001,Barrie,44.382338,-79.702446,2026-06-15T12:00:00Z,NO2,2.0,PPB,Ontario Ministry of the Environment,"EPA AirNow hourly (preliminary, not regulatory AQS)"
000065001,Barrie,44.382338,-79.702446,2026-06-15T13:00:00Z,NO2,1.0,PPB,Ontario Ministry of the Environment,"EPA AirNow hourly (preliminary, not regulatory AQS)"
000065001,Barrie,44.382338,-79.702446,2026-06-15T14:00:00Z,NO2,0.0,PPB,Ontario Ministry of the Environment,"EPA AirNow hourly (preliminary, not regulatory AQS)"
000065001,Barrie,44.382338,-79.702446,2026-06-15T15:00:00Z,NO2,1.0,PPB,Ontario Ministry of the Environment,"EPA AirNow hourly (preliminary, not regulatory AQS)"
000065001,Barrie,44.382338,-79.702446,2026-06-15T16:00:00Z,NO2,1.0,PPB,Ontario Ministry of the Environment,"EPA AirNow hourly (preliminary, not regulatory AQS)"
000065001,Barrie,44.382338,-79.702446,2026-06-15T17:00:00Z,NO2,1.0,PPB,Ontario Ministry of the Environment,"EPA AirNow hourly (preliminary, not regulatory AQS)"
000065001,Barrie,44.382338,-79.702446,2026-06-15T18:00:00Z,NO2,1.0,PPB,Ontario Ministry of the Environment,"EPA AirNow hourly (preliminary, not regulatory AQS)"
000065001,Barrie,44.382338,-79.702446,2026-06-15T19:00:00Z,NO2,1.0,PPB,Ontario Ministry of the Environment,"EPA AirNow hourly (preliminary, not regulatory AQS)"
000065001,Barrie,44.382338,-79.702446,2026-06-15T20:00:00Z,NO2,1.0,PPB,Ontario Ministry of the Environment,"EPA AirNow hourly (preliminary, not regulatory AQS)"
000065001,Barrie,44.382338,-79.702446,2026-06-15T21:00:00Z,NO2,1.0,PPB,Ontario Ministry of the Environment,"EPA AirNow hourly (preliminary, not regulatory AQS)"
000065001,Barrie,44.382338,-79.702446,2026-06-15T22:00:00Z,NO2,1.0,PPB,Ontario Ministry of the Environment,"EPA AirNow hourly (preliminary, not regulatory AQS)"
000065001,Barrie,44.382338,-79.702446,2026-06-15T23:00:00Z,NO2,2.0,PPB,Ontario Ministry of the Environment,"EPA AirNow hourly (preliminary, not regulatory AQS)"
000065201,Parry Sound,45.338261,-80.039269,2026-06-15T00:00:00Z,NO2,1.0,PPB,Ontario Ministry of the Environment,"EPA AirNow hourly (preliminary, not regulatory AQS)"
000065201,Parry Sound,45.338261,-80.039269,2026-06-15T01:00:00Z,NO2,1.0,PPB,Ontario Ministry of the Environment,"EPA AirNow hourly (preliminary, not regulatory AQS)"
000065201,Parry Sound,45.338261,-80.039269,2026-06-15T02:00:00Z,NO2,1.0,PPB,Ontario Ministry of the Environment,"EPA AirNow hourly (preliminary, not regulatory AQS)"
000065201,Parry Sound,45.338261,-80.039269,2026-06-15T03:00:00Z,NO2,1.0,PPB,Ontario Ministry of the Environment,"EPA AirNow hourly (preliminary, not regulatory AQS)"
000065201,Parry Sound,45.338261,-80.039269,2026-06-15T04:00:00Z,NO2,1.0,PPB,Ontario Ministry of the Environment,"EPA AirNow hourly (preliminary, not regulatory AQS)"
000065201,Parry Sound,45.338261,-80.039269,2026-06-15T05:00:00Z,NO2,1.0,PPB,Ontario Ministry of the Environment,"EPA AirNow hourly (preliminary, not regulatory AQS)"
000065201,Parry Sound,45.338261,-80.039269,2026-06-15T06:00:00Z,NO2,1.0,PPB,Ontario Ministry of the Environment,"EPA AirNow hourly (preliminary, not regulatory AQS)"
000065201,Parry Sound,45.338261,-80.039269,2026-06-15T07:00:00Z,NO2,0.0,PPB,Ontario Ministry of the Environment,"EPA AirNow hourly (preliminary, not regulatory AQS)"
000065201,Parry Sound,45.338261,-80.039269,2026-06-15T09:00:00Z,NO2,1.0,PPB,Ontario Ministry of the Environment,"EPA AirNow hourly (preliminary, not regulatory AQS)"
000065201,Parry Sound,45.338261,-80.039269,2026-06-15T10:00:00Z,NO2,1.0,PPB,Ontario Ministry of the Environment,"EPA AirNow hourly (preliminary, not regulatory AQS)"
000065201,Parry Sound,45.338261,-80.039269,2026-06-15T11:00:00Z,NO2,1.0,PPB,Ontario Ministry of the Environment,"EPA AirNow hourly (preliminary, not regulatory AQS)"
000065201,Parry Sound,45.338261,-80.039269,2026-06-15T12:00:00Z,NO2,1.0,PPB,Ontario Ministry of the Environment,"EPA AirNow hourly (preliminary, not regulatory AQS)"
000065201,Parry Sound,45.338261,-80.039269,2026-06-15T13:00:00Z,NO2,1.0,PPB,Ontario Ministry of the Environment,"EPA AirNow hourly (preliminary, not regulatory AQS)"
000065201,Parry Sound,45.338261,-80.039269,2026-06-15T14:00:00Z,NO2,1.0,PPB,Ontario Ministry of the Environment,"EPA AirNow hourly (preliminary, not regulatory AQS)"
000065201,Parry Sound,45.338261,-80.039269,2026-06-15T15:00:00Z,NO2,1.0,PPB,Ontario Ministry of the Environment,"EPA AirNow hourly (preliminary, not regulatory AQS)"
000065201,Parry Sound,45.338261,-80.039269,2026-06-15T16:00:00Z,NO2,1.0,PPB,Ontario Ministry of the Environment,"EPA AirNow hourly (preliminary, not regulatory AQS)"
000065201,Parry Sound,45.338261,-80.039269,2026-06-15T17:00:00Z,NO2,1.0,PPB,Ontario Ministry of the Environment,"EPA AirNow hourly (preliminary, not regulatory AQS)"
000065201,Parry Sound,45.338261,-80.039269,2026-06-15T18:00:00Z,NO2,1.0,PPB,Ontario Ministry of the Environment,"EPA AirNow hourly (preliminary, not regulatory AQS)"
000065201,Parry Sound,45.338261,-80.039269,2026-06-15T19:00:00Z,NO2,1.0,PPB,Ontario Ministry of the Environment,"EPA AirNow hourly (preliminary, not regulatory AQS)"
000065201,Parry Sound,45.338261,-80.039269,2026-06-15T20:00:00Z,NO2,1.0,PPB,Ontario Ministry of the Environment,"EPA AirNow hourly (preliminary, not regulatory AQS)"
000065201,Parry Sound,45.338261,-80.039269,2026-06-15T21:00:00Z,NO2,1.0,PPB,Ontario Ministry of the Environment,"EPA AirNow hourly (preliminary, not regulatory AQS)"
000065201,Parry Sound,45.338261,-80.039269,2026-06-15T22:00:00Z,NO2,1.0,PPB,Ontario Ministry of the Environment,"EPA AirNow hourly (preliminary, not regulatory AQS)"
000065201,Parry Sound,45.338261,-80.039269,2026-06-15T23:00:00Z,NO2,1.0,PPB,Ontario Ministry of the Environment,"EPA AirNow hourly (preliminary, not regulatory AQS)"
000065401,Belleville,44.150528,-77.3955,2026-06-15T00:00:00Z,NO2,2.0,PPB,Ontario Ministry of the Environment,"EPA AirNow hourly (preliminary, not regulatory AQS)"
000065401,Belleville,44.150528,-77.3955,2026-06-15T01:00:00Z,NO2,2.0,PPB,Ontario Ministry of the Environment,"EPA AirNow hourly (preliminary, not regulatory AQS)"
000065401,Belleville,44.150528,-77.3955,2026-06-15T02:00:00Z,NO2,1.0,PPB,Ontario Ministry of the Environment,"EPA AirNow hourly (preliminary, not regulatory AQS)"
000065401,Belleville,44.150528,-77.3955,2026-06-15T03:00:00Z,NO2,1.0,PPB,Ontario Ministry of the Environment,"EPA AirNow hourly (preliminary, not regulatory AQS)"
000065401,Belleville,44.150528,-77.3955,2026-06-15T04:00:00Z,NO2,2.0,PPB,Ontario Ministry of the Environment,"EPA AirNow hourly (preliminary, not regulatory AQS)"
000065401,Belleville,44.150528,-77.3955,2026-06-15T05:00:00Z,NO2,2.0,PPB,Ontario Ministry of the Environment,"EPA AirNow hourly (preliminary, not regulatory AQS)"
000065401,Belleville,44.150528,-77.3955,2026-06-15T06:00:00Z,NO2,1.0,PPB,Ontario Ministry of the Environment,"EPA AirNow hourly (preliminary, not regulatory AQS)"
000065401,Belleville,44.150528,-77.3955,2026-06-15T07:00:00Z,NO2,1.0,PPB,Ontario Ministry of the Environment,"EPA AirNow hourly (preliminary, not regulatory AQS)"
000065401,Belleville,44.150528,-77.3955,2026-06-15T09:00:00Z,NO2,2.0,PPB,Ontario Ministry of the Environment,"EPA AirNow hourly (preliminary, not regulatory AQS)"
000065401,Belleville,44.150528,-77.3955,2026-06-15T10:00:00Z,NO2,3.0,PPB,Ontario Ministry of the Environment,"EPA AirNow hourly (preliminary, not regulatory AQS)"
000065401,Belleville,44.150528,-77.3955,2026-06-15T11:00:00Z,NO2,1.0,PPB,Ontario Ministry of the Environment,"EPA AirNow hourly (preliminary, not regulatory AQS)"
000065401,Belleville,44.150528,-77.3955,2026-06-15T12:00:00Z,NO2,1.0,PPB,Ontario Ministry of the Environment,"EPA AirNow hourly (preliminary, not regulatory AQS)"
000065401,Belleville,44.150528,-77.3955,2026-06-15T13:00:00Z,NO2,2.0,PPB,Ontario Ministry of the Environment,"EPA AirNow hourly (preliminary, not regulatory AQS)"
000065401,Belleville,44.150528,-77.3955,2026-06-15T14:00:00Z,NO2,1.0,PPB,Ontario Ministry of the Environment,"EPA AirNow hourly (preliminary, not regulatory AQS)"
000065401,Belleville,44.150528,-77.3955,2026-06-15T15:00:00Z,NO2,1.0,PPB,Ontario Ministry of the Environment,"EPA AirNow hourly (preliminary, not regulatory AQS)"
000065401,Belleville,44.150528,-77.3955,2026-06-15T16:00:00Z,NO2,1.0,PPB,Ontario Ministry of the Environment,"EPA AirNow hourly (preliminary, not regulatory AQS)"
000065401,Belleville,44.150528,-77.3955,2026-06-15T17:00:00Z,NO2,2.0,PPB,Ontario Ministry of the Environment,"EPA AirNow hourly (preliminary, not regulatory AQS)"
000065401,Belleville,44.150528,-77.3955,2026-06-15T18:00:00Z,NO2,1.0,PPB,Ontario Ministry of the Environment,"EPA AirNow hourly (preliminary, not regulatory AQS)"
000065401,Belleville,44.150528,-77.3955,2026-06-15T19:00:00Z,NO2,1.0,PPB,Ontario Ministry of the Environment,"EPA AirNow hourly (preliminary, not regulatory AQS)"
000065401,Belleville,44.150528,-77.3955,2026-06-15T20:00:00Z,NO2,1.0,PPB,Ontario Ministry of the Environment,"EPA AirNow hourly (preliminary, not regulatory AQS)"
000065401,Belleville,44.150528,-77.3955,2026-06-15T21:00:00Z,NO2,1.0,PPB,Ontario Ministry of the Environment,"EPA AirNow hourly (preliminary, not regulatory AQS)"
000065401,Belleville,44.150528,-77.3955,2026-06-15T22:00:00Z,NO2,1.0,PPB,Ontario Ministry of the Environment,"EPA AirNow hourly (preliminary, not regulatory AQS)"
000065401,Belleville,44.150528,-77.3955,2026-06-15T23:00:00Z,NO2,1.0,PPB,Ontario Ministry of the Environment,"EPA AirNow hourly (preliminary, not regulatory AQS)"
090019003,Westport,41.1189,-73.3369,2026-06-15T00:00:00Z,NO2,1.9,PPB,Connecticut Dept. of Energy and Environmental Protection,"EPA AirNow hourly (preliminary, not regulatory AQS)"
090019003,Westport,41.1189,-73.3369,2026-06-15T01:00:00Z,NO2,1.3,PPB,Connecticut Dept. of Energy and Environmental Protection,"EPA AirNow hourly (preliminary, not regulatory AQS)"
090019003,Westport,41.1189,-73.3369,2026-06-15T02:00:00Z,NO2,1.2,PPB,Connecticut Dept. of Energy and Environmental Protection,"EPA AirNow hourly (preliminary, not regulatory AQS)"
090019003,Westport,41.1189,-73.3369,2026-06-15T03:00:00Z,NO2,1.3,PPB,Connecticut Dept. of Energy and Environmental Protection,"EPA AirNow hourly (preliminary, not regulatory AQS)"
090019003,Westport,41.1189,-73.3369,2026-06-15T04:00:00Z,NO2,1.2,PPB,Connecticut Dept. of Energy and Environmental Protection,"EPA AirNow hourly (preliminary, not regulatory AQS)"
090019003,Westport,41.1189,-73.3369,2026-06-15T05:00:00Z,NO2,1.4,PPB,Connecticut Dept. of Energy and Environmental Protection,"EPA AirNow hourly (preliminary, not regulatory AQS)"
090019003,Westport,41.1189,-73.3369,2026-06-15T07:00:00Z,NO2,5.1,PPB,Connecticut Dept. of Energy and Environmental Protection,"EPA AirNow hourly (preliminary, not regulatory AQS)"
090019003,Westport,41.1189,-73.3369,2026-06-15T08:00:00Z,NO2,7.1,PPB,Connecticut Dept. of Energy and Environmental Protection,"EPA AirNow hourly (preliminary, not regulatory AQS)"
090019003,Westport,41.1189,-73.3369,2026-06-15T09:00:00Z,NO2,6.0,PPB,Connecticut Dept. of Energy and Environmental Protection,"EPA AirNow hourly (preliminary, not regulatory AQS)"
090019003,Westport,41.1189,-73.3369,2026-06-15T10:00:00Z,NO2,5.9,PPB,Connecticut Dept. of Energy and Environmental Protection,"EPA AirNow hourly (preliminary, not regulatory AQS)"
090019003,Westport,41.1189,-73.3369,2026-06-15T11:00:00Z,NO2,2.5,PPB,Connecticut Dept. of Energy and Environmental Protection,"EPA AirNow hourly (preliminary, not regulatory AQS)"
090019003,Westport,41.1189,-73.3369,2026-06-15T12:00:00Z,NO2,1.8,PPB,Connecticut Dept. of Energy and Environmental Protection,"EPA AirNow hourly (preliminary, not regulatory AQS)"
090019003,Westport,41.1189,-73.3369,2026-06-15T13:00:00Z,NO2,1.3,PPB,Connecticut Dept. of Energy and Environmental Protection,"EPA AirNow hourly (preliminary, not regulatory AQS)"
090019003,Westport,41.1189,-73.3369,2026-06-15T14:00:00Z,NO2,1.4,PPB,Connecticut Dept. of Energy and Environmental Protection,"EPA AirNow hourly (preliminary, not regulatory AQS)"
090019003,Westport,41.1189,-73.3369,2026-06-15T15:00:00Z,NO2,1.6,PPB,Connecticut Dept. of Energy and Environmental Protection,"EPA AirNow hourly (preliminary, not regulatory AQS)"
090019003,Westport,41.1189,-73.3369,2026-06-15T16:00:00Z,NO2,1.4,PPB,Connecticut Dept. of Energy and Environmental Protection,"EPA AirNow hourly (preliminary, not regulatory AQS)"
090019003,Westport,41.1189,-73.3369,2026-06-15T17:00:00Z,NO2,1.4,PPB,Connecticut Dept. of Energy and Environmental Protection,"EPA AirNow hourly (preliminary, not regulatory AQS)"
090019003,Westport,41.1189,-73.3369,2026-06-15T18:00:00Z,NO2,1.1,PPB,Connecticut Dept. of Energy and Environmental Protection,"EPA AirNow hourly (preliminary, not regulatory AQS)"
090019003,Westport,41.1189,-73.3369,2026-06-15T19:00:00Z,NO2,1.3,PPB,Connecticut Dept. of Energy and Environmental Protection,"EPA AirNow hourly (preliminary, not regulatory AQS)"
090019003,Westport,41.1189,-73.3369,2026-06-15T20:00:00Z,NO2,1.2,PPB,Connecticut Dept. of Energy and Environmental Protection,"EPA AirNow hourly (preliminary, not regulatory AQS)"
090019003,Westport,41.1189,-73.3369,2026-06-15T21:00:00Z,NO2,1.2,PPB,Connecticut Dept. of Energy and Environmental Protection,"EPA AirNow hourly (preliminary, not regulatory AQS)"
090019003,Westport,41.1189,-73.3369,2026-06-15T22:00:00Z,NO2,1.4,PPB,Connecticut Dept. of Energy and Environmental Protection,"EPA AirNow hourly (preliminary, not regulatory AQS)"
090019003,Westport,41.1189,-73.3369,2026-06-15T23:00:00Z,NO2,1.7,PPB,Connecticut Dept. of Energy and Environmental Protection,"EPA AirNow hourly (preliminary, not regulatory AQS)"
090030025,Hartford,41.771444,-72.679923,2026-06-15T00:00:00Z,NO2,7.8,PPB,Connecticut Dept. of Energy and Environmental Protection,"EPA AirNow hourly (preliminary, not regulatory AQS)"
090030025,Hartford,41.771444,-72.679923,2026-06-15T01:00:00Z,NO2,9.1,PPB,Connecticut Dept. of Energy and Environmental Protection,"EPA AirNow hourly (preliminary, not regulatory AQS)"
090030025,Hartford,41.771444,-72.679923,2026-06-15T02:00:00Z,NO2,8.0,PPB,Connecticut Dept. of Energy and Environmental Protection,"EPA AirNow hourly (preliminary, not regulatory AQS)"
090030025,Hartford,41.771444,-72.679923,2026-06-15T03:00:00Z,NO2,6.2,PPB,Connecticut Dept. of Energy and Environmental Protection,"EPA AirNow hourly (preliminary, not regulatory AQS)"
090030025,Hartford,41.771444,-72.679923,2026-06-15T04:00:00Z,NO2,5.1,PPB,Connecticut Dept. of Energy and Environmental Protection,"EPA AirNow hourly (preliminary, not regulatory AQS)"
090030025,Hartford,41.771444,-72.679923,2026-06-15T05:00:00Z,NO2,6.4,PPB,Connecticut Dept. of Energy and Environmental Protection,"EPA AirNow hourly (preliminary, not regulatory AQS)"
090030025,Hartford,41.771444,-72.679923,2026-06-15T07:00:00Z,NO2,6.9,PPB,Connecticut Dept. of Energy and Environmental Protection,"EPA AirNow hourly (preliminary, not regulatory AQS)"
090030025,Hartford,41.771444,-72.679923,2026-06-15T08:00:00Z,NO2,9.6,PPB,Connecticut Dept. of Energy and Environmental Protection,"EPA AirNow hourly (preliminary, not regulatory AQS)"
090030025,Hartford,41.771444,-72.679923,2026-06-15T09:00:00Z,NO2,3.2,PPB,Connecticut Dept. of Energy and Environmental Protection,"EPA AirNow hourly (preliminary, not regulatory AQS)"
090030025,Hartford,41.771444,-72.679923,2026-06-15T10:00:00Z,NO2,3.3,PPB,Connecticut Dept. of Energy and Environmental Protection,"EPA AirNow hourly (preliminary, not regulatory AQS)"
090030025,Hartford,41.771444,-72.679923,2026-06-15T11:00:00Z,NO2,3.1,PPB,Connecticut Dept. of Energy and Environmental Protection,"EPA AirNow hourly (preliminary, not regulatory AQS)"
090030025,Hartford,41.771444,-72.679923,2026-06-15T12:00:00Z,NO2,3.4,PPB,Connecticut Dept. of Energy and Environmental Protection,"EPA AirNow hourly (preliminary, not regulatory AQS)"
090030025,Hartford,41.771444,-72.679923,2026-06-15T13:00:00Z,NO2,2.0,PPB,Connecticut Dept. of Energy and Environmental Protection,"EPA AirNow hourly (preliminary, not regulatory AQS)"
090030025,Hartford,41.771444,-72.679923,2026-06-15T14:00:00Z,NO2,2.2,PPB,Connecticut Dept. of Energy and Environmental Protection,"EPA AirNow hourly (preliminary, not regulatory AQS)"
090030025,Hartford,41.771444,-72.679923,2026-06-15T15:00:00Z,NO2,1.7,PPB,Connecticut Dept. of Energy and Environmental Protection,"EPA AirNow hourly (preliminary, not regulatory AQS)"
090030025,Hartford,41.771444,-72.679923,2026-06-15T16:00:00Z,NO2,2.2,PPB,Connecticut Dept. of Energy and Environmental Protection,"EPA AirNow hourly (preliminary, not regulatory AQS)"
090030025,Hartford,41.771444,-72.679923,2026-06-15T17:00:00Z,NO2,1.9,PPB,Connecticut Dept. of Energy and Environmental Protection,"EPA AirNow hourly (preliminary, not regulatory AQS)"
090030025,Hartford,41.771444,-72.679923,2026-06-15T18:00:00Z,NO2,1.9,PPB,Connecticut Dept. of Energy and Environmental Protection,"EPA AirNow hourly (preliminary, not regulatory AQS)"
090030025,Hartford,41.771444,-72.679923,2026-06-15T19:00:00Z,NO2,2.7,PPB,Connecticut Dept. of Energy and Environmental Protection,"EPA AirNow hourly (preliminary, not regulatory AQS)"
090030025,Hartford,41.771444,-72.679923,2026-06-15T20:00:00Z,NO2,2.1,PPB,Connecticut Dept. of Energy and Environmental Protection,"EPA AirNow hourly (preliminary, not regulatory AQS)"
090030025,Hartford,41.771444,-72.679923,2026-06-15T21:00:00Z,NO2,2.5,PPB,Connecticut Dept. of Energy and Environmental Protection,"EPA AirNow hourly (preliminary, not regulatory AQS)"
090030025,Hartford,41.771444,-72.679923,2026-06-15T22:00:00Z,NO2,2.1,PPB,Connecticut Dept. of Energy and Environmental Protection,"EPA AirNow hourly (preliminary, not regulatory AQS)"
090030025,Hartford,41.771444,-72.679923,2026-06-15T23:00:00Z,NO2,2.7,PPB,Connecticut Dept. of Energy and Environmental Protection,"EPA AirNow hourly (preliminary, not regulatory AQS)"
090031003,East Hartford,41.7847,-72.6297,2026-06-15T13:00:00Z,NO2,2.2,PPB,Connecticut Dept. of Energy and Environmental Protection,"EPA AirNow hourly (preliminary, not regulatory AQS)"
090031003,East Hartford,41.7847,-72.6297,2026-06-15T14:00:00Z,NO2,1.6,PPB,Connecticut Dept. of Energy and Environmental Protection,"EPA AirNow hourly (preliminary, not regulatory AQS)"
090031003,East Hartford,41.7847,-72.6297,2026-06-15T15:00:00Z,NO2,1.5,PPB,Connecticut Dept. of Energy and Environmental Protection,"EPA AirNow hourly (preliminary, not regulatory AQS)"
090031003,East Hartford,41.7847,-72.6297,2026-06-15T16:00:00Z,NO2,1.4,PPB,Connecticut Dept. of Energy and Environmental Protection,"EPA AirNow hourly (preliminary, not regulatory AQS)"
090031003,East Hartford,41.7847,-72.6297,2026-06-15T17:00:00Z,NO2,1.3,PPB,Connecticut Dept. of Energy and Environmental Protection,"EPA AirNow hourly (preliminary, not regulatory AQS)"
090031003,East Hartford,41.7847,-72.6297,2026-06-15T18:00:00Z,NO2,1.4,PPB,Connecticut Dept. of Energy and Environmental Protection,"EPA AirNow hourly (preliminary, not regulatory AQS)"
090031003,East Hartford,41.7847,-72.6297,2026-06-15T19:00:00Z,NO2,1.6,PPB,Connecticut Dept. of Energy and Environmental Protection,"EPA AirNow hourly (preliminary, not regulatory AQS)"
090031003,East Hartford,41.7847,-72.6297,2026-06-15T20:00:00Z,NO2,1.7,PPB,Connecticut Dept. of Energy and Environmental Protection,"EPA AirNow hourly (preliminary, not regulatory AQS)"
090031003,East Hartford,41.7847,-72.6297,2026-06-15T21:00:00Z,NO2,1.7,PPB,Connecticut Dept. of Energy and Environmental Protection,"EPA AirNow hourly (preliminary, not regulatory AQS)"
090031003,East Hartford,41.7847,-72.6297,2026-06-15T22:00:00Z,NO2,1.4,PPB,Connecticut Dept. of Energy and Environmental Protection,"EPA AirNow hourly (preliminary, not regulatory AQS)"
090031003,East Hartford,41.7847,-72.6297,2026-06-15T23:00:00Z,NO2,1.5,PPB,Connecticut Dept. of Energy and Environmental Protection,"EPA AirNow hourly (preliminary, not regulatory AQS)"
090090027,New Haven,41.301288,-72.902685,2026-06-15T00:00:00Z,NO2,1.5,PPB,Connecticut Dept. of Energy and Environmental Protection,"EPA AirNow hourly (preliminary, not regulatory AQS)"
090090027,New Haven,41.301288,-72.902685,2026-06-15T01:00:00Z,NO2,2.7,PPB,Connecticut Dept. of Energy and Environmental Protection,"EPA AirNow hourly (preliminary, not regulatory AQS)"
090090027,New Haven,41.301288,-72.902685,2026-06-15T02:00:00Z,NO2,7.2,PPB,Connecticut Dept. of Energy and Environmental Protection,"EPA AirNow hourly (preliminary, not regulatory AQS)"
090090027,New Haven,41.301288,-72.902685,2026-06-15T03:00:00Z,NO2,4.5,PPB,Connecticut Dept. of Energy and Environmental Protection,"EPA AirNow hourly (preliminary, not regulatory AQS)"
090090027,New Haven,41.301288,-72.902685,2026-06-15T04:00:00Z,NO2,3.6,PPB,Connecticut Dept. of Energy and Environmental Protection,"EPA AirNow hourly (preliminary, not regulatory AQS)"
090090027,New Haven,41.301288,-72.902685,2026-06-15T05:00:00Z,NO2,3.3,PPB,Connecticut Dept. of Energy and Environmental Protection,"EPA AirNow hourly (preliminary, not regulatory AQS)"
090090027,New Haven,41.301288,-72.902685,2026-06-15T07:00:00Z,NO2,9.4,PPB,Connecticut Dept. of Energy and Environmental Protection,"EPA AirNow hourly (preliminary, not regulatory AQS)"
090090027,New Haven,41.301288,-72.902685,2026-06-15T08:00:00Z,NO2,8.0,PPB,Connecticut Dept. of Energy and Environmental Protection,"EPA AirNow hourly (preliminary, not regulatory AQS)"
090090027,New Haven,41.301288,-72.902685,2026-06-15T09:00:00Z,NO2,9.2,PPB,Connecticut Dept. of Energy and Environmental Protection,"EPA AirNow hourly (preliminary, not regulatory AQS)"
090090027,New Haven,41.301288,-72.902685,2026-06-15T10:00:00Z,NO2,6.0,PPB,Connecticut Dept. of Energy and Environmental Protection,"EPA AirNow hourly (preliminary, not regulatory AQS)"
090090027,New Haven,41.301288,-72.902685,2026-06-15T11:00:00Z,NO2,1.1,PPB,Connecticut Dept. of Energy and Environmental Protection,"EPA AirNow hourly (preliminary, not regulatory AQS)"
090090027,New Haven,41.301288,-72.902685,2026-06-15T15:00:00Z,NO2,1.3,PPB,Connecticut Dept. of Energy and Environmental Protection,"EPA AirNow hourly (preliminary, not regulatory AQS)"
090090027,New Haven,41.301288,-72.902685,2026-06-15T16:00:00Z,NO2,1.9,PPB,Connecticut Dept. of Energy and Environmental Protection,"EPA AirNow hourly (preliminary, not regulatory AQS)"
090090027,New Haven,41.301288,-72.902685,2026-06-15T17:00:00Z,NO2,1.5,PPB,Connecticut Dept. of Energy and Environmental Protection,"EPA AirNow hourly (preliminary, not regulatory AQS)"
090090027,New Haven,41.301288,-72.902685,2026-06-15T18:00:00Z,NO2,1.4,PPB,Connecticut Dept. of Energy and Environmental Protection,"EPA AirNow hourly (preliminary, not regulatory AQS)"
090090027,New Haven,41.301288,-72.902685,2026-06-15T19:00:00Z,NO2,2.0,PPB,Connecticut Dept. of Energy and Environmental Protection,"EPA AirNow hourly (preliminary, not regulatory AQS)"
090090027,New Haven,41.301288,-72.902685,2026-06-15T20:00:00Z,NO2,3.1,PPB,Connecticut Dept. of Energy and Environmental Protection,"EPA AirNow hourly (preliminary, not regulatory AQS)"
090090027,New Haven,41.301288,-72.902685,2026-06-15T21:00:00Z,NO2,3.2,PPB,Connecticut Dept. of Energy and Environmental Protection,"EPA AirNow hourly (preliminary, not regulatory AQS)"
090090027,New Haven,41.301288,-72.902685,2026-06-15T22:00:00Z,NO2,3.2,PPB,Connecticut Dept. of Energy and Environmental Protection,"EPA AirNow hourly (preliminary, not regulatory AQS)"
090090027,New Haven,41.301288,-72.902685,2026-06-15T23:00:00Z,NO2,3.7,PPB,Connecticut Dept. of Energy and Environmental Protection,"EPA AirNow hourly (preliminary, not regulatory AQS)"
110010041,RIVER_Terrace,38.895683,-76.958089,2026-06-15T00:00:00Z,NO2,2.3,PPB,District of Columbia - Department of Energy and Environment,"EPA AirNow hourly (preliminary, not regulatory AQS)"
110010041,RIVER_Terrace,38.895683,-76.958089,2026-06-15T01:00:00Z,NO2,2.6,PPB,District of Columbia - Department of Energy and Environment,"EPA AirNow hourly (preliminary, not regulatory AQS)"
110010041,RIVER_Terrace,38.895683,-76.958089,2026-06-15T02:00:00Z,NO2,2.2,PPB,District of Columbia - Department of Energy and Environment,"EPA AirNow hourly (preliminary, not regulatory AQS)"
110010041,RIVER_Terrace,38.895683,-76.958089,2026-06-15T03:00:00Z,NO2,2.5,PPB,District of Columbia - Department of Energy and Environment,"EPA AirNow hourly (preliminary, not regulatory AQS)"
110010041,RIVER_Terrace,38.895683,-76.958089,2026-06-15T04:00:00Z,NO2,3.0,PPB,District of Columbia - Department of Energy and Environment,"EPA AirNow hourly (preliminary, not regulatory AQS)"
110010041,RIVER_Terrace,38.895683,-76.958089,2026-06-15T05:00:00Z,NO2,2.2,PPB,District of Columbia - Department of Energy and Environment,"EPA AirNow hourly (preliminary, not regulatory AQS)"
110010041,RIVER_Terrace,38.895683,-76.958089,2026-06-15T06:00:00Z,NO2,1.7,PPB,District of Columbia - Department of Energy and Environment,"EPA AirNow hourly (preliminary, not regulatory AQS)"
110010041,RIVER_Terrace,38.895683,-76.958089,2026-06-15T07:00:00Z,NO2,1.7,PPB,District of Columbia - Department of Energy and Environment,"EPA AirNow hourly (preliminary, not regulatory AQS)"
110010041,RIVER_Terrace,38.895683,-76.958089,2026-06-15T08:00:00Z,NO2,1.6,PPB,District of Columbia - Department of Energy and Environment,"EPA AirNow hourly (preliminary, not regulatory AQS)"
110010041,RIVER_Terrace,38.895683,-76.958089,2026-06-15T09:00:00Z,NO2,2.0,PPB,District of Columbia - Department of Energy and Environment,"EPA AirNow hourly (preliminary, not regulatory AQS)"
110010041,RIVER_Terrace,38.895683,-76.958089,2026-06-15T10:00:00Z,NO2,3.1,PPB,District of Columbia - Department of Energy and Environment,"EPA AirNow hourly (preliminary, not regulatory AQS)"
110010041,RIVER_Terrace,38.895683,-76.958089,2026-06-15T11:00:00Z,NO2,3.3,PPB,District of Columbia - Department of Energy and Environment,"EPA AirNow hourly (preliminary, not regulatory AQS)"
110010041,RIVER_Terrace,38.895683,-76.958089,2026-06-15T12:00:00Z,NO2,3.5,PPB,District of Columbia - Department of Energy and Environment,"EPA AirNow hourly (preliminary, not regulatory AQS)"
110010041,RIVER_Terrace,38.895683,-76.958089,2026-06-15T13:00:00Z,NO2,3.3,PPB,District of Columbia - Department of Energy and Environment,"EPA AirNow hourly (preliminary, not regulatory AQS)"
110010041,RIVER_Terrace,38.895683,-76.958089,2026-06-15T14:00:00Z,NO2,2.8,PPB,District of Columbia - Department of Energy and Environment,"EPA AirNow hourly (preliminary, not regulatory AQS)"
110010041,RIVER_Terrace,38.895683,-76.958089,2026-06-15T15:00:00Z,NO2,2.9,PPB,District of Columbia - Department of Energy and Environment,"EPA AirNow hourly (preliminary, not regulatory AQS)"
110010041,RIVER_Terrace,38.895683,-76.958089,2026-06-15T16:00:00Z,NO2,2.6,PPB,District of Columbia - Department of Energy and Environment,"EPA AirNow hourly (preliminary, not regulatory AQS)"
110010041,RIVER_Terrace,38.895683,-76.958089,2026-06-15T17:00:00Z,NO2,2.3,PPB,District of Columbia - Department of Energy and Environment,"EPA AirNow hourly (preliminary, not regulatory AQS)"
110010041,RIVER_Terrace,38.895683,-76.958089,2026-06-15T18:00:00Z,NO2,2.2,PPB,District of Columbia - Department of Energy and Environment,"EPA AirNow hourly (preliminary, not regulatory AQS)"
110010041,RIVER_Terrace,38.895683,-76.958089,2026-06-15T19:00:00Z,NO2,3.2,PPB,District of Columbia - Department of Energy and Environment,"EPA AirNow hourly (preliminary, not regulatory AQS)"
110010041,RIVER_Terrace,38.895683,-76.958089,2026-06-15T20:00:00Z,NO2,2.6,PPB,District of Columbia - Department of Energy and Environment,"EPA AirNow hourly (preliminary, not regulatory AQS)"
110010041,RIVER_Terrace,38.895683,-76.958089,2026-06-15T21:00:00Z,NO2,4.8,PPB,District of Columbia - Department of Energy and Environment,"EPA AirNow hourly (preliminary, not regulatory AQS)"
110010041,RIVER_Terrace,38.895683,-76.958089,2026-06-15T22:00:00Z,NO2,1.6,PPB,District of Columbia - Department of Energy and Environment,"EPA AirNow hourly (preliminary, not regulatory AQS)"
110010041,RIVER_Terrace,38.895683,-76.958089,2026-06-15T23:00:00Z,NO2,2.0,PPB,District of Columbia - Department of Energy and Environment,"EPA AirNow hourly (preliminary, not regulatory AQS)"
110010043,McMillan Reservoir,38.921848,-77.013176,2026-06-15T13:00:00Z,NO2,4.0,PPB,District of Columbia - Department of Energy and Environment,"EPA AirNow hourly (preliminary, not regulatory AQS)"
110010043,McMillan Reservoir,38.921848,-77.013176,2026-06-15T14:00:00Z,NO2,3.5,PPB,District of Columbia - Department of Energy and Environment,"EPA AirNow hourly (preliminary, not regulatory AQS)"
110010043,McMillan Reservoir,38.921848,-77.013176,2026-06-15T15:00:00Z,NO2,3.3,PPB,District of Columbia - Department of Energy and Environment,"EPA AirNow hourly (preliminary, not regulatory AQS)"
110010043,McMillan Reservoir,38.921848,-77.013176,2026-06-15T16:00:00Z,NO2,2.7,PPB,District of Columbia - Department of Energy and Environment,"EPA AirNow hourly (preliminary, not regulatory AQS)"
110010043,McMillan Reservoir,38.921848,-77.013176,2026-06-15T17:00:00Z,NO2,3.4,PPB,District of Columbia - Department of Energy and Environment,"EPA AirNow hourly (preliminary, not regulatory AQS)"
110010043,McMillan Reservoir,38.921848,-77.013176,2026-06-15T18:00:00Z,NO2,3.4,PPB,District of Columbia - Department of Energy and Environment,"EPA AirNow hourly (preliminary, not regulatory AQS)"
110010043,McMillan Reservoir,38.921848,-77.013176,2026-06-15T19:00:00Z,NO2,2.7,PPB,District of Columbia - Department of Energy and Environment,"EPA AirNow hourly (preliminary, not regulatory AQS)"
110010043,McMillan Reservoir,38.921848,-77.013176,2026-06-15T20:00:00Z,NO2,3.1,PPB,District of Columbia - Department of Energy and Environment,"EPA AirNow hourly (preliminary, not regulatory AQS)"
110010043,McMillan Reservoir,38.921848,-77.013176,2026-06-15T21:00:00Z,NO2,3.0,PPB,District of Columbia - Department of Energy and Environment,"EPA AirNow hourly (preliminary, not regulatory AQS)"
110010043,McMillan Reservoir,38.921848,-77.013176,2026-06-15T22:00:00Z,NO2,2.8,PPB,District of Columbia - Department of Energy and Environment,"EPA AirNow hourly (preliminary, not regulatory AQS)"
110010043,McMillan Reservoir,38.921848,-77.013176,2026-06-15T23:00:00Z,NO2,2.9,PPB,District of Columbia - Department of Energy and Environment,"EPA AirNow hourly (preliminary, not regulatory AQS)"
110010050,TakomaRec,38.970101,-77.016715,2026-06-15T00:00:00Z,NO2,1.2,PPB,District of Columbia - Department of Energy and Environment,"EPA AirNow hourly (preliminary, not regulatory AQS)"
110010050,TakomaRec,38.970101,-77.016715,2026-06-15T01:00:00Z,NO2,2.2,PPB,District of Columbia - Department of Energy and Environment,"EPA AirNow hourly (preliminary, not regulatory AQS)"
110010050,TakomaRec,38.970101,-77.016715,2026-06-15T02:00:00Z,NO2,2.2,PPB,District of Columbia - Department of Energy and Environment,"EPA AirNow hourly (preliminary, not regulatory AQS)"
110010050,TakomaRec,38.970101,-77.016715,2026-06-15T05:00:00Z,NO2,0.7,PPB,District of Columbia - Department of Energy and Environment,"EPA AirNow hourly (preliminary, not regulatory AQS)"
110010050,TakomaRec,38.970101,-77.016715,2026-06-15T06:00:00Z,NO2,0.3,PPB,District of Columbia - Department of Energy and Environment,"EPA AirNow hourly (preliminary, not regulatory AQS)"
110010050,TakomaRec,38.970101,-77.016715,2026-06-15T07:00:00Z,NO2,0.0,PPB,District of Columbia - Department of Energy and Environment,"EPA AirNow hourly (preliminary, not regulatory AQS)"
110010050,TakomaRec,38.970101,-77.016715,2026-06-15T08:00:00Z,NO2,0.0,PPB,District of Columbia - Department of Energy and Environment,"EPA AirNow hourly (preliminary, not regulatory AQS)"
110010050,TakomaRec,38.970101,-77.016715,2026-06-15T09:00:00Z,NO2,0.5,PPB,District of Columbia - Department of Energy and Environment,"EPA AirNow hourly (preliminary, not regulatory AQS)"
110010050,TakomaRec,38.970101,-77.016715,2026-06-15T10:00:00Z,NO2,1.1,PPB,District of Columbia - Department of Energy and Environment,"EPA AirNow hourly (preliminary, not regulatory AQS)"
110010050,TakomaRec,38.970101,-77.016715,2026-06-15T11:00:00Z,NO2,1.3,PPB,District of Columbia - Department of Energy and Environment,"EPA AirNow hourly (preliminary, not regulatory AQS)"
110010050,TakomaRec,38.970101,-77.016715,2026-06-15T12:00:00Z,NO2,1.1,PPB,District of Columbia - Department of Energy and Environment,"EPA AirNow hourly (preliminary, not regulatory AQS)"
110010050,TakomaRec,38.970101,-77.016715,2026-06-15T13:00:00Z,NO2,0.9,PPB,District of Columbia - Department of Energy and Environment,"EPA AirNow hourly (preliminary, not regulatory AQS)"
110010050,TakomaRec,38.970101,-77.016715,2026-06-15T14:00:00Z,NO2,0.7,PPB,District of Columbia - Department of Energy and Environment,"EPA AirNow hourly (preliminary, not regulatory AQS)"
110010050,TakomaRec,38.970101,-77.016715,2026-06-15T15:00:00Z,NO2,0.5,PPB,District of Columbia - Department of Energy and Environment,"EPA AirNow hourly (preliminary, not regulatory AQS)"
110010050,TakomaRec,38.970101,-77.016715,2026-06-15T16:00:00Z,NO2,0.3,PPB,District of Columbia - Department of Energy and Environment,"EPA AirNow hourly (preliminary, not regulatory AQS)"
110010050,TakomaRec,38.970101,-77.016715,2026-06-15T17:00:00Z,NO2,0.3,PPB,District of Columbia - Department of Energy and Environment,"EPA AirNow hourly (preliminary, not regulatory AQS)"
110010050,TakomaRec,38.970101,-77.016715,2026-06-15T18:00:00Z,NO2,0.1,PPB,District of Columbia - Department of Energy and Environment,"EPA AirNow hourly (preliminary, not regulatory AQS)"
110010050,TakomaRec,38.970101,-77.016715,2026-06-15T21:00:00Z,NO2,0.2,PPB,District of Columbia - Department of Energy and Environment,"EPA AirNow hourly (preliminary, not regulatory AQS)"
110010050,TakomaRec,38.970101,-77.016715,2026-06-15T22:00:00Z,NO2,0.2,PPB,District of Columbia - Department of Energy and Environment,"EPA AirNow hourly (preliminary, not regulatory AQS)"
110010050,TakomaRec,38.970101,-77.016715,2026-06-15T23:00:00Z,NO2,0.6,PPB,District of Columbia - Department of Energy and Environment,"EPA AirNow hourly (preliminary, not regulatory AQS)"
110010051,DCNearRoad,38.894749,-76.953427,2026-06-15T00:00:00Z,NO2,5.9,PPB,District of Columbia - Department of Energy and Environment,"EPA AirNow hourly (preliminary, not regulatory AQS)"
110010051,DCNearRoad,38.894749,-76.953427,2026-06-15T01:00:00Z,NO2,6.4,PPB,District of Columbia - Department of Energy and Environment,"EPA AirNow hourly (preliminary, not regulatory AQS)"
110010051,DCNearRoad,38.894749,-76.953427,2026-06-15T02:00:00Z,NO2,6.8,PPB,District of Columbia - Department of Energy and Environment,"EPA AirNow hourly (preliminary, not regulatory AQS)"
110010051,DCNearRoad,38.894749,-76.953427,2026-06-15T03:00:00Z,NO2,6.3,PPB,District of Columbia - Department of Energy and Environment,"EPA AirNow hourly (preliminary, not regulatory AQS)"
110010051,DCNearRoad,38.894749,-76.953427,2026-06-15T06:00:00Z,NO2,1.4,PPB,District of Columbia - Department of Energy and Environment,"EPA AirNow hourly (preliminary, not regulatory AQS)"
110010051,DCNearRoad,38.894749,-76.953427,2026-06-15T07:00:00Z,NO2,1.4,PPB,District of Columbia - Department of Energy and Environment,"EPA AirNow hourly (preliminary, not regulatory AQS)"
110010051,DCNearRoad,38.894749,-76.953427,2026-06-15T08:00:00Z,NO2,1.3,PPB,District of Columbia - Department of Energy and Environment,"EPA AirNow hourly (preliminary, not regulatory AQS)"
110010051,DCNearRoad,38.894749,-76.953427,2026-06-15T09:00:00Z,NO2,1.7,PPB,District of Columbia - Department of Energy and Environment,"EPA AirNow hourly (preliminary, not regulatory AQS)"
110010051,DCNearRoad,38.894749,-76.953427,2026-06-15T10:00:00Z,NO2,5.3,PPB,District of Columbia - Department of Energy and Environment,"EPA AirNow hourly (preliminary, not regulatory AQS)"
110010051,DCNearRoad,38.894749,-76.953427,2026-06-15T11:00:00Z,NO2,9.5,PPB,District of Columbia - Department of Energy and Environment,"EPA AirNow hourly (preliminary, not regulatory AQS)"
110010051,DCNearRoad,38.894749,-76.953427,2026-06-15T12:00:00Z,NO2,5.7,PPB,District of Columbia - Department of Energy and Environment,"EPA AirNow hourly (preliminary, not regulatory AQS)"
110010051,DCNearRoad,38.894749,-76.953427,2026-06-15T13:00:00Z,NO2,3.4,PPB,District of Columbia - Department of Energy and Environment,"EPA AirNow hourly (preliminary, not regulatory AQS)"
110010051,DCNearRoad,38.894749,-76.953427,2026-06-15T14:00:00Z,NO2,3.0,PPB,District of Columbia - Department of Energy and Environment,"EPA AirNow hourly (preliminary, not regulatory AQS)"
110010051,DCNearRoad,38.894749,-76.953427,2026-06-15T15:00:00Z,NO2,2.9,PPB,District of Columbia - Department of Energy and Environment,"EPA AirNow hourly (preliminary, not regulatory AQS)"
110010051,DCNearRoad,38.894749,-76.953427,2026-06-15T16:00:00Z,NO2,2.4,PPB,District of Columbia - Department of Energy and Environment,"EPA AirNow hourly (preliminary, not regulatory AQS)"
110010051,DCNearRoad,38.894749,-76.953427,2026-06-15T17:00:00Z,NO2,2.2,PPB,District of Columbia - Department of Energy and Environment,"EPA AirNow hourly (preliminary, not regulatory AQS)"
110010051,DCNearRoad,38.894749,-76.953427,2026-06-15T18:00:00Z,NO2,2.1,PPB,District of Columbia - Department of Energy and Environment,"EPA AirNow hourly (preliminary, not regulatory AQS)"
110010051,DCNearRoad,38.894749,-76.953427,2026-06-15T19:00:00Z,NO2,2.7,PPB,District of Columbia - Department of Energy and Environment,"EPA AirNow hourly (preliminary, not regulatory AQS)"
110010051,DCNearRoad,38.894749,-76.953427,2026-06-15T20:00:00Z,NO2,2.7,PPB,District of Columbia - Department of Energy and Environment,"EPA AirNow hourly (preliminary, not regulatory AQS)"
110010051,DCNearRoad,38.894749,-76.953427,2026-06-15T21:00:00Z,NO2,2.2,PPB,District of Columbia - Department of Energy and Environment,"EPA AirNow hourly (preliminary, not regulatory AQS)"
110010051,DCNearRoad,38.894749,-76.953427,2026-06-15T22:00:00Z,NO2,1.6,PPB,District of Columbia - Department of Energy and Environment,"EPA AirNow hourly (preliminary, not regulatory AQS)"
110010051,DCNearRoad,38.894749,-76.953427,2026-06-15T23:00:00Z,NO2,1.9,PPB,District of Columbia - Department of Energy and Environment,"EPA AirNow hourly (preliminary, not regulatory AQS)"
124000060430,Toronto West,43.709444,-79.5435,2026-06-15T00:00:00Z,NO2,5.0,PPB,Ontario Ministry of the Environment,"EPA AirNow hourly (preliminary, not regulatory AQS)"
124000060430,Toronto West,43.709444,-79.5435,2026-06-15T01:00:00Z,NO2,9.0,PPB,Ontario Ministry of the Environment,"EPA AirNow hourly (preliminary, not regulatory AQS)"
124000060430,Toronto West,43.709444,-79.5435,2026-06-15T02:00:00Z,NO2,6.0,PPB,Ontario Ministry of the Environment,"EPA AirNow hourly (preliminary, not regulatory AQS)"
124000060430,Toronto West,43.709444,-79.5435,2026-06-15T03:00:00Z,NO2,5.0,PPB,Ontario Ministry of the Environment,"EPA AirNow hourly (preliminary, not regulatory AQS)"
124000060430,Toronto West,43.709444,-79.5435,2026-06-15T04:00:00Z,NO2,3.0,PPB,Ontario Ministry of the Environment,"EPA AirNow hourly (preliminary, not regulatory AQS)"
124000060430,Toronto West,43.709444,-79.5435,2026-06-15T05:00:00Z,NO2,4.0,PPB,Ontario Ministry of the Environment,"EPA AirNow hourly (preliminary, not regulatory AQS)"
124000060430,Toronto West,43.709444,-79.5435,2026-06-15T06:00:00Z,NO2,4.0,PPB,Ontario Ministry of the Environment,"EPA AirNow hourly (preliminary, not regulatory AQS)"
124000060430,Toronto West,43.709444,-79.5435,2026-06-15T07:00:00Z,NO2,4.0,PPB,Ontario Ministry of the Environment,"EPA AirNow hourly (preliminary, not regulatory AQS)"
124000060430,Toronto West,43.709444,-79.5435,2026-06-15T09:00:00Z,NO2,11.0,PPB,Ontario Ministry of the Environment,"EPA AirNow hourly (preliminary, not regulatory AQS)"
124000060430,Toronto West,43.709444,-79.5435,2026-06-15T10:00:00Z,NO2,12.0,PPB,Ontario Ministry of the Environment,"EPA AirNow hourly (preliminary, not regulatory AQS)"
124000060430,Toronto West,43.709444,-79.5435,2026-06-15T11:00:00Z,NO2,7.0,PPB,Ontario Ministry of the Environment,"EPA AirNow hourly (preliminary, not regulatory AQS)"
124000060430,Toronto West,43.709444,-79.5435,2026-06-15T12:00:00Z,NO2,7.0,PPB,Ontario Ministry of the Environment,"EPA AirNow hourly (preliminary, not regulatory AQS)"
124000060430,Toronto West,43.709444,-79.5435,2026-06-15T19:00:00Z,NO2,9.0,PPB,Ontario Ministry of the Environment,"EPA AirNow hourly (preliminary, not regulatory AQS)"
124000060430,Toronto West,43.709444,-79.5435,2026-06-15T20:00:00Z,NO2,8.0,PPB,Ontario Ministry of the Environment,"EPA AirNow hourly (preliminary, not regulatory AQS)"
124000060430,Toronto West,43.709444,-79.5435,2026-06-15T21:00:00Z,NO2,8.0,PPB,Ontario Ministry of the Environment,"EPA AirNow hourly (preliminary, not regulatory AQS)"
124000060430,Toronto West,43.709444,-79.5435,2026-06-15T22:00:00Z,NO2,9.0,PPB,Ontario Ministry of the Environment,"EPA AirNow hourly (preliminary, not regulatory AQS)"
124000060430,Toronto West,43.709444,-79.5435,2026-06-15T23:00:00Z,NO2,11.0,PPB,Ontario Ministry of the Environment,"EPA AirNow hourly (preliminary, not regulatory AQS)"
124000060434,Misssissauga,43.546174,-79.658797,2026-06-15T00:00:00Z,NO2,3.0,PPB,Ontario Ministry of the Environment,"EPA AirNow hourly (preliminary, not regulatory AQS)"
124000060434,Misssissauga,43.546174,-79.658797,2026-06-15T01:00:00Z,NO2,3.0,PPB,Ontario Ministry of the Environment,"EPA AirNow hourly (preliminary, not regulatory AQS)"
124000060434,Misssissauga,43.546174,-79.658797,2026-06-15T02:00:00Z,NO2,2.0,PPB,Ontario Ministry of the Environment,"EPA AirNow hourly (preliminary, not regulatory AQS)"
124000060434,Misssissauga,43.546174,-79.658797,2026-06-15T03:00:00Z,NO2,2.0,PPB,Ontario Ministry of the Environment,"EPA AirNow hourly (preliminary, not regulatory AQS)"
124000060434,Misssissauga,43.546174,-79.658797,2026-06-15T04:00:00Z,NO2,1.0,PPB,Ontario Ministry of the Environment,"EPA AirNow hourly (preliminary, not regulatory AQS)"
124000060434,Misssissauga,43.546174,-79.658797,2026-06-15T05:00:00Z,NO2,1.0,PPB,Ontario Ministry of the Environment,"EPA AirNow hourly (preliminary, not regulatory AQS)"
124000060434,Misssissauga,43.546174,-79.658797,2026-06-15T06:00:00Z,NO2,1.0,PPB,Ontario Ministry of the Environment,"EPA AirNow hourly (preliminary, not regulatory AQS)"
124000060434,Misssissauga,43.546174,-79.658797,2026-06-15T07:00:00Z,NO2,1.0,PPB,Ontario Ministry of the Environment,"EPA AirNow hourly (preliminary, not regulatory AQS)"
124000060434,Misssissauga,43.546174,-79.658797,2026-06-15T09:00:00Z,NO2,2.0,PPB,Ontario Ministry of the Environment,"EPA AirNow hourly (preliminary, not regulatory AQS)"
124000060434,Misssissauga,43.546174,-79.658797,2026-06-15T10:00:00Z,NO2,4.0,PPB,Ontario Ministry of the Environment,"EPA AirNow hourly (preliminary, not regulatory AQS)"
124000060434,Misssissauga,43.546174,-79.658797,2026-06-15T11:00:00Z,NO2,2.0,PPB,Ontario Ministry of the Environment,"EPA AirNow hourly (preliminary, not regulatory AQS)"
124000060434,Misssissauga,43.546174,-79.658797,2026-06-15T12:00:00Z,NO2,2.0,PPB,Ontario Ministry of the Environment,"EPA AirNow hourly (preliminary, not regulatory AQS)"
124000060434,Misssissauga,43.546174,-79.658797,2026-06-15T13:00:00Z,NO2,1.0,PPB,Ontario Ministry of the Environment,"EPA AirNow hourly (preliminary, not regulatory AQS)"
124000060434,Misssissauga,43.546174,-79.658797,2026-06-15T14:00:00Z,NO2,1.0,PPB,Ontario Ministry of the Environment,"EPA AirNow hourly (preliminary, not regulatory AQS)"
124000060434,Misssissauga,43.546174,-79.658797,2026-06-15T15:00:00Z,NO2,1.0,PPB,Ontario Ministry of the Environment,"EPA AirNow hourly (preliminary, not regulatory AQS)"
124000060434,Misssissauga,43.546174,-79.658797,2026-06-15T16:00:00Z,NO2,1.0,PPB,Ontario Ministry of the Environment,"EPA AirNow hourly (preliminary, not regulatory AQS)"
124000060434,Misssissauga,43.546174,-79.658797,2026-06-15T17:00:00Z,NO2,1.0,PPB,Ontario Ministry of the Environment,"EPA AirNow hourly (preliminary, not regulatory AQS)"
124000060434,Misssissauga,43.546174,-79.658797,2026-06-15T18:00:00Z,NO2,1.0,PPB,Ontario Ministry of the Environment,"EPA AirNow hourly (preliminary, not regulatory AQS)"
124000060434,Misssissauga,43.546174,-79.658797,2026-06-15T19:00:00Z,NO2,2.0,PPB,Ontario Ministry of the Environment,"EPA AirNow hourly (preliminary, not regulatory AQS)"
124000060434,Misssissauga,43.546174,-79.658797,2026-06-15T20:00:00Z,NO2,1.0,PPB,Ontario Ministry of the Environment,"EPA AirNow hourly (preliminary, not regulatory AQS)"
124000060434,Misssissauga,43.546174,-79.658797,2026-06-15T21:00:00Z,NO2,1.0,PPB,Ontario Ministry of the Environment,"EPA AirNow hourly (preliminary, not regulatory AQS)"
124000060434,Misssissauga,43.546174,-79.658797,2026-06-15T22:00:00Z,NO2,1.0,PPB,Ontario Ministry of the Environment,"EPA AirNow hourly (preliminary, not regulatory AQS)"
124000060434,Misssissauga,43.546174,-79.658797,2026-06-15T23:00:00Z,NO2,1.0,PPB,Ontario Ministry of the Environment,"EPA AirNow hourly (preliminary, not regulatory AQS)"
124000060440,Toronto North,43.78047,-79.467372,2026-06-15T00:00:00Z,NO2,5.0,PPB,Ontario Ministry of the Environment,"EPA AirNow hourly (preliminary, not regulatory AQS)"
124000060440,Toronto North,43.78047,-79.467372,2026-06-15T01:00:00Z,NO2,5.0,PPB,Ontario Ministry of the Environment,"EPA AirNow hourly (preliminary, not regulatory AQS)"
124000060440,Toronto North,43.78047,-79.467372,2026-06-15T02:00:00Z,NO2,3.0,PPB,Ontario Ministry of the Environment,"EPA AirNow hourly (preliminary, not regulatory AQS)"
124000060440,Toronto North,43.78047,-79.467372,2026-06-15T03:00:00Z,NO2,3.0,PPB,Ontario Ministry of the Environment,"EPA AirNow hourly (preliminary, not regulatory AQS)"
124000060440,Toronto North,43.78047,-79.467372,2026-06-15T04:00:00Z,NO2,2.0,PPB,Ontario Ministry of the Environment,"EPA AirNow hourly (preliminary, not regulatory AQS)"
124000060440,Toronto North,43.78047,-79.467372,2026-06-15T05:00:00Z,NO2,2.0,PPB,Ontario Ministry of the Environment,"EPA AirNow hourly (preliminary, not regulatory AQS)"
124000060440,Toronto North,43.78047,-79.467372,2026-06-15T06:00:00Z,NO2,3.0,PPB,Ontario Ministry of the Environment,"EPA AirNow hourly (preliminary, not regulatory AQS)"
124000060440,Toronto North,43.78047,-79.467372,2026-06-15T07:00:00Z,NO2,2.0,PPB,Ontario Ministry of the Environment,"EPA AirNow hourly (preliminary, not regulatory AQS)"
124000060440,Toronto North,43.78047,-79.467372,2026-06-15T09:00:00Z,NO2,5.0,PPB,Ontario Ministry of the Environment,"EPA AirNow hourly (preliminary, not regulatory AQS)"
124000060440,Toronto North,43.78047,-79.467372,2026-06-15T10:00:00Z,NO2,4.0,PPB,Ontario Ministry of the Environment,"EPA AirNow hourly (preliminary, not regulatory AQS)"
124000060440,Toronto North,43.78047,-79.467372,2026-06-15T11:00:00Z,NO2,4.0,PPB,Ontario Ministry of the Environment,"EPA AirNow hourly (preliminary, not regulatory AQS)"
124000060440,Toronto North,43.78047,-79.467372,2026-06-15T12:00:00Z,NO2,3.0,PPB,Ontario Ministry of the Environment,"EPA AirNow hourly (preliminary, not regulatory AQS)"
124000060440,Toronto North,43.78047,-79.467372,2026-06-15T13:00:00Z,NO2,2.0,PPB,Ontario Ministry of the Environment,"EPA AirNow hourly (preliminary, not regulatory AQS)"
124000060440,Toronto North,43.78047,-79.467372,2026-06-15T14:00:00Z,NO2,2.0,PPB,Ontario Ministry of the Environment,"EPA AirNow hourly (preliminary, not regulatory AQS)"
124000060440,Toronto North,43.78047,-79.467372,2026-06-15T15:00:00Z,NO2,2.0,PPB,Ontario Ministry of the Environment,"EPA AirNow hourly (preliminary, not regulatory AQS)"
124000060440,Toronto North,43.78047,-79.467372,2026-06-15T16:00:00Z,NO2,2.0,PPB,Ontario Ministry of the Environment,"EPA AirNow hourly (preliminary, not regulatory AQS)"
124000060440,Toronto North,43.78047,-79.467372,2026-06-15T17:00:00Z,NO2,2.0,PPB,Ontario Ministry of the Environment,"EPA AirNow hourly (preliminary, not regulatory AQS)"
124000060440,Toronto North,43.78047,-79.467372,2026-06-15T18:00:00Z,NO2,2.0,PPB,Ontario Ministry of the Environment,"EPA AirNow hourly (preliminary, not regulatory AQS)"
124000060440,Toronto North,43.78047,-79.467372,2026-06-15T19:00:00Z,NO2,2.0,PPB,Ontario Ministry of the Environment,"EPA AirNow hourly (preliminary, not regulatory AQS)"
124000060440,Toronto North,43.78047,-79.467372,2026-06-15T20:00:00Z,NO2,3.0,PPB,Ontario Ministry of the Environment,"EPA AirNow hourly (preliminary, not regulatory AQS)"
124000060440,Toronto North,43.78047,-79.467372,2026-06-15T21:00:00Z,NO2,2.0,PPB,Ontario Ministry of the Environment,"EPA AirNow hourly (preliminary, not regulatory AQS)"
124000060440,Toronto North,43.78047,-79.467372,2026-06-15T22:00:00Z,NO2,2.0,PPB,Ontario Ministry of the Environment,"EPA AirNow hourly (preliminary, not regulatory AQS)"
124000060440,Toronto North,43.78047,-79.467372,2026-06-15T23:00:00Z,NO2,2.0,PPB,Ontario Ministry of the Environment,"EPA AirNow hourly (preliminary, not regulatory AQS)"
124000060445,Toronto Downtown,43.645451,-79.3891,2026-06-15T00:00:00Z,NO2,5.0,PPB,Ontario Ministry of the Environment,"EPA AirNow hourly (preliminary, not regulatory AQS)"
124000060445,Toronto Downtown,43.645451,-79.3891,2026-06-15T01:00:00Z,NO2,5.0,PPB,Ontario Ministry of the Environment,"EPA AirNow hourly (preliminary, not regulatory AQS)"
124000060445,Toronto Downtown,43.645451,-79.3891,2026-06-15T02:00:00Z,NO2,5.0,PPB,Ontario Ministry of the Environment,"EPA AirNow hourly (preliminary, not regulatory AQS)"
124000060445,Toronto Downtown,43.645451,-79.3891,2026-06-15T03:00:00Z,NO2,4.0,PPB,Ontario Ministry of the Environment,"EPA AirNow hourly (preliminary, not regulatory AQS)"
124000060445,Toronto Downtown,43.645451,-79.3891,2026-06-15T04:00:00Z,NO2,3.0,PPB,Ontario Ministry of the Environment,"EPA AirNow hourly (preliminary, not regulatory AQS)"
124000060445,Toronto Downtown,43.645451,-79.3891,2026-06-15T05:00:00Z,NO2,3.0,PPB,Ontario Ministry of the Environment,"EPA AirNow hourly (preliminary, not regulatory AQS)"
124000060445,Toronto Downtown,43.645451,-79.3891,2026-06-15T07:00:00Z,NO2,3.0,PPB,Ontario Ministry of the Environment,"EPA AirNow hourly (preliminary, not regulatory AQS)"
124000060445,Toronto Downtown,43.645451,-79.3891,2026-06-15T08:00:00Z,NO2,4.0,PPB,Ontario Ministry of the Environment,"EPA AirNow hourly (preliminary, not regulatory AQS)"
124000060445,Toronto Downtown,43.645451,-79.3891,2026-06-15T09:00:00Z,NO2,4.0,PPB,Ontario Ministry of the Environment,"EPA AirNow hourly (preliminary, not regulatory AQS)"
124000060445,Toronto Downtown,43.645451,-79.3891,2026-06-15T10:00:00Z,NO2,7.0,PPB,Ontario Ministry of the Environment,"EPA AirNow hourly (preliminary, not regulatory AQS)"
124000060445,Toronto Downtown,43.645451,-79.3891,2026-06-15T11:00:00Z,NO2,6.0,PPB,Ontario Ministry of the Environment,"EPA AirNow hourly (preliminary, not regulatory AQS)"
124000060445,Toronto Downtown,43.645451,-79.3891,2026-06-15T12:00:00Z,NO2,5.0,PPB,Ontario Ministry of the Environment,"EPA AirNow hourly (preliminary, not regulatory AQS)"
124000060445,Toronto Downtown,43.645451,-79.3891,2026-06-15T13:00:00Z,NO2,5.0,PPB,Ontario Ministry of the Environment,"EPA AirNow hourly (preliminary, not regulatory AQS)"
124000060445,Toronto Downtown,43.645451,-79.3891,2026-06-15T14:00:00Z,NO2,4.0,PPB,Ontario Ministry of the Environment,"EPA AirNow hourly (preliminary, not regulatory AQS)"
124000060445,Toronto Downtown,43.645451,-79.3891,2026-06-15T15:00:00Z,NO2,4.0,PPB,Ontario Ministry of the Environment,"EPA AirNow hourly (preliminary, not regulatory AQS)"
124000060445,Toronto Downtown,43.645451,-79.3891,2026-06-15T16:00:00Z,NO2,3.0,PPB,Ontario Ministry of the Environment,"EPA AirNow hourly (preliminary, not regulatory AQS)"
124000060445,Toronto Downtown,43.645451,-79.3891,2026-06-15T17:00:00Z,NO2,4.0,PPB,Ontario Ministry of the Environment,"EPA AirNow hourly (preliminary, not regulatory AQS)"
124000060445,Toronto Downtown,43.645451,-79.3891,2026-06-15T18:00:00Z,NO2,6.0,PPB,Ontario Ministry of the Environment,"EPA AirNow hourly (preliminary, not regulatory AQS)"
124000060445,Toronto Downtown,43.645451,-79.3891,2026-06-15T19:00:00Z,NO2,6.0,PPB,Ontario Ministry of the Environment,"EPA AirNow hourly (preliminary, not regulatory AQS)"
124000060445,Toronto Downtown,43.645451,-79.3891,2026-06-15T20:00:00Z,NO2,5.0,PPB,Ontario Ministry of the Environment,"EPA AirNow hourly (preliminary, not regulatory AQS)"
124000060445,Toronto Downtown,43.645451,-79.3891,2026-06-15T21:00:00Z,NO2,9.0,PPB,Ontario Ministry of the Environment,"EPA AirNow hourly (preliminary, not regulatory AQS)"
124000060445,Toronto Downtown,43.645451,-79.3891,2026-06-15T22:00:00Z,NO2,14.0,PPB,Ontario Ministry of the Environment,"EPA AirNow hourly (preliminary, not regulatory AQS)"
124000060445,Toronto Downtown,43.645451,-79.3891,2026-06-15T23:00:00Z,NO2,6.0,PPB,Ontario Ministry of the Environment,"EPA AirNow hourly (preliminary, not regulatory AQS)"
124000060450,Brampton,43.669911,-79.766589,2026-06-15T00:00:00Z,NO2,3.0,PPB,Ontario Ministry of the Environment,"EPA AirNow hourly (preliminary, not regulatory AQS)"
124000060450,Brampton,43.669911,-79.766589,2026-06-15T01:00:00Z,NO2,2.0,PPB,Ontario Ministry of the Environment,"EPA AirNow hourly (preliminary, not regulatory AQS)"
124000060450,Brampton,43.669911,-79.766589,2026-06-15T02:00:00Z,NO2,2.0,PPB,Ontario Ministry of the Environment,"EPA AirNow hourly (preliminary, not regulatory AQS)"
124000060450,Brampton,43.669911,-79.766589,2026-06-15T03:00:00Z,NO2,1.0,PPB,Ontario Ministry of the Environment,"EPA AirNow hourly (preliminary, not regulatory AQS)"
124000060450,Brampton,43.669911,-79.766589,2026-06-15T04:00:00Z,NO2,1.0,PPB,Ontario Ministry of the Environment,"EPA AirNow hourly (preliminary, not regulatory AQS)"
124000060450,Brampton,43.669911,-79.766589,2026-06-15T05:00:00Z,NO2,1.0,PPB,Ontario Ministry of the Environment,"EPA AirNow hourly (preliminary, not regulatory AQS)"
124000060450,Brampton,43.669911,-79.766589,2026-06-15T06:00:00Z,NO2,1.0,PPB,Ontario Ministry of the Environment,"EPA AirNow hourly (preliminary, not regulatory AQS)"
124000060450,Brampton,43.669911,-79.766589,2026-06-15T07:00:00Z,NO2,1.0,PPB,Ontario Ministry of the Environment,"EPA AirNow hourly (preliminary, not regulatory AQS)"
124000060450,Brampton,43.669911,-79.766589,2026-06-15T09:00:00Z,NO2,1.0,PPB,Ontario Ministry of the Environment,"EPA AirNow hourly (preliminary, not regulatory AQS)"
124000060450,Brampton,43.669911,-79.766589,2026-06-15T10:00:00Z,NO2,1.0,PPB,Ontario Ministry of the Environment,"EPA AirNow hourly (preliminary, not regulatory AQS)"
124000060450,Brampton,43.669911,-79.766589,2026-06-15T11:00:00Z,NO2,1.0,PPB,Ontario Ministry of the Environment,"EPA AirNow hourly (preliminary, not regulatory AQS)"
124000060450,Brampton,43.669911,-79.766589,2026-06-15T12:00:00Z,NO2,1.0,PPB,Ontario Ministry of the Environment,"EPA AirNow hourly (preliminary, not regulatory AQS)"
124000060450,Brampton,43.669911,-79.766589,2026-06-15T13:00:00Z,NO2,1.0,PPB,Ontario Ministry of the Environment,"EPA AirNow hourly (preliminary, not regulatory AQS)"
124000060450,Brampton,43.669911,-79.766589,2026-06-15T14:00:00Z,NO2,1.0,PPB,Ontario Ministry of the Environment,"EPA AirNow hourly (preliminary, not regulatory AQS)"
124000060450,Brampton,43.669911,-79.766589,2026-06-15T15:00:00Z,NO2,1.0,PPB,Ontario Ministry of the Environment,"EPA AirNow hourly (preliminary, not regulatory AQS)"
124000060450,Brampton,43.669911,-79.766589,2026-06-15T16:00:00Z,NO2,1.0,PPB,Ontario Ministry of the Environment,"EPA AirNow hourly (preliminary, not regulatory AQS)"
124000060450,Brampton,43.669911,-79.766589,2026-06-15T17:00:00Z,NO2,2.0,PPB,Ontario Ministry of the Environment,"EPA AirNow hourly (preliminary, not regulatory AQS)"
124000060450,Brampton,43.669911,-79.766589,2026-06-15T18:00:00Z,NO2,2.0,PPB,Ontario Ministry of the Environment,"EPA AirNow hourly (preliminary, not regulatory AQS)"
124000060450,Brampton,43.669911,-79.766589,2026-06-15T19:00:00Z,NO2,1.0,PPB,Ontario Ministry of the Environment,"EPA AirNow hourly (preliminary, not regulatory AQS)"
124000060450,Brampton,43.669911,-79.766589,2026-06-15T20:00:00Z,NO2,1.0,PPB,Ontario Ministry of the Environment,"EPA AirNow hourly (preliminary, not regulatory AQS)"
124000060450,Brampton,43.669911,-79.766589,2026-06-15T21:00:00Z,NO2,1.0,PPB,Ontario Ministry of the Environment,"EPA AirNow hourly (preliminary, not regulatory AQS)"
124000060450,Brampton,43.669911,-79.766589,2026-06-15T22:00:00Z,NO2,1.0,PPB,Ontario Ministry of the Environment,"EPA AirNow hourly (preliminary, not regulatory AQS)"
124000060450,Brampton,43.669911,-79.766589,2026-06-15T23:00:00Z,NO2,1.0,PPB,Ontario Ministry of the Environment,"EPA AirNow hourly (preliminary, not regulatory AQS)"
124000060521,Hamilton Mountain,43.24132,-79.889328,2026-06-15T00:00:00Z,NO2,3.0,PPB,Ontario Ministry of the Environment,"EPA AirNow hourly (preliminary, not regulatory AQS)"
124000060521,Hamilton Mountain,43.24132,-79.889328,2026-06-15T01:00:00Z,NO2,5.0,PPB,Ontario Ministry of the Environment,"EPA AirNow hourly (preliminary, not regulatory AQS)"
124000060521,Hamilton Mountain,43.24132,-79.889328,2026-06-15T02:00:00Z,NO2,4.0,PPB,Ontario Ministry of the Environment,"EPA AirNow hourly (preliminary, not regulatory AQS)"
124000060521,Hamilton Mountain,43.24132,-79.889328,2026-06-15T03:00:00Z,NO2,3.0,PPB,Ontario Ministry of the Environment,"EPA AirNow hourly (preliminary, not regulatory AQS)"
124000060521,Hamilton Mountain,43.24132,-79.889328,2026-06-15T04:00:00Z,NO2,1.0,PPB,Ontario Ministry of the Environment,"EPA AirNow hourly (preliminary, not regulatory AQS)"
124000060521,Hamilton Mountain,43.24132,-79.889328,2026-06-15T05:00:00Z,NO2,2.0,PPB,Ontario Ministry of the Environment,"EPA AirNow hourly (preliminary, not regulatory AQS)"
124000060521,Hamilton Mountain,43.24132,-79.889328,2026-06-15T06:00:00Z,NO2,2.0,PPB,Ontario Ministry of the Environment,"EPA AirNow hourly (preliminary, not regulatory AQS)"
124000060521,Hamilton Mountain,43.24132,-79.889328,2026-06-15T07:00:00Z,NO2,1.0,PPB,Ontario Ministry of the Environment,"EPA AirNow hourly (preliminary, not regulatory AQS)"
124000060521,Hamilton Mountain,43.24132,-79.889328,2026-06-15T09:00:00Z,NO2,2.0,PPB,Ontario Ministry of the Environment,"EPA AirNow hourly (preliminary, not regulatory AQS)"
124000060521,Hamilton Mountain,43.24132,-79.889328,2026-06-15T10:00:00Z,NO2,2.0,PPB,Ontario Ministry of the Environment,"EPA AirNow hourly (preliminary, not regulatory AQS)"
124000060521,Hamilton Mountain,43.24132,-79.889328,2026-06-15T11:00:00Z,NO2,2.0,PPB,Ontario Ministry of the Environment,"EPA AirNow hourly (preliminary, not regulatory AQS)"
124000060521,Hamilton Mountain,43.24132,-79.889328,2026-06-15T12:00:00Z,NO2,2.0,PPB,Ontario Ministry of the Environment,"EPA AirNow hourly (preliminary, not regulatory AQS)"
124000060521,Hamilton Mountain,43.24132,-79.889328,2026-06-15T13:00:00Z,NO2,2.0,PPB,Ontario Ministry of the Environment,"EPA AirNow hourly (preliminary, not regulatory AQS)"
124000060521,Hamilton Mountain,43.24132,-79.889328,2026-06-15T14:00:00Z,NO2,2.0,PPB,Ontario Ministry of the Environment,"EPA AirNow hourly (preliminary, not regulatory AQS)"
124000060521,Hamilton Mountain,43.24132,-79.889328,2026-06-15T15:00:00Z,NO2,2.0,PPB,Ontario Ministry of the Environment,"EPA AirNow hourly (preliminary, not regulatory AQS)"
124000060521,Hamilton Mountain,43.24132,-79.889328,2026-06-15T16:00:00Z,NO2,2.0,PPB,Ontario Ministry of the Environment,"EPA AirNow hourly (preliminary, not regulatory AQS)"
124000060521,Hamilton Mountain,43.24132,-79.889328,2026-06-15T17:00:00Z,NO2,2.0,PPB,Ontario Ministry of the Environment,"EPA AirNow hourly (preliminary, not regulatory AQS)"
124000060521,Hamilton Mountain,43.24132,-79.889328,2026-06-15T18:00:00Z,NO2,2.0,PPB,Ontario Ministry of the Environment,"EPA AirNow hourly (preliminary, not regulatory AQS)"
124000060521,Hamilton Mountain,43.24132,-79.889328,2026-06-15T19:00:00Z,NO2,2.0,PPB,Ontario Ministry of the Environment,"EPA AirNow hourly (preliminary, not regulatory AQS)"
124000060521,Hamilton Mountain,43.24132,-79.889328,2026-06-15T20:00:00Z,NO2,2.0,PPB,Ontario Ministry of the Environment,"EPA AirNow hourly (preliminary, not regulatory AQS)"
124000060521,Hamilton Mountain,43.24132,-79.889328,2026-06-15T21:00:00Z,NO2,2.0,PPB,Ontario Ministry of the Environment,"EPA AirNow hourly (preliminary, not regulatory AQS)"
124000060521,Hamilton Mountain,43.24132,-79.889328,2026-06-15T22:00:00Z,NO2,2.0,PPB,Ontario Ministry of the Environment,"EPA AirNow hourly (preliminary, not regulatory AQS)"
124000060521,Hamilton Mountain,43.24132,-79.889328,2026-06-15T23:00:00Z,NO2,2.0,PPB,Ontario Ministry of the Environment,"EPA AirNow hourly (preliminary, not regulatory AQS)"
124000061603,Oakville,43.486917,-79.702278,2026-06-15T00:00:00Z,NO2,2.0,PPB,Ontario Ministry of the Environment,"EPA AirNow hourly (preliminary, not regulatory AQS)"
124000061603,Oakville,43.486917,-79.702278,2026-06-15T01:00:00Z,NO2,1.0,PPB,Ontario Ministry of the Environment,"EPA AirNow hourly (preliminary, not regulatory AQS)"
124000061603,Oakville,43.486917,-79.702278,2026-06-15T02:00:00Z,NO2,1.0,PPB,Ontario Ministry of the Environment,"EPA AirNow hourly (preliminary, not regulatory AQS)"
124000061603,Oakville,43.486917,-79.702278,2026-06-15T03:00:00Z,NO2,1.0,PPB,Ontario Ministry of the Environment,"EPA AirNow hourly (preliminary, not regulatory AQS)"
124000061603,Oakville,43.486917,-79.702278,2026-06-15T04:00:00Z,NO2,1.0,PPB,Ontario Ministry of the Environment,"EPA AirNow hourly (preliminary, not regulatory AQS)"
124000061603,Oakville,43.486917,-79.702278,2026-06-15T05:00:00Z,NO2,1.0,PPB,Ontario Ministry of the Environment,"EPA AirNow hourly (preliminary, not regulatory AQS)"
124000061603,Oakville,43.486917,-79.702278,2026-06-15T06:00:00Z,NO2,1.0,PPB,Ontario Ministry of the Environment,"EPA AirNow hourly (preliminary, not regulatory AQS)"
124000061603,Oakville,43.486917,-79.702278,2026-06-15T07:00:00Z,NO2,1.0,PPB,Ontario Ministry of the Environment,"EPA AirNow hourly (preliminary, not regulatory AQS)"
124000061603,Oakville,43.486917,-79.702278,2026-06-15T09:00:00Z,NO2,2.0,PPB,Ontario Ministry of the Environment,"EPA AirNow hourly (preliminary, not regulatory AQS)"
124000061603,Oakville,43.486917,-79.702278,2026-06-15T10:00:00Z,NO2,2.0,PPB,Ontario Ministry of the Environment,"EPA AirNow hourly (preliminary, not regulatory AQS)"
124000061603,Oakville,43.486917,-79.702278,2026-06-15T11:00:00Z,NO2,2.0,PPB,Ontario Ministry of the Environment,"EPA AirNow hourly (preliminary, not regulatory AQS)"
124000061603,Oakville,43.486917,-79.702278,2026-06-15T12:00:00Z,NO2,2.0,PPB,Ontario Ministry of the Environment,"EPA AirNow hourly (preliminary, not regulatory AQS)"
124000061603,Oakville,43.486917,-79.702278,2026-06-15T13:00:00Z,NO2,1.0,PPB,Ontario Ministry of the Environment,"EPA AirNow hourly (preliminary, not regulatory AQS)"
124000061603,Oakville,43.486917,-79.702278,2026-06-15T14:00:00Z,NO2,1.0,PPB,Ontario Ministry of the Environment,"EPA AirNow hourly (preliminary, not regulatory AQS)"
124000061603,Oakville,43.486917,-79.702278,2026-06-15T15:00:00Z,NO2,1.0,PPB,Ontario Ministry of the Environment,"EPA AirNow hourly (preliminary, not regulatory AQS)"
124000061603,Oakville,43.486917,-79.702278,2026-06-15T16:00:00Z,NO2,1.0,PPB,Ontario Ministry of the Environment,"EPA AirNow hourly (preliminary, not regulatory AQS)"
124000061603,Oakville,43.486917,-79.702278,2026-06-15T17:00:00Z,NO2,1.0,PPB,Ontario Ministry of the Environment,"EPA AirNow hourly (preliminary, not regulatory AQS)"
124000061603,Oakville,43.486917,-79.702278,2026-06-15T18:00:00Z,NO2,1.0,PPB,Ontario Ministry of the Environment,"EPA AirNow hourly (preliminary, not regulatory AQS)"
124000061603,Oakville,43.486917,-79.702278,2026-06-15T19:00:00Z,NO2,1.0,PPB,Ontario Ministry of the Environment,"EPA AirNow hourly (preliminary, not regulatory AQS)"
124000061603,Oakville,43.486917,-79.702278,2026-06-15T20:00:00Z,NO2,1.0,PPB,Ontario Ministry of the Environment,"EPA AirNow hourly (preliminary, not regulatory AQS)"
124000061603,Oakville,43.486917,-79.702278,2026-06-15T21:00:00Z,NO2,1.0,PPB,Ontario Ministry of the Environment,"EPA AirNow hourly (preliminary, not regulatory AQS)"
124000061603,Oakville,43.486917,-79.702278,2026-06-15T22:00:00Z,NO2,1.0,PPB,Ontario Ministry of the Environment,"EPA AirNow hourly (preliminary, not regulatory AQS)"
124000061603,Oakville,43.486917,-79.702278,2026-06-15T23:00:00Z,NO2,1.0,PPB,Ontario Ministry of the Environment,"EPA AirNow hourly (preliminary, not regulatory AQS)"
124000061703,Oshawa,43.952248,-78.91252,2026-06-15T00:00:00Z,NO2,0.0,PPB,Ontario Ministry of the Environment,"EPA AirNow hourly (preliminary, not regulatory AQS)"
124000061703,Oshawa,43.952248,-78.91252,2026-06-15T01:00:00Z,NO2,0.0,PPB,Ontario Ministry of the Environment,"EPA AirNow hourly (preliminary, not regulatory AQS)"
124000061703,Oshawa,43.952248,-78.91252,2026-06-15T02:00:00Z,NO2,0.0,PPB,Ontario Ministry of the Environment,"EPA AirNow hourly (preliminary, not regulatory AQS)"
124000061703,Oshawa,43.952248,-78.91252,2026-06-15T03:00:00Z,NO2,0.0,PPB,Ontario Ministry of the Environment,"EPA AirNow hourly (preliminary, not regulatory AQS)"
124000061703,Oshawa,43.952248,-78.91252,2026-06-15T04:00:00Z,NO2,0.0,PPB,Ontario Ministry of the Environment,"EPA AirNow hourly (preliminary, not regulatory AQS)"
124000061703,Oshawa,43.952248,-78.91252,2026-06-15T05:00:00Z,NO2,0.0,PPB,Ontario Ministry of the Environment,"EPA AirNow hourly (preliminary, not regulatory AQS)"
124000061703,Oshawa,43.952248,-78.91252,2026-06-15T06:00:00Z,NO2,0.0,PPB,Ontario Ministry of the Environment,"EPA AirNow hourly (preliminary, not regulatory AQS)"
124000061703,Oshawa,43.952248,-78.91252,2026-06-15T07:00:00Z,NO2,0.0,PPB,Ontario Ministry of the Environment,"EPA AirNow hourly (preliminary, not regulatory AQS)"
124000061703,Oshawa,43.952248,-78.91252,2026-06-15T09:00:00Z,NO2,0.0,PPB,Ontario Ministry of the Environment,"EPA AirNow hourly (preliminary, not regulatory AQS)"
124000061703,Oshawa,43.952248,-78.91252,2026-06-15T10:00:00Z,NO2,0.0,PPB,Ontario Ministry of the Environment,"EPA AirNow hourly (preliminary, not regulatory AQS)"
124000061703,Oshawa,43.952248,-78.91252,2026-06-15T11:00:00Z,NO2,0.0,PPB,Ontario Ministry of the Environment,"EPA AirNow hourly (preliminary, not regulatory AQS)"
124000061703,Oshawa,43.952248,-78.91252,2026-06-15T12:00:00Z,NO2,0.0,PPB,Ontario Ministry of the Environment,"EPA AirNow hourly (preliminary, not regulatory AQS)"
124000061703,Oshawa,43.952248,-78.91252,2026-06-15T13:00:00Z,NO2,0.0,PPB,Ontario Ministry of the Environment,"EPA AirNow hourly (preliminary, not regulatory AQS)"
124000061703,Oshawa,43.952248,-78.91252,2026-06-15T14:00:00Z,NO2,0.0,PPB,Ontario Ministry of the Environment,"EPA AirNow hourly (preliminary, not regulatory AQS)"
124000061703,Oshawa,43.952248,-78.91252,2026-06-15T15:00:00Z,NO2,0.0,PPB,Ontario Ministry of the Environment,"EPA AirNow hourly (preliminary, not regulatory AQS)"
124000061703,Oshawa,43.952248,-78.91252,2026-06-15T16:00:00Z,NO2,0.0,PPB,Ontario Ministry of the Environment,"EPA AirNow hourly (preliminary, not regulatory AQS)"
124000061703,Oshawa,43.952248,-78.91252,2026-06-15T17:00:00Z,NO2,0.0,PPB,Ontario Ministry of the Environment,"EPA AirNow hourly (preliminary, not regulatory AQS)"
124000061703,Oshawa,43.952248,-78.91252,2026-06-15T18:00:00Z,NO2,1.0,PPB,Ontario Ministry of the Environment,"EPA AirNow hourly (preliminary, not regulatory AQS)"
124000061703,Oshawa,43.952248,-78.91252,2026-06-15T19:00:00Z,NO2,0.0,PPB,Ontario Ministry of the Environment,"EPA AirNow hourly (preliminary, not regulatory AQS)"
124000061703,Oshawa,43.952248,-78.91252,2026-06-15T20:00:00Z,NO2,0.0,PPB,Ontario Ministry of the Environment,"EPA AirNow hourly (preliminary, not regulatory AQS)"
124000061703,Oshawa,43.952248,-78.91252,2026-06-15T21:00:00Z,NO2,0.0,PPB,Ontario Ministry of the Environment,"EPA AirNow hourly (preliminary, not regulatory AQS)"
124000061703,Oshawa,43.952248,-78.91252,2026-06-15T22:00:00Z,NO2,2.0,PPB,Ontario Ministry of the Environment,"EPA AirNow hourly (preliminary, not regulatory AQS)"
124000061703,Oshawa,43.952248,-78.91252,2026-06-15T23:00:00Z,NO2,3.0,PPB,Ontario Ministry of the Environment,"EPA AirNow hourly (preliminary, not regulatory AQS)"
124000065101,Newmarket,44.044306,-79.48325,2026-06-15T00:00:00Z,NO2,2.0,PPB,Ontario Ministry of the Environment,"EPA AirNow hourly (preliminary, not regulatory AQS)"
124000065101,Newmarket,44.044306,-79.48325,2026-06-15T01:00:00Z,NO2,2.0,PPB,Ontario Ministry of the Environment,"EPA AirNow hourly (preliminary, not regulatory AQS)"
124000065101,Newmarket,44.044306,-79.48325,2026-06-15T02:00:00Z,NO2,1.0,PPB,Ontario Ministry of the Environment,"EPA AirNow hourly (preliminary, not regulatory AQS)"
124000065101,Newmarket,44.044306,-79.48325,2026-06-15T03:00:00Z,NO2,1.0,PPB,Ontario Ministry of the Environment,"EPA AirNow hourly (preliminary, not regulatory AQS)"
124000065101,Newmarket,44.044306,-79.48325,2026-06-15T04:00:00Z,NO2,1.0,PPB,Ontario Ministry of the Environment,"EPA AirNow hourly (preliminary, not regulatory AQS)"
124000065101,Newmarket,44.044306,-79.48325,2026-06-15T05:00:00Z,NO2,1.0,PPB,Ontario Ministry of the Environment,"EPA AirNow hourly (preliminary, not regulatory AQS)"
124000065101,Newmarket,44.044306,-79.48325,2026-06-15T06:00:00Z,NO2,1.0,PPB,Ontario Ministry of the Environment,"EPA AirNow hourly (preliminary, not regulatory AQS)"
124000065101,Newmarket,44.044306,-79.48325,2026-06-15T07:00:00Z,NO2,1.0,PPB,Ontario Ministry of the Environment,"EPA AirNow hourly (preliminary, not regulatory AQS)"
124000065101,Newmarket,44.044306,-79.48325,2026-06-15T09:00:00Z,NO2,2.0,PPB,Ontario Ministry of the Environment,"EPA AirNow hourly (preliminary, not regulatory AQS)"
124000065101,Newmarket,44.044306,-79.48325,2026-06-15T10:00:00Z,NO2,1.0,PPB,Ontario Ministry of the Environment,"EPA AirNow hourly (preliminary, not regulatory AQS)"
124000065101,Newmarket,44.044306,-79.48325,2026-06-15T11:00:00Z,NO2,1.0,PPB,Ontario Ministry of the Environment,"EPA AirNow hourly (preliminary, not regulatory AQS)"
124000065101,Newmarket,44.044306,-79.48325,2026-06-15T12:00:00Z,NO2,1.0,PPB,Ontario Ministry of the Environment,"EPA AirNow hourly (preliminary, not regulatory AQS)"
124000065101,Newmarket,44.044306,-79.48325,2026-06-15T13:00:00Z,NO2,1.0,PPB,Ontario Ministry of the Environment,"EPA AirNow hourly (preliminary, not regulatory AQS)"
124000065101,Newmarket,44.044306,-79.48325,2026-06-15T14:00:00Z,NO2,1.0,PPB,Ontario Ministry of the Environment,"EPA AirNow hourly (preliminary, not regulatory AQS)"
124000065101,Newmarket,44.044306,-79.48325,2026-06-15T15:00:00Z,NO2,1.0,PPB,Ontario Ministry of the Environment,"EPA AirNow hourly (preliminary, not regulatory AQS)"
124000065101,Newmarket,44.044306,-79.48325,2026-06-15T16:00:00Z,NO2,1.0,PPB,Ontario Ministry of the Environment,"EPA AirNow hourly (preliminary, not regulatory AQS)"
124000065101,Newmarket,44.044306,-79.48325,2026-06-15T17:00:00Z,NO2,1.0,PPB,Ontario Ministry of the Environment,"EPA AirNow hourly (preliminary, not regulatory AQS)"
124000065101,Newmarket,44.044306,-79.48325,2026-06-15T18:00:00Z,NO2,1.0,PPB,Ontario Ministry of the Environment,"EPA AirNow hourly (preliminary, not regulatory AQS)"
124000065101,Newmarket,44.044306,-79.48325,2026-06-15T19:00:00Z,NO2,1.0,PPB,Ontario Ministry of the Environment,"EPA AirNow hourly (preliminary, not regulatory AQS)"
124000065101,Newmarket,44.044306,-79.48325,2026-06-15T20:00:00Z,NO2,1.0,PPB,Ontario Ministry of the Environment,"EPA AirNow hourly (preliminary, not regulatory AQS)"
124000065101,Newmarket,44.044306,-79.48325,2026-06-15T21:00:00Z,NO2,1.0,PPB,Ontario Ministry of the Environment,"EPA AirNow hourly (preliminary, not regulatory AQS)"
124000065101,Newmarket,44.044306,-79.48325,2026-06-15T22:00:00Z,NO2,1.0,PPB,Ontario Ministry of the Environment,"EPA AirNow hourly (preliminary, not regulatory AQS)"
124000065101,Newmarket,44.044306,-79.48325,2026-06-15T23:00:00Z,NO2,1.0,PPB,Ontario Ministry of the Environment,"EPA AirNow hourly (preliminary, not regulatory AQS)"
124000067001,Milton,43.52965,-79.862449,2026-06-15T00:00:00Z,NO2,1.0,PPB,Ontario Ministry of the Environment,"EPA AirNow hourly (preliminary, not regulatory AQS)"
124000067001,Milton,43.52965,-79.862449,2026-06-15T01:00:00Z,NO2,1.0,PPB,Ontario Ministry of the Environment,"EPA AirNow hourly (preliminary, not regulatory AQS)"
124000067001,Milton,43.52965,-79.862449,2026-06-15T02:00:00Z,NO2,0.0,PPB,Ontario Ministry of the Environment,"EPA AirNow hourly (preliminary, not regulatory AQS)"
124000067001,Milton,43.52965,-79.862449,2026-06-15T03:00:00Z,NO2,0.0,PPB,Ontario Ministry of the Environment,"EPA AirNow hourly (preliminary, not regulatory AQS)"
124000067001,Milton,43.52965,-79.862449,2026-06-15T04:00:00Z,NO2,0.0,PPB,Ontario Ministry of the Environment,"EPA AirNow hourly (preliminary, not regulatory AQS)"
124000067001,Milton,43.52965,-79.862449,2026-06-15T05:00:00Z,NO2,2.0,PPB,Ontario Ministry of the Environment,"EPA AirNow hourly (preliminary, not regulatory AQS)"
124000067001,Milton,43.52965,-79.862449,2026-06-15T06:00:00Z,NO2,0.0,PPB,Ontario Ministry of the Environment,"EPA AirNow hourly (preliminary, not regulatory AQS)"
124000067001,Milton,43.52965,-79.862449,2026-06-15T07:00:00Z,NO2,2.0,PPB,Ontario Ministry of the Environment,"EPA AirNow hourly (preliminary, not regulatory AQS)"
124000067001,Milton,43.52965,-79.862449,2026-06-15T09:00:00Z,NO2,5.0,PPB,Ontario Ministry of the Environment,"EPA AirNow hourly (preliminary, not regulatory AQS)"
124000067001,Milton,43.52965,-79.862449,2026-06-15T10:00:00Z,NO2,5.0,PPB,Ontario Ministry of the Environment,"EPA AirNow hourly (preliminary, not regulatory AQS)"
124000067001,Milton,43.52965,-79.862449,2026-06-15T11:00:00Z,NO2,1.0,PPB,Ontario Ministry of the Environment,"EPA AirNow hourly (preliminary, not regulatory AQS)"
124000067001,Milton,43.52965,-79.862449,2026-06-15T12:00:00Z,NO2,1.0,PPB,Ontario Ministry of the Environment,"EPA AirNow hourly (preliminary, not regulatory AQS)"
124000067001,Milton,43.52965,-79.862449,2026-06-15T13:00:00Z,NO2,0.0,PPB,Ontario Ministry of the Environment,"EPA AirNow hourly (preliminary, not regulatory AQS)"
124000067001,Milton,43.52965,-79.862449,2026-06-15T14:00:00Z,NO2,0.0,PPB,Ontario Ministry of the Environment,"EPA AirNow hourly (preliminary, not regulatory AQS)"
124000067001,Milton,43.52965,-79.862449,2026-06-15T15:00:00Z,NO2,0.0,PPB,Ontario Ministry of the Environment,"EPA AirNow hourly (preliminary, not regulatory AQS)"
124000067001,Milton,43.52965,-79.862449,2026-06-15T17:00:00Z,NO2,0.0,PPB,Ontario Ministry of the Environment,"EPA AirNow hourly (preliminary, not regulatory AQS)"
124000067001,Milton,43.52965,-79.862449,2026-06-15T18:00:00Z,NO2,0.0,PPB,Ontario Ministry of the Environment,"EPA AirNow hourly (preliminary, not regulatory AQS)"
124000067001,Milton,43.52965,-79.862449,2026-06-15T19:00:00Z,NO2,0.0,PPB,Ontario Ministry of the Environment,"EPA AirNow hourly (preliminary, not regulatory AQS)"
124000067001,Milton,43.52965,-79.862449,2026-06-15T20:00:00Z,NO2,1.0,PPB,Ontario Ministry of the Environment,"EPA AirNow hourly (preliminary, not regulatory AQS)"
124000067001,Milton,43.52965,-79.862449,2026-06-15T21:00:00Z,NO2,1.0,PPB,Ontario Ministry of the Environment,"EPA AirNow hourly (preliminary, not regulatory AQS)"
124000067001,Milton,43.52965,-79.862449,2026-06-15T22:00:00Z,NO2,1.0,PPB,Ontario Ministry of the Environment,"EPA AirNow hourly (preliminary, not regulatory AQS)"
124000067001,Milton,43.52965,-79.862449,2026-06-15T23:00:00Z,NO2,3.0,PPB,Ontario Ministry of the Environment,"EPA AirNow hourly (preliminary, not regulatory AQS)"
240050009,Baltimore County Nea,39.371679,-76.746814,2026-06-15T00:00:00Z,NO2,7.8,PPB,Maryland Department of the Environment,"EPA AirNow hourly (preliminary, not regulatory AQS)"
240050009,Baltimore County Nea,39.371679,-76.746814,2026-06-15T01:00:00Z,NO2,10.3,PPB,Maryland Department of the Environment,"EPA AirNow hourly (preliminary, not regulatory AQS)"
240050009,Baltimore County Nea,39.371679,-76.746814,2026-06-15T02:00:00Z,NO2,12.6,PPB,Maryland Department of the Environment,"EPA AirNow hourly (preliminary, not regulatory AQS)"
240050009,Baltimore County Nea,39.371679,-76.746814,2026-06-15T03:00:00Z,NO2,10.7,PPB,Maryland Department of the Environment,"EPA AirNow hourly (preliminary, not regulatory AQS)"
240050009,Baltimore County Nea,39.371679,-76.746814,2026-06-15T04:00:00Z,NO2,12.4,PPB,Maryland Department of the Environment,"EPA AirNow hourly (preliminary, not regulatory AQS)"
240050009,Baltimore County Nea,39.371679,-76.746814,2026-06-15T05:00:00Z,NO2,6.4,PPB,Maryland Department of the Environment,"EPA AirNow hourly (preliminary, not regulatory AQS)"
240050009,Baltimore County Nea,39.371679,-76.746814,2026-06-15T06:00:00Z,NO2,6.5,PPB,Maryland Department of the Environment,"EPA AirNow hourly (preliminary, not regulatory AQS)"
240050009,Baltimore County Nea,39.371679,-76.746814,2026-06-15T07:00:00Z,NO2,8.4,PPB,Maryland Department of the Environment,"EPA AirNow hourly (preliminary, not regulatory AQS)"
240050009,Baltimore County Nea,39.371679,-76.746814,2026-06-15T09:00:00Z,NO2,14.0,PPB,Maryland Department of the Environment,"EPA AirNow hourly (preliminary, not regulatory AQS)"
240050009,Baltimore County Nea,39.371679,-76.746814,2026-06-15T10:00:00Z,NO2,11.6,PPB,Maryland Department of the Environment,"EPA AirNow hourly (preliminary, not regulatory AQS)"
240050009,Baltimore County Nea,39.371679,-76.746814,2026-06-15T11:00:00Z,NO2,8.8,PPB,Maryland Department of the Environment,"EPA AirNow hourly (preliminary, not regulatory AQS)"
240050009,Baltimore County Nea,39.371679,-76.746814,2026-06-15T12:00:00Z,NO2,8.4,PPB,Maryland Department of the Environment,"EPA AirNow hourly (preliminary, not regulatory AQS)"
240050009,Baltimore County Nea,39.371679,-76.746814,2026-06-15T13:00:00Z,NO2,9.6,PPB,Maryland Department of the Environment,"EPA AirNow hourly (preliminary, not regulatory AQS)"
240050009,Baltimore County Nea,39.371679,-76.746814,2026-06-15T14:00:00Z,NO2,9.2,PPB,Maryland Department of the Environment,"EPA AirNow hourly (preliminary, not regulatory AQS)"
240050009,Baltimore County Nea,39.371679,-76.746814,2026-06-15T15:00:00Z,NO2,8.7,PPB,Maryland Department of the Environment,"EPA AirNow hourly (preliminary, not regulatory AQS)"
240050009,Baltimore County Nea,39.371679,-76.746814,2026-06-15T16:00:00Z,NO2,9.6,PPB,Maryland Department of the Environment,"EPA AirNow hourly (preliminary, not regulatory AQS)"
240050009,Baltimore County Nea,39.371679,-76.746814,2026-06-15T17:00:00Z,NO2,9.7,PPB,Maryland Department of the Environment,"EPA AirNow hourly (preliminary, not regulatory AQS)"
240050009,Baltimore County Nea,39.371679,-76.746814,2026-06-15T18:00:00Z,NO2,8.3,PPB,Maryland Department of the Environment,"EPA AirNow hourly (preliminary, not regulatory AQS)"
240050009,Baltimore County Nea,39.371679,-76.746814,2026-06-15T19:00:00Z,NO2,7.8,PPB,Maryland Department of the Environment,"EPA AirNow hourly (preliminary, not regulatory AQS)"
240050009,Baltimore County Nea,39.371679,-76.746814,2026-06-15T20:00:00Z,NO2,8.0,PPB,Maryland Department of the Environment,"EPA AirNow hourly (preliminary, not regulatory AQS)"
240050009,Baltimore County Nea,39.371679,-76.746814,2026-06-15T21:00:00Z,NO2,7.0,PPB,Maryland Department of the Environment,"EPA AirNow hourly (preliminary, not regulatory AQS)"
240050009,Baltimore County Nea,39.371679,-76.746814,2026-06-15T22:00:00Z,NO2,10.3,PPB,Maryland Department of the Environment,"EPA AirNow hourly (preliminary, not regulatory AQS)"
240050009,Baltimore County Nea,39.371679,-76.746814,2026-06-15T23:00:00Z,NO2,13.0,PPB,Maryland Department of the Environment,"EPA AirNow hourly (preliminary, not regulatory AQS)"
240053001,Essex,39.310833,-76.474444,2026-06-15T00:00:00Z,NO2,3.8,PPB,Maryland Department of the Environment,"EPA AirNow hourly (preliminary, not regulatory AQS)"
240053001,Essex,39.310833,-76.474444,2026-06-15T01:00:00Z,NO2,3.7,PPB,Maryland Department of the Environment,"EPA AirNow hourly (preliminary, not regulatory AQS)"
240053001,Essex,39.310833,-76.474444,2026-06-15T02:00:00Z,NO2,4.3,PPB,Maryland Department of the Environment,"EPA AirNow hourly (preliminary, not regulatory AQS)"
240053001,Essex,39.310833,-76.474444,2026-06-15T03:00:00Z,NO2,5.5,PPB,Maryland Department of the Environment,"EPA AirNow hourly (preliminary, not regulatory AQS)"
240053001,Essex,39.310833,-76.474444,2026-06-15T04:00:00Z,NO2,3.6,PPB,Maryland Department of the Environment,"EPA AirNow hourly (preliminary, not regulatory AQS)"
240053001,Essex,39.310833,-76.474444,2026-06-15T05:00:00Z,NO2,5.2,PPB,Maryland Department of the Environment,"EPA AirNow hourly (preliminary, not regulatory AQS)"
240053001,Essex,39.310833,-76.474444,2026-06-15T06:00:00Z,NO2,2.7,PPB,Maryland Department of the Environment,"EPA AirNow hourly (preliminary, not regulatory AQS)"
240053001,Essex,39.310833,-76.474444,2026-06-15T07:00:00Z,NO2,2.7,PPB,Maryland Department of the Environment,"EPA AirNow hourly (preliminary, not regulatory AQS)"
240053001,Essex,39.310833,-76.474444,2026-06-15T08:00:00Z,NO2,2.2,PPB,Maryland Department of the Environment,"EPA AirNow hourly (preliminary, not regulatory AQS)"
240053001,Essex,39.310833,-76.474444,2026-06-15T09:00:00Z,NO2,2.6,PPB,Maryland Department of the Environment,"EPA AirNow hourly (preliminary, not regulatory AQS)"
240053001,Essex,39.310833,-76.474444,2026-06-15T10:00:00Z,NO2,5.0,PPB,Maryland Department of the Environment,"EPA AirNow hourly (preliminary, not regulatory AQS)"
240053001,Essex,39.310833,-76.474444,2026-06-15T11:00:00Z,NO2,3.3,PPB,Maryland Department of the Environment,"EPA AirNow hourly (preliminary, not regulatory AQS)"
240053001,Essex,39.310833,-76.474444,2026-06-15T12:00:00Z,NO2,2.4,PPB,Maryland Department of the Environment,"EPA AirNow hourly (preliminary, not regulatory AQS)"
240053001,Essex,39.310833,-76.474444,2026-06-15T13:00:00Z,NO2,2.3,PPB,Maryland Department of the Environment,"EPA AirNow hourly (preliminary, not regulatory AQS)"
240053001,Essex,39.310833,-76.474444,2026-06-15T14:00:00Z,NO2,2.3,PPB,Maryland Department of the Environment,"EPA AirNow hourly (preliminary, not regulatory AQS)"
240053001,Essex,39.310833,-76.474444,2026-06-15T15:00:00Z,NO2,1.9,PPB,Maryland Department of the Environment,"EPA AirNow hourly (preliminary, not regulatory AQS)"
240053001,Essex,39.310833,-76.474444,2026-06-15T16:00:00Z,NO2,2.8,PPB,Maryland Department of the Environment,"EPA AirNow hourly (preliminary, not regulatory AQS)"
240053001,Essex,39.310833,-76.474444,2026-06-15T17:00:00Z,NO2,3.9,PPB,Maryland Department of the Environment,"EPA AirNow hourly (preliminary, not regulatory AQS)"
240053001,Essex,39.310833,-76.474444,2026-06-15T18:00:00Z,NO2,3.4,PPB,Maryland Department of the Environment,"EPA AirNow hourly (preliminary, not regulatory AQS)"
240053001,Essex,39.310833,-76.474444,2026-06-15T19:00:00Z,NO2,3.3,PPB,Maryland Department of the Environment,"EPA AirNow hourly (preliminary, not regulatory AQS)"
240053001,Essex,39.310833,-76.474444,2026-06-15T20:00:00Z,NO2,3.2,PPB,Maryland Department of the Environment,"EPA AirNow hourly (preliminary, not regulatory AQS)"
240053001,Essex,39.310833,-76.474444,2026-06-15T21:00:00Z,NO2,3.2,PPB,Maryland Department of the Environment,"EPA AirNow hourly (preliminary, not regulatory AQS)"
240053001,Essex,39.310833,-76.474444,2026-06-15T22:00:00Z,NO2,3.3,PPB,Maryland Department of the Environment,"EPA AirNow hourly (preliminary, not regulatory AQS)"
240053001,Essex,39.310833,-76.474444,2026-06-15T23:00:00Z,NO2,3.8,PPB,Maryland Department of the Environment,"EPA AirNow hourly (preliminary, not regulatory AQS)"
240230002,Piney Run,39.705799,-79.011902,2026-06-15T00:00:00Z,NO2,3.0,PPB,Maryland Department of the Environment,"EPA AirNow hourly (preliminary, not regulatory AQS)"
240230002,Piney Run,39.705799,-79.011902,2026-06-15T01:00:00Z,NO2,2.6,PPB,Maryland Department of the Environment,"EPA AirNow hourly (preliminary, not regulatory AQS)"
240230002,Piney Run,39.705799,-79.011902,2026-06-15T02:00:00Z,NO2,2.5,PPB,Maryland Department of the Environment,"EPA AirNow hourly (preliminary, not regulatory AQS)"
240230002,Piney Run,39.705799,-79.011902,2026-06-15T03:00:00Z,NO2,2.5,PPB,Maryland Department of the Environment,"EPA AirNow hourly (preliminary, not regulatory AQS)"
240230002,Piney Run,39.705799,-79.011902,2026-06-15T04:00:00Z,NO2,2.6,PPB,Maryland Department of the Environment,"EPA AirNow hourly (preliminary, not regulatory AQS)"
240230002,Piney Run,39.705799,-79.011902,2026-06-15T05:00:00Z,NO2,2.9,PPB,Maryland Department of the Environment,"EPA AirNow hourly (preliminary, not regulatory AQS)"
240230002,Piney Run,39.705799,-79.011902,2026-06-15T06:00:00Z,NO2,3.0,PPB,Maryland Department of the Environment,"EPA AirNow hourly (preliminary, not regulatory AQS)"
240230002,Piney Run,39.705799,-79.011902,2026-06-15T07:00:00Z,NO2,3.1,PPB,Maryland Department of the Environment,"EPA AirNow hourly (preliminary, not regulatory AQS)"
240230002,Piney Run,39.705799,-79.011902,2026-06-15T08:00:00Z,NO2,3.1,PPB,Maryland Department of the Environment,"EPA AirNow hourly (preliminary, not regulatory AQS)"
240230002,Piney Run,39.705799,-79.011902,2026-06-15T09:00:00Z,NO2,3.1,PPB,Maryland Department of the Environment,"EPA AirNow hourly (preliminary, not regulatory AQS)"
240230002,Piney Run,39.705799,-79.011902,2026-06-15T10:00:00Z,NO2,3.1,PPB,Maryland Department of the Environment,"EPA AirNow hourly (preliminary, not regulatory AQS)"
240230002,Piney Run,39.705799,-79.011902,2026-06-15T12:00:00Z,NO2,2.9,PPB,Maryland Department of the Environment,"EPA AirNow hourly (preliminary, not regulatory AQS)"
240230002,Piney Run,39.705799,-79.011902,2026-06-15T13:00:00Z,NO2,2.9,PPB,Maryland Department of the Environment,"EPA AirNow hourly (preliminary, not regulatory AQS)"
240230002,Piney Run,39.705799,-79.011902,2026-06-15T14:00:00Z,NO2,2.7,PPB,Maryland Department of the Environment,"EPA AirNow hourly (preliminary, not regulatory AQS)"
240230002,Piney Run,39.705799,-79.011902,2026-06-15T15:00:00Z,NO2,2.6,PPB,Maryland Department of the Environment,"EPA AirNow hourly (preliminary, not regulatory AQS)"
240230002,Piney Run,39.705799,-79.011902,2026-06-15T16:00:00Z,NO2,2.6,PPB,Maryland Department of the Environment,"EPA AirNow hourly (preliminary, not regulatory AQS)"
240230002,Piney Run,39.705799,-79.011902,2026-06-15T17:00:00Z,NO2,2.7,PPB,Maryland Department of the Environment,"EPA AirNow hourly (preliminary, not regulatory AQS)"
240230002,Piney Run,39.705799,-79.011902,2026-06-15T18:00:00Z,NO2,3.1,PPB,Maryland Department of the Environment,"EPA AirNow hourly (preliminary, not regulatory AQS)"
240230002,Piney Run,39.705799,-79.011902,2026-06-15T19:00:00Z,NO2,3.1,PPB,Maryland Department of the Environment,"EPA AirNow hourly (preliminary, not regulatory AQS)"
240230002,Piney Run,39.705799,-79.011902,2026-06-15T20:00:00Z,NO2,2.8,PPB,Maryland Department of the Environment,"EPA AirNow hourly (preliminary, not regulatory AQS)"
240230002,Piney Run,39.705799,-79.011902,2026-06-15T21:00:00Z,NO2,2.6,PPB,Maryland Department of the Environment,"EPA AirNow hourly (preliminary, not regulatory AQS)"
240230002,Piney Run,39.705799,-79.011902,2026-06-15T22:00:00Z,NO2,2.5,PPB,Maryland Department of the Environment,"EPA AirNow hourly (preliminary, not regulatory AQS)"
240230002,Piney Run,39.705799,-79.011902,2026-06-15T23:00:00Z,NO2,2.5,PPB,Maryland Department of the Environment,"EPA AirNow hourly (preliminary, not regulatory AQS)"
240330030,HU-Beltsville,39.055302,-76.878304,2026-06-15T00:00:00Z,NO2,3.2,PPB,Maryland Department of the Environment,"EPA AirNow hourly (preliminary, not regulatory AQS)"
240330030,HU-Beltsville,39.055302,-76.878304,2026-06-15T01:00:00Z,NO2,2.8,PPB,Maryland Department of the Environment,"EPA AirNow hourly (preliminary, not regulatory AQS)"
240330030,HU-Beltsville,39.055302,-76.878304,2026-06-15T02:00:00Z,NO2,3.0,PPB,Maryland Department of the Environment,"EPA AirNow hourly (preliminary, not regulatory AQS)"
240330030,HU-Beltsville,39.055302,-76.878304,2026-06-15T03:00:00Z,NO2,3.0,PPB,Maryland Department of the Environment,"EPA AirNow hourly (preliminary, not regulatory AQS)"
240330030,HU-Beltsville,39.055302,-76.878304,2026-06-15T04:00:00Z,NO2,3.6,PPB,Maryland Department of the Environment,"EPA AirNow hourly (preliminary, not regulatory AQS)"
240330030,HU-Beltsville,39.055302,-76.878304,2026-06-15T05:00:00Z,NO2,3.2,PPB,Maryland Department of the Environment,"EPA AirNow hourly (preliminary, not regulatory AQS)"
240330030,HU-Beltsville,39.055302,-76.878304,2026-06-15T06:00:00Z,NO2,2.5,PPB,Maryland Department of the Environment,"EPA AirNow hourly (preliminary, not regulatory AQS)"
240330030,HU-Beltsville,39.055302,-76.878304,2026-06-15T07:00:00Z,NO2,2.3,PPB,Maryland Department of the Environment,"EPA AirNow hourly (preliminary, not regulatory AQS)"
240330030,HU-Beltsville,39.055302,-76.878304,2026-06-15T08:00:00Z,NO2,2.5,PPB,Maryland Department of the Environment,"EPA AirNow hourly (preliminary, not regulatory AQS)"
240330030,HU-Beltsville,39.055302,-76.878304,2026-06-15T09:00:00Z,NO2,3.4,PPB,Maryland Department of the Environment,"EPA AirNow hourly (preliminary, not regulatory AQS)"
240330030,HU-Beltsville,39.055302,-76.878304,2026-06-15T10:00:00Z,NO2,3.9,PPB,Maryland Department of the Environment,"EPA AirNow hourly (preliminary, not regulatory AQS)"
240330030,HU-Beltsville,39.055302,-76.878304,2026-06-15T11:00:00Z,NO2,3.0,PPB,Maryland Department of the Environment,"EPA AirNow hourly (preliminary, not regulatory AQS)"
240330030,HU-Beltsville,39.055302,-76.878304,2026-06-15T12:00:00Z,NO2,2.3,PPB,Maryland Department of the Environment,"EPA AirNow hourly (preliminary, not regulatory AQS)"
240330030,HU-Beltsville,39.055302,-76.878304,2026-06-15T13:00:00Z,NO2,1.2,PPB,Maryland Department of the Environment,"EPA AirNow hourly (preliminary, not regulatory AQS)"
240330030,HU-Beltsville,39.055302,-76.878304,2026-06-15T14:00:00Z,NO2,1.1,PPB,Maryland Department of the Environment,"EPA AirNow hourly (preliminary, not regulatory AQS)"
240330030,HU-Beltsville,39.055302,-76.878304,2026-06-15T15:00:00Z,NO2,1.1,PPB,Maryland Department of the Environment,"EPA AirNow hourly (preliminary, not regulatory AQS)"
240330030,HU-Beltsville,39.055302,-76.878304,2026-06-15T16:00:00Z,NO2,1.4,PPB,Maryland Department of the Environment,"EPA AirNow hourly (preliminary, not regulatory AQS)"
240330030,HU-Beltsville,39.055302,-76.878304,2026-06-15T17:00:00Z,NO2,1.3,PPB,Maryland Department of the Environment,"EPA AirNow hourly (preliminary, not regulatory AQS)"
240330030,HU-Beltsville,39.055302,-76.878304,2026-06-15T18:00:00Z,NO2,1.4,PPB,Maryland Department of the Environment,"EPA AirNow hourly (preliminary, not regulatory AQS)"
240330030,HU-Beltsville,39.055302,-76.878304,2026-06-15T19:00:00Z,NO2,1.3,PPB,Maryland Department of the Environment,"EPA AirNow hourly (preliminary, not regulatory AQS)"
240330030,HU-Beltsville,39.055302,-76.878304,2026-06-15T20:00:00Z,NO2,1.8,PPB,Maryland Department of the Environment,"EPA AirNow hourly (preliminary, not regulatory AQS)"
240330030,HU-Beltsville,39.055302,-76.878304,2026-06-15T22:00:00Z,NO2,1.6,PPB,Maryland Department of the Environment,"EPA AirNow hourly (preliminary, not regulatory AQS)"
240330030,HU-Beltsville,39.055302,-76.878304,2026-06-15T23:00:00Z,NO2,2.2,PPB,Maryland Department of the Environment,"EPA AirNow hourly (preliminary, not regulatory AQS)"
250092006,Lynn,42.474701,-70.971901,2026-06-15T00:00:00Z,NO2,7.5,PPB,Massachusetts Dept. of Environmental Protection,"EPA AirNow hourly (preliminary, not regulatory AQS)"
250092006,Lynn,42.474701,-70.971901,2026-06-15T01:00:00Z,NO2,2.8,PPB,Massachusetts Dept. of Environmental Protection,"EPA AirNow hourly (preliminary, not regulatory AQS)"
250092006,Lynn,42.474701,-70.971901,2026-06-15T02:00:00Z,NO2,3.0,PPB,Massachusetts Dept. of Environmental Protection,"EPA AirNow hourly (preliminary, not regulatory AQS)"
250092006,Lynn,42.474701,-70.971901,2026-06-15T03:00:00Z,NO2,4.0,PPB,Massachusetts Dept. of Environmental Protection,"EPA AirNow hourly (preliminary, not regulatory AQS)"
250092006,Lynn,42.474701,-70.971901,2026-06-15T04:00:00Z,NO2,5.3,PPB,Massachusetts Dept. of Environmental Protection,"EPA AirNow hourly (preliminary, not regulatory AQS)"
250092006,Lynn,42.474701,-70.971901,2026-06-15T05:00:00Z,NO2,2.2,PPB,Massachusetts Dept. of Environmental Protection,"EPA AirNow hourly (preliminary, not regulatory AQS)"
250092006,Lynn,42.474701,-70.971901,2026-06-15T06:00:00Z,NO2,4.2,PPB,Massachusetts Dept. of Environmental Protection,"EPA AirNow hourly (preliminary, not regulatory AQS)"
250092006,Lynn,42.474701,-70.971901,2026-06-15T07:00:00Z,NO2,4.0,PPB,Massachusetts Dept. of Environmental Protection,"EPA AirNow hourly (preliminary, not regulatory AQS)"
250092006,Lynn,42.474701,-70.971901,2026-06-15T08:00:00Z,NO2,3.9,PPB,Massachusetts Dept. of Environmental Protection,"EPA AirNow hourly (preliminary, not regulatory AQS)"
250092006,Lynn,42.474701,-70.971901,2026-06-15T09:00:00Z,NO2,3.6,PPB,Massachusetts Dept. of Environmental Protection,"EPA AirNow hourly (preliminary, not regulatory AQS)"
250092006,Lynn,42.474701,-70.971901,2026-06-15T10:00:00Z,NO2,5.7,PPB,Massachusetts Dept. of Environmental Protection,"EPA AirNow hourly (preliminary, not regulatory AQS)"
250092006,Lynn,42.474701,-70.971901,2026-06-15T11:00:00Z,NO2,6.0,PPB,Massachusetts Dept. of Environmental Protection,"EPA AirNow hourly (preliminary, not regulatory AQS)"
250092006,Lynn,42.474701,-70.971901,2026-06-15T12:00:00Z,NO2,1.8,PPB,Massachusetts Dept. of Environmental Protection,"EPA AirNow hourly (preliminary, not regulatory AQS)"
250092006,Lynn,42.474701,-70.971901,2026-06-15T13:00:00Z,NO2,1.3,PPB,Massachusetts Dept. of Environmental Protection,"EPA AirNow hourly (preliminary, not regulatory AQS)"
250092006,Lynn,42.474701,-70.971901,2026-06-15T14:00:00Z,NO2,0.9,PPB,Massachusetts Dept. of Environmental Protection,"EPA AirNow hourly (preliminary, not regulatory AQS)"
250092006,Lynn,42.474701,-70.971901,2026-06-15T15:00:00Z,NO2,0.9,PPB,Massachusetts Dept. of Environmental Protection,"EPA AirNow hourly (preliminary, not regulatory AQS)"
250092006,Lynn,42.474701,-70.971901,2026-06-15T16:00:00Z,NO2,0.9,PPB,Massachusetts Dept. of Environmental Protection,"EPA AirNow hourly (preliminary, not regulatory AQS)"
250092006,Lynn,42.474701,-70.971901,2026-06-15T17:00:00Z,NO2,0.8,PPB,Massachusetts Dept. of Environmental Protection,"EPA AirNow hourly (preliminary, not regulatory AQS)"
250092006,Lynn,42.474701,-70.971901,2026-06-15T18:00:00Z,NO2,0.8,PPB,Massachusetts Dept. of Environmental Protection,"EPA AirNow hourly (preliminary, not regulatory AQS)"
250092006,Lynn,42.474701,-70.971901,2026-06-15T19:00:00Z,NO2,0.7,PPB,Massachusetts Dept. of Environmental Protection,"EPA AirNow hourly (preliminary, not regulatory AQS)"
250092006,Lynn,42.474701,-70.971901,2026-06-15T20:00:00Z,NO2,0.8,PPB,Massachusetts Dept. of Environmental Protection,"EPA AirNow hourly (preliminary, not regulatory AQS)"
250092006,Lynn,42.474701,-70.971901,2026-06-15T21:00:00Z,NO2,0.7,PPB,Massachusetts Dept. of Environmental Protection,"EPA AirNow hourly (preliminary, not regulatory AQS)"
250092006,Lynn,42.474701,-70.971901,2026-06-15T22:00:00Z,NO2,0.8,PPB,Massachusetts Dept. of Environmental Protection,"EPA AirNow hourly (preliminary, not regulatory AQS)"
250092006,Lynn,42.474701,-70.971901,2026-06-15T23:00:00Z,NO2,0.8,PPB,Massachusetts Dept. of Environmental Protection,"EPA AirNow hourly (preliminary, not regulatory AQS)"
250130008,Chicopee,42.194401,-72.555603,2026-06-15T00:00:00Z,NO2,2.0,PPB,Massachusetts Dept. of Environmental Protection,"EPA AirNow hourly (preliminary, not regulatory AQS)"
250130008,Chicopee,42.194401,-72.555603,2026-06-15T01:00:00Z,NO2,2.0,PPB,Massachusetts Dept. of Environmental Protection,"EPA AirNow hourly (preliminary, not regulatory AQS)"
250130008,Chicopee,42.194401,-72.555603,2026-06-15T02:00:00Z,NO2,2.0,PPB,Massachusetts Dept. of Environmental Protection,"EPA AirNow hourly (preliminary, not regulatory AQS)"
250130008,Chicopee,42.194401,-72.555603,2026-06-15T03:00:00Z,NO2,1.0,PPB,Massachusetts Dept. of Environmental Protection,"EPA AirNow hourly (preliminary, not regulatory AQS)"
250130008,Chicopee,42.194401,-72.555603,2026-06-15T04:00:00Z,NO2,2.0,PPB,Massachusetts Dept. of Environmental Protection,"EPA AirNow hourly (preliminary, not regulatory AQS)"
250130008,Chicopee,42.194401,-72.555603,2026-06-15T05:00:00Z,NO2,2.0,PPB,Massachusetts Dept. of Environmental Protection,"EPA AirNow hourly (preliminary, not regulatory AQS)"
250130008,Chicopee,42.194401,-72.555603,2026-06-15T06:00:00Z,NO2,3.0,PPB,Massachusetts Dept. of Environmental Protection,"EPA AirNow hourly (preliminary, not regulatory AQS)"
250130008,Chicopee,42.194401,-72.555603,2026-06-15T07:00:00Z,NO2,3.0,PPB,Massachusetts Dept. of Environmental Protection,"EPA AirNow hourly (preliminary, not regulatory AQS)"
250130008,Chicopee,42.194401,-72.555603,2026-06-15T08:00:00Z,NO2,4.0,PPB,Massachusetts Dept. of Environmental Protection,"EPA AirNow hourly (preliminary, not regulatory AQS)"
250130008,Chicopee,42.194401,-72.555603,2026-06-15T09:00:00Z,NO2,2.0,PPB,Massachusetts Dept. of Environmental Protection,"EPA AirNow hourly (preliminary, not regulatory AQS)"
250130008,Chicopee,42.194401,-72.555603,2026-06-15T10:00:00Z,NO2,1.0,PPB,Massachusetts Dept. of Environmental Protection,"EPA AirNow hourly (preliminary, not regulatory AQS)"
250130008,Chicopee,42.194401,-72.555603,2026-06-15T11:00:00Z,NO2,2.0,PPB,Massachusetts Dept. of Environmental Protection,"EPA AirNow hourly (preliminary, not regulatory AQS)"
250130008,Chicopee,42.194401,-72.555603,2026-06-15T12:00:00Z,NO2,1.0,PPB,Massachusetts Dept. of Environmental Protection,"EPA AirNow hourly (preliminary, not regulatory AQS)"
250130008,Chicopee,42.194401,-72.555603,2026-06-15T13:00:00Z,NO2,1.0,PPB,Massachusetts Dept. of Environmental Protection,"EPA AirNow hourly (preliminary, not regulatory AQS)"
250130008,Chicopee,42.194401,-72.555603,2026-06-15T14:00:00Z,NO2,1.0,PPB,Massachusetts Dept. of Environmental Protection,"EPA AirNow hourly (preliminary, not regulatory AQS)"
250130008,Chicopee,42.194401,-72.555603,2026-06-15T15:00:00Z,NO2,1.0,PPB,Massachusetts Dept. of Environmental Protection,"EPA AirNow hourly (preliminary, not regulatory AQS)"
250130008,Chicopee,42.194401,-72.555603,2026-06-15T16:00:00Z,NO2,1.0,PPB,Massachusetts Dept. of Environmental Protection,"EPA AirNow hourly (preliminary, not regulatory AQS)"
250130008,Chicopee,42.194401,-72.555603,2026-06-15T17:00:00Z,NO2,1.0,PPB,Massachusetts Dept. of Environmental Protection,"EPA AirNow hourly (preliminary, not regulatory AQS)"
250130008,Chicopee,42.194401,-72.555603,2026-06-15T18:00:00Z,NO2,1.0,PPB,Massachusetts Dept. of Environmental Protection,"EPA AirNow hourly (preliminary, not regulatory AQS)"
250130008,Chicopee,42.194401,-72.555603,2026-06-15T19:00:00Z,NO2,1.0,PPB,Massachusetts Dept. of Environmental Protection,"EPA AirNow hourly (preliminary, not regulatory AQS)"
250130008,Chicopee,42.194401,-72.555603,2026-06-15T20:00:00Z,NO2,1.0,PPB,Massachusetts Dept. of Environmental Protection,"EPA AirNow hourly (preliminary, not regulatory AQS)"
250130008,Chicopee,42.194401,-72.555603,2026-06-15T21:00:00Z,NO2,1.0,PPB,Massachusetts Dept. of Environmental Protection,"EPA AirNow hourly (preliminary, not regulatory AQS)"
250130008,Chicopee,42.194401,-72.555603,2026-06-15T22:00:00Z,NO2,1.0,PPB,Massachusetts Dept. of Environmental Protection,"EPA AirNow hourly (preliminary, not regulatory AQS)"
250130008,Chicopee,42.194401,-72.555603,2026-06-15T23:00:00Z,NO2,1.0,PPB,Massachusetts Dept. of Environmental Protection,"EPA AirNow hourly (preliminary, not regulatory AQS)"
250130018,Springfield,42.120248,-72.58499,2026-06-15T00:00:00Z,NO2,4.0,PPB,Massachusetts Dept. of Environmental Protection,"EPA AirNow hourly (preliminary, not regulatory AQS)"
250130018,Springfield,42.120248,-72.58499,2026-06-15T01:00:00Z,NO2,2.0,PPB,Massachusetts Dept. of Environmental Protection,"EPA AirNow hourly (preliminary, not regulatory AQS)"
250130018,Springfield,42.120248,-72.58499,2026-06-15T02:00:00Z,NO2,2.0,PPB,Massachusetts Dept. of Environmental Protection,"EPA AirNow hourly (preliminary, not regulatory AQS)"
250130018,Springfield,42.120248,-72.58499,2026-06-15T03:00:00Z,NO2,2.0,PPB,Massachusetts Dept. of Environmental Protection,"EPA AirNow hourly (preliminary, not regulatory AQS)"
250130018,Springfield,42.120248,-72.58499,2026-06-15T04:00:00Z,NO2,2.0,PPB,Massachusetts Dept. of Environmental Protection,"EPA AirNow hourly (preliminary, not regulatory AQS)"
250130018,Springfield,42.120248,-72.58499,2026-06-15T05:00:00Z,NO2,2.0,PPB,Massachusetts Dept. of Environmental Protection,"EPA AirNow hourly (preliminary, not regulatory AQS)"
250130018,Springfield,42.120248,-72.58499,2026-06-15T06:00:00Z,NO2,3.0,PPB,Massachusetts Dept. of Environmental Protection,"EPA AirNow hourly (preliminary, not regulatory AQS)"
250130018,Springfield,42.120248,-72.58499,2026-06-15T07:00:00Z,NO2,3.0,PPB,Massachusetts Dept. of Environmental Protection,"EPA AirNow hourly (preliminary, not regulatory AQS)"
250130018,Springfield,42.120248,-72.58499,2026-06-15T08:00:00Z,NO2,4.0,PPB,Massachusetts Dept. of Environmental Protection,"EPA AirNow hourly (preliminary, not regulatory AQS)"
250130018,Springfield,42.120248,-72.58499,2026-06-15T09:00:00Z,NO2,2.0,PPB,Massachusetts Dept. of Environmental Protection,"EPA AirNow hourly (preliminary, not regulatory AQS)"
250130018,Springfield,42.120248,-72.58499,2026-06-15T10:00:00Z,NO2,1.0,PPB,Massachusetts Dept. of Environmental Protection,"EPA AirNow hourly (preliminary, not regulatory AQS)"
250130018,Springfield,42.120248,-72.58499,2026-06-15T11:00:00Z,NO2,2.0,PPB,Massachusetts Dept. of Environmental Protection,"EPA AirNow hourly (preliminary, not regulatory AQS)"
250130018,Springfield,42.120248,-72.58499,2026-06-15T12:00:00Z,NO2,2.0,PPB,Massachusetts Dept. of Environmental Protection,"EPA AirNow hourly (preliminary, not regulatory AQS)"
250130018,Springfield,42.120248,-72.58499,2026-06-15T13:00:00Z,NO2,1.0,PPB,Massachusetts Dept. of Environmental Protection,"EPA AirNow hourly (preliminary, not regulatory AQS)"
250130018,Springfield,42.120248,-72.58499,2026-06-15T14:00:00Z,NO2,0.0,PPB,Massachusetts Dept. of Environmental Protection,"EPA AirNow hourly (preliminary, not regulatory AQS)"
250130018,Springfield,42.120248,-72.58499,2026-06-15T15:00:00Z,NO2,0.0,PPB,Massachusetts Dept. of Environmental Protection,"EPA AirNow hourly (preliminary, not regulatory AQS)"
250130018,Springfield,42.120248,-72.58499,2026-06-15T16:00:00Z,NO2,0.0,PPB,Massachusetts Dept. of Environmental Protection,"EPA AirNow hourly (preliminary, not regulatory AQS)"
250130018,Springfield,42.120248,-72.58499,2026-06-15T17:00:00Z,NO2,0.0,PPB,Massachusetts Dept. of Environmental Protection,"EPA AirNow hourly (preliminary, not regulatory AQS)"
250130018,Springfield,42.120248,-72.58499,2026-06-15T18:00:00Z,NO2,0.0,PPB,Massachusetts Dept. of Environmental Protection,"EPA AirNow hourly (preliminary, not regulatory AQS)"
250130018,Springfield,42.120248,-72.58499,2026-06-15T19:00:00Z,NO2,1.0,PPB,Massachusetts Dept. of Environmental Protection,"EPA AirNow hourly (preliminary, not regulatory AQS)"
250130018,Springfield,42.120248,-72.58499,2026-06-15T20:00:00Z,NO2,1.0,PPB,Massachusetts Dept. of Environmental Protection,"EPA AirNow hourly (preliminary, not regulatory AQS)"
250130018,Springfield,42.120248,-72.58499,2026-06-15T21:00:00Z,NO2,0.0,PPB,Massachusetts Dept. of Environmental Protection,"EPA AirNow hourly (preliminary, not regulatory AQS)"
250130018,Springfield,42.120248,-72.58499,2026-06-15T22:00:00Z,NO2,0.0,PPB,Massachusetts Dept. of Environmental Protection,"EPA AirNow hourly (preliminary, not regulatory AQS)"
250130018,Springfield,42.120248,-72.58499,2026-06-15T23:00:00Z,NO2,0.0,PPB,Massachusetts Dept. of Environmental Protection,"EPA AirNow hourly (preliminary, not regulatory AQS)"
250213003,Milton - Blue Hill,42.2117,-71.114403,2026-06-15T00:00:00Z,NO2,2.0,PPB,Massachusetts Dept. of Environmental Protection,"EPA AirNow hourly (preliminary, not regulatory AQS)"
250213003,Milton - Blue Hill,42.2117,-71.114403,2026-06-15T01:00:00Z,NO2,2.0,PPB,Massachusetts Dept. of Environmental Protection,"EPA AirNow hourly (preliminary, not regulatory AQS)"
250213003,Milton - Blue Hill,42.2117,-71.114403,2026-06-15T02:00:00Z,NO2,1.0,PPB,Massachusetts Dept. of Environmental Protection,"EPA AirNow hourly (preliminary, not regulatory AQS)"
250213003,Milton - Blue Hill,42.2117,-71.114403,2026-06-15T03:00:00Z,NO2,1.0,PPB,Massachusetts Dept. of Environmental Protection,"EPA AirNow hourly (preliminary, not regulatory AQS)"
250213003,Milton - Blue Hill,42.2117,-71.114403,2026-06-15T04:00:00Z,NO2,1.0,PPB,Massachusetts Dept. of Environmental Protection,"EPA AirNow hourly (preliminary, not regulatory AQS)"
250213003,Milton - Blue Hill,42.2117,-71.114403,2026-06-15T05:00:00Z,NO2,1.0,PPB,Massachusetts Dept. of Environmental Protection,"EPA AirNow hourly (preliminary, not regulatory AQS)"
250213003,Milton - Blue Hill,42.2117,-71.114403,2026-06-15T06:00:00Z,NO2,1.0,PPB,Massachusetts Dept. of Environmental Protection,"EPA AirNow hourly (preliminary, not regulatory AQS)"
250213003,Milton - Blue Hill,42.2117,-71.114403,2026-06-15T07:00:00Z,NO2,1.0,PPB,Massachusetts Dept. of Environmental Protection,"EPA AirNow hourly (preliminary, not regulatory AQS)"
250213003,Milton - Blue Hill,42.2117,-71.114403,2026-06-15T08:00:00Z,NO2,1.0,PPB,Massachusetts Dept. of Environmental Protection,"EPA AirNow hourly (preliminary, not regulatory AQS)"
250213003,Milton - Blue Hill,42.2117,-71.114403,2026-06-15T09:00:00Z,NO2,2.0,PPB,Massachusetts Dept. of Environmental Protection,"EPA AirNow hourly (preliminary, not regulatory AQS)"
250213003,Milton - Blue Hill,42.2117,-71.114403,2026-06-15T10:00:00Z,NO2,2.0,PPB,Massachusetts Dept. of Environmental Protection,"EPA AirNow hourly (preliminary, not regulatory AQS)"
250213003,Milton - Blue Hill,42.2117,-71.114403,2026-06-15T11:00:00Z,NO2,3.0,PPB,Massachusetts Dept. of Environmental Protection,"EPA AirNow hourly (preliminary, not regulatory AQS)"
250213003,Milton - Blue Hill,42.2117,-71.114403,2026-06-15T12:00:00Z,NO2,2.0,PPB,Massachusetts Dept. of Environmental Protection,"EPA AirNow hourly (preliminary, not regulatory AQS)"
250213003,Milton - Blue Hill,42.2117,-71.114403,2026-06-15T13:00:00Z,NO2,2.0,PPB,Massachusetts Dept. of Environmental Protection,"EPA AirNow hourly (preliminary, not regulatory AQS)"
250213003,Milton - Blue Hill,42.2117,-71.114403,2026-06-15T14:00:00Z,NO2,2.0,PPB,Massachusetts Dept. of Environmental Protection,"EPA AirNow hourly (preliminary, not regulatory AQS)"
250213003,Milton - Blue Hill,42.2117,-71.114403,2026-06-15T15:00:00Z,NO2,1.0,PPB,Massachusetts Dept. of Environmental Protection,"EPA AirNow hourly (preliminary, not regulatory AQS)"
250213003,Milton - Blue Hill,42.2117,-71.114403,2026-06-15T16:00:00Z,NO2,1.0,PPB,Massachusetts Dept. of Environmental Protection,"EPA AirNow hourly (preliminary, not regulatory AQS)"
250213003,Milton - Blue Hill,42.2117,-71.114403,2026-06-15T17:00:00Z,NO2,1.0,PPB,Massachusetts Dept. of Environmental Protection,"EPA AirNow hourly (preliminary, not regulatory AQS)"
250213003,Milton - Blue Hill,42.2117,-71.114403,2026-06-15T18:00:00Z,NO2,1.0,PPB,Massachusetts Dept. of Environmental Protection,"EPA AirNow hourly (preliminary, not regulatory AQS)"
250213003,Milton - Blue Hill,42.2117,-71.114403,2026-06-15T19:00:00Z,NO2,1.0,PPB,Massachusetts Dept. of Environmental Protection,"EPA AirNow hourly (preliminary, not regulatory AQS)"
250213003,Milton - Blue Hill,42.2117,-71.114403,2026-06-15T20:00:00Z,NO2,1.0,PPB,Massachusetts Dept. of Environmental Protection,"EPA AirNow hourly (preliminary, not regulatory AQS)"
250213003,Milton - Blue Hill,42.2117,-71.114403,2026-06-15T21:00:00Z,NO2,1.0,PPB,Massachusetts Dept. of Environmental Protection,"EPA AirNow hourly (preliminary, not regulatory AQS)"
250213003,Milton - Blue Hill,42.2117,-71.114403,2026-06-15T22:00:00Z,NO2,1.0,PPB,Massachusetts Dept. of Environmental Protection,"EPA AirNow hourly (preliminary, not regulatory AQS)"
250213003,Milton - Blue Hill,42.2117,-71.114403,2026-06-15T23:00:00Z,NO2,1.0,PPB,Massachusetts Dept. of Environmental Protection,"EPA AirNow hourly (preliminary, not regulatory AQS)"
250250002,Boston - Kenmore Sq,42.3489,-71.097702,2026-06-15T00:00:00Z,NO2,5.6,PPB,Massachusetts Dept. of Environmental Protection,"EPA AirNow hourly (preliminary, not regulatory AQS)"
250250002,Boston - Kenmore Sq,42.3489,-71.097702,2026-06-15T01:00:00Z,NO2,4.3,PPB,Massachusetts Dept. of Environmental Protection,"EPA AirNow hourly (preliminary, not regulatory AQS)"
250250002,Boston - Kenmore Sq,42.3489,-71.097702,2026-06-15T02:00:00Z,NO2,4.0,PPB,Massachusetts Dept. of Environmental Protection,"EPA AirNow hourly (preliminary, not regulatory AQS)"
250250002,Boston - Kenmore Sq,42.3489,-71.097702,2026-06-15T03:00:00Z,NO2,3.2,PPB,Massachusetts Dept. of Environmental Protection,"EPA AirNow hourly (preliminary, not regulatory AQS)"
250250002,Boston - Kenmore Sq,42.3489,-71.097702,2026-06-15T04:00:00Z,NO2,2.3,PPB,Massachusetts Dept. of Environmental Protection,"EPA AirNow hourly (preliminary, not regulatory AQS)"
250250002,Boston - Kenmore Sq,42.3489,-71.097702,2026-06-15T05:00:00Z,NO2,1.9,PPB,Massachusetts Dept. of Environmental Protection,"EPA AirNow hourly (preliminary, not regulatory AQS)"
250250002,Boston - Kenmore Sq,42.3489,-71.097702,2026-06-15T06:00:00Z,NO2,2.4,PPB,Massachusetts Dept. of Environmental Protection,"EPA AirNow hourly (preliminary, not regulatory AQS)"
250250002,Boston - Kenmore Sq,42.3489,-71.097702,2026-06-15T07:00:00Z,NO2,2.8,PPB,Massachusetts Dept. of Environmental Protection,"EPA AirNow hourly (preliminary, not regulatory AQS)"
250250002,Boston - Kenmore Sq,42.3489,-71.097702,2026-06-15T08:00:00Z,NO2,3.4,PPB,Massachusetts Dept. of Environmental Protection,"EPA AirNow hourly (preliminary, not regulatory AQS)"
250250002,Boston - Kenmore Sq,42.3489,-71.097702,2026-06-15T09:00:00Z,NO2,6.6,PPB,Massachusetts Dept. of Environmental Protection,"EPA AirNow hourly (preliminary, not regulatory AQS)"
250250002,Boston - Kenmore Sq,42.3489,-71.097702,2026-06-15T10:00:00Z,NO2,10.3,PPB,Massachusetts Dept. of Environmental Protection,"EPA AirNow hourly (preliminary, not regulatory AQS)"
250250002,Boston - Kenmore Sq,42.3489,-71.097702,2026-06-15T11:00:00Z,NO2,9.4,PPB,Massachusetts Dept. of Environmental Protection,"EPA AirNow hourly (preliminary, not regulatory AQS)"
250250002,Boston - Kenmore Sq,42.3489,-71.097702,2026-06-15T12:00:00Z,NO2,8.2,PPB,Massachusetts Dept. of Environmental Protection,"EPA AirNow hourly (preliminary, not regulatory AQS)"
250250002,Boston - Kenmore Sq,42.3489,-71.097702,2026-06-15T13:00:00Z,NO2,5.3,PPB,Massachusetts Dept. of Environmental Protection,"EPA AirNow hourly (preliminary, not regulatory AQS)"
250250002,Boston - Kenmore Sq,42.3489,-71.097702,2026-06-15T14:00:00Z,NO2,3.9,PPB,Massachusetts Dept. of Environmental Protection,"EPA AirNow hourly (preliminary, not regulatory AQS)"
250250002,Boston - Kenmore Sq,42.3489,-71.097702,2026-06-15T15:00:00Z,NO2,3.3,PPB,Massachusetts Dept. of Environmental Protection,"EPA AirNow hourly (preliminary, not regulatory AQS)"
250250002,Boston - Kenmore Sq,42.3489,-71.097702,2026-06-15T16:00:00Z,NO2,4.1,PPB,Massachusetts Dept. of Environmental Protection,"EPA AirNow hourly (preliminary, not regulatory AQS)"
250250002,Boston - Kenmore Sq,42.3489,-71.097702,2026-06-15T17:00:00Z,NO2,4.6,PPB,Massachusetts Dept. of Environmental Protection,"EPA AirNow hourly (preliminary, not regulatory AQS)"
250250002,Boston - Kenmore Sq,42.3489,-71.097702,2026-06-15T18:00:00Z,NO2,3.3,PPB,Massachusetts Dept. of Environmental Protection,"EPA AirNow hourly (preliminary, not regulatory AQS)"
250250002,Boston - Kenmore Sq,42.3489,-71.097702,2026-06-15T19:00:00Z,NO2,3.9,PPB,Massachusetts Dept. of Environmental Protection,"EPA AirNow hourly (preliminary, not regulatory AQS)"
250250002,Boston - Kenmore Sq,42.3489,-71.097702,2026-06-15T20:00:00Z,NO2,3.3,PPB,Massachusetts Dept. of Environmental Protection,"EPA AirNow hourly (preliminary, not regulatory AQS)"
250250002,Boston - Kenmore Sq,42.3489,-71.097702,2026-06-15T21:00:00Z,NO2,5.2,PPB,Massachusetts Dept. of Environmental Protection,"EPA AirNow hourly (preliminary, not regulatory AQS)"
250250002,Boston - Kenmore Sq,42.3489,-71.097702,2026-06-15T22:00:00Z,NO2,2.7,PPB,Massachusetts Dept. of Environmental Protection,"EPA AirNow hourly (preliminary, not regulatory AQS)"
250250002,Boston - Kenmore Sq,42.3489,-71.097702,2026-06-15T23:00:00Z,NO2,3.3,PPB,Massachusetts Dept. of Environmental Protection,"EPA AirNow hourly (preliminary, not regulatory AQS)"
250250042,Boston - Roxbury,42.329399,-71.082497,2026-06-15T00:00:00Z,NO2,3.0,PPB,Massachusetts Dept. of Environmental Protection,"EPA AirNow hourly (preliminary, not regulatory AQS)"
250250042,Boston - Roxbury,42.329399,-71.082497,2026-06-15T01:00:00Z,NO2,3.0,PPB,Massachusetts Dept. of Environmental Protection,"EPA AirNow hourly (preliminary, not regulatory AQS)"
250250042,Boston - Roxbury,42.329399,-71.082497,2026-06-15T02:00:00Z,NO2,3.0,PPB,Massachusetts Dept. of Environmental Protection,"EPA AirNow hourly (preliminary, not regulatory AQS)"
250250042,Boston - Roxbury,42.329399,-71.082497,2026-06-15T03:00:00Z,NO2,2.0,PPB,Massachusetts Dept. of Environmental Protection,"EPA AirNow hourly (preliminary, not regulatory AQS)"
250250042,Boston - Roxbury,42.329399,-71.082497,2026-06-15T04:00:00Z,NO2,2.0,PPB,Massachusetts Dept. of Environmental Protection,"EPA AirNow hourly (preliminary, not regulatory AQS)"
250250042,Boston - Roxbury,42.329399,-71.082497,2026-06-15T05:00:00Z,NO2,2.0,PPB,Massachusetts Dept. of Environmental Protection,"EPA AirNow hourly (preliminary, not regulatory AQS)"
250250042,Boston - Roxbury,42.329399,-71.082497,2026-06-15T06:00:00Z,NO2,2.0,PPB,Massachusetts Dept. of Environmental Protection,"EPA AirNow hourly (preliminary, not regulatory AQS)"
250250042,Boston - Roxbury,42.329399,-71.082497,2026-06-15T07:00:00Z,NO2,2.0,PPB,Massachusetts Dept. of Environmental Protection,"EPA AirNow hourly (preliminary, not regulatory AQS)"
250250042,Boston - Roxbury,42.329399,-71.082497,2026-06-15T08:00:00Z,NO2,2.0,PPB,Massachusetts Dept. of Environmental Protection,"EPA AirNow hourly (preliminary, not regulatory AQS)"
250250042,Boston - Roxbury,42.329399,-71.082497,2026-06-15T09:00:00Z,NO2,3.0,PPB,Massachusetts Dept. of Environmental Protection,"EPA AirNow hourly (preliminary, not regulatory AQS)"
250250042,Boston - Roxbury,42.329399,-71.082497,2026-06-15T10:00:00Z,NO2,6.0,PPB,Massachusetts Dept. of Environmental Protection,"EPA AirNow hourly (preliminary, not regulatory AQS)"
250250042,Boston - Roxbury,42.329399,-71.082497,2026-06-15T11:00:00Z,NO2,6.0,PPB,Massachusetts Dept. of Environmental Protection,"EPA AirNow hourly (preliminary, not regulatory AQS)"
250250042,Boston - Roxbury,42.329399,-71.082497,2026-06-15T12:00:00Z,NO2,7.0,PPB,Massachusetts Dept. of Environmental Protection,"EPA AirNow hourly (preliminary, not regulatory AQS)"
250250042,Boston - Roxbury,42.329399,-71.082497,2026-06-15T13:00:00Z,NO2,9.0,PPB,Massachusetts Dept. of Environmental Protection,"EPA AirNow hourly (preliminary, not regulatory AQS)"
250250042,Boston - Roxbury,42.329399,-71.082497,2026-06-15T14:00:00Z,NO2,9.0,PPB,Massachusetts Dept. of Environmental Protection,"EPA AirNow hourly (preliminary, not regulatory AQS)"
250250042,Boston - Roxbury,42.329399,-71.082497,2026-06-15T15:00:00Z,NO2,12.0,PPB,Massachusetts Dept. of Environmental Protection,"EPA AirNow hourly (preliminary, not regulatory AQS)"
250250042,Boston - Roxbury,42.329399,-71.082497,2026-06-15T16:00:00Z,NO2,9.0,PPB,Massachusetts Dept. of Environmental Protection,"EPA AirNow hourly (preliminary, not regulatory AQS)"
250250042,Boston - Roxbury,42.329399,-71.082497,2026-06-15T17:00:00Z,NO2,7.0,PPB,Massachusetts Dept. of Environmental Protection,"EPA AirNow hourly (preliminary, not regulatory AQS)"
250250042,Boston - Roxbury,42.329399,-71.082497,2026-06-15T18:00:00Z,NO2,7.0,PPB,Massachusetts Dept. of Environmental Protection,"EPA AirNow hourly (preliminary, not regulatory AQS)"
250250042,Boston - Roxbury,42.329399,-71.082497,2026-06-15T19:00:00Z,NO2,7.0,PPB,Massachusetts Dept. of Environmental Protection,"EPA AirNow hourly (preliminary, not regulatory AQS)"
250250042,Boston - Roxbury,42.329399,-71.082497,2026-06-15T20:00:00Z,NO2,6.0,PPB,Massachusetts Dept. of Environmental Protection,"EPA AirNow hourly (preliminary, not regulatory AQS)"
250250042,Boston - Roxbury,42.329399,-71.082497,2026-06-15T21:00:00Z,NO2,6.0,PPB,Massachusetts Dept. of Environmental Protection,"EPA AirNow hourly (preliminary, not regulatory AQS)"
250250042,Boston - Roxbury,42.329399,-71.082497,2026-06-15T22:00:00Z,NO2,6.0,PPB,Massachusetts Dept. of Environmental Protection,"EPA AirNow hourly (preliminary, not regulatory AQS)"
250250042,Boston - Roxbury,42.329399,-71.082497,2026-06-15T23:00:00Z,NO2,6.0,PPB,Massachusetts Dept. of Environmental Protection,"EPA AirNow hourly (preliminary, not regulatory AQS)"
250250044,Boston - Von Hillern,42.325197,-71.056056,2026-06-15T00:00:00Z,NO2,6.0,PPB,Massachusetts Dept. of Environmental Protection,"EPA AirNow hourly (preliminary, not regulatory AQS)"
250250044,Boston - Von Hillern,42.325197,-71.056056,2026-06-15T01:00:00Z,NO2,5.0,PPB,Massachusetts Dept. of Environmental Protection,"EPA AirNow hourly (preliminary, not regulatory AQS)"
250250044,Boston - Von Hillern,42.325197,-71.056056,2026-06-15T02:00:00Z,NO2,5.0,PPB,Massachusetts Dept. of Environmental Protection,"EPA AirNow hourly (preliminary, not regulatory AQS)"
250250044,Boston - Von Hillern,42.325197,-71.056056,2026-06-15T03:00:00Z,NO2,4.0,PPB,Massachusetts Dept. of Environmental Protection,"EPA AirNow hourly (preliminary, not regulatory AQS)"
250250044,Boston - Von Hillern,42.325197,-71.056056,2026-06-15T04:00:00Z,NO2,3.0,PPB,Massachusetts Dept. of Environmental Protection,"EPA AirNow hourly (preliminary, not regulatory AQS)"
250250044,Boston - Von Hillern,42.325197,-71.056056,2026-06-15T05:00:00Z,NO2,2.0,PPB,Massachusetts Dept. of Environmental Protection,"EPA AirNow hourly (preliminary, not regulatory AQS)"
250250044,Boston - Von Hillern,42.325197,-71.056056,2026-06-15T06:00:00Z,NO2,3.0,PPB,Massachusetts Dept. of Environmental Protection,"EPA AirNow hourly (preliminary, not regulatory AQS)"
250250044,Boston - Von Hillern,42.325197,-71.056056,2026-06-15T07:00:00Z,NO2,6.0,PPB,Massachusetts Dept. of Environmental Protection,"EPA AirNow hourly (preliminary, not regulatory AQS)"
250250044,Boston - Von Hillern,42.325197,-71.056056,2026-06-15T08:00:00Z,NO2,8.0,PPB,Massachusetts Dept. of Environmental Protection,"EPA AirNow hourly (preliminary, not regulatory AQS)"
250250044,Boston - Von Hillern,42.325197,-71.056056,2026-06-15T09:00:00Z,NO2,11.0,PPB,Massachusetts Dept. of Environmental Protection,"EPA AirNow hourly (preliminary, not regulatory AQS)"
250250044,Boston - Von Hillern,42.325197,-71.056056,2026-06-15T10:00:00Z,NO2,14.0,PPB,Massachusetts Dept. of Environmental Protection,"EPA AirNow hourly (preliminary, not regulatory AQS)"
250250044,Boston - Von Hillern,42.325197,-71.056056,2026-06-15T11:00:00Z,NO2,12.0,PPB,Massachusetts Dept. of Environmental Protection,"EPA AirNow hourly (preliminary, not regulatory AQS)"
250250044,Boston - Von Hillern,42.325197,-71.056056,2026-06-15T12:00:00Z,NO2,11.0,PPB,Massachusetts Dept. of Environmental Protection,"EPA AirNow hourly (preliminary, not regulatory AQS)"
250250044,Boston - Von Hillern,42.325197,-71.056056,2026-06-15T13:00:00Z,NO2,14.0,PPB,Massachusetts Dept. of Environmental Protection,"EPA AirNow hourly (preliminary, not regulatory AQS)"
250250044,Boston - Von Hillern,42.325197,-71.056056,2026-06-15T14:00:00Z,NO2,11.0,PPB,Massachusetts Dept. of Environmental Protection,"EPA AirNow hourly (preliminary, not regulatory AQS)"
250250044,Boston - Von Hillern,42.325197,-71.056056,2026-06-15T15:00:00Z,NO2,10.0,PPB,Massachusetts Dept. of Environmental Protection,"EPA AirNow hourly (preliminary, not regulatory AQS)"
250250044,Boston - Von Hillern,42.325197,-71.056056,2026-06-15T16:00:00Z,NO2,11.0,PPB,Massachusetts Dept. of Environmental Protection,"EPA AirNow hourly (preliminary, not regulatory AQS)"
250250044,Boston - Von Hillern,42.325197,-71.056056,2026-06-15T17:00:00Z,NO2,9.0,PPB,Massachusetts Dept. of Environmental Protection,"EPA AirNow hourly (preliminary, not regulatory AQS)"
250250044,Boston - Von Hillern,42.325197,-71.056056,2026-06-15T18:00:00Z,NO2,7.0,PPB,Massachusetts Dept. of Environmental Protection,"EPA AirNow hourly (preliminary, not regulatory AQS)"
250250044,Boston - Von Hillern,42.325197,-71.056056,2026-06-15T19:00:00Z,NO2,8.0,PPB,Massachusetts Dept. of Environmental Protection,"EPA AirNow hourly (preliminary, not regulatory AQS)"
250250044,Boston - Von Hillern,42.325197,-71.056056,2026-06-15T20:00:00Z,NO2,5.0,PPB,Massachusetts Dept. of Environmental Protection,"EPA AirNow hourly (preliminary, not regulatory AQS)"
250250044,Boston - Von Hillern,42.325197,-71.056056,2026-06-15T21:00:00Z,NO2,5.0,PPB,Massachusetts Dept. of Environmental Protection,"EPA AirNow hourly (preliminary, not regulatory AQS)"
250250044,Boston - Von Hillern,42.325197,-71.056056,2026-06-15T22:00:00Z,NO2,7.0,PPB,Massachusetts Dept. of Environmental Protection,"EPA AirNow hourly (preliminary, not regulatory AQS)"
250250044,Boston - Von Hillern,42.325197,-71.056056,2026-06-15T23:00:00Z,NO2,6.0,PPB,Massachusetts Dept. of Environmental Protection,"EPA AirNow hourly (preliminary, not regulatory AQS)"
250270023,Worcester - Summer S,42.263901,-71.794701,2026-06-15T00:00:00Z,NO2,7.6,PPB,Massachusetts Dept. of Environmental Protection,"EPA AirNow hourly (preliminary, not regulatory AQS)"
250270023,Worcester - Summer S,42.263901,-71.794701,2026-06-15T01:00:00Z,NO2,9.0,PPB,Massachusetts Dept. of Environmental Protection,"EPA AirNow hourly (preliminary, not regulatory AQS)"
250270023,Worcester - Summer S,42.263901,-71.794701,2026-06-15T02:00:00Z,NO2,3.5,PPB,Massachusetts Dept. of Environmental Protection,"EPA AirNow hourly (preliminary, not regulatory AQS)"
250270023,Worcester - Summer S,42.263901,-71.794701,2026-06-15T03:00:00Z,NO2,4.6,PPB,Massachusetts Dept. of Environmental Protection,"EPA AirNow hourly (preliminary, not regulatory AQS)"
250270023,Worcester - Summer S,42.263901,-71.794701,2026-06-15T04:00:00Z,NO2,2.7,PPB,Massachusetts Dept. of Environmental Protection,"EPA AirNow hourly (preliminary, not regulatory AQS)"
250270023,Worcester - Summer S,42.263901,-71.794701,2026-06-15T05:00:00Z,NO2,2.3,PPB,Massachusetts Dept. of Environmental Protection,"EPA AirNow hourly (preliminary, not regulatory AQS)"
250270023,Worcester - Summer S,42.263901,-71.794701,2026-06-15T06:00:00Z,NO2,2.4,PPB,Massachusetts Dept. of Environmental Protection,"EPA AirNow hourly (preliminary, not regulatory AQS)"
250270023,Worcester - Summer S,42.263901,-71.794701,2026-06-15T07:00:00Z,NO2,2.3,PPB,Massachusetts Dept. of Environmental Protection,"EPA AirNow hourly (preliminary, not regulatory AQS)"
250270023,Worcester - Summer S,42.263901,-71.794701,2026-06-15T08:00:00Z,NO2,7.3,PPB,Massachusetts Dept. of Environmental Protection,"EPA AirNow hourly (preliminary, not regulatory AQS)"
250270023,Worcester - Summer S,42.263901,-71.794701,2026-06-15T09:00:00Z,NO2,5.8,PPB,Massachusetts Dept. of Environmental Protection,"EPA AirNow hourly (preliminary, not regulatory AQS)"
250270023,Worcester - Summer S,42.263901,-71.794701,2026-06-15T10:00:00Z,NO2,3.7,PPB,Massachusetts Dept. of Environmental Protection,"EPA AirNow hourly (preliminary, not regulatory AQS)"
250270023,Worcester - Summer S,42.263901,-71.794701,2026-06-15T11:00:00Z,NO2,2.6,PPB,Massachusetts Dept. of Environmental Protection,"EPA AirNow hourly (preliminary, not regulatory AQS)"
250270023,Worcester - Summer S,42.263901,-71.794701,2026-06-15T12:00:00Z,NO2,3.1,PPB,Massachusetts Dept. of Environmental Protection,"EPA AirNow hourly (preliminary, not regulatory AQS)"
250270023,Worcester - Summer S,42.263901,-71.794701,2026-06-15T13:00:00Z,NO2,3.8,PPB,Massachusetts Dept. of Environmental Protection,"EPA AirNow hourly (preliminary, not regulatory AQS)"
250270023,Worcester - Summer S,42.263901,-71.794701,2026-06-15T14:00:00Z,NO2,3.8,PPB,Massachusetts Dept. of Environmental Protection,"EPA AirNow hourly (preliminary, not regulatory AQS)"
250270023,Worcester - Summer S,42.263901,-71.794701,2026-06-15T15:00:00Z,NO2,2.6,PPB,Massachusetts Dept. of Environmental Protection,"EPA AirNow hourly (preliminary, not regulatory AQS)"
250270023,Worcester - Summer S,42.263901,-71.794701,2026-06-15T16:00:00Z,NO2,2.2,PPB,Massachusetts Dept. of Environmental Protection,"EPA AirNow hourly (preliminary, not regulatory AQS)"
250270023,Worcester - Summer S,42.263901,-71.794701,2026-06-15T17:00:00Z,NO2,2.4,PPB,Massachusetts Dept. of Environmental Protection,"EPA AirNow hourly (preliminary, not regulatory AQS)"
250270023,Worcester - Summer S,42.263901,-71.794701,2026-06-15T18:00:00Z,NO2,2.4,PPB,Massachusetts Dept. of Environmental Protection,"EPA AirNow hourly (preliminary, not regulatory AQS)"
250270023,Worcester - Summer S,42.263901,-71.794701,2026-06-15T19:00:00Z,NO2,3.5,PPB,Massachusetts Dept. of Environmental Protection,"EPA AirNow hourly (preliminary, not regulatory AQS)"
250270023,Worcester - Summer S,42.263901,-71.794701,2026-06-15T20:00:00Z,NO2,2.6,PPB,Massachusetts Dept. of Environmental Protection,"EPA AirNow hourly (preliminary, not regulatory AQS)"
250270023,Worcester - Summer S,42.263901,-71.794701,2026-06-15T21:00:00Z,NO2,1.8,PPB,Massachusetts Dept. of Environmental Protection,"EPA AirNow hourly (preliminary, not regulatory AQS)"
250270023,Worcester - Summer S,42.263901,-71.794701,2026-06-15T22:00:00Z,NO2,1.2,PPB,Massachusetts Dept. of Environmental Protection,"EPA AirNow hourly (preliminary, not regulatory AQS)"
250270023,Worcester - Summer S,42.263901,-71.794701,2026-06-15T23:00:00Z,NO2,1.4,PPB,Massachusetts Dept. of Environmental Protection,"EPA AirNow hourly (preliminary, not regulatory AQS)"
330150018,Londonderry - Moose ,42.862531,-71.38014,2026-06-15T00:00:00Z,NO2,1.1,PPB,New Hampshire Dept. of Environmental Services,"EPA AirNow hourly (preliminary, not regulatory AQS)"
330150018,Londonderry - Moose ,42.862531,-71.38014,2026-06-15T01:00:00Z,NO2,1.1,PPB,New Hampshire Dept. of Environmental Services,"EPA AirNow hourly (preliminary, not regulatory AQS)"
330150018,Londonderry - Moose ,42.862531,-71.38014,2026-06-15T02:00:00Z,NO2,1.0,PPB,New Hampshire Dept. of Environmental Services,"EPA AirNow hourly (preliminary, not regulatory AQS)"
330150018,Londonderry - Moose ,42.862531,-71.38014,2026-06-15T03:00:00Z,NO2,0.9,PPB,New Hampshire Dept. of Environmental Services,"EPA AirNow hourly (preliminary, not regulatory AQS)"
330150018,Londonderry - Moose ,42.862531,-71.38014,2026-06-15T04:00:00Z,NO2,0.8,PPB,New Hampshire Dept. of Environmental Services,"EPA AirNow hourly (preliminary, not regulatory AQS)"
330150018,Londonderry - Moose ,42.862531,-71.38014,2026-06-15T05:00:00Z,NO2,0.8,PPB,New Hampshire Dept. of Environmental Services,"EPA AirNow hourly (preliminary, not regulatory AQS)"
330150018,Londonderry - Moose ,42.862531,-71.38014,2026-06-15T06:00:00Z,NO2,0.9,PPB,New Hampshire Dept. of Environmental Services,"EPA AirNow hourly (preliminary, not regulatory AQS)"
330150018,Londonderry - Moose ,42.862531,-71.38014,2026-06-15T07:00:00Z,NO2,1.1,PPB,New Hampshire Dept. of Environmental Services,"EPA AirNow hourly (preliminary, not regulatory AQS)"
330150018,Londonderry - Moose ,42.862531,-71.38014,2026-06-15T08:00:00Z,NO2,0.9,PPB,New Hampshire Dept. of Environmental Services,"EPA AirNow hourly (preliminary, not regulatory AQS)"
330150018,Londonderry - Moose ,42.862531,-71.38014,2026-06-15T09:00:00Z,NO2,1.2,PPB,New Hampshire Dept. of Environmental Services,"EPA AirNow hourly (preliminary, not regulatory AQS)"
330150018,Londonderry - Moose ,42.862531,-71.38014,2026-06-15T10:00:00Z,NO2,1.4,PPB,New Hampshire Dept. of Environmental Services,"EPA AirNow hourly (preliminary, not regulatory AQS)"
330150018,Londonderry - Moose ,42.862531,-71.38014,2026-06-15T11:00:00Z,NO2,0.9,PPB,New Hampshire Dept. of Environmental Services,"EPA AirNow hourly (preliminary, not regulatory AQS)"
330150018,Londonderry - Moose ,42.862531,-71.38014,2026-06-15T12:00:00Z,NO2,0.7,PPB,New Hampshire Dept. of Environmental Services,"EPA AirNow hourly (preliminary, not regulatory AQS)"
330150018,Londonderry - Moose ,42.862531,-71.38014,2026-06-15T13:00:00Z,NO2,0.7,PPB,New Hampshire Dept. of Environmental Services,"EPA AirNow hourly (preliminary, not regulatory AQS)"
330150018,Londonderry - Moose ,42.862531,-71.38014,2026-06-15T14:00:00Z,NO2,0.6,PPB,New Hampshire Dept. of Environmental Services,"EPA AirNow hourly (preliminary, not regulatory AQS)"
330150018,Londonderry - Moose ,42.862531,-71.38014,2026-06-15T15:00:00Z,NO2,0.5,PPB,New Hampshire Dept. of Environmental Services,"EPA AirNow hourly (preliminary, not regulatory AQS)"
330150018,Londonderry - Moose ,42.862531,-71.38014,2026-06-15T16:00:00Z,NO2,0.5,PPB,New Hampshire Dept. of Environmental Services,"EPA AirNow hourly (preliminary, not regulatory AQS)"
330150018,Londonderry - Moose ,42.862531,-71.38014,2026-06-15T17:00:00Z,NO2,0.4,PPB,New Hampshire Dept. of Environmental Services,"EPA AirNow hourly (preliminary, not regulatory AQS)"
330150018,Londonderry - Moose ,42.862531,-71.38014,2026-06-15T18:00:00Z,NO2,0.4,PPB,New Hampshire Dept. of Environmental Services,"EPA AirNow hourly (preliminary, not regulatory AQS)"
330150018,Londonderry - Moose ,42.862531,-71.38014,2026-06-15T19:00:00Z,NO2,0.4,PPB,New Hampshire Dept. of Environmental Services,"EPA AirNow hourly (preliminary, not regulatory AQS)"
330150018,Londonderry - Moose ,42.862531,-71.38014,2026-06-15T20:00:00Z,NO2,0.3,PPB,New Hampshire Dept. of Environmental Services,"EPA AirNow hourly (preliminary, not regulatory AQS)"
330150018,Londonderry - Moose ,42.862531,-71.38014,2026-06-15T21:00:00Z,NO2,0.4,PPB,New Hampshire Dept. of Environmental Services,"EPA AirNow hourly (preliminary, not regulatory AQS)"
330150018,Londonderry - Moose ,42.862531,-71.38014,2026-06-15T22:00:00Z,NO2,0.4,PPB,New Hampshire Dept. of Environmental Services,"EPA AirNow hourly (preliminary, not regulatory AQS)"
330150018,Londonderry - Moose ,42.862531,-71.38014,2026-06-15T23:00:00Z,NO2,0.4,PPB,New Hampshire Dept. of Environmental Services,"EPA AirNow hourly (preliminary, not regulatory AQS)"
340030010,Fort Lee Near Road,40.85355,-73.9661,2026-06-15T00:00:00Z,NO2,8.0,PPB,New Jersey Dept. of Environmental Protection,"EPA AirNow hourly (preliminary, not regulatory AQS)"
340030010,Fort Lee Near Road,40.85355,-73.9661,2026-06-15T01:00:00Z,NO2,9.0,PPB,New Jersey Dept. of Environmental Protection,"EPA AirNow hourly (preliminary, not regulatory AQS)"
340030010,Fort Lee Near Road,40.85355,-73.9661,2026-06-15T02:00:00Z,NO2,8.0,PPB,New Jersey Dept. of Environmental Protection,"EPA AirNow hourly (preliminary, not regulatory AQS)"
340030010,Fort Lee Near Road,40.85355,-73.9661,2026-06-15T03:00:00Z,NO2,7.0,PPB,New Jersey Dept. of Environmental Protection,"EPA AirNow hourly (preliminary, not regulatory AQS)"
340030010,Fort Lee Near Road,40.85355,-73.9661,2026-06-15T04:00:00Z,NO2,5.0,PPB,New Jersey Dept. of Environmental Protection,"EPA AirNow hourly (preliminary, not regulatory AQS)"
340030010,Fort Lee Near Road,40.85355,-73.9661,2026-06-15T05:00:00Z,NO2,4.0,PPB,New Jersey Dept. of Environmental Protection,"EPA AirNow hourly (preliminary, not regulatory AQS)"
340030010,Fort Lee Near Road,40.85355,-73.9661,2026-06-15T06:00:00Z,NO2,4.0,PPB,New Jersey Dept. of Environmental Protection,"EPA AirNow hourly (preliminary, not regulatory AQS)"
340030010,Fort Lee Near Road,40.85355,-73.9661,2026-06-15T07:00:00Z,NO2,11.0,PPB,New Jersey Dept. of Environmental Protection,"EPA AirNow hourly (preliminary, not regulatory AQS)"
340030010,Fort Lee Near Road,40.85355,-73.9661,2026-06-15T08:00:00Z,NO2,16.0,PPB,New Jersey Dept. of Environmental Protection,"EPA AirNow hourly (preliminary, not regulatory AQS)"
340030010,Fort Lee Near Road,40.85355,-73.9661,2026-06-15T09:00:00Z,NO2,25.0,PPB,New Jersey Dept. of Environmental Protection,"EPA AirNow hourly (preliminary, not regulatory AQS)"
340030010,Fort Lee Near Road,40.85355,-73.9661,2026-06-15T10:00:00Z,NO2,24.0,PPB,New Jersey Dept. of Environmental Protection,"EPA AirNow hourly (preliminary, not regulatory AQS)"
340030010,Fort Lee Near Road,40.85355,-73.9661,2026-06-15T11:00:00Z,NO2,17.0,PPB,New Jersey Dept. of Environmental Protection,"EPA AirNow hourly (preliminary, not regulatory AQS)"
340030010,Fort Lee Near Road,40.85355,-73.9661,2026-06-15T12:00:00Z,NO2,12.0,PPB,New Jersey Dept. of Environmental Protection,"EPA AirNow hourly (preliminary, not regulatory AQS)"
340030010,Fort Lee Near Road,40.85355,-73.9661,2026-06-15T13:00:00Z,NO2,14.0,PPB,New Jersey Dept. of Environmental Protection,"EPA AirNow hourly (preliminary, not regulatory AQS)"
340030010,Fort Lee Near Road,40.85355,-73.9661,2026-06-15T14:00:00Z,NO2,13.0,PPB,New Jersey Dept. of Environmental Protection,"EPA AirNow hourly (preliminary, not regulatory AQS)"
340030010,Fort Lee Near Road,40.85355,-73.9661,2026-06-15T15:00:00Z,NO2,9.0,PPB,New Jersey Dept. of Environmental Protection,"EPA AirNow hourly (preliminary, not regulatory AQS)"
340030010,Fort Lee Near Road,40.85355,-73.9661,2026-06-15T16:00:00Z,NO2,9.0,PPB,New Jersey Dept. of Environmental Protection,"EPA AirNow hourly (preliminary, not regulatory AQS)"
340030010,Fort Lee Near Road,40.85355,-73.9661,2026-06-15T17:00:00Z,NO2,8.0,PPB,New Jersey Dept. of Environmental Protection,"EPA AirNow hourly (preliminary, not regulatory AQS)"
340030010,Fort Lee Near Road,40.85355,-73.9661,2026-06-15T18:00:00Z,NO2,7.0,PPB,New Jersey Dept. of Environmental Protection,"EPA AirNow hourly (preliminary, not regulatory AQS)"
340030010,Fort Lee Near Road,40.85355,-73.9661,2026-06-15T19:00:00Z,NO2,7.0,PPB,New Jersey Dept. of Environmental Protection,"EPA AirNow hourly (preliminary, not regulatory AQS)"
340030010,Fort Lee Near Road,40.85355,-73.9661,2026-06-15T20:00:00Z,NO2,7.0,PPB,New Jersey Dept. of Environmental Protection,"EPA AirNow hourly (preliminary, not regulatory AQS)"
340030010,Fort Lee Near Road,40.85355,-73.9661,2026-06-15T21:00:00Z,NO2,8.0,PPB,New Jersey Dept. of Environmental Protection,"EPA AirNow hourly (preliminary, not regulatory AQS)"
340030010,Fort Lee Near Road,40.85355,-73.9661,2026-06-15T22:00:00Z,NO2,9.0,PPB,New Jersey Dept. of Environmental Protection,"EPA AirNow hourly (preliminary, not regulatory AQS)"
340030010,Fort Lee Near Road,40.85355,-73.9661,2026-06-15T23:00:00Z,NO2,10.0,PPB,New Jersey Dept. of Environmental Protection,"EPA AirNow hourly (preliminary, not regulatory AQS)"
340070010,South Camden,39.923969,-75.122314,2026-06-15T00:00:00Z,NO2,2.0,PPB,New Jersey Dept. of Environmental Protection,"EPA AirNow hourly (preliminary, not regulatory AQS)"
340070010,South Camden,39.923969,-75.122314,2026-06-15T01:00:00Z,NO2,2.0,PPB,New Jersey Dept. of Environmental Protection,"EPA AirNow hourly (preliminary, not regulatory AQS)"
340070010,South Camden,39.923969,-75.122314,2026-06-15T02:00:00Z,NO2,1.0,PPB,New Jersey Dept. of Environmental Protection,"EPA AirNow hourly (preliminary, not regulatory AQS)"
340070010,South Camden,39.923969,-75.122314,2026-06-15T03:00:00Z,NO2,1.0,PPB,New Jersey Dept. of Environmental Protection,"EPA AirNow hourly (preliminary, not regulatory AQS)"
340070010,South Camden,39.923969,-75.122314,2026-06-15T04:00:00Z,NO2,1.0,PPB,New Jersey Dept. of Environmental Protection,"EPA AirNow hourly (preliminary, not regulatory AQS)"
340070010,South Camden,39.923969,-75.122314,2026-06-15T05:00:00Z,NO2,4.0,PPB,New Jersey Dept. of Environmental Protection,"EPA AirNow hourly (preliminary, not regulatory AQS)"
340070010,South Camden,39.923969,-75.122314,2026-06-15T06:00:00Z,NO2,3.0,PPB,New Jersey Dept. of Environmental Protection,"EPA AirNow hourly (preliminary, not regulatory AQS)"
340070010,South Camden,39.923969,-75.122314,2026-06-15T07:00:00Z,NO2,2.0,PPB,New Jersey Dept. of Environmental Protection,"EPA AirNow hourly (preliminary, not regulatory AQS)"
340070010,South Camden,39.923969,-75.122314,2026-06-15T08:00:00Z,NO2,1.0,PPB,New Jersey Dept. of Environmental Protection,"EPA AirNow hourly (preliminary, not regulatory AQS)"
340070010,South Camden,39.923969,-75.122314,2026-06-15T09:00:00Z,NO2,2.0,PPB,New Jersey Dept. of Environmental Protection,"EPA AirNow hourly (preliminary, not regulatory AQS)"
340070010,South Camden,39.923969,-75.122314,2026-06-15T10:00:00Z,NO2,3.0,PPB,New Jersey Dept. of Environmental Protection,"EPA AirNow hourly (preliminary, not regulatory AQS)"
340070010,South Camden,39.923969,-75.122314,2026-06-15T11:00:00Z,NO2,4.0,PPB,New Jersey Dept. of Environmental Protection,"EPA AirNow hourly (preliminary, not regulatory AQS)"
340070010,South Camden,39.923969,-75.122314,2026-06-15T12:00:00Z,NO2,3.0,PPB,New Jersey Dept. of Environmental Protection,"EPA AirNow hourly (preliminary, not regulatory AQS)"
340070010,South Camden,39.923969,-75.122314,2026-06-15T13:00:00Z,NO2,3.0,PPB,New Jersey Dept. of Environmental Protection,"EPA AirNow hourly (preliminary, not regulatory AQS)"
340070010,South Camden,39.923969,-75.122314,2026-06-15T14:00:00Z,NO2,3.0,PPB,New Jersey Dept. of Environmental Protection,"EPA AirNow hourly (preliminary, not regulatory AQS)"
340070010,South Camden,39.923969,-75.122314,2026-06-15T15:00:00Z,NO2,2.0,PPB,New Jersey Dept. of Environmental Protection,"EPA AirNow hourly (preliminary, not regulatory AQS)"
340070010,South Camden,39.923969,-75.122314,2026-06-15T16:00:00Z,NO2,2.0,PPB,New Jersey Dept. of Environmental Protection,"EPA AirNow hourly (preliminary, not regulatory AQS)"
340070010,South Camden,39.923969,-75.122314,2026-06-15T17:00:00Z,NO2,2.0,PPB,New Jersey Dept. of Environmental Protection,"EPA AirNow hourly (preliminary, not regulatory AQS)"
340070010,South Camden,39.923969,-75.122314,2026-06-15T18:00:00Z,NO2,2.0,PPB,New Jersey Dept. of Environmental Protection,"EPA AirNow hourly (preliminary, not regulatory AQS)"
340070010,South Camden,39.923969,-75.122314,2026-06-15T19:00:00Z,NO2,2.0,PPB,New Jersey Dept. of Environmental Protection,"EPA AirNow hourly (preliminary, not regulatory AQS)"
340070010,South Camden,39.923969,-75.122314,2026-06-15T20:00:00Z,NO2,1.0,PPB,New Jersey Dept. of Environmental Protection,"EPA AirNow hourly (preliminary, not regulatory AQS)"
340070010,South Camden,39.923969,-75.122314,2026-06-15T21:00:00Z,NO2,1.0,PPB,New Jersey Dept. of Environmental Protection,"EPA AirNow hourly (preliminary, not regulatory AQS)"
340070010,South Camden,39.923969,-75.122314,2026-06-15T22:00:00Z,NO2,1.0,PPB,New Jersey Dept. of Environmental Protection,"EPA AirNow hourly (preliminary, not regulatory AQS)"
340070010,South Camden,39.923969,-75.122314,2026-06-15T23:00:00Z,NO2,1.0,PPB,New Jersey Dept. of Environmental Protection,"EPA AirNow hourly (preliminary, not regulatory AQS)"
340110007,Millville,39.422272,-75.0252,2026-06-15T00:00:00Z,NO2,4.0,PPB,New Jersey Dept. of Environmental Protection,"EPA AirNow hourly (preliminary, not regulatory AQS)"
340110007,Millville,39.422272,-75.0252,2026-06-15T01:00:00Z,NO2,5.0,PPB,New Jersey Dept. of Environmental Protection,"EPA AirNow hourly (preliminary, not regulatory AQS)"
340110007,Millville,39.422272,-75.0252,2026-06-15T02:00:00Z,NO2,2.0,PPB,New Jersey Dept. of Environmental Protection,"EPA AirNow hourly (preliminary, not regulatory AQS)"
340110007,Millville,39.422272,-75.0252,2026-06-15T03:00:00Z,NO2,2.0,PPB,New Jersey Dept. of Environmental Protection,"EPA AirNow hourly (preliminary, not regulatory AQS)"
340110007,Millville,39.422272,-75.0252,2026-06-15T04:00:00Z,NO2,3.0,PPB,New Jersey Dept. of Environmental Protection,"EPA AirNow hourly (preliminary, not regulatory AQS)"
340110007,Millville,39.422272,-75.0252,2026-06-15T05:00:00Z,NO2,3.0,PPB,New Jersey Dept. of Environmental Protection,"EPA AirNow hourly (preliminary, not regulatory AQS)"
340110007,Millville,39.422272,-75.0252,2026-06-15T06:00:00Z,NO2,3.0,PPB,New Jersey Dept. of Environmental Protection,"EPA AirNow hourly (preliminary, not regulatory AQS)"
340110007,Millville,39.422272,-75.0252,2026-06-15T07:00:00Z,NO2,2.0,PPB,New Jersey Dept. of Environmental Protection,"EPA AirNow hourly (preliminary, not regulatory AQS)"
340110007,Millville,39.422272,-75.0252,2026-06-15T08:00:00Z,NO2,2.0,PPB,New Jersey Dept. of Environmental Protection,"EPA AirNow hourly (preliminary, not regulatory AQS)"
340110007,Millville,39.422272,-75.0252,2026-06-15T09:00:00Z,NO2,5.0,PPB,New Jersey Dept. of Environmental Protection,"EPA AirNow hourly (preliminary, not regulatory AQS)"
340110007,Millville,39.422272,-75.0252,2026-06-15T10:00:00Z,NO2,5.0,PPB,New Jersey Dept. of Environmental Protection,"EPA AirNow hourly (preliminary, not regulatory AQS)"
340110007,Millville,39.422272,-75.0252,2026-06-15T11:00:00Z,NO2,5.0,PPB,New Jersey Dept. of Environmental Protection,"EPA AirNow hourly (preliminary, not regulatory AQS)"
340110007,Millville,39.422272,-75.0252,2026-06-15T12:00:00Z,NO2,4.0,PPB,New Jersey Dept. of Environmental Protection,"EPA AirNow hourly (preliminary, not regulatory AQS)"
340110007,Millville,39.422272,-75.0252,2026-06-15T13:00:00Z,NO2,4.0,PPB,New Jersey Dept. of Environmental Protection,"EPA AirNow hourly (preliminary, not regulatory AQS)"
340110007,Millville,39.422272,-75.0252,2026-06-15T14:00:00Z,NO2,4.0,PPB,New Jersey Dept. of Environmental Protection,"EPA AirNow hourly (preliminary, not regulatory AQS)"
340110007,Millville,39.422272,-75.0252,2026-06-15T15:00:00Z,NO2,3.0,PPB,New Jersey Dept. of Environmental Protection,"EPA AirNow hourly (preliminary, not regulatory AQS)"
340110007,Millville,39.422272,-75.0252,2026-06-15T16:00:00Z,NO2,3.0,PPB,New Jersey Dept. of Environmental Protection,"EPA AirNow hourly (preliminary, not regulatory AQS)"
340110007,Millville,39.422272,-75.0252,2026-06-15T17:00:00Z,NO2,3.0,PPB,New Jersey Dept. of Environmental Protection,"EPA AirNow hourly (preliminary, not regulatory AQS)"
340110007,Millville,39.422272,-75.0252,2026-06-15T18:00:00Z,NO2,3.0,PPB,New Jersey Dept. of Environmental Protection,"EPA AirNow hourly (preliminary, not regulatory AQS)"
340110007,Millville,39.422272,-75.0252,2026-06-15T19:00:00Z,NO2,3.0,PPB,New Jersey Dept. of Environmental Protection,"EPA AirNow hourly (preliminary, not regulatory AQS)"
340110007,Millville,39.422272,-75.0252,2026-06-15T20:00:00Z,NO2,3.0,PPB,New Jersey Dept. of Environmental Protection,"EPA AirNow hourly (preliminary, not regulatory AQS)"
340110007,Millville,39.422272,-75.0252,2026-06-15T21:00:00Z,NO2,4.0,PPB,New Jersey Dept. of Environmental Protection,"EPA AirNow hourly (preliminary, not regulatory AQS)"
340110007,Millville,39.422272,-75.0252,2026-06-15T22:00:00Z,NO2,4.0,PPB,New Jersey Dept. of Environmental Protection,"EPA AirNow hourly (preliminary, not regulatory AQS)"
340110007,Millville,39.422272,-75.0252,2026-06-15T23:00:00Z,NO2,2.0,PPB,New Jersey Dept. of Environmental Protection,"EPA AirNow hourly (preliminary, not regulatory AQS)"
340170006,Bayonne,40.67025,-74.126083,2026-06-15T00:00:00Z,NO2,3.0,PPB,New Jersey Dept. of Environmental Protection,"EPA AirNow hourly (preliminary, not regulatory AQS)"
340170006,Bayonne,40.67025,-74.126083,2026-06-15T01:00:00Z,NO2,2.0,PPB,New Jersey Dept. of Environmental Protection,"EPA AirNow hourly (preliminary, not regulatory AQS)"
340170006,Bayonne,40.67025,-74.126083,2026-06-15T02:00:00Z,NO2,3.0,PPB,New Jersey Dept. of Environmental Protection,"EPA AirNow hourly (preliminary, not regulatory AQS)"
340170006,Bayonne,40.67025,-74.126083,2026-06-15T03:00:00Z,NO2,4.0,PPB,New Jersey Dept. of Environmental Protection,"EPA AirNow hourly (preliminary, not regulatory AQS)"
340170006,Bayonne,40.67025,-74.126083,2026-06-15T04:00:00Z,NO2,2.0,PPB,New Jersey Dept. of Environmental Protection,"EPA AirNow hourly (preliminary, not regulatory AQS)"
340170006,Bayonne,40.67025,-74.126083,2026-06-15T05:00:00Z,NO2,1.0,PPB,New Jersey Dept. of Environmental Protection,"EPA AirNow hourly (preliminary, not regulatory AQS)"
340170006,Bayonne,40.67025,-74.126083,2026-06-15T06:00:00Z,NO2,4.0,PPB,New Jersey Dept. of Environmental Protection,"EPA AirNow hourly (preliminary, not regulatory AQS)"
340170006,Bayonne,40.67025,-74.126083,2026-06-15T07:00:00Z,NO2,8.0,PPB,New Jersey Dept. of Environmental Protection,"EPA AirNow hourly (preliminary, not regulatory AQS)"
340170006,Bayonne,40.67025,-74.126083,2026-06-15T08:00:00Z,NO2,4.0,PPB,New Jersey Dept. of Environmental Protection,"EPA AirNow hourly (preliminary, not regulatory AQS)"
340170006,Bayonne,40.67025,-74.126083,2026-06-15T09:00:00Z,NO2,5.0,PPB,New Jersey Dept. of Environmental Protection,"EPA AirNow hourly (preliminary, not regulatory AQS)"
340170006,Bayonne,40.67025,-74.126083,2026-06-15T10:00:00Z,NO2,7.0,PPB,New Jersey Dept. of Environmental Protection,"EPA AirNow hourly (preliminary, not regulatory AQS)"
340170006,Bayonne,40.67025,-74.126083,2026-06-15T11:00:00Z,NO2,6.0,PPB,New Jersey Dept. of Environmental Protection,"EPA AirNow hourly (preliminary, not regulatory AQS)"
340170006,Bayonne,40.67025,-74.126083,2026-06-15T12:00:00Z,NO2,4.0,PPB,New Jersey Dept. of Environmental Protection,"EPA AirNow hourly (preliminary, not regulatory AQS)"
340170006,Bayonne,40.67025,-74.126083,2026-06-15T13:00:00Z,NO2,3.0,PPB,New Jersey Dept. of Environmental Protection,"EPA AirNow hourly (preliminary, not regulatory AQS)"
340170006,Bayonne,40.67025,-74.126083,2026-06-15T14:00:00Z,NO2,2.0,PPB,New Jersey Dept. of Environmental Protection,"EPA AirNow hourly (preliminary, not regulatory AQS)"
340170006,Bayonne,40.67025,-74.126083,2026-06-15T15:00:00Z,NO2,2.0,PPB,New Jersey Dept. of Environmental Protection,"EPA AirNow hourly (preliminary, not regulatory AQS)"
340170006,Bayonne,40.67025,-74.126083,2026-06-15T16:00:00Z,NO2,2.0,PPB,New Jersey Dept. of Environmental Protection,"EPA AirNow hourly (preliminary, not regulatory AQS)"
340170006,Bayonne,40.67025,-74.126083,2026-06-15T17:00:00Z,NO2,1.0,PPB,New Jersey Dept. of Environmental Protection,"EPA AirNow hourly (preliminary, not regulatory AQS)"
340170006,Bayonne,40.67025,-74.126083,2026-06-15T18:00:00Z,NO2,1.0,PPB,New Jersey Dept. of Environmental Protection,"EPA AirNow hourly (preliminary, not regulatory AQS)"
340170006,Bayonne,40.67025,-74.126083,2026-06-15T19:00:00Z,NO2,2.0,PPB,New Jersey Dept. of Environmental Protection,"EPA AirNow hourly (preliminary, not regulatory AQS)"
340170006,Bayonne,40.67025,-74.126083,2026-06-15T20:00:00Z,NO2,2.0,PPB,New Jersey Dept. of Environmental Protection,"EPA AirNow hourly (preliminary, not regulatory AQS)"
340170006,Bayonne,40.67025,-74.126083,2026-06-15T21:00:00Z,NO2,3.0,PPB,New Jersey Dept. of Environmental Protection,"EPA AirNow hourly (preliminary, not regulatory AQS)"
340170006,Bayonne,40.67025,-74.126083,2026-06-15T22:00:00Z,NO2,2.0,PPB,New Jersey Dept. of Environmental Protection,"EPA AirNow hourly (preliminary, not regulatory AQS)"
340170006,Bayonne,40.67025,-74.126083,2026-06-15T23:00:00Z,NO2,3.0,PPB,New Jersey Dept. of Environmental Protection,"EPA AirNow hourly (preliminary, not regulatory AQS)"
340171002,Jersey City,40.731689,-74.066566,2026-06-15T00:00:00Z,NO2,11.0,PPB,New Jersey Dept. of Environmental Protection,"EPA AirNow hourly (preliminary, not regulatory AQS)"
340171002,Jersey City,40.731689,-74.066566,2026-06-15T01:00:00Z,NO2,11.0,PPB,New Jersey Dept. of Environmental Protection,"EPA AirNow hourly (preliminary, not regulatory AQS)"
340171002,Jersey City,40.731689,-74.066566,2026-06-15T02:00:00Z,NO2,12.0,PPB,New Jersey Dept. of Environmental Protection,"EPA AirNow hourly (preliminary, not regulatory AQS)"
340171002,Jersey City,40.731689,-74.066566,2026-06-15T03:00:00Z,NO2,11.0,PPB,New Jersey Dept. of Environmental Protection,"EPA AirNow hourly (preliminary, not regulatory AQS)"
340171002,Jersey City,40.731689,-74.066566,2026-06-15T04:00:00Z,NO2,7.0,PPB,New Jersey Dept. of Environmental Protection,"EPA AirNow hourly (preliminary, not regulatory AQS)"
340171002,Jersey City,40.731689,-74.066566,2026-06-15T05:00:00Z,NO2,3.0,PPB,New Jersey Dept. of Environmental Protection,"EPA AirNow hourly (preliminary, not regulatory AQS)"
340171002,Jersey City,40.731689,-74.066566,2026-06-15T06:00:00Z,NO2,5.0,PPB,New Jersey Dept. of Environmental Protection,"EPA AirNow hourly (preliminary, not regulatory AQS)"
340171002,Jersey City,40.731689,-74.066566,2026-06-15T07:00:00Z,NO2,5.0,PPB,New Jersey Dept. of Environmental Protection,"EPA AirNow hourly (preliminary, not regulatory AQS)"
340171002,Jersey City,40.731689,-74.066566,2026-06-15T08:00:00Z,NO2,4.0,PPB,New Jersey Dept. of Environmental Protection,"EPA AirNow hourly (preliminary, not regulatory AQS)"
340171002,Jersey City,40.731689,-74.066566,2026-06-15T09:00:00Z,NO2,2.0,PPB,New Jersey Dept. of Environmental Protection,"EPA AirNow hourly (preliminary, not regulatory AQS)"
340171002,Jersey City,40.731689,-74.066566,2026-06-15T10:00:00Z,NO2,4.0,PPB,New Jersey Dept. of Environmental Protection,"EPA AirNow hourly (preliminary, not regulatory AQS)"
340171002,Jersey City,40.731689,-74.066566,2026-06-15T11:00:00Z,NO2,5.0,PPB,New Jersey Dept. of Environmental Protection,"EPA AirNow hourly (preliminary, not regulatory AQS)"
340171002,Jersey City,40.731689,-74.066566,2026-06-15T12:00:00Z,NO2,4.0,PPB,New Jersey Dept. of Environmental Protection,"EPA AirNow hourly (preliminary, not regulatory AQS)"
340171002,Jersey City,40.731689,-74.066566,2026-06-15T13:00:00Z,NO2,4.0,PPB,New Jersey Dept. of Environmental Protection,"EPA AirNow hourly (preliminary, not regulatory AQS)"
340171002,Jersey City,40.731689,-74.066566,2026-06-15T14:00:00Z,NO2,3.0,PPB,New Jersey Dept. of Environmental Protection,"EPA AirNow hourly (preliminary, not regulatory AQS)"
340171002,Jersey City,40.731689,-74.066566,2026-06-15T15:00:00Z,NO2,2.0,PPB,New Jersey Dept. of Environmental Protection,"EPA AirNow hourly (preliminary, not regulatory AQS)"
340171002,Jersey City,40.731689,-74.066566,2026-06-15T16:00:00Z,NO2,3.0,PPB,New Jersey Dept. of Environmental Protection,"EPA AirNow hourly (preliminary, not regulatory AQS)"
340171002,Jersey City,40.731689,-74.066566,2026-06-15T17:00:00Z,NO2,2.0,PPB,New Jersey Dept. of Environmental Protection,"EPA AirNow hourly (preliminary, not regulatory AQS)"
340171002,Jersey City,40.731689,-74.066566,2026-06-15T18:00:00Z,NO2,3.0,PPB,New Jersey Dept. of Environmental Protection,"EPA AirNow hourly (preliminary, not regulatory AQS)"
340171002,Jersey City,40.731689,-74.066566,2026-06-15T19:00:00Z,NO2,2.0,PPB,New Jersey Dept. of Environmental Protection,"EPA AirNow hourly (preliminary, not regulatory AQS)"
340171002,Jersey City,40.731689,-74.066566,2026-06-15T20:00:00Z,NO2,2.0,PPB,New Jersey Dept. of Environmental Protection,"EPA AirNow hourly (preliminary, not regulatory AQS)"
340171002,Jersey City,40.731689,-74.066566,2026-06-15T21:00:00Z,NO2,2.0,PPB,New Jersey Dept. of Environmental Protection,"EPA AirNow hourly (preliminary, not regulatory AQS)"
340171002,Jersey City,40.731689,-74.066566,2026-06-15T22:00:00Z,NO2,1.0,PPB,New Jersey Dept. of Environmental Protection,"EPA AirNow hourly (preliminary, not regulatory AQS)"
340171002,Jersey City,40.731689,-74.066566,2026-06-15T23:00:00Z,NO2,1.0,PPB,New Jersey Dept. of Environmental Protection,"EPA AirNow hourly (preliminary, not regulatory AQS)"
340230011,Rutgers University,40.462181,-74.429436,2026-06-15T00:00:00Z,NO2,1.0,PPB,New Jersey Dept. of Environmental Protection,"EPA AirNow hourly (preliminary, not regulatory AQS)"
340230011,Rutgers University,40.462181,-74.429436,2026-06-15T01:00:00Z,NO2,1.0,PPB,New Jersey Dept. of Environmental Protection,"EPA AirNow hourly (preliminary, not regulatory AQS)"
340230011,Rutgers University,40.462181,-74.429436,2026-06-15T02:00:00Z,NO2,1.0,PPB,New Jersey Dept. of Environmental Protection,"EPA AirNow hourly (preliminary, not regulatory AQS)"
340230011,Rutgers University,40.462181,-74.429436,2026-06-15T03:00:00Z,NO2,1.0,PPB,New Jersey Dept. of Environmental Protection,"EPA AirNow hourly (preliminary, not regulatory AQS)"
340230011,Rutgers University,40.462181,-74.429436,2026-06-15T04:00:00Z,NO2,1.0,PPB,New Jersey Dept. of Environmental Protection,"EPA AirNow hourly (preliminary, not regulatory AQS)"
340230011,Rutgers University,40.462181,-74.429436,2026-06-15T07:00:00Z,NO2,2.0,PPB,New Jersey Dept. of Environmental Protection,"EPA AirNow hourly (preliminary, not regulatory AQS)"
340230011,Rutgers University,40.462181,-74.429436,2026-06-15T08:00:00Z,NO2,2.0,PPB,New Jersey Dept. of Environmental Protection,"EPA AirNow hourly (preliminary, not regulatory AQS)"
340230011,Rutgers University,40.462181,-74.429436,2026-06-15T09:00:00Z,NO2,3.0,PPB,New Jersey Dept. of Environmental Protection,"EPA AirNow hourly (preliminary, not regulatory AQS)"
340230011,Rutgers University,40.462181,-74.429436,2026-06-15T10:00:00Z,NO2,4.0,PPB,New Jersey Dept. of Environmental Protection,"EPA AirNow hourly (preliminary, not regulatory AQS)"
340230011,Rutgers University,40.462181,-74.429436,2026-06-15T11:00:00Z,NO2,4.0,PPB,New Jersey Dept. of Environmental Protection,"EPA AirNow hourly (preliminary, not regulatory AQS)"
340230011,Rutgers University,40.462181,-74.429436,2026-06-15T12:00:00Z,NO2,3.0,PPB,New Jersey Dept. of Environmental Protection,"EPA AirNow hourly (preliminary, not regulatory AQS)"
340230011,Rutgers University,40.462181,-74.429436,2026-06-15T13:00:00Z,NO2,1.0,PPB,New Jersey Dept. of Environmental Protection,"EPA AirNow hourly (preliminary, not regulatory AQS)"
340230011,Rutgers University,40.462181,-74.429436,2026-06-15T14:00:00Z,NO2,1.0,PPB,New Jersey Dept. of Environmental Protection,"EPA AirNow hourly (preliminary, not regulatory AQS)"
340230011,Rutgers University,40.462181,-74.429436,2026-06-15T15:00:00Z,NO2,1.0,PPB,New Jersey Dept. of Environmental Protection,"EPA AirNow hourly (preliminary, not regulatory AQS)"
340230011,Rutgers University,40.462181,-74.429436,2026-06-15T16:00:00Z,NO2,1.0,PPB,New Jersey Dept. of Environmental Protection,"EPA AirNow hourly (preliminary, not regulatory AQS)"
340230011,Rutgers University,40.462181,-74.429436,2026-06-15T17:00:00Z,NO2,1.0,PPB,New Jersey Dept. of Environmental Protection,"EPA AirNow hourly (preliminary, not regulatory AQS)"
340230011,Rutgers University,40.462181,-74.429436,2026-06-15T18:00:00Z,NO2,1.0,PPB,New Jersey Dept. of Environmental Protection,"EPA AirNow hourly (preliminary, not regulatory AQS)"
340230011,Rutgers University,40.462181,-74.429436,2026-06-15T19:00:00Z,NO2,1.0,PPB,New Jersey Dept. of Environmental Protection,"EPA AirNow hourly (preliminary, not regulatory AQS)"
340230011,Rutgers University,40.462181,-74.429436,2026-06-15T20:00:00Z,NO2,1.0,PPB,New Jersey Dept. of Environmental Protection,"EPA AirNow hourly (preliminary, not regulatory AQS)"
340230011,Rutgers University,40.462181,-74.429436,2026-06-15T21:00:00Z,NO2,1.0,PPB,New Jersey Dept. of Environmental Protection,"EPA AirNow hourly (preliminary, not regulatory AQS)"
340230011,Rutgers University,40.462181,-74.429436,2026-06-15T22:00:00Z,NO2,1.0,PPB,New Jersey Dept. of Environmental Protection,"EPA AirNow hourly (preliminary, not regulatory AQS)"
340230011,Rutgers University,40.462181,-74.429436,2026-06-15T23:00:00Z,NO2,1.0,PPB,New Jersey Dept. of Environmental Protection,"EPA AirNow hourly (preliminary, not regulatory AQS)"
340273001,Chester,40.787628,-74.6763,2026-06-15T00:00:00Z,NO2,1.0,PPB,New Jersey Dept. of Environmental Protection,"EPA AirNow hourly (preliminary, not regulatory AQS)"
340273001,Chester,40.787628,-74.6763,2026-06-15T01:00:00Z,NO2,0.0,PPB,New Jersey Dept. of Environmental Protection,"EPA AirNow hourly (preliminary, not regulatory AQS)"
340273001,Chester,40.787628,-74.6763,2026-06-15T02:00:00Z,NO2,0.0,PPB,New Jersey Dept. of Environmental Protection,"EPA AirNow hourly (preliminary, not regulatory AQS)"
340273001,Chester,40.787628,-74.6763,2026-06-15T03:00:00Z,NO2,1.0,PPB,New Jersey Dept. of Environmental Protection,"EPA AirNow hourly (preliminary, not regulatory AQS)"
340273001,Chester,40.787628,-74.6763,2026-06-15T04:00:00Z,NO2,0.0,PPB,New Jersey Dept. of Environmental Protection,"EPA AirNow hourly (preliminary, not regulatory AQS)"
340273001,Chester,40.787628,-74.6763,2026-06-15T05:00:00Z,NO2,0.0,PPB,New Jersey Dept. of Environmental Protection,"EPA AirNow hourly (preliminary, not regulatory AQS)"
340273001,Chester,40.787628,-74.6763,2026-06-15T06:00:00Z,NO2,0.0,PPB,New Jersey Dept. of Environmental Protection,"EPA AirNow hourly (preliminary, not regulatory AQS)"
340273001,Chester,40.787628,-74.6763,2026-06-15T07:00:00Z,NO2,0.0,PPB,New Jersey Dept. of Environmental Protection,"EPA AirNow hourly (preliminary, not regulatory AQS)"
340273001,Chester,40.787628,-74.6763,2026-06-15T08:00:00Z,NO2,0.0,PPB,New Jersey Dept. of Environmental Protection,"EPA AirNow hourly (preliminary, not regulatory AQS)"
340273001,Chester,40.787628,-74.6763,2026-06-15T09:00:00Z,NO2,0.0,PPB,New Jersey Dept. of Environmental Protection,"EPA AirNow hourly (preliminary, not regulatory AQS)"
340273001,Chester,40.787628,-74.6763,2026-06-15T10:00:00Z,NO2,0.0,PPB,New Jersey Dept. of Environmental Protection,"EPA AirNow hourly (preliminary, not regulatory AQS)"
340273001,Chester,40.787628,-74.6763,2026-06-15T11:00:00Z,NO2,0.0,PPB,New Jersey Dept. of Environmental Protection,"EPA AirNow hourly (preliminary, not regulatory AQS)"
340273001,Chester,40.787628,-74.6763,2026-06-15T12:00:00Z,NO2,0.0,PPB,New Jersey Dept. of Environmental Protection,"EPA AirNow hourly (preliminary, not regulatory AQS)"
340273001,Chester,40.787628,-74.6763,2026-06-15T13:00:00Z,NO2,0.0,PPB,New Jersey Dept. of Environmental Protection,"EPA AirNow hourly (preliminary, not regulatory AQS)"
340273001,Chester,40.787628,-74.6763,2026-06-15T14:00:00Z,NO2,0.0,PPB,New Jersey Dept. of Environmental Protection,"EPA AirNow hourly (preliminary, not regulatory AQS)"
340273001,Chester,40.787628,-74.6763,2026-06-15T15:00:00Z,NO2,0.0,PPB,New Jersey Dept. of Environmental Protection,"EPA AirNow hourly (preliminary, not regulatory AQS)"
340273001,Chester,40.787628,-74.6763,2026-06-15T16:00:00Z,NO2,0.0,PPB,New Jersey Dept. of Environmental Protection,"EPA AirNow hourly (preliminary, not regulatory AQS)"
340273001,Chester,40.787628,-74.6763,2026-06-15T17:00:00Z,NO2,0.0,PPB,New Jersey Dept. of Environmental Protection,"EPA AirNow hourly (preliminary, not regulatory AQS)"
340273001,Chester,40.787628,-74.6763,2026-06-15T18:00:00Z,NO2,0.0,PPB,New Jersey Dept. of Environmental Protection,"EPA AirNow hourly (preliminary, not regulatory AQS)"
340273001,Chester,40.787628,-74.6763,2026-06-15T19:00:00Z,NO2,0.0,PPB,New Jersey Dept. of Environmental Protection,"EPA AirNow hourly (preliminary, not regulatory AQS)"
340273001,Chester,40.787628,-74.6763,2026-06-15T20:00:00Z,NO2,0.0,PPB,New Jersey Dept. of Environmental Protection,"EPA AirNow hourly (preliminary, not regulatory AQS)"
340273001,Chester,40.787628,-74.6763,2026-06-15T21:00:00Z,NO2,0.0,PPB,New Jersey Dept. of Environmental Protection,"EPA AirNow hourly (preliminary, not regulatory AQS)"
340273001,Chester,40.787628,-74.6763,2026-06-15T22:00:00Z,NO2,0.0,PPB,New Jersey Dept. of Environmental Protection,"EPA AirNow hourly (preliminary, not regulatory AQS)"
340273001,Chester,40.787628,-74.6763,2026-06-15T23:00:00Z,NO2,0.0,PPB,New Jersey Dept. of Environmental Protection,"EPA AirNow hourly (preliminary, not regulatory AQS)"
340390004,Elizabeth Trailer,40.641441,-74.208366,2026-06-15T00:00:00Z,NO2,13.0,PPB,New Jersey Dept. of Environmental Protection,"EPA AirNow hourly (preliminary, not regulatory AQS)"
340390004,Elizabeth Trailer,40.641441,-74.208366,2026-06-15T01:00:00Z,NO2,14.0,PPB,New Jersey Dept. of Environmental Protection,"EPA AirNow hourly (preliminary, not regulatory AQS)"
340390004,Elizabeth Trailer,40.641441,-74.208366,2026-06-15T02:00:00Z,NO2,13.0,PPB,New Jersey Dept. of Environmental Protection,"EPA AirNow hourly (preliminary, not regulatory AQS)"
340390004,Elizabeth Trailer,40.641441,-74.208366,2026-06-15T03:00:00Z,NO2,10.0,PPB,New Jersey Dept. of Environmental Protection,"EPA AirNow hourly (preliminary, not regulatory AQS)"
340390004,Elizabeth Trailer,40.641441,-74.208366,2026-06-15T04:00:00Z,NO2,9.0,PPB,New Jersey Dept. of Environmental Protection,"EPA AirNow hourly (preliminary, not regulatory AQS)"
340390004,Elizabeth Trailer,40.641441,-74.208366,2026-06-15T05:00:00Z,NO2,14.0,PPB,New Jersey Dept. of Environmental Protection,"EPA AirNow hourly (preliminary, not regulatory AQS)"
340390004,Elizabeth Trailer,40.641441,-74.208366,2026-06-15T06:00:00Z,NO2,8.0,PPB,New Jersey Dept. of Environmental Protection,"EPA AirNow hourly (preliminary, not regulatory AQS)"
340390004,Elizabeth Trailer,40.641441,-74.208366,2026-06-15T07:00:00Z,NO2,3.0,PPB,New Jersey Dept. of Environmental Protection,"EPA AirNow hourly (preliminary, not regulatory AQS)"
340390004,Elizabeth Trailer,40.641441,-74.208366,2026-06-15T08:00:00Z,NO2,5.0,PPB,New Jersey Dept. of Environmental Protection,"EPA AirNow hourly (preliminary, not regulatory AQS)"
340390004,Elizabeth Trailer,40.641441,-74.208366,2026-06-15T09:00:00Z,NO2,8.0,PPB,New Jersey Dept. of Environmental Protection,"EPA AirNow hourly (preliminary, not regulatory AQS)"
340390004,Elizabeth Trailer,40.641441,-74.208366,2026-06-15T10:00:00Z,NO2,10.0,PPB,New Jersey Dept. of Environmental Protection,"EPA AirNow hourly (preliminary, not regulatory AQS)"
340390004,Elizabeth Trailer,40.641441,-74.208366,2026-06-15T11:00:00Z,NO2,9.0,PPB,New Jersey Dept. of Environmental Protection,"EPA AirNow hourly (preliminary, not regulatory AQS)"
340390004,Elizabeth Trailer,40.641441,-74.208366,2026-06-15T12:00:00Z,NO2,11.0,PPB,New Jersey Dept. of Environmental Protection,"EPA AirNow hourly (preliminary, not regulatory AQS)"
340390004,Elizabeth Trailer,40.641441,-74.208366,2026-06-15T13:00:00Z,NO2,5.0,PPB,New Jersey Dept. of Environmental Protection,"EPA AirNow hourly (preliminary, not regulatory AQS)"
340390004,Elizabeth Trailer,40.641441,-74.208366,2026-06-15T14:00:00Z,NO2,5.0,PPB,New Jersey Dept. of Environmental Protection,"EPA AirNow hourly (preliminary, not regulatory AQS)"
340390004,Elizabeth Trailer,40.641441,-74.208366,2026-06-15T15:00:00Z,NO2,6.0,PPB,New Jersey Dept. of Environmental Protection,"EPA AirNow hourly (preliminary, not regulatory AQS)"
340390004,Elizabeth Trailer,40.641441,-74.208366,2026-06-15T16:00:00Z,NO2,5.0,PPB,New Jersey Dept. of Environmental Protection,"EPA AirNow hourly (preliminary, not regulatory AQS)"
340390004,Elizabeth Trailer,40.641441,-74.208366,2026-06-15T17:00:00Z,NO2,5.0,PPB,New Jersey Dept. of Environmental Protection,"EPA AirNow hourly (preliminary, not regulatory AQS)"
340390004,Elizabeth Trailer,40.641441,-74.208366,2026-06-15T18:00:00Z,NO2,5.0,PPB,New Jersey Dept. of Environmental Protection,"EPA AirNow hourly (preliminary, not regulatory AQS)"
340390004,Elizabeth Trailer,40.641441,-74.208366,2026-06-15T19:00:00Z,NO2,5.0,PPB,New Jersey Dept. of Environmental Protection,"EPA AirNow hourly (preliminary, not regulatory AQS)"
340390004,Elizabeth Trailer,40.641441,-74.208366,2026-06-15T20:00:00Z,NO2,5.0,PPB,New Jersey Dept. of Environmental Protection,"EPA AirNow hourly (preliminary, not regulatory AQS)"
340390004,Elizabeth Trailer,40.641441,-74.208366,2026-06-15T21:00:00Z,NO2,4.0,PPB,New Jersey Dept. of Environmental Protection,"EPA AirNow hourly (preliminary, not regulatory AQS)"
340390004,Elizabeth Trailer,40.641441,-74.208366,2026-06-15T22:00:00Z,NO2,5.0,PPB,New Jersey Dept. of Environmental Protection,"EPA AirNow hourly (preliminary, not regulatory AQS)"
340390004,Elizabeth Trailer,40.641441,-74.208366,2026-06-15T23:00:00Z,NO2,7.0,PPB,New Jersey Dept. of Environmental Protection,"EPA AirNow hourly (preliminary, not regulatory AQS)"
340410007,Columbia,40.924606,-75.067825,2026-06-15T02:00:00Z,NO2,11.0,PPB,New Jersey Dept. of Environmental Protection,"EPA AirNow hourly (preliminary, not regulatory AQS)"
340410007,Columbia,40.924606,-75.067825,2026-06-15T03:00:00Z,NO2,12.0,PPB,New Jersey Dept. of Environmental Protection,"EPA AirNow hourly (preliminary, not regulatory AQS)"
340410007,Columbia,40.924606,-75.067825,2026-06-15T04:00:00Z,NO2,18.0,PPB,New Jersey Dept. of Environmental Protection,"EPA AirNow hourly (preliminary, not regulatory AQS)"
340410007,Columbia,40.924606,-75.067825,2026-06-15T05:00:00Z,NO2,7.0,PPB,New Jersey Dept. of Environmental Protection,"EPA AirNow hourly (preliminary, not regulatory AQS)"
340410007,Columbia,40.924606,-75.067825,2026-06-15T06:00:00Z,NO2,17.0,PPB,New Jersey Dept. of Environmental Protection,"EPA AirNow hourly (preliminary, not regulatory AQS)"
340410007,Columbia,40.924606,-75.067825,2026-06-15T07:00:00Z,NO2,10.0,PPB,New Jersey Dept. of Environmental Protection,"EPA AirNow hourly (preliminary, not regulatory AQS)"
340410007,Columbia,40.924606,-75.067825,2026-06-15T08:00:00Z,NO2,15.0,PPB,New Jersey Dept. of Environmental Protection,"EPA AirNow hourly (preliminary, not regulatory AQS)"
340410007,Columbia,40.924606,-75.067825,2026-06-15T09:00:00Z,NO2,15.0,PPB,New Jersey Dept. of Environmental Protection,"EPA AirNow hourly (preliminary, not regulatory AQS)"
340410007,Columbia,40.924606,-75.067825,2026-06-15T10:00:00Z,NO2,9.0,PPB,New Jersey Dept. of Environmental Protection,"EPA AirNow hourly (preliminary, not regulatory AQS)"
340410007,Columbia,40.924606,-75.067825,2026-06-15T11:00:00Z,NO2,6.0,PPB,New Jersey Dept. of Environmental Protection,"EPA AirNow hourly (preliminary, not regulatory AQS)"
340410007,Columbia,40.924606,-75.067825,2026-06-15T12:00:00Z,NO2,3.0,PPB,New Jersey Dept. of Environmental Protection,"EPA AirNow hourly (preliminary, not regulatory AQS)"
340410007,Columbia,40.924606,-75.067825,2026-06-15T13:00:00Z,NO2,3.0,PPB,New Jersey Dept. of Environmental Protection,"EPA AirNow hourly (preliminary, not regulatory AQS)"
340410007,Columbia,40.924606,-75.067825,2026-06-15T14:00:00Z,NO2,5.0,PPB,New Jersey Dept. of Environmental Protection,"EPA AirNow hourly (preliminary, not regulatory AQS)"
340410007,Columbia,40.924606,-75.067825,2026-06-15T15:00:00Z,NO2,2.0,PPB,New Jersey Dept. of Environmental Protection,"EPA AirNow hourly (preliminary, not regulatory AQS)"
340410007,Columbia,40.924606,-75.067825,2026-06-15T16:00:00Z,NO2,3.0,PPB,New Jersey Dept. of Environmental Protection,"EPA AirNow hourly (preliminary, not regulatory AQS)"
340410007,Columbia,40.924606,-75.067825,2026-06-15T17:00:00Z,NO2,4.0,PPB,New Jersey Dept. of Environmental Protection,"EPA AirNow hourly (preliminary, not regulatory AQS)"
340410007,Columbia,40.924606,-75.067825,2026-06-15T18:00:00Z,NO2,2.0,PPB,New Jersey Dept. of Environmental Protection,"EPA AirNow hourly (preliminary, not regulatory AQS)"
340410007,Columbia,40.924606,-75.067825,2026-06-15T19:00:00Z,NO2,2.0,PPB,New Jersey Dept. of Environmental Protection,"EPA AirNow hourly (preliminary, not regulatory AQS)"
340410007,Columbia,40.924606,-75.067825,2026-06-15T20:00:00Z,NO2,2.0,PPB,New Jersey Dept. of Environmental Protection,"EPA AirNow hourly (preliminary, not regulatory AQS)"
340410007,Columbia,40.924606,-75.067825,2026-06-15T21:00:00Z,NO2,4.0,PPB,New Jersey Dept. of Environmental Protection,"EPA AirNow hourly (preliminary, not regulatory AQS)"
340410007,Columbia,40.924606,-75.067825,2026-06-15T22:00:00Z,NO2,5.0,PPB,New Jersey Dept. of Environmental Protection,"EPA AirNow hourly (preliminary, not regulatory AQS)"
340410007,Columbia,40.924606,-75.067825,2026-06-15T23:00:00Z,NO2,5.0,PPB,New Jersey Dept. of Environmental Protection,"EPA AirNow hourly (preliminary, not regulatory AQS)"
370670022,Hattie Avenue,36.110927,-80.224435,2026-06-15T00:00:00Z,NO2,2.8,PPB,Forsyth County Office of Environmental Assistance and Protection,"EPA AirNow hourly (preliminary, not regulatory AQS)"
370670022,Hattie Avenue,36.110927,-80.224435,2026-06-15T01:00:00Z,NO2,5.4,PPB,Forsyth County Office of Environmental Assistance and Protection,"EPA AirNow hourly (preliminary, not regulatory AQS)"
370670022,Hattie Avenue,36.110927,-80.224435,2026-06-15T02:00:00Z,NO2,7.6,PPB,Forsyth County Office of Environmental Assistance and Protection,"EPA AirNow hourly (preliminary, not regulatory AQS)"
370670022,Hattie Avenue,36.110927,-80.224435,2026-06-15T03:00:00Z,NO2,3.9,PPB,Forsyth County Office of Environmental Assistance and Protection,"EPA AirNow hourly (preliminary, not regulatory AQS)"
370670022,Hattie Avenue,36.110927,-80.224435,2026-06-15T04:00:00Z,NO2,2.0,PPB,Forsyth County Office of Environmental Assistance and Protection,"EPA AirNow hourly (preliminary, not regulatory AQS)"
370670022,Hattie Avenue,36.110927,-80.224435,2026-06-15T05:00:00Z,NO2,2.0,PPB,Forsyth County Office of Environmental Assistance and Protection,"EPA AirNow hourly (preliminary, not regulatory AQS)"
370670022,Hattie Avenue,36.110927,-80.224435,2026-06-15T06:00:00Z,NO2,2.8,PPB,Forsyth County Office of Environmental Assistance and Protection,"EPA AirNow hourly (preliminary, not regulatory AQS)"
370670022,Hattie Avenue,36.110927,-80.224435,2026-06-15T07:00:00Z,NO2,2.5,PPB,Forsyth County Office of Environmental Assistance and Protection,"EPA AirNow hourly (preliminary, not regulatory AQS)"
370670022,Hattie Avenue,36.110927,-80.224435,2026-06-15T08:00:00Z,NO2,2.3,PPB,Forsyth County Office of Environmental Assistance and Protection,"EPA AirNow hourly (preliminary, not regulatory AQS)"
370670022,Hattie Avenue,36.110927,-80.224435,2026-06-15T09:00:00Z,NO2,2.8,PPB,Forsyth County Office of Environmental Assistance and Protection,"EPA AirNow hourly (preliminary, not regulatory AQS)"
370670022,Hattie Avenue,36.110927,-80.224435,2026-06-15T10:00:00Z,NO2,4.1,PPB,Forsyth County Office of Environmental Assistance and Protection,"EPA AirNow hourly (preliminary, not regulatory AQS)"
370670022,Hattie Avenue,36.110927,-80.224435,2026-06-15T18:00:00Z,NO2,1.3,PPB,Forsyth County Office of Environmental Assistance and Protection,"EPA AirNow hourly (preliminary, not regulatory AQS)"
370670022,Hattie Avenue,36.110927,-80.224435,2026-06-15T19:00:00Z,NO2,1.5,PPB,Forsyth County Office of Environmental Assistance and Protection,"EPA AirNow hourly (preliminary, not regulatory AQS)"
370670022,Hattie Avenue,36.110927,-80.224435,2026-06-15T20:00:00Z,NO2,1.5,PPB,Forsyth County Office of Environmental Assistance and Protection,"EPA AirNow hourly (preliminary, not regulatory AQS)"
370670022,Hattie Avenue,36.110927,-80.224435,2026-06-15T22:00:00Z,NO2,1.6,PPB,Forsyth County Office of Environmental Assistance and Protection,"EPA AirNow hourly (preliminary, not regulatory AQS)"
370670022,Hattie Avenue,36.110927,-80.224435,2026-06-15T23:00:00Z,NO2,2.2,PPB,Forsyth County Office of Environmental Assistance and Protection,"EPA AirNow hourly (preliminary, not regulatory AQS)"
371190041,Garinger,35.2411,-80.7831,2026-06-15T00:00:00Z,NO2,1.8,PPB,Mecklenburg County Air Quality,"EPA AirNow hourly (preliminary, not regulatory AQS)"
371190041,Garinger,35.2411,-80.7831,2026-06-15T01:00:00Z,NO2,1.7,PPB,Mecklenburg County Air Quality,"EPA AirNow hourly (preliminary, not regulatory AQS)"
371190041,Garinger,35.2411,-80.7831,2026-06-15T04:00:00Z,NO2,2.0,PPB,Mecklenburg County Air Quality,"EPA AirNow hourly (preliminary, not regulatory AQS)"
371190041,Garinger,35.2411,-80.7831,2026-06-15T05:00:00Z,NO2,2.8,PPB,Mecklenburg County Air Quality,"EPA AirNow hourly (preliminary, not regulatory AQS)"
371190041,Garinger,35.2411,-80.7831,2026-06-15T06:00:00Z,NO2,2.8,PPB,Mecklenburg County Air Quality,"EPA AirNow hourly (preliminary, not regulatory AQS)"
371190041,Garinger,35.2411,-80.7831,2026-06-15T07:00:00Z,NO2,5.0,PPB,Mecklenburg County Air Quality,"EPA AirNow hourly (preliminary, not regulatory AQS)"
371190041,Garinger,35.2411,-80.7831,2026-06-15T08:00:00Z,NO2,7.4,PPB,Mecklenburg County Air Quality,"EPA AirNow hourly (preliminary, not regulatory AQS)"
371190041,Garinger,35.2411,-80.7831,2026-06-15T09:00:00Z,NO2,6.0,PPB,Mecklenburg County Air Quality,"EPA AirNow hourly (preliminary, not regulatory AQS)"
371190041,Garinger,35.2411,-80.7831,2026-06-15T10:00:00Z,NO2,6.1,PPB,Mecklenburg County Air Quality,"EPA AirNow hourly (preliminary, not regulatory AQS)"
371190041,Garinger,35.2411,-80.7831,2026-06-15T11:00:00Z,NO2,8.9,PPB,Mecklenburg County Air Quality,"EPA AirNow hourly (preliminary, not regulatory AQS)"
371190041,Garinger,35.2411,-80.7831,2026-06-15T12:00:00Z,NO2,5.6,PPB,Mecklenburg County Air Quality,"EPA AirNow hourly (preliminary, not regulatory AQS)"
371190041,Garinger,35.2411,-80.7831,2026-06-15T13:00:00Z,NO2,4.0,PPB,Mecklenburg County Air Quality,"EPA AirNow hourly (preliminary, not regulatory AQS)"
371190041,Garinger,35.2411,-80.7831,2026-06-15T14:00:00Z,NO2,4.6,PPB,Mecklenburg County Air Quality,"EPA AirNow hourly (preliminary, not regulatory AQS)"
371190041,Garinger,35.2411,-80.7831,2026-06-15T15:00:00Z,NO2,3.1,PPB,Mecklenburg County Air Quality,"EPA AirNow hourly (preliminary, not regulatory AQS)"
371190041,Garinger,35.2411,-80.7831,2026-06-15T16:00:00Z,NO2,1.6,PPB,Mecklenburg County Air Quality,"EPA AirNow hourly (preliminary, not regulatory AQS)"
371190041,Garinger,35.2411,-80.7831,2026-06-15T17:00:00Z,NO2,1.1,PPB,Mecklenburg County Air Quality,"EPA AirNow hourly (preliminary, not regulatory AQS)"
371190041,Garinger,35.2411,-80.7831,2026-06-15T18:00:00Z,NO2,1.3,PPB,Mecklenburg County Air Quality,"EPA AirNow hourly (preliminary, not regulatory AQS)"
371190041,Garinger,35.2411,-80.7831,2026-06-15T19:00:00Z,NO2,1.1,PPB,Mecklenburg County Air Quality,"EPA AirNow hourly (preliminary, not regulatory AQS)"
371190041,Garinger,35.2411,-80.7831,2026-06-15T20:00:00Z,NO2,1.1,PPB,Mecklenburg County Air Quality,"EPA AirNow hourly (preliminary, not regulatory AQS)"
371190041,Garinger,35.2411,-80.7831,2026-06-15T21:00:00Z,NO2,1.2,PPB,Mecklenburg County Air Quality,"EPA AirNow hourly (preliminary, not regulatory AQS)"
371190041,Garinger,35.2411,-80.7831,2026-06-15T22:00:00Z,NO2,1.2,PPB,Mecklenburg County Air Quality,"EPA AirNow hourly (preliminary, not regulatory AQS)"
371190041,Garinger,35.2411,-80.7831,2026-06-15T23:00:00Z,NO2,1.5,PPB,Mecklenburg County Air Quality,"EPA AirNow hourly (preliminary, not regulatory AQS)"
371190045,Remount,35.213171,-80.874084,2026-06-15T00:00:00Z,NO2,6.7,PPB,Mecklenburg County Air Quality,"EPA AirNow hourly (preliminary, not regulatory AQS)"
371190045,Remount,35.213171,-80.874084,2026-06-15T01:00:00Z,NO2,6.3,PPB,Mecklenburg County Air Quality,"EPA AirNow hourly (preliminary, not regulatory AQS)"
371190045,Remount,35.213171,-80.874084,2026-06-15T02:00:00Z,NO2,4.9,PPB,Mecklenburg County Air Quality,"EPA AirNow hourly (preliminary, not regulatory AQS)"
371190045,Remount,35.213171,-80.874084,2026-06-15T03:00:00Z,NO2,4.1,PPB,Mecklenburg County Air Quality,"EPA AirNow hourly (preliminary, not regulatory AQS)"
371190045,Remount,35.213171,-80.874084,2026-06-15T04:00:00Z,NO2,2.7,PPB,Mecklenburg County Air Quality,"EPA AirNow hourly (preliminary, not regulatory AQS)"
371190045,Remount,35.213171,-80.874084,2026-06-15T05:00:00Z,NO2,4.0,PPB,Mecklenburg County Air Quality,"EPA AirNow hourly (preliminary, not regulatory AQS)"
371190045,Remount,35.213171,-80.874084,2026-06-15T06:00:00Z,NO2,4.4,PPB,Mecklenburg County Air Quality,"EPA AirNow hourly (preliminary, not regulatory AQS)"
371190045,Remount,35.213171,-80.874084,2026-06-15T07:00:00Z,NO2,5.6,PPB,Mecklenburg County Air Quality,"EPA AirNow hourly (preliminary, not regulatory AQS)"
371190045,Remount,35.213171,-80.874084,2026-06-15T08:00:00Z,NO2,6.0,PPB,Mecklenburg County Air Quality,"EPA AirNow hourly (preliminary, not regulatory AQS)"
371190045,Remount,35.213171,-80.874084,2026-06-15T09:00:00Z,NO2,7.8,PPB,Mecklenburg County Air Quality,"EPA AirNow hourly (preliminary, not regulatory AQS)"
371190045,Remount,35.213171,-80.874084,2026-06-15T10:00:00Z,NO2,7.7,PPB,Mecklenburg County Air Quality,"EPA AirNow hourly (preliminary, not regulatory AQS)"
371190045,Remount,35.213171,-80.874084,2026-06-15T11:00:00Z,NO2,8.4,PPB,Mecklenburg County Air Quality,"EPA AirNow hourly (preliminary, not regulatory AQS)"
371190045,Remount,35.213171,-80.874084,2026-06-15T12:00:00Z,NO2,5.9,PPB,Mecklenburg County Air Quality,"EPA AirNow hourly (preliminary, not regulatory AQS)"
371190045,Remount,35.213171,-80.874084,2026-06-15T13:00:00Z,NO2,3.7,PPB,Mecklenburg County Air Quality,"EPA AirNow hourly (preliminary, not regulatory AQS)"
371190045,Remount,35.213171,-80.874084,2026-06-15T14:00:00Z,NO2,2.6,PPB,Mecklenburg County Air Quality,"EPA AirNow hourly (preliminary, not regulatory AQS)"
371190045,Remount,35.213171,-80.874084,2026-06-15T15:00:00Z,NO2,3.0,PPB,Mecklenburg County Air Quality,"EPA AirNow hourly (preliminary, not regulatory AQS)"
371190045,Remount,35.213171,-80.874084,2026-06-15T16:00:00Z,NO2,3.2,PPB,Mecklenburg County Air Quality,"EPA AirNow hourly (preliminary, not regulatory AQS)"
371190045,Remount,35.213171,-80.874084,2026-06-15T17:00:00Z,NO2,3.6,PPB,Mecklenburg County Air Quality,"EPA AirNow hourly (preliminary, not regulatory AQS)"
371190045,Remount,35.213171,-80.874084,2026-06-15T18:00:00Z,NO2,3.0,PPB,Mecklenburg County Air Quality,"EPA AirNow hourly (preliminary, not regulatory AQS)"
371190045,Remount,35.213171,-80.874084,2026-06-15T19:00:00Z,NO2,3.5,PPB,Mecklenburg County Air Quality,"EPA AirNow hourly (preliminary, not regulatory AQS)"
371190045,Remount,35.213171,-80.874084,2026-06-15T20:00:00Z,NO2,3.9,PPB,Mecklenburg County Air Quality,"EPA AirNow hourly (preliminary, not regulatory AQS)"
371190045,Remount,35.213171,-80.874084,2026-06-15T21:00:00Z,NO2,3.0,PPB,Mecklenburg County Air Quality,"EPA AirNow hourly (preliminary, not regulatory AQS)"
371190045,Remount,35.213171,-80.874084,2026-06-15T22:00:00Z,NO2,3.0,PPB,Mecklenburg County Air Quality,"EPA AirNow hourly (preliminary, not regulatory AQS)"
371190045,Remount,35.213171,-80.874084,2026-06-15T23:00:00Z,NO2,3.2,PPB,Mecklenburg County Air Quality,"EPA AirNow hourly (preliminary, not regulatory AQS)"
371310003,Northampton,36.511708,-77.655389,2026-06-15T00:00:00Z,NO2,1.6,PPB,North Carolina DEQ - Division of Air Quality,"EPA AirNow hourly (preliminary, not regulatory AQS)"
371310003,Northampton,36.511708,-77.655389,2026-06-15T01:00:00Z,NO2,1.4,PPB,North Carolina DEQ - Division of Air Quality,"EPA AirNow hourly (preliminary, not regulatory AQS)"
371310003,Northampton,36.511708,-77.655389,2026-06-15T02:00:00Z,NO2,1.1,PPB,North Carolina DEQ - Division of Air Quality,"EPA AirNow hourly (preliminary, not regulatory AQS)"
371310003,Northampton,36.511708,-77.655389,2026-06-15T03:00:00Z,NO2,1.2,PPB,North Carolina DEQ - Division of Air Quality,"EPA AirNow hourly (preliminary, not regulatory AQS)"
371310003,Northampton,36.511708,-77.655389,2026-06-15T04:00:00Z,NO2,1.2,PPB,North Carolina DEQ - Division of Air Quality,"EPA AirNow hourly (preliminary, not regulatory AQS)"
371310003,Northampton,36.511708,-77.655389,2026-06-15T05:00:00Z,NO2,1.7,PPB,North Carolina DEQ - Division of Air Quality,"EPA AirNow hourly (preliminary, not regulatory AQS)"
371310003,Northampton,36.511708,-77.655389,2026-06-15T07:00:00Z,NO2,1.7,PPB,North Carolina DEQ - Division of Air Quality,"EPA AirNow hourly (preliminary, not regulatory AQS)"
371310003,Northampton,36.511708,-77.655389,2026-06-15T08:00:00Z,NO2,1.9,PPB,North Carolina DEQ - Division of Air Quality,"EPA AirNow hourly (preliminary, not regulatory AQS)"
371310003,Northampton,36.511708,-77.655389,2026-06-15T09:00:00Z,NO2,2.2,PPB,North Carolina DEQ - Division of Air Quality,"EPA AirNow hourly (preliminary, not regulatory AQS)"
371310003,Northampton,36.511708,-77.655389,2026-06-15T10:00:00Z,NO2,0.6,PPB,North Carolina DEQ - Division of Air Quality,"EPA AirNow hourly (preliminary, not regulatory AQS)"
371310003,Northampton,36.511708,-77.655389,2026-06-15T11:00:00Z,NO2,0.2,PPB,North Carolina DEQ - Division of Air Quality,"EPA AirNow hourly (preliminary, not regulatory AQS)"
371310003,Northampton,36.511708,-77.655389,2026-06-15T12:00:00Z,NO2,0.0,PPB,North Carolina DEQ - Division of Air Quality,"EPA AirNow hourly (preliminary, not regulatory AQS)"
371310003,Northampton,36.511708,-77.655389,2026-06-15T13:00:00Z,NO2,0.0,PPB,North Carolina DEQ - Division of Air Quality,"EPA AirNow hourly (preliminary, not regulatory AQS)"
371310003,Northampton,36.511708,-77.655389,2026-06-15T14:00:00Z,NO2,0.0,PPB,North Carolina DEQ - Division of Air Quality,"EPA AirNow hourly (preliminary, not regulatory AQS)"
371310003,Northampton,36.511708,-77.655389,2026-06-15T15:00:00Z,NO2,-0.2,PPB,North Carolina DEQ - Division of Air Quality,"EPA AirNow hourly (preliminary, not regulatory AQS)"
371310003,Northampton,36.511708,-77.655389,2026-06-15T16:00:00Z,NO2,-0.2,PPB,North Carolina DEQ - Division of Air Quality,"EPA AirNow hourly (preliminary, not regulatory AQS)"
371310003,Northampton,36.511708,-77.655389,2026-06-15T17:00:00Z,NO2,-0.2,PPB,North Carolina DEQ - Division of Air Quality,"EPA AirNow hourly (preliminary, not regulatory AQS)"
371310003,Northampton,36.511708,-77.655389,2026-06-15T18:00:00Z,NO2,-0.3,PPB,North Carolina DEQ - Division of Air Quality,"EPA AirNow hourly (preliminary, not regulatory AQS)"
371310003,Northampton,36.511708,-77.655389,2026-06-15T19:00:00Z,NO2,-0.1,PPB,North Carolina DEQ - Division of Air Quality,"EPA AirNow hourly (preliminary, not regulatory AQS)"
371310003,Northampton,36.511708,-77.655389,2026-06-15T20:00:00Z,NO2,-0.2,PPB,North Carolina DEQ - Division of Air Quality,"EPA AirNow hourly (preliminary, not regulatory AQS)"
371310003,Northampton,36.511708,-77.655389,2026-06-15T21:00:00Z,NO2,-0.2,PPB,North Carolina DEQ - Division of Air Quality,"EPA AirNow hourly (preliminary, not regulatory AQS)"
371310003,Northampton,36.511708,-77.655389,2026-06-15T22:00:00Z,NO2,-0.1,PPB,North Carolina DEQ - Division of Air Quality,"EPA AirNow hourly (preliminary, not regulatory AQS)"
371310003,Northampton,36.511708,-77.655389,2026-06-15T23:00:00Z,NO2,0.1,PPB,North Carolina DEQ - Division of Air Quality,"EPA AirNow hourly (preliminary, not regulatory AQS)"
371590021,ROCKWELL,35.551868,-80.395039,2026-06-15T00:00:00Z,NO2,4.1,PPB,North Carolina DEQ - Division of Air Quality,"EPA AirNow hourly (preliminary, not regulatory AQS)"
371590021,ROCKWELL,35.551868,-80.395039,2026-06-15T01:00:00Z,NO2,4.6,PPB,North Carolina DEQ - Division of Air Quality,"EPA AirNow hourly (preliminary, not regulatory AQS)"
371590021,ROCKWELL,35.551868,-80.395039,2026-06-15T02:00:00Z,NO2,4.6,PPB,North Carolina DEQ - Division of Air Quality,"EPA AirNow hourly (preliminary, not regulatory AQS)"
371590021,ROCKWELL,35.551868,-80.395039,2026-06-15T03:00:00Z,NO2,3.9,PPB,North Carolina DEQ - Division of Air Quality,"EPA AirNow hourly (preliminary, not regulatory AQS)"
371590021,ROCKWELL,35.551868,-80.395039,2026-06-15T04:00:00Z,NO2,3.1,PPB,North Carolina DEQ - Division of Air Quality,"EPA AirNow hourly (preliminary, not regulatory AQS)"
371590021,ROCKWELL,35.551868,-80.395039,2026-06-15T05:00:00Z,NO2,2.9,PPB,North Carolina DEQ - Division of Air Quality,"EPA AirNow hourly (preliminary, not regulatory AQS)"
371590021,ROCKWELL,35.551868,-80.395039,2026-06-15T07:00:00Z,NO2,2.8,PPB,North Carolina DEQ - Division of Air Quality,"EPA AirNow hourly (preliminary, not regulatory AQS)"
371590021,ROCKWELL,35.551868,-80.395039,2026-06-15T08:00:00Z,NO2,4.4,PPB,North Carolina DEQ - Division of Air Quality,"EPA AirNow hourly (preliminary, not regulatory AQS)"
371590021,ROCKWELL,35.551868,-80.395039,2026-06-15T09:00:00Z,NO2,6.1,PPB,North Carolina DEQ - Division of Air Quality,"EPA AirNow hourly (preliminary, not regulatory AQS)"
371590021,ROCKWELL,35.551868,-80.395039,2026-06-15T10:00:00Z,NO2,5.7,PPB,North Carolina DEQ - Division of Air Quality,"EPA AirNow hourly (preliminary, not regulatory AQS)"
371590021,ROCKWELL,35.551868,-80.395039,2026-06-15T11:00:00Z,NO2,4.1,PPB,North Carolina DEQ - Division of Air Quality,"EPA AirNow hourly (preliminary, not regulatory AQS)"
371590021,ROCKWELL,35.551868,-80.395039,2026-06-15T12:00:00Z,NO2,2.4,PPB,North Carolina DEQ - Division of Air Quality,"EPA AirNow hourly (preliminary, not regulatory AQS)"
371590021,ROCKWELL,35.551868,-80.395039,2026-06-15T13:00:00Z,NO2,1.2,PPB,North Carolina DEQ - Division of Air Quality,"EPA AirNow hourly (preliminary, not regulatory AQS)"
371590021,ROCKWELL,35.551868,-80.395039,2026-06-15T14:00:00Z,NO2,1.1,PPB,North Carolina DEQ - Division of Air Quality,"EPA AirNow hourly (preliminary, not regulatory AQS)"
371590021,ROCKWELL,35.551868,-80.395039,2026-06-15T17:00:00Z,NO2,0.1,PPB,North Carolina DEQ - Division of Air Quality,"EPA AirNow hourly (preliminary, not regulatory AQS)"
371590021,ROCKWELL,35.551868,-80.395039,2026-06-15T18:00:00Z,NO2,0.1,PPB,North Carolina DEQ - Division of Air Quality,"EPA AirNow hourly (preliminary, not regulatory AQS)"
371590021,ROCKWELL,35.551868,-80.395039,2026-06-15T19:00:00Z,NO2,0.1,PPB,North Carolina DEQ - Division of Air Quality,"EPA AirNow hourly (preliminary, not regulatory AQS)"
371590021,ROCKWELL,35.551868,-80.395039,2026-06-15T20:00:00Z,NO2,0.1,PPB,North Carolina DEQ - Division of Air Quality,"EPA AirNow hourly (preliminary, not regulatory AQS)"
371590021,ROCKWELL,35.551868,-80.395039,2026-06-15T21:00:00Z,NO2,0.2,PPB,North Carolina DEQ - Division of Air Quality,"EPA AirNow hourly (preliminary, not regulatory AQS)"
371590021,ROCKWELL,35.551868,-80.395039,2026-06-15T22:00:00Z,NO2,0.3,PPB,North Carolina DEQ - Division of Air Quality,"EPA AirNow hourly (preliminary, not regulatory AQS)"
371590021,ROCKWELL,35.551868,-80.395039,2026-06-15T23:00:00Z,NO2,0.5,PPB,North Carolina DEQ - Division of Air Quality,"EPA AirNow hourly (preliminary, not regulatory AQS)"
371830014,Millbrook NCore,35.856111,-78.574167,2026-06-15T00:00:00Z,NO2,6.0,PPB,North Carolina DEQ - Division of Air Quality,"EPA AirNow hourly (preliminary, not regulatory AQS)"
371830014,Millbrook NCore,35.856111,-78.574167,2026-06-15T01:00:00Z,NO2,4.9,PPB,North Carolina DEQ - Division of Air Quality,"EPA AirNow hourly (preliminary, not regulatory AQS)"
371830014,Millbrook NCore,35.856111,-78.574167,2026-06-15T02:00:00Z,NO2,3.6,PPB,North Carolina DEQ - Division of Air Quality,"EPA AirNow hourly (preliminary, not regulatory AQS)"
371830014,Millbrook NCore,35.856111,-78.574167,2026-06-15T03:00:00Z,NO2,3.0,PPB,North Carolina DEQ - Division of Air Quality,"EPA AirNow hourly (preliminary, not regulatory AQS)"
371830014,Millbrook NCore,35.856111,-78.574167,2026-06-15T04:00:00Z,NO2,2.8,PPB,North Carolina DEQ - Division of Air Quality,"EPA AirNow hourly (preliminary, not regulatory AQS)"
371830014,Millbrook NCore,35.856111,-78.574167,2026-06-15T05:00:00Z,NO2,2.7,PPB,North Carolina DEQ - Division of Air Quality,"EPA AirNow hourly (preliminary, not regulatory AQS)"
371830014,Millbrook NCore,35.856111,-78.574167,2026-06-15T06:00:00Z,NO2,2.3,PPB,North Carolina DEQ - Division of Air Quality,"EPA AirNow hourly (preliminary, not regulatory AQS)"
371830014,Millbrook NCore,35.856111,-78.574167,2026-06-15T07:00:00Z,NO2,2.5,PPB,North Carolina DEQ - Division of Air Quality,"EPA AirNow hourly (preliminary, not regulatory AQS)"
371830014,Millbrook NCore,35.856111,-78.574167,2026-06-15T10:00:00Z,NO2,3.0,PPB,North Carolina DEQ - Division of Air Quality,"EPA AirNow hourly (preliminary, not regulatory AQS)"
371830014,Millbrook NCore,35.856111,-78.574167,2026-06-15T11:00:00Z,NO2,3.5,PPB,North Carolina DEQ - Division of Air Quality,"EPA AirNow hourly (preliminary, not regulatory AQS)"
371830014,Millbrook NCore,35.856111,-78.574167,2026-06-15T12:00:00Z,NO2,2.5,PPB,North Carolina DEQ - Division of Air Quality,"EPA AirNow hourly (preliminary, not regulatory AQS)"
371830014,Millbrook NCore,35.856111,-78.574167,2026-06-15T13:00:00Z,NO2,1.7,PPB,North Carolina DEQ - Division of Air Quality,"EPA AirNow hourly (preliminary, not regulatory AQS)"
371830014,Millbrook NCore,35.856111,-78.574167,2026-06-15T14:00:00Z,NO2,1.6,PPB,North Carolina DEQ - Division of Air Quality,"EPA AirNow hourly (preliminary, not regulatory AQS)"
371830014,Millbrook NCore,35.856111,-78.574167,2026-06-15T15:00:00Z,NO2,1.2,PPB,North Carolina DEQ - Division of Air Quality,"EPA AirNow hourly (preliminary, not regulatory AQS)"
371830014,Millbrook NCore,35.856111,-78.574167,2026-06-15T16:00:00Z,NO2,1.2,PPB,North Carolina DEQ - Division of Air Quality,"EPA AirNow hourly (preliminary, not regulatory AQS)"
371830014,Millbrook NCore,35.856111,-78.574167,2026-06-15T17:00:00Z,NO2,1.5,PPB,North Carolina DEQ - Division of Air Quality,"EPA AirNow hourly (preliminary, not regulatory AQS)"
371830014,Millbrook NCore,35.856111,-78.574167,2026-06-15T18:00:00Z,NO2,1.5,PPB,North Carolina DEQ - Division of Air Quality,"EPA AirNow hourly (preliminary, not regulatory AQS)"
371830014,Millbrook NCore,35.856111,-78.574167,2026-06-15T19:00:00Z,NO2,1.3,PPB,North Carolina DEQ - Division of Air Quality,"EPA AirNow hourly (preliminary, not regulatory AQS)"
371830014,Millbrook NCore,35.856111,-78.574167,2026-06-15T20:00:00Z,NO2,1.2,PPB,North Carolina DEQ - Division of Air Quality,"EPA AirNow hourly (preliminary, not regulatory AQS)"
371830014,Millbrook NCore,35.856111,-78.574167,2026-06-15T21:00:00Z,NO2,1.3,PPB,North Carolina DEQ - Division of Air Quality,"EPA AirNow hourly (preliminary, not regulatory AQS)"
371830014,Millbrook NCore,35.856111,-78.574167,2026-06-15T22:00:00Z,NO2,1.3,PPB,North Carolina DEQ - Division of Air Quality,"EPA AirNow hourly (preliminary, not regulatory AQS)"
371830014,Millbrook NCore,35.856111,-78.574167,2026-06-15T23:00:00Z,NO2,1.5,PPB,North Carolina DEQ - Division of Air Quality,"EPA AirNow hourly (preliminary, not regulatory AQS)"
371830021,Triple Oak - Near Ro,35.8652,-78.8197,2026-06-15T00:00:00Z,NO2,9.4,PPB,North Carolina DEQ - Division of Air Quality,"EPA AirNow hourly (preliminary, not regulatory AQS)"
371830021,Triple Oak - Near Ro,35.8652,-78.8197,2026-06-15T01:00:00Z,NO2,8.6,PPB,North Carolina DEQ - Division of Air Quality,"EPA AirNow hourly (preliminary, not regulatory AQS)"
371830021,Triple Oak - Near Ro,35.8652,-78.8197,2026-06-15T02:00:00Z,NO2,5.5,PPB,North Carolina DEQ - Division of Air Quality,"EPA AirNow hourly (preliminary, not regulatory AQS)"
371830021,Triple Oak - Near Ro,35.8652,-78.8197,2026-06-15T03:00:00Z,NO2,6.1,PPB,North Carolina DEQ - Division of Air Quality,"EPA AirNow hourly (preliminary, not regulatory AQS)"
371830021,Triple Oak - Near Ro,35.8652,-78.8197,2026-06-15T04:00:00Z,NO2,4.9,PPB,North Carolina DEQ - Division of Air Quality,"EPA AirNow hourly (preliminary, not regulatory AQS)"
371830021,Triple Oak - Near Ro,35.8652,-78.8197,2026-06-15T05:00:00Z,NO2,2.9,PPB,North Carolina DEQ - Division of Air Quality,"EPA AirNow hourly (preliminary, not regulatory AQS)"
371830021,Triple Oak - Near Ro,35.8652,-78.8197,2026-06-15T07:00:00Z,NO2,4.9,PPB,North Carolina DEQ - Division of Air Quality,"EPA AirNow hourly (preliminary, not regulatory AQS)"
371830021,Triple Oak - Near Ro,35.8652,-78.8197,2026-06-15T08:00:00Z,NO2,9.1,PPB,North Carolina DEQ - Division of Air Quality,"EPA AirNow hourly (preliminary, not regulatory AQS)"
371830021,Triple Oak - Near Ro,35.8652,-78.8197,2026-06-15T09:00:00Z,NO2,12.7,PPB,North Carolina DEQ - Division of Air Quality,"EPA AirNow hourly (preliminary, not regulatory AQS)"
371830021,Triple Oak - Near Ro,35.8652,-78.8197,2026-06-15T10:00:00Z,NO2,11.3,PPB,North Carolina DEQ - Division of Air Quality,"EPA AirNow hourly (preliminary, not regulatory AQS)"
371830021,Triple Oak - Near Ro,35.8652,-78.8197,2026-06-15T11:00:00Z,NO2,6.9,PPB,North Carolina DEQ - Division of Air Quality,"EPA AirNow hourly (preliminary, not regulatory AQS)"
371830021,Triple Oak - Near Ro,35.8652,-78.8197,2026-06-15T12:00:00Z,NO2,4.4,PPB,North Carolina DEQ - Division of Air Quality,"EPA AirNow hourly (preliminary, not regulatory AQS)"
371830021,Triple Oak - Near Ro,35.8652,-78.8197,2026-06-15T13:00:00Z,NO2,5.2,PPB,North Carolina DEQ - Division of Air Quality,"EPA AirNow hourly (preliminary, not regulatory AQS)"
371830021,Triple Oak - Near Ro,35.8652,-78.8197,2026-06-15T14:00:00Z,NO2,9.4,PPB,North Carolina DEQ - Division of Air Quality,"EPA AirNow hourly (preliminary, not regulatory AQS)"
371830021,Triple Oak - Near Ro,35.8652,-78.8197,2026-06-15T15:00:00Z,NO2,8.5,PPB,North Carolina DEQ - Division of Air Quality,"EPA AirNow hourly (preliminary, not regulatory AQS)"
371830021,Triple Oak - Near Ro,35.8652,-78.8197,2026-06-15T16:00:00Z,NO2,9.2,PPB,North Carolina DEQ - Division of Air Quality,"EPA AirNow hourly (preliminary, not regulatory AQS)"
371830021,Triple Oak - Near Ro,35.8652,-78.8197,2026-06-15T17:00:00Z,NO2,8.5,PPB,North Carolina DEQ - Division of Air Quality,"EPA AirNow hourly (preliminary, not regulatory AQS)"
371830021,Triple Oak - Near Ro,35.8652,-78.8197,2026-06-15T18:00:00Z,NO2,9.4,PPB,North Carolina DEQ - Division of Air Quality,"EPA AirNow hourly (preliminary, not regulatory AQS)"
371830021,Triple Oak - Near Ro,35.8652,-78.8197,2026-06-15T19:00:00Z,NO2,9.9,PPB,North Carolina DEQ - Division of Air Quality,"EPA AirNow hourly (preliminary, not regulatory AQS)"
371830021,Triple Oak - Near Ro,35.8652,-78.8197,2026-06-15T20:00:00Z,NO2,8.3,PPB,North Carolina DEQ - Division of Air Quality,"EPA AirNow hourly (preliminary, not regulatory AQS)"
371830021,Triple Oak - Near Ro,35.8652,-78.8197,2026-06-15T21:00:00Z,NO2,7.5,PPB,North Carolina DEQ - Division of Air Quality,"EPA AirNow hourly (preliminary, not regulatory AQS)"
371830021,Triple Oak - Near Ro,35.8652,-78.8197,2026-06-15T22:00:00Z,NO2,10.5,PPB,North Carolina DEQ - Division of Air Quality,"EPA AirNow hourly (preliminary, not regulatory AQS)"
371830021,Triple Oak - Near Ro,35.8652,-78.8197,2026-06-15T23:00:00Z,NO2,11.4,PPB,North Carolina DEQ - Division of Air Quality,"EPA AirNow hourly (preliminary, not regulatory AQS)"
421010048,NEW,39.991389,-75.080833,2026-06-15T00:00:00Z,NO2,2.3,PPB,Philadelphia Air Management Services,"EPA AirNow hourly (preliminary, not regulatory AQS)"
421010048,NEW,39.991389,-75.080833,2026-06-15T01:00:00Z,NO2,1.8,PPB,Philadelphia Air Management Services,"EPA AirNow hourly (preliminary, not regulatory AQS)"
421010048,NEW,39.991389,-75.080833,2026-06-15T02:00:00Z,NO2,2.9,PPB,Philadelphia Air Management Services,"EPA AirNow hourly (preliminary, not regulatory AQS)"
421010048,NEW,39.991389,-75.080833,2026-06-15T04:00:00Z,NO2,3.9,PPB,Philadelphia Air Management Services,"EPA AirNow hourly (preliminary, not regulatory AQS)"
421010048,NEW,39.991389,-75.080833,2026-06-15T05:00:00Z,NO2,7.2,PPB,Philadelphia Air Management Services,"EPA AirNow hourly (preliminary, not regulatory AQS)"
421010048,NEW,39.991389,-75.080833,2026-06-15T06:00:00Z,NO2,7.0,PPB,Philadelphia Air Management Services,"EPA AirNow hourly (preliminary, not regulatory AQS)"
421010048,NEW,39.991389,-75.080833,2026-06-15T07:00:00Z,NO2,4.3,PPB,Philadelphia Air Management Services,"EPA AirNow hourly (preliminary, not regulatory AQS)"
421010048,NEW,39.991389,-75.080833,2026-06-15T08:00:00Z,NO2,5.9,PPB,Philadelphia Air Management Services,"EPA AirNow hourly (preliminary, not regulatory AQS)"
421010048,NEW,39.991389,-75.080833,2026-06-15T09:00:00Z,NO2,6.1,PPB,Philadelphia Air Management Services,"EPA AirNow hourly (preliminary, not regulatory AQS)"
421010048,NEW,39.991389,-75.080833,2026-06-15T10:00:00Z,NO2,8.0,PPB,Philadelphia Air Management Services,"EPA AirNow hourly (preliminary, not regulatory AQS)"
421010048,NEW,39.991389,-75.080833,2026-06-15T11:00:00Z,NO2,8.3,PPB,Philadelphia Air Management Services,"EPA AirNow hourly (preliminary, not regulatory AQS)"
421010048,NEW,39.991389,-75.080833,2026-06-15T12:00:00Z,NO2,7.4,PPB,Philadelphia Air Management Services,"EPA AirNow hourly (preliminary, not regulatory AQS)"
421010048,NEW,39.991389,-75.080833,2026-06-15T13:00:00Z,NO2,4.7,PPB,Philadelphia Air Management Services,"EPA AirNow hourly (preliminary, not regulatory AQS)"
421010048,NEW,39.991389,-75.080833,2026-06-15T14:00:00Z,NO2,4.3,PPB,Philadelphia Air Management Services,"EPA AirNow hourly (preliminary, not regulatory AQS)"
421010048,NEW,39.991389,-75.080833,2026-06-15T15:00:00Z,NO2,3.8,PPB,Philadelphia Air Management Services,"EPA AirNow hourly (preliminary, not regulatory AQS)"
421010048,NEW,39.991389,-75.080833,2026-06-15T16:00:00Z,NO2,4.7,PPB,Philadelphia Air Management Services,"EPA AirNow hourly (preliminary, not regulatory AQS)"
421010048,NEW,39.991389,-75.080833,2026-06-15T17:00:00Z,NO2,5.0,PPB,Philadelphia Air Management Services,"EPA AirNow hourly (preliminary, not regulatory AQS)"
421010048,NEW,39.991389,-75.080833,2026-06-15T18:00:00Z,NO2,4.3,PPB,Philadelphia Air Management Services,"EPA AirNow hourly (preliminary, not regulatory AQS)"
421010048,NEW,39.991389,-75.080833,2026-06-15T19:00:00Z,NO2,4.0,PPB,Philadelphia Air Management Services,"EPA AirNow hourly (preliminary, not regulatory AQS)"
421010048,NEW,39.991389,-75.080833,2026-06-15T20:00:00Z,NO2,4.8,PPB,Philadelphia Air Management Services,"EPA AirNow hourly (preliminary, not regulatory AQS)"
421010048,NEW,39.991389,-75.080833,2026-06-15T21:00:00Z,NO2,3.5,PPB,Philadelphia Air Management Services,"EPA AirNow hourly (preliminary, not regulatory AQS)"
421010048,NEW,39.991389,-75.080833,2026-06-15T22:00:00Z,NO2,3.0,PPB,Philadelphia Air Management Services,"EPA AirNow hourly (preliminary, not regulatory AQS)"
421010048,NEW,39.991389,-75.080833,2026-06-15T23:00:00Z,NO2,4.0,PPB,Philadelphia Air Management Services,"EPA AirNow hourly (preliminary, not regulatory AQS)"
421010075,TOR,40.054171,-74.985166,2026-06-15T01:00:00Z,NO2,3.6,PPB,Philadelphia Air Management Services,"EPA AirNow hourly (preliminary, not regulatory AQS)"
421010075,TOR,40.054171,-74.985166,2026-06-15T02:00:00Z,NO2,4.7,PPB,Philadelphia Air Management Services,"EPA AirNow hourly (preliminary, not regulatory AQS)"
421010075,TOR,40.054171,-74.985166,2026-06-15T03:00:00Z,NO2,10.2,PPB,Philadelphia Air Management Services,"EPA AirNow hourly (preliminary, not regulatory AQS)"
421010075,TOR,40.054171,-74.985166,2026-06-15T04:00:00Z,NO2,9.2,PPB,Philadelphia Air Management Services,"EPA AirNow hourly (preliminary, not regulatory AQS)"
421010075,TOR,40.054171,-74.985166,2026-06-15T05:00:00Z,NO2,10.1,PPB,Philadelphia Air Management Services,"EPA AirNow hourly (preliminary, not regulatory AQS)"
421010075,TOR,40.054171,-74.985166,2026-06-15T06:00:00Z,NO2,16.9,PPB,Philadelphia Air Management Services,"EPA AirNow hourly (preliminary, not regulatory AQS)"
421010075,TOR,40.054171,-74.985166,2026-06-15T07:00:00Z,NO2,14.3,PPB,Philadelphia Air Management Services,"EPA AirNow hourly (preliminary, not regulatory AQS)"
421010075,TOR,40.054171,-74.985166,2026-06-15T08:00:00Z,NO2,15.7,PPB,Philadelphia Air Management Services,"EPA AirNow hourly (preliminary, not regulatory AQS)"
421010075,TOR,40.054171,-74.985166,2026-06-15T09:00:00Z,NO2,19.1,PPB,Philadelphia Air Management Services,"EPA AirNow hourly (preliminary, not regulatory AQS)"
421010075,TOR,40.054171,-74.985166,2026-06-15T10:00:00Z,NO2,22.2,PPB,Philadelphia Air Management Services,"EPA AirNow hourly (preliminary, not regulatory AQS)"
421010075,TOR,40.054171,-74.985166,2026-06-15T11:00:00Z,NO2,22.4,PPB,Philadelphia Air Management Services,"EPA AirNow hourly (preliminary, not regulatory AQS)"
421010075,TOR,40.054171,-74.985166,2026-06-15T12:00:00Z,NO2,20.7,PPB,Philadelphia Air Management Services,"EPA AirNow hourly (preliminary, not regulatory AQS)"
421010075,TOR,40.054171,-74.985166,2026-06-15T13:00:00Z,NO2,19.2,PPB,Philadelphia Air Management Services,"EPA AirNow hourly (preliminary, not regulatory AQS)"
421010075,TOR,40.054171,-74.985166,2026-06-15T14:00:00Z,NO2,20.0,PPB,Philadelphia Air Management Services,"EPA AirNow hourly (preliminary, not regulatory AQS)"
421010075,TOR,40.054171,-74.985166,2026-06-15T15:00:00Z,NO2,21.3,PPB,Philadelphia Air Management Services,"EPA AirNow hourly (preliminary, not regulatory AQS)"
421010075,TOR,40.054171,-74.985166,2026-06-15T16:00:00Z,NO2,18.4,PPB,Philadelphia Air Management Services,"EPA AirNow hourly (preliminary, not regulatory AQS)"
421010075,TOR,40.054171,-74.985166,2026-06-15T17:00:00Z,NO2,21.5,PPB,Philadelphia Air Management Services,"EPA AirNow hourly (preliminary, not regulatory AQS)"
421010075,TOR,40.054171,-74.985166,2026-06-15T18:00:00Z,NO2,18.8,PPB,Philadelphia Air Management Services,"EPA AirNow hourly (preliminary, not regulatory AQS)"
421010075,TOR,40.054171,-74.985166,2026-06-15T19:00:00Z,NO2,16.3,PPB,Philadelphia Air Management Services,"EPA AirNow hourly (preliminary, not regulatory AQS)"
421010075,TOR,40.054171,-74.985166,2026-06-15T20:00:00Z,NO2,14.0,PPB,Philadelphia Air Management Services,"EPA AirNow hourly (preliminary, not regulatory AQS)"
421010075,TOR,40.054171,-74.985166,2026-06-15T21:00:00Z,NO2,16.3,PPB,Philadelphia Air Management Services,"EPA AirNow hourly (preliminary, not regulatory AQS)"
421010075,TOR,40.054171,-74.985166,2026-06-15T22:00:00Z,NO2,15.5,PPB,Philadelphia Air Management Services,"EPA AirNow hourly (preliminary, not regulatory AQS)"
421010075,TOR,40.054171,-74.985166,2026-06-15T23:00:00Z,NO2,16.1,PPB,Philadelphia Air Management Services,"EPA AirNow hourly (preliminary, not regulatory AQS)"
421010076,MON,39.988842,-75.207205,2026-06-15T00:00:00Z,NO2,9.3,PPB,Philadelphia Air Management Services,"EPA AirNow hourly (preliminary, not regulatory AQS)"
421010076,MON,39.988842,-75.207205,2026-06-15T01:00:00Z,NO2,9.1,PPB,Philadelphia Air Management Services,"EPA AirNow hourly (preliminary, not regulatory AQS)"
421010076,MON,39.988842,-75.207205,2026-06-15T02:00:00Z,NO2,5.7,PPB,Philadelphia Air Management Services,"EPA AirNow hourly (preliminary, not regulatory AQS)"
421010076,MON,39.988842,-75.207205,2026-06-15T03:00:00Z,NO2,6.4,PPB,Philadelphia Air Management Services,"EPA AirNow hourly (preliminary, not regulatory AQS)"
421010076,MON,39.988842,-75.207205,2026-06-15T04:00:00Z,NO2,6.1,PPB,Philadelphia Air Management Services,"EPA AirNow hourly (preliminary, not regulatory AQS)"
421010076,MON,39.988842,-75.207205,2026-06-15T05:00:00Z,NO2,3.3,PPB,Philadelphia Air Management Services,"EPA AirNow hourly (preliminary, not regulatory AQS)"
421010076,MON,39.988842,-75.207205,2026-06-15T06:00:00Z,NO2,3.7,PPB,Philadelphia Air Management Services,"EPA AirNow hourly (preliminary, not regulatory AQS)"
421010076,MON,39.988842,-75.207205,2026-06-15T07:00:00Z,NO2,2.6,PPB,Philadelphia Air Management Services,"EPA AirNow hourly (preliminary, not regulatory AQS)"
421010076,MON,39.988842,-75.207205,2026-06-15T08:00:00Z,NO2,1.9,PPB,Philadelphia Air Management Services,"EPA AirNow hourly (preliminary, not regulatory AQS)"
421010076,MON,39.988842,-75.207205,2026-06-15T09:00:00Z,NO2,2.2,PPB,Philadelphia Air Management Services,"EPA AirNow hourly (preliminary, not regulatory AQS)"
421010076,MON,39.988842,-75.207205,2026-06-15T10:00:00Z,NO2,2.8,PPB,Philadelphia Air Management Services,"EPA AirNow hourly (preliminary, not regulatory AQS)"
421010076,MON,39.988842,-75.207205,2026-06-15T11:00:00Z,NO2,3.0,PPB,Philadelphia Air Management Services,"EPA AirNow hourly (preliminary, not regulatory AQS)"
421010076,MON,39.988842,-75.207205,2026-06-15T12:00:00Z,NO2,2.5,PPB,Philadelphia Air Management Services,"EPA AirNow hourly (preliminary, not regulatory AQS)"
421010076,MON,39.988842,-75.207205,2026-06-15T13:00:00Z,NO2,2.1,PPB,Philadelphia Air Management Services,"EPA AirNow hourly (preliminary, not regulatory AQS)"
421010076,MON,39.988842,-75.207205,2026-06-15T14:00:00Z,NO2,1.1,PPB,Philadelphia Air Management Services,"EPA AirNow hourly (preliminary, not regulatory AQS)"
421010076,MON,39.988842,-75.207205,2026-06-15T15:00:00Z,NO2,1.5,PPB,Philadelphia Air Management Services,"EPA AirNow hourly (preliminary, not regulatory AQS)"
421010076,MON,39.988842,-75.207205,2026-06-15T16:00:00Z,NO2,1.3,PPB,Philadelphia Air Management Services,"EPA AirNow hourly (preliminary, not regulatory AQS)"
421010076,MON,39.988842,-75.207205,2026-06-15T17:00:00Z,NO2,1.5,PPB,Philadelphia Air Management Services,"EPA AirNow hourly (preliminary, not regulatory AQS)"
421010076,MON,39.988842,-75.207205,2026-06-15T18:00:00Z,NO2,2.4,PPB,Philadelphia Air Management Services,"EPA AirNow hourly (preliminary, not regulatory AQS)"
421010076,MON,39.988842,-75.207205,2026-06-15T19:00:00Z,NO2,1.7,PPB,Philadelphia Air Management Services,"EPA AirNow hourly (preliminary, not regulatory AQS)"
421010076,MON,39.988842,-75.207205,2026-06-15T20:00:00Z,NO2,1.3,PPB,Philadelphia Air Management Services,"EPA AirNow hourly (preliminary, not regulatory AQS)"
421010076,MON,39.988842,-75.207205,2026-06-15T21:00:00Z,NO2,1.0,PPB,Philadelphia Air Management Services,"EPA AirNow hourly (preliminary, not regulatory AQS)"
421010076,MON,39.988842,-75.207205,2026-06-15T22:00:00Z,NO2,1.4,PPB,Philadelphia Air Management Services,"EPA AirNow hourly (preliminary, not regulatory AQS)"
421010076,MON,39.988842,-75.207205,2026-06-15T23:00:00Z,NO2,1.8,PPB,Philadelphia Air Management Services,"EPA AirNow hourly (preliminary, not regulatory AQS)"
440071010,E Providence,41.840302,-71.361702,2026-06-15T00:00:00Z,NO2,2.4,PPB,Rhode Island Dept. of Environmental Management,"EPA AirNow hourly (preliminary, not regulatory AQS)"
440071010,E Providence,41.840302,-71.361702,2026-06-15T01:00:00Z,NO2,2.0,PPB,Rhode Island Dept. of Environmental Management,"EPA AirNow hourly (preliminary, not regulatory AQS)"
440071010,E Providence,41.840302,-71.361702,2026-06-15T02:00:00Z,NO2,1.4,PPB,Rhode Island Dept. of Environmental Management,"EPA AirNow hourly (preliminary, not regulatory AQS)"
440071010,E Providence,41.840302,-71.361702,2026-06-15T03:00:00Z,NO2,1.3,PPB,Rhode Island Dept. of Environmental Management,"EPA AirNow hourly (preliminary, not regulatory AQS)"
440071010,E Providence,41.840302,-71.361702,2026-06-15T04:00:00Z,NO2,1.2,PPB,Rhode Island Dept. of Environmental Management,"EPA AirNow hourly (preliminary, not regulatory AQS)"
440071010,E Providence,41.840302,-71.361702,2026-06-15T07:00:00Z,NO2,1.4,PPB,Rhode Island Dept. of Environmental Management,"EPA AirNow hourly (preliminary, not regulatory AQS)"
440071010,E Providence,41.840302,-71.361702,2026-06-15T08:00:00Z,NO2,1.8,PPB,Rhode Island Dept. of Environmental Management,"EPA AirNow hourly (preliminary, not regulatory AQS)"
440071010,E Providence,41.840302,-71.361702,2026-06-15T09:00:00Z,NO2,2.8,PPB,Rhode Island Dept. of Environmental Management,"EPA AirNow hourly (preliminary, not regulatory AQS)"
440071010,E Providence,41.840302,-71.361702,2026-06-15T10:00:00Z,NO2,4.5,PPB,Rhode Island Dept. of Environmental Management,"EPA AirNow hourly (preliminary, not regulatory AQS)"
440071010,E Providence,41.840302,-71.361702,2026-06-15T11:00:00Z,NO2,3.7,PPB,Rhode Island Dept. of Environmental Management,"EPA AirNow hourly (preliminary, not regulatory AQS)"
440071010,E Providence,41.840302,-71.361702,2026-06-15T12:00:00Z,NO2,4.2,PPB,Rhode Island Dept. of Environmental Management,"EPA AirNow hourly (preliminary, not regulatory AQS)"
440071010,E Providence,41.840302,-71.361702,2026-06-15T13:00:00Z,NO2,1.9,PPB,Rhode Island Dept. of Environmental Management,"EPA AirNow hourly (preliminary, not regulatory AQS)"
440071010,E Providence,41.840302,-71.361702,2026-06-15T14:00:00Z,NO2,1.5,PPB,Rhode Island Dept. of Environmental Management,"EPA AirNow hourly (preliminary, not regulatory AQS)"
440071010,E Providence,41.840302,-71.361702,2026-06-15T15:00:00Z,NO2,1.5,PPB,Rhode Island Dept. of Environmental Management,"EPA AirNow hourly (preliminary, not regulatory AQS)"
440071010,E Providence,41.840302,-71.361702,2026-06-15T16:00:00Z,NO2,1.3,PPB,Rhode Island Dept. of Environmental Management,"EPA AirNow hourly (preliminary, not regulatory AQS)"
440071010,E Providence,41.840302,-71.361702,2026-06-15T17:00:00Z,NO2,1.4,PPB,Rhode Island Dept. of Environmental Management,"EPA AirNow hourly (preliminary, not regulatory AQS)"
440071010,E Providence,41.840302,-71.361702,2026-06-15T18:00:00Z,NO2,1.2,PPB,Rhode Island Dept. of Environmental Management,"EPA AirNow hourly (preliminary, not regulatory AQS)"
440071010,E Providence,41.840302,-71.361702,2026-06-15T19:00:00Z,NO2,1.0,PPB,Rhode Island Dept. of Environmental Management,"EPA AirNow hourly (preliminary, not regulatory AQS)"
440071010,E Providence,41.840302,-71.361702,2026-06-15T20:00:00Z,NO2,1.2,PPB,Rhode Island Dept. of Environmental Management,"EPA AirNow hourly (preliminary, not regulatory AQS)"
440071010,E Providence,41.840302,-71.361702,2026-06-15T21:00:00Z,NO2,0.9,PPB,Rhode Island Dept. of Environmental Management,"EPA AirNow hourly (preliminary, not regulatory AQS)"
440071010,E Providence,41.840302,-71.361702,2026-06-15T22:00:00Z,NO2,1.2,PPB,Rhode Island Dept. of Environmental Management,"EPA AirNow hourly (preliminary, not regulatory AQS)"
440071010,E Providence,41.840302,-71.361702,2026-06-15T23:00:00Z,NO2,1.5,PPB,Rhode Island Dept. of Environmental Management,"EPA AirNow hourly (preliminary, not regulatory AQS)"
510130020,AURORA HILLS,38.8577,-77.05922,2026-06-15T00:00:00Z,NO2,1.6,PPB,Virginia Dept. of Environmental Quality,"EPA AirNow hourly (preliminary, not regulatory AQS)"
510130020,AURORA HILLS,38.8577,-77.05922,2026-06-15T01:00:00Z,NO2,1.5,PPB,Virginia Dept. of Environmental Quality,"EPA AirNow hourly (preliminary, not regulatory AQS)"
510130020,AURORA HILLS,38.8577,-77.05922,2026-06-15T02:00:00Z,NO2,1.6,PPB,Virginia Dept. of Environmental Quality,"EPA AirNow hourly (preliminary, not regulatory AQS)"
510130020,AURORA HILLS,38.8577,-77.05922,2026-06-15T03:00:00Z,NO2,1.6,PPB,Virginia Dept. of Environmental Quality,"EPA AirNow hourly (preliminary, not regulatory AQS)"
510130020,AURORA HILLS,38.8577,-77.05922,2026-06-15T04:00:00Z,NO2,1.8,PPB,Virginia Dept. of Environmental Quality,"EPA AirNow hourly (preliminary, not regulatory AQS)"
510130020,AURORA HILLS,38.8577,-77.05922,2026-06-15T05:00:00Z,NO2,1.4,PPB,Virginia Dept. of Environmental Quality,"EPA AirNow hourly (preliminary, not regulatory AQS)"
510130020,AURORA HILLS,38.8577,-77.05922,2026-06-15T06:00:00Z,NO2,1.1,PPB,Virginia Dept. of Environmental Quality,"EPA AirNow hourly (preliminary, not regulatory AQS)"
510130020,AURORA HILLS,38.8577,-77.05922,2026-06-15T07:00:00Z,NO2,1.0,PPB,Virginia Dept. of Environmental Quality,"EPA AirNow hourly (preliminary, not regulatory AQS)"
510130020,AURORA HILLS,38.8577,-77.05922,2026-06-15T08:00:00Z,NO2,1.1,PPB,Virginia Dept. of Environmental Quality,"EPA AirNow hourly (preliminary, not regulatory AQS)"
510130020,AURORA HILLS,38.8577,-77.05922,2026-06-15T09:00:00Z,NO2,1.5,PPB,Virginia Dept. of Environmental Quality,"EPA AirNow hourly (preliminary, not regulatory AQS)"
510130020,AURORA HILLS,38.8577,-77.05922,2026-06-15T10:00:00Z,NO2,2.0,PPB,Virginia Dept. of Environmental Quality,"EPA AirNow hourly (preliminary, not regulatory AQS)"
510130020,AURORA HILLS,38.8577,-77.05922,2026-06-15T11:00:00Z,NO2,2.0,PPB,Virginia Dept. of Environmental Quality,"EPA AirNow hourly (preliminary, not regulatory AQS)"
510130020,AURORA HILLS,38.8577,-77.05922,2026-06-15T12:00:00Z,NO2,1.8,PPB,Virginia Dept. of Environmental Quality,"EPA AirNow hourly (preliminary, not regulatory AQS)"
510130020,AURORA HILLS,38.8577,-77.05922,2026-06-15T13:00:00Z,NO2,1.7,PPB,Virginia Dept. of Environmental Quality,"EPA AirNow hourly (preliminary, not regulatory AQS)"
510130020,AURORA HILLS,38.8577,-77.05922,2026-06-15T14:00:00Z,NO2,1.5,PPB,Virginia Dept. of Environmental Quality,"EPA AirNow hourly (preliminary, not regulatory AQS)"
510130020,AURORA HILLS,38.8577,-77.05922,2026-06-15T15:00:00Z,NO2,1.4,PPB,Virginia Dept. of Environmental Quality,"EPA AirNow hourly (preliminary, not regulatory AQS)"
510130020,AURORA HILLS,38.8577,-77.05922,2026-06-15T16:00:00Z,NO2,1.5,PPB,Virginia Dept. of Environmental Quality,"EPA AirNow hourly (preliminary, not regulatory AQS)"
510130020,AURORA HILLS,38.8577,-77.05922,2026-06-15T17:00:00Z,NO2,1.6,PPB,Virginia Dept. of Environmental Quality,"EPA AirNow hourly (preliminary, not regulatory AQS)"
510130020,AURORA HILLS,38.8577,-77.05922,2026-06-15T18:00:00Z,NO2,1.2,PPB,Virginia Dept. of Environmental Quality,"EPA AirNow hourly (preliminary, not regulatory AQS)"
510130020,AURORA HILLS,38.8577,-77.05922,2026-06-15T19:00:00Z,NO2,1.3,PPB,Virginia Dept. of Environmental Quality,"EPA AirNow hourly (preliminary, not regulatory AQS)"
510130020,AURORA HILLS,38.8577,-77.05922,2026-06-15T20:00:00Z,NO2,1.7,PPB,Virginia Dept. of Environmental Quality,"EPA AirNow hourly (preliminary, not regulatory AQS)"
510130020,AURORA HILLS,38.8577,-77.05922,2026-06-15T21:00:00Z,NO2,1.5,PPB,Virginia Dept. of Environmental Quality,"EPA AirNow hourly (preliminary, not regulatory AQS)"
510130020,AURORA HILLS,38.8577,-77.05922,2026-06-15T22:00:00Z,NO2,1.9,PPB,Virginia Dept. of Environmental Quality,"EPA AirNow hourly (preliminary, not regulatory AQS)"
510130020,AURORA HILLS,38.8577,-77.05922,2026-06-15T23:00:00Z,NO2,1.6,PPB,Virginia Dept. of Environmental Quality,"EPA AirNow hourly (preliminary, not regulatory AQS)"
510360002,SHIRLEY PLANTATION,37.34438,-77.25925,2026-06-15T00:00:00Z,NO2,2.3,PPB,Virginia Dept. of Environmental Quality,"EPA AirNow hourly (preliminary, not regulatory AQS)"
510360002,SHIRLEY PLANTATION,37.34438,-77.25925,2026-06-15T01:00:00Z,NO2,2.9,PPB,Virginia Dept. of Environmental Quality,"EPA AirNow hourly (preliminary, not regulatory AQS)"
510360002,SHIRLEY PLANTATION,37.34438,-77.25925,2026-06-15T02:00:00Z,NO2,1.9,PPB,Virginia Dept. of Environmental Quality,"EPA AirNow hourly (preliminary, not regulatory AQS)"
510360002,SHIRLEY PLANTATION,37.34438,-77.25925,2026-06-15T03:00:00Z,NO2,3.1,PPB,Virginia Dept. of Environmental Quality,"EPA AirNow hourly (preliminary, not regulatory AQS)"
510360002,SHIRLEY PLANTATION,37.34438,-77.25925,2026-06-15T04:00:00Z,NO2,5.0,PPB,Virginia Dept. of Environmental Quality,"EPA AirNow hourly (preliminary, not regulatory AQS)"
510360002,SHIRLEY PLANTATION,37.34438,-77.25925,2026-06-15T05:00:00Z,NO2,2.7,PPB,Virginia Dept. of Environmental Quality,"EPA AirNow hourly (preliminary, not regulatory AQS)"
510360002,SHIRLEY PLANTATION,37.34438,-77.25925,2026-06-15T06:00:00Z,NO2,2.9,PPB,Virginia Dept. of Environmental Quality,"EPA AirNow hourly (preliminary, not regulatory AQS)"
510360002,SHIRLEY PLANTATION,37.34438,-77.25925,2026-06-15T07:00:00Z,NO2,3.8,PPB,Virginia Dept. of Environmental Quality,"EPA AirNow hourly (preliminary, not regulatory AQS)"
510360002,SHIRLEY PLANTATION,37.34438,-77.25925,2026-06-15T08:00:00Z,NO2,2.2,PPB,Virginia Dept. of Environmental Quality,"EPA AirNow hourly (preliminary, not regulatory AQS)"
510360002,SHIRLEY PLANTATION,37.34438,-77.25925,2026-06-15T09:00:00Z,NO2,2.1,PPB,Virginia Dept. of Environmental Quality,"EPA AirNow hourly (preliminary, not regulatory AQS)"
510360002,SHIRLEY PLANTATION,37.34438,-77.25925,2026-06-15T10:00:00Z,NO2,1.5,PPB,Virginia Dept. of Environmental Quality,"EPA AirNow hourly (preliminary, not regulatory AQS)"
510360002,SHIRLEY PLANTATION,37.34438,-77.25925,2026-06-15T11:00:00Z,NO2,1.5,PPB,Virginia Dept. of Environmental Quality,"EPA AirNow hourly (preliminary, not regulatory AQS)"
510360002,SHIRLEY PLANTATION,37.34438,-77.25925,2026-06-15T12:00:00Z,NO2,1.4,PPB,Virginia Dept. of Environmental Quality,"EPA AirNow hourly (preliminary, not regulatory AQS)"
510360002,SHIRLEY PLANTATION,37.34438,-77.25925,2026-06-15T14:00:00Z,NO2,1.0,PPB,Virginia Dept. of Environmental Quality,"EPA AirNow hourly (preliminary, not regulatory AQS)"
510360002,SHIRLEY PLANTATION,37.34438,-77.25925,2026-06-15T15:00:00Z,NO2,0.8,PPB,Virginia Dept. of Environmental Quality,"EPA AirNow hourly (preliminary, not regulatory AQS)"
510360002,SHIRLEY PLANTATION,37.34438,-77.25925,2026-06-15T16:00:00Z,NO2,0.6,PPB,Virginia Dept. of Environmental Quality,"EPA AirNow hourly (preliminary, not regulatory AQS)"
510360002,SHIRLEY PLANTATION,37.34438,-77.25925,2026-06-15T17:00:00Z,NO2,0.5,PPB,Virginia Dept. of Environmental Quality,"EPA AirNow hourly (preliminary, not regulatory AQS)"
510360002,SHIRLEY PLANTATION,37.34438,-77.25925,2026-06-15T18:00:00Z,NO2,0.5,PPB,Virginia Dept. of Environmental Quality,"EPA AirNow hourly (preliminary, not regulatory AQS)"
510360002,SHIRLEY PLANTATION,37.34438,-77.25925,2026-06-15T19:00:00Z,NO2,0.8,PPB,Virginia Dept. of Environmental Quality,"EPA AirNow hourly (preliminary, not regulatory AQS)"
510360002,SHIRLEY PLANTATION,37.34438,-77.25925,2026-06-15T20:00:00Z,NO2,0.9,PPB,Virginia Dept. of Environmental Quality,"EPA AirNow hourly (preliminary, not regulatory AQS)"
510360002,SHIRLEY PLANTATION,37.34438,-77.25925,2026-06-15T21:00:00Z,NO2,0.9,PPB,Virginia Dept. of Environmental Quality,"EPA AirNow hourly (preliminary, not regulatory AQS)"
510360002,SHIRLEY PLANTATION,37.34438,-77.25925,2026-06-15T22:00:00Z,NO2,1.9,PPB,Virginia Dept. of Environmental Quality,"EPA AirNow hourly (preliminary, not regulatory AQS)"
510360002,SHIRLEY PLANTATION,37.34438,-77.25925,2026-06-15T23:00:00Z,NO2,3.1,PPB,Virginia Dept. of Environmental Quality,"EPA AirNow hourly (preliminary, not regulatory AQS)"
510870014,MATH & SCIENCE CTR,37.55652,-77.40027,2026-06-15T00:00:00Z,NO2,2.9,PPB,Virginia Dept. of Environmental Quality,"EPA AirNow hourly (preliminary, not regulatory AQS)"
510870014,MATH & SCIENCE CTR,37.55652,-77.40027,2026-06-15T01:00:00Z,NO2,4.0,PPB,Virginia Dept. of Environmental Quality,"EPA AirNow hourly (preliminary, not regulatory AQS)"
510870014,MATH & SCIENCE CTR,37.55652,-77.40027,2026-06-15T02:00:00Z,NO2,3.9,PPB,Virginia Dept. of Environmental Quality,"EPA AirNow hourly (preliminary, not regulatory AQS)"
510870014,MATH & SCIENCE CTR,37.55652,-77.40027,2026-06-15T03:00:00Z,NO2,5.2,PPB,Virginia Dept. of Environmental Quality,"EPA AirNow hourly (preliminary, not regulatory AQS)"
510870014,MATH & SCIENCE CTR,37.55652,-77.40027,2026-06-15T04:00:00Z,NO2,5.5,PPB,Virginia Dept. of Environmental Quality,"EPA AirNow hourly (preliminary, not regulatory AQS)"
510870014,MATH & SCIENCE CTR,37.55652,-77.40027,2026-06-15T05:00:00Z,NO2,5.2,PPB,Virginia Dept. of Environmental Quality,"EPA AirNow hourly (preliminary, not regulatory AQS)"
510870014,MATH & SCIENCE CTR,37.55652,-77.40027,2026-06-15T06:00:00Z,NO2,4.3,PPB,Virginia Dept. of Environmental Quality,"EPA AirNow hourly (preliminary, not regulatory AQS)"
510870014,MATH & SCIENCE CTR,37.55652,-77.40027,2026-06-15T07:00:00Z,NO2,4.4,PPB,Virginia Dept. of Environmental Quality,"EPA AirNow hourly (preliminary, not regulatory AQS)"
510870014,MATH & SCIENCE CTR,37.55652,-77.40027,2026-06-15T08:00:00Z,NO2,3.3,PPB,Virginia Dept. of Environmental Quality,"EPA AirNow hourly (preliminary, not regulatory AQS)"
510870014,MATH & SCIENCE CTR,37.55652,-77.40027,2026-06-15T09:00:00Z,NO2,4.3,PPB,Virginia Dept. of Environmental Quality,"EPA AirNow hourly (preliminary, not regulatory AQS)"
510870014,MATH & SCIENCE CTR,37.55652,-77.40027,2026-06-15T10:00:00Z,NO2,4.0,PPB,Virginia Dept. of Environmental Quality,"EPA AirNow hourly (preliminary, not regulatory AQS)"
510870014,MATH & SCIENCE CTR,37.55652,-77.40027,2026-06-15T11:00:00Z,NO2,4.5,PPB,Virginia Dept. of Environmental Quality,"EPA AirNow hourly (preliminary, not regulatory AQS)"
510870014,MATH & SCIENCE CTR,37.55652,-77.40027,2026-06-15T12:00:00Z,NO2,3.3,PPB,Virginia Dept. of Environmental Quality,"EPA AirNow hourly (preliminary, not regulatory AQS)"
510870014,MATH & SCIENCE CTR,37.55652,-77.40027,2026-06-15T13:00:00Z,NO2,2.8,PPB,Virginia Dept. of Environmental Quality,"EPA AirNow hourly (preliminary, not regulatory AQS)"
510870014,MATH & SCIENCE CTR,37.55652,-77.40027,2026-06-15T14:00:00Z,NO2,2.4,PPB,Virginia Dept. of Environmental Quality,"EPA AirNow hourly (preliminary, not regulatory AQS)"
510870014,MATH & SCIENCE CTR,37.55652,-77.40027,2026-06-15T15:00:00Z,NO2,2.0,PPB,Virginia Dept. of Environmental Quality,"EPA AirNow hourly (preliminary, not regulatory AQS)"
510870014,MATH & SCIENCE CTR,37.55652,-77.40027,2026-06-15T16:00:00Z,NO2,2.0,PPB,Virginia Dept. of Environmental Quality,"EPA AirNow hourly (preliminary, not regulatory AQS)"
510870014,MATH & SCIENCE CTR,37.55652,-77.40027,2026-06-15T17:00:00Z,NO2,1.9,PPB,Virginia Dept. of Environmental Quality,"EPA AirNow hourly (preliminary, not regulatory AQS)"
510870014,MATH & SCIENCE CTR,37.55652,-77.40027,2026-06-15T18:00:00Z,NO2,1.9,PPB,Virginia Dept. of Environmental Quality,"EPA AirNow hourly (preliminary, not regulatory AQS)"
510870014,MATH & SCIENCE CTR,37.55652,-77.40027,2026-06-15T19:00:00Z,NO2,2.3,PPB,Virginia Dept. of Environmental Quality,"EPA AirNow hourly (preliminary, not regulatory AQS)"
510870014,MATH & SCIENCE CTR,37.55652,-77.40027,2026-06-15T20:00:00Z,NO2,2.4,PPB,Virginia Dept. of Environmental Quality,"EPA AirNow hourly (preliminary, not regulatory AQS)"
510870014,MATH & SCIENCE CTR,37.55652,-77.40027,2026-06-15T21:00:00Z,NO2,2.5,PPB,Virginia Dept. of Environmental Quality,"EPA AirNow hourly (preliminary, not regulatory AQS)"
510870014,MATH & SCIENCE CTR,37.55652,-77.40027,2026-06-15T22:00:00Z,NO2,2.2,PPB,Virginia Dept. of Environmental Quality,"EPA AirNow hourly (preliminary, not regulatory AQS)"
510870014,MATH & SCIENCE CTR,37.55652,-77.40027,2026-06-15T23:00:00Z,NO2,2.5,PPB,Virginia Dept. of Environmental Quality,"EPA AirNow hourly (preliminary, not regulatory AQS)"
511071005,ASHBURN,39.02473,-77.48925,2026-06-15T00:00:00Z,NO2,1.8,PPB,Virginia Dept. of Environmental Quality,"EPA AirNow hourly (preliminary, not regulatory AQS)"
511071005,ASHBURN,39.02473,-77.48925,2026-06-15T01:00:00Z,NO2,1.3,PPB,Virginia Dept. of Environmental Quality,"EPA AirNow hourly (preliminary, not regulatory AQS)"
511071005,ASHBURN,39.02473,-77.48925,2026-06-15T02:00:00Z,NO2,1.6,PPB,Virginia Dept. of Environmental Quality,"EPA AirNow hourly (preliminary, not regulatory AQS)"
511071005,ASHBURN,39.02473,-77.48925,2026-06-15T03:00:00Z,NO2,1.9,PPB,Virginia Dept. of Environmental Quality,"EPA AirNow hourly (preliminary, not regulatory AQS)"
511071005,ASHBURN,39.02473,-77.48925,2026-06-15T04:00:00Z,NO2,0.7,PPB,Virginia Dept. of Environmental Quality,"EPA AirNow hourly (preliminary, not regulatory AQS)"
511071005,ASHBURN,39.02473,-77.48925,2026-06-15T05:00:00Z,NO2,0.9,PPB,Virginia Dept. of Environmental Quality,"EPA AirNow hourly (preliminary, not regulatory AQS)"
511071005,ASHBURN,39.02473,-77.48925,2026-06-15T06:00:00Z,NO2,0.8,PPB,Virginia Dept. of Environmental Quality,"EPA AirNow hourly (preliminary, not regulatory AQS)"
511071005,ASHBURN,39.02473,-77.48925,2026-06-15T07:00:00Z,NO2,0.9,PPB,Virginia Dept. of Environmental Quality,"EPA AirNow hourly (preliminary, not regulatory AQS)"
511071005,ASHBURN,39.02473,-77.48925,2026-06-15T08:00:00Z,NO2,0.8,PPB,Virginia Dept. of Environmental Quality,"EPA AirNow hourly (preliminary, not regulatory AQS)"
511071005,ASHBURN,39.02473,-77.48925,2026-06-15T09:00:00Z,NO2,1.0,PPB,Virginia Dept. of Environmental Quality,"EPA AirNow hourly (preliminary, not regulatory AQS)"
511071005,ASHBURN,39.02473,-77.48925,2026-06-15T10:00:00Z,NO2,1.1,PPB,Virginia Dept. of Environmental Quality,"EPA AirNow hourly (preliminary, not regulatory AQS)"
511071005,ASHBURN,39.02473,-77.48925,2026-06-15T11:00:00Z,NO2,1.5,PPB,Virginia Dept. of Environmental Quality,"EPA AirNow hourly (preliminary, not regulatory AQS)"
511071005,ASHBURN,39.02473,-77.48925,2026-06-15T12:00:00Z,NO2,1.8,PPB,Virginia Dept. of Environmental Quality,"EPA AirNow hourly (preliminary, not regulatory AQS)"
511071005,ASHBURN,39.02473,-77.48925,2026-06-15T13:00:00Z,NO2,1.3,PPB,Virginia Dept. of Environmental Quality,"EPA AirNow hourly (preliminary, not regulatory AQS)"
511071005,ASHBURN,39.02473,-77.48925,2026-06-15T14:00:00Z,NO2,1.0,PPB,Virginia Dept. of Environmental Quality,"EPA AirNow hourly (preliminary, not regulatory AQS)"
511071005,ASHBURN,39.02473,-77.48925,2026-06-15T15:00:00Z,NO2,1.2,PPB,Virginia Dept. of Environmental Quality,"EPA AirNow hourly (preliminary, not regulatory AQS)"
511071005,ASHBURN,39.02473,-77.48925,2026-06-15T16:00:00Z,NO2,0.8,PPB,Virginia Dept. of Environmental Quality,"EPA AirNow hourly (preliminary, not regulatory AQS)"
511071005,ASHBURN,39.02473,-77.48925,2026-06-15T17:00:00Z,NO2,0.9,PPB,Virginia Dept. of Environmental Quality,"EPA AirNow hourly (preliminary, not regulatory AQS)"
511071005,ASHBURN,39.02473,-77.48925,2026-06-15T18:00:00Z,NO2,0.7,PPB,Virginia Dept. of Environmental Quality,"EPA AirNow hourly (preliminary, not regulatory AQS)"
511071005,ASHBURN,39.02473,-77.48925,2026-06-15T19:00:00Z,NO2,0.6,PPB,Virginia Dept. of Environmental Quality,"EPA AirNow hourly (preliminary, not regulatory AQS)"
511071005,ASHBURN,39.02473,-77.48925,2026-06-15T20:00:00Z,NO2,0.7,PPB,Virginia Dept. of Environmental Quality,"EPA AirNow hourly (preliminary, not regulatory AQS)"
511071005,ASHBURN,39.02473,-77.48925,2026-06-15T21:00:00Z,NO2,0.9,PPB,Virginia Dept. of Environmental Quality,"EPA AirNow hourly (preliminary, not regulatory AQS)"
511071005,ASHBURN,39.02473,-77.48925,2026-06-15T22:00:00Z,NO2,0.8,PPB,Virginia Dept. of Environmental Quality,"EPA AirNow hourly (preliminary, not regulatory AQS)"
511071005,ASHBURN,39.02473,-77.48925,2026-06-15T23:00:00Z,NO2,1.1,PPB,Virginia Dept. of Environmental Quality,"EPA AirNow hourly (preliminary, not regulatory AQS)"
511530009,JAMES S. LONG PARK,38.85287,-77.63462,2026-06-15T00:00:00Z,NO2,1.1,PPB,Virginia Dept. of Environmental Quality,"EPA AirNow hourly (preliminary, not regulatory AQS)"
511530009,JAMES S. LONG PARK,38.85287,-77.63462,2026-06-15T01:00:00Z,NO2,1.5,PPB,Virginia Dept. of Environmental Quality,"EPA AirNow hourly (preliminary, not regulatory AQS)"
511530009,JAMES S. LONG PARK,38.85287,-77.63462,2026-06-15T02:00:00Z,NO2,1.8,PPB,Virginia Dept. of Environmental Quality,"EPA AirNow hourly (preliminary, not regulatory AQS)"
511530009,JAMES S. LONG PARK,38.85287,-77.63462,2026-06-15T03:00:00Z,NO2,1.7,PPB,Virginia Dept. of Environmental Quality,"EPA AirNow hourly (preliminary, not regulatory AQS)"
511530009,JAMES S. LONG PARK,38.85287,-77.63462,2026-06-15T04:00:00Z,NO2,0.9,PPB,Virginia Dept. of Environmental Quality,"EPA AirNow hourly (preliminary, not regulatory AQS)"
511530009,JAMES S. LONG PARK,38.85287,-77.63462,2026-06-15T05:00:00Z,NO2,0.5,PPB,Virginia Dept. of Environmental Quality,"EPA AirNow hourly (preliminary, not regulatory AQS)"
511530009,JAMES S. LONG PARK,38.85287,-77.63462,2026-06-15T06:00:00Z,NO2,0.6,PPB,Virginia Dept. of Environmental Quality,"EPA AirNow hourly (preliminary, not regulatory AQS)"
511530009,JAMES S. LONG PARK,38.85287,-77.63462,2026-06-15T07:00:00Z,NO2,0.5,PPB,Virginia Dept. of Environmental Quality,"EPA AirNow hourly (preliminary, not regulatory AQS)"
511530009,JAMES S. LONG PARK,38.85287,-77.63462,2026-06-15T08:00:00Z,NO2,0.6,PPB,Virginia Dept. of Environmental Quality,"EPA AirNow hourly (preliminary, not regulatory AQS)"
511530009,JAMES S. LONG PARK,38.85287,-77.63462,2026-06-15T09:00:00Z,NO2,0.8,PPB,Virginia Dept. of Environmental Quality,"EPA AirNow hourly (preliminary, not regulatory AQS)"
511530009,JAMES S. LONG PARK,38.85287,-77.63462,2026-06-15T10:00:00Z,NO2,1.2,PPB,Virginia Dept. of Environmental Quality,"EPA AirNow hourly (preliminary, not regulatory AQS)"
511530009,JAMES S. LONG PARK,38.85287,-77.63462,2026-06-15T11:00:00Z,NO2,1.8,PPB,Virginia Dept. of Environmental Quality,"EPA AirNow hourly (preliminary, not regulatory AQS)"
511530009,JAMES S. LONG PARK,38.85287,-77.63462,2026-06-15T12:00:00Z,NO2,1.4,PPB,Virginia Dept. of Environmental Quality,"EPA AirNow hourly (preliminary, not regulatory AQS)"
511530009,JAMES S. LONG PARK,38.85287,-77.63462,2026-06-15T13:00:00Z,NO2,1.1,PPB,Virginia Dept. of Environmental Quality,"EPA AirNow hourly (preliminary, not regulatory AQS)"
511530009,JAMES S. LONG PARK,38.85287,-77.63462,2026-06-15T14:00:00Z,NO2,0.7,PPB,Virginia Dept. of Environmental Quality,"EPA AirNow hourly (preliminary, not regulatory AQS)"
511530009,JAMES S. LONG PARK,38.85287,-77.63462,2026-06-15T15:00:00Z,NO2,0.7,PPB,Virginia Dept. of Environmental Quality,"EPA AirNow hourly (preliminary, not regulatory AQS)"
511530009,JAMES S. LONG PARK,38.85287,-77.63462,2026-06-15T16:00:00Z,NO2,0.9,PPB,Virginia Dept. of Environmental Quality,"EPA AirNow hourly (preliminary, not regulatory AQS)"
511530009,JAMES S. LONG PARK,38.85287,-77.63462,2026-06-15T17:00:00Z,NO2,0.9,PPB,Virginia Dept. of Environmental Quality,"EPA AirNow hourly (preliminary, not regulatory AQS)"
511530009,JAMES S. LONG PARK,38.85287,-77.63462,2026-06-15T18:00:00Z,NO2,0.7,PPB,Virginia Dept. of Environmental Quality,"EPA AirNow hourly (preliminary, not regulatory AQS)"
511530009,JAMES S. LONG PARK,38.85287,-77.63462,2026-06-15T19:00:00Z,NO2,1.0,PPB,Virginia Dept. of Environmental Quality,"EPA AirNow hourly (preliminary, not regulatory AQS)"
511530009,JAMES S. LONG PARK,38.85287,-77.63462,2026-06-15T20:00:00Z,NO2,1.1,PPB,Virginia Dept. of Environmental Quality,"EPA AirNow hourly (preliminary, not regulatory AQS)"
511530009,JAMES S. LONG PARK,38.85287,-77.63462,2026-06-15T21:00:00Z,NO2,1.2,PPB,Virginia Dept. of Environmental Quality,"EPA AirNow hourly (preliminary, not regulatory AQS)"
511530009,JAMES S. LONG PARK,38.85287,-77.63462,2026-06-15T22:00:00Z,NO2,1.1,PPB,Virginia Dept. of Environmental Quality,"EPA AirNow hourly (preliminary, not regulatory AQS)"
511530009,JAMES S. LONG PARK,38.85287,-77.63462,2026-06-15T23:00:00Z,NO2,1.0,PPB,Virginia Dept. of Environmental Quality,"EPA AirNow hourly (preliminary, not regulatory AQS)"
511611004,VINTON - Herman Horn,37.28342,-79.88452,2026-06-15T00:00:00Z,NO2,2.5,PPB,Virginia Dept. of Environmental Quality,"EPA AirNow hourly (preliminary, not regulatory AQS)"
511611004,VINTON - Herman Horn,37.28342,-79.88452,2026-06-15T01:00:00Z,NO2,2.5,PPB,Virginia Dept. of Environmental Quality,"EPA AirNow hourly (preliminary, not regulatory AQS)"
511611004,VINTON - Herman Horn,37.28342,-79.88452,2026-06-15T02:00:00Z,NO2,2.8,PPB,Virginia Dept. of Environmental Quality,"EPA AirNow hourly (preliminary, not regulatory AQS)"
511611004,VINTON - Herman Horn,37.28342,-79.88452,2026-06-15T03:00:00Z,NO2,2.3,PPB,Virginia Dept. of Environmental Quality,"EPA AirNow hourly (preliminary, not regulatory AQS)"
511611004,VINTON - Herman Horn,37.28342,-79.88452,2026-06-15T04:00:00Z,NO2,0.9,PPB,Virginia Dept. of Environmental Quality,"EPA AirNow hourly (preliminary, not regulatory AQS)"
511611004,VINTON - Herman Horn,37.28342,-79.88452,2026-06-15T05:00:00Z,NO2,1.3,PPB,Virginia Dept. of Environmental Quality,"EPA AirNow hourly (preliminary, not regulatory AQS)"
511611004,VINTON - Herman Horn,37.28342,-79.88452,2026-06-15T06:00:00Z,NO2,2.4,PPB,Virginia Dept. of Environmental Quality,"EPA AirNow hourly (preliminary, not regulatory AQS)"
511611004,VINTON - Herman Horn,37.28342,-79.88452,2026-06-15T07:00:00Z,NO2,0.7,PPB,Virginia Dept. of Environmental Quality,"EPA AirNow hourly (preliminary, not regulatory AQS)"
511611004,VINTON - Herman Horn,37.28342,-79.88452,2026-06-15T08:00:00Z,NO2,0.9,PPB,Virginia Dept. of Environmental Quality,"EPA AirNow hourly (preliminary, not regulatory AQS)"
511611004,VINTON - Herman Horn,37.28342,-79.88452,2026-06-15T09:00:00Z,NO2,1.1,PPB,Virginia Dept. of Environmental Quality,"EPA AirNow hourly (preliminary, not regulatory AQS)"
511611004,VINTON - Herman Horn,37.28342,-79.88452,2026-06-15T10:00:00Z,NO2,2.7,PPB,Virginia Dept. of Environmental Quality,"EPA AirNow hourly (preliminary, not regulatory AQS)"
511611004,VINTON - Herman Horn,37.28342,-79.88452,2026-06-15T11:00:00Z,NO2,1.4,PPB,Virginia Dept. of Environmental Quality,"EPA AirNow hourly (preliminary, not regulatory AQS)"
511611004,VINTON - Herman Horn,37.28342,-79.88452,2026-06-15T12:00:00Z,NO2,1.7,PPB,Virginia Dept. of Environmental Quality,"EPA AirNow hourly (preliminary, not regulatory AQS)"
511611004,VINTON - Herman Horn,37.28342,-79.88452,2026-06-15T13:00:00Z,NO2,1.0,PPB,Virginia Dept. of Environmental Quality,"EPA AirNow hourly (preliminary, not regulatory AQS)"
511611004,VINTON - Herman Horn,37.28342,-79.88452,2026-06-15T14:00:00Z,NO2,1.3,PPB,Virginia Dept. of Environmental Quality,"EPA AirNow hourly (preliminary, not regulatory AQS)"
511611004,VINTON - Herman Horn,37.28342,-79.88452,2026-06-15T15:00:00Z,NO2,0.9,PPB,Virginia Dept. of Environmental Quality,"EPA AirNow hourly (preliminary, not regulatory AQS)"
511611004,VINTON - Herman Horn,37.28342,-79.88452,2026-06-15T16:00:00Z,NO2,1.0,PPB,Virginia Dept. of Environmental Quality,"EPA AirNow hourly (preliminary, not regulatory AQS)"
511611004,VINTON - Herman Horn,37.28342,-79.88452,2026-06-15T17:00:00Z,NO2,0.5,PPB,Virginia Dept. of Environmental Quality,"EPA AirNow hourly (preliminary, not regulatory AQS)"
511611004,VINTON - Herman Horn,37.28342,-79.88452,2026-06-15T18:00:00Z,NO2,0.6,PPB,Virginia Dept. of Environmental Quality,"EPA AirNow hourly (preliminary, not regulatory AQS)"
511611004,VINTON - Herman Horn,37.28342,-79.88452,2026-06-15T19:00:00Z,NO2,1.0,PPB,Virginia Dept. of Environmental Quality,"EPA AirNow hourly (preliminary, not regulatory AQS)"
511611004,VINTON - Herman Horn,37.28342,-79.88452,2026-06-15T20:00:00Z,NO2,1.2,PPB,Virginia Dept. of Environmental Quality,"EPA AirNow hourly (preliminary, not regulatory AQS)"
511611004,VINTON - Herman Horn,37.28342,-79.88452,2026-06-15T21:00:00Z,NO2,1.0,PPB,Virginia Dept. of Environmental Quality,"EPA AirNow hourly (preliminary, not regulatory AQS)"
511611004,VINTON - Herman Horn,37.28342,-79.88452,2026-06-15T22:00:00Z,NO2,1.1,PPB,Virginia Dept. of Environmental Quality,"EPA AirNow hourly (preliminary, not regulatory AQS)"
511611004,VINTON - Herman Horn,37.28342,-79.88452,2026-06-15T23:00:00Z,NO2,0.7,PPB,Virginia Dept. of Environmental Quality,"EPA AirNow hourly (preliminary, not regulatory AQS)"
511650003,Rockingham,38.47753,-78.81952,2026-06-15T00:00:00Z,NO2,2.3,PPB,Virginia Dept. of Environmental Quality,"EPA AirNow hourly (preliminary, not regulatory AQS)"
511650003,Rockingham,38.47753,-78.81952,2026-06-15T01:00:00Z,NO2,2.1,PPB,Virginia Dept. of Environmental Quality,"EPA AirNow hourly (preliminary, not regulatory AQS)"
511650003,Rockingham,38.47753,-78.81952,2026-06-15T02:00:00Z,NO2,4.0,PPB,Virginia Dept. of Environmental Quality,"EPA AirNow hourly (preliminary, not regulatory AQS)"
511650003,Rockingham,38.47753,-78.81952,2026-06-15T03:00:00Z,NO2,1.7,PPB,Virginia Dept. of Environmental Quality,"EPA AirNow hourly (preliminary, not regulatory AQS)"
511650003,Rockingham,38.47753,-78.81952,2026-06-15T04:00:00Z,NO2,0.5,PPB,Virginia Dept. of Environmental Quality,"EPA AirNow hourly (preliminary, not regulatory AQS)"
511650003,Rockingham,38.47753,-78.81952,2026-06-15T05:00:00Z,NO2,0.2,PPB,Virginia Dept. of Environmental Quality,"EPA AirNow hourly (preliminary, not regulatory AQS)"
511650003,Rockingham,38.47753,-78.81952,2026-06-15T06:00:00Z,NO2,1.1,PPB,Virginia Dept. of Environmental Quality,"EPA AirNow hourly (preliminary, not regulatory AQS)"
511650003,Rockingham,38.47753,-78.81952,2026-06-15T07:00:00Z,NO2,3.4,PPB,Virginia Dept. of Environmental Quality,"EPA AirNow hourly (preliminary, not regulatory AQS)"
511650003,Rockingham,38.47753,-78.81952,2026-06-15T08:00:00Z,NO2,1.0,PPB,Virginia Dept. of Environmental Quality,"EPA AirNow hourly (preliminary, not regulatory AQS)"
511650003,Rockingham,38.47753,-78.81952,2026-06-15T09:00:00Z,NO2,1.3,PPB,Virginia Dept. of Environmental Quality,"EPA AirNow hourly (preliminary, not regulatory AQS)"
511650003,Rockingham,38.47753,-78.81952,2026-06-15T10:00:00Z,NO2,6.6,PPB,Virginia Dept. of Environmental Quality,"EPA AirNow hourly (preliminary, not regulatory AQS)"
511650003,Rockingham,38.47753,-78.81952,2026-06-15T11:00:00Z,NO2,7.8,PPB,Virginia Dept. of Environmental Quality,"EPA AirNow hourly (preliminary, not regulatory AQS)"
511650003,Rockingham,38.47753,-78.81952,2026-06-15T12:00:00Z,NO2,2.1,PPB,Virginia Dept. of Environmental Quality,"EPA AirNow hourly (preliminary, not regulatory AQS)"
511650003,Rockingham,38.47753,-78.81952,2026-06-15T13:00:00Z,NO2,0.5,PPB,Virginia Dept. of Environmental Quality,"EPA AirNow hourly (preliminary, not regulatory AQS)"
511650003,Rockingham,38.47753,-78.81952,2026-06-15T14:00:00Z,NO2,0.5,PPB,Virginia Dept. of Environmental Quality,"EPA AirNow hourly (preliminary, not regulatory AQS)"
511650003,Rockingham,38.47753,-78.81952,2026-06-15T15:00:00Z,NO2,0.1,PPB,Virginia Dept. of Environmental Quality,"EPA AirNow hourly (preliminary, not regulatory AQS)"
511650003,Rockingham,38.47753,-78.81952,2026-06-15T16:00:00Z,NO2,0.2,PPB,Virginia Dept. of Environmental Quality,"EPA AirNow hourly (preliminary, not regulatory AQS)"
511650003,Rockingham,38.47753,-78.81952,2026-06-15T17:00:00Z,NO2,0.0,PPB,Virginia Dept. of Environmental Quality,"EPA AirNow hourly (preliminary, not regulatory AQS)"
511650003,Rockingham,38.47753,-78.81952,2026-06-15T18:00:00Z,NO2,0.1,PPB,Virginia Dept. of Environmental Quality,"EPA AirNow hourly (preliminary, not regulatory AQS)"
511650003,Rockingham,38.47753,-78.81952,2026-06-15T19:00:00Z,NO2,0.2,PPB,Virginia Dept. of Environmental Quality,"EPA AirNow hourly (preliminary, not regulatory AQS)"
511650003,Rockingham,38.47753,-78.81952,2026-06-15T20:00:00Z,NO2,0.2,PPB,Virginia Dept. of Environmental Quality,"EPA AirNow hourly (preliminary, not regulatory AQS)"
511650003,Rockingham,38.47753,-78.81952,2026-06-15T21:00:00Z,NO2,0.2,PPB,Virginia Dept. of Environmental Quality,"EPA AirNow hourly (preliminary, not regulatory AQS)"
511650003,Rockingham,38.47753,-78.81952,2026-06-15T22:00:00Z,NO2,0.1,PPB,Virginia Dept. of Environmental Quality,"EPA AirNow hourly (preliminary, not regulatory AQS)"
511650003,Rockingham,38.47753,-78.81952,2026-06-15T23:00:00Z,NO2,0.5,PPB,Virginia Dept. of Environmental Quality,"EPA AirNow hourly (preliminary, not regulatory AQS)"
516500008,HAMPTON - NASA,37.10373,-76.38702,2026-06-15T00:00:00Z,NO2,3.1,PPB,Virginia Dept. of Environmental Quality,"EPA AirNow hourly (preliminary, not regulatory AQS)"
516500008,HAMPTON - NASA,37.10373,-76.38702,2026-06-15T01:00:00Z,NO2,2.3,PPB,Virginia Dept. of Environmental Quality,"EPA AirNow hourly (preliminary, not regulatory AQS)"
516500008,HAMPTON - NASA,37.10373,-76.38702,2026-06-15T02:00:00Z,NO2,2.8,PPB,Virginia Dept. of Environmental Quality,"EPA AirNow hourly (preliminary, not regulatory AQS)"
516500008,HAMPTON - NASA,37.10373,-76.38702,2026-06-15T03:00:00Z,NO2,3.9,PPB,Virginia Dept. of Environmental Quality,"EPA AirNow hourly (preliminary, not regulatory AQS)"
516500008,HAMPTON - NASA,37.10373,-76.38702,2026-06-15T04:00:00Z,NO2,3.1,PPB,Virginia Dept. of Environmental Quality,"EPA AirNow hourly (preliminary, not regulatory AQS)"
516500008,HAMPTON - NASA,37.10373,-76.38702,2026-06-15T05:00:00Z,NO2,3.1,PPB,Virginia Dept. of Environmental Quality,"EPA AirNow hourly (preliminary, not regulatory AQS)"
516500008,HAMPTON - NASA,37.10373,-76.38702,2026-06-15T06:00:00Z,NO2,3.3,PPB,Virginia Dept. of Environmental Quality,"EPA AirNow hourly (preliminary, not regulatory AQS)"
516500008,HAMPTON - NASA,37.10373,-76.38702,2026-06-15T07:00:00Z,NO2,3.5,PPB,Virginia Dept. of Environmental Quality,"EPA AirNow hourly (preliminary, not regulatory AQS)"
516500008,HAMPTON - NASA,37.10373,-76.38702,2026-06-15T08:00:00Z,NO2,3.8,PPB,Virginia Dept. of Environmental Quality,"EPA AirNow hourly (preliminary, not regulatory AQS)"
516500008,HAMPTON - NASA,37.10373,-76.38702,2026-06-15T09:00:00Z,NO2,3.3,PPB,Virginia Dept. of Environmental Quality,"EPA AirNow hourly (preliminary, not regulatory AQS)"
516500008,HAMPTON - NASA,37.10373,-76.38702,2026-06-15T10:00:00Z,NO2,2.3,PPB,Virginia Dept. of Environmental Quality,"EPA AirNow hourly (preliminary, not regulatory AQS)"
516500008,HAMPTON - NASA,37.10373,-76.38702,2026-06-15T11:00:00Z,NO2,1.9,PPB,Virginia Dept. of Environmental Quality,"EPA AirNow hourly (preliminary, not regulatory AQS)"
516500008,HAMPTON - NASA,37.10373,-76.38702,2026-06-15T12:00:00Z,NO2,1.9,PPB,Virginia Dept. of Environmental Quality,"EPA AirNow hourly (preliminary, not regulatory AQS)"
516500008,HAMPTON - NASA,37.10373,-76.38702,2026-06-15T13:00:00Z,NO2,1.6,PPB,Virginia Dept. of Environmental Quality,"EPA AirNow hourly (preliminary, not regulatory AQS)"
516500008,HAMPTON - NASA,37.10373,-76.38702,2026-06-15T14:00:00Z,NO2,1.4,PPB,Virginia Dept. of Environmental Quality,"EPA AirNow hourly (preliminary, not regulatory AQS)"
516500008,HAMPTON - NASA,37.10373,-76.38702,2026-06-15T15:00:00Z,NO2,1.4,PPB,Virginia Dept. of Environmental Quality,"EPA AirNow hourly (preliminary, not regulatory AQS)"
516500008,HAMPTON - NASA,37.10373,-76.38702,2026-06-15T16:00:00Z,NO2,1.2,PPB,Virginia Dept. of Environmental Quality,"EPA AirNow hourly (preliminary, not regulatory AQS)"
516500008,HAMPTON - NASA,37.10373,-76.38702,2026-06-15T17:00:00Z,NO2,1.2,PPB,Virginia Dept. of Environmental Quality,"EPA AirNow hourly (preliminary, not regulatory AQS)"
516500008,HAMPTON - NASA,37.10373,-76.38702,2026-06-15T18:00:00Z,NO2,1.3,PPB,Virginia Dept. of Environmental Quality,"EPA AirNow hourly (preliminary, not regulatory AQS)"
516500008,HAMPTON - NASA,37.10373,-76.38702,2026-06-15T19:00:00Z,NO2,1.3,PPB,Virginia Dept. of Environmental Quality,"EPA AirNow hourly (preliminary, not regulatory AQS)"
516500008,HAMPTON - NASA,37.10373,-76.38702,2026-06-15T20:00:00Z,NO2,1.3,PPB,Virginia Dept. of Environmental Quality,"EPA AirNow hourly (preliminary, not regulatory AQS)"
516500008,HAMPTON - NASA,37.10373,-76.38702,2026-06-15T21:00:00Z,NO2,2.2,PPB,Virginia Dept. of Environmental Quality,"EPA AirNow hourly (preliminary, not regulatory AQS)"
516500008,HAMPTON - NASA,37.10373,-76.38702,2026-06-15T22:00:00Z,NO2,1.6,PPB,Virginia Dept. of Environmental Quality,"EPA AirNow hourly (preliminary, not regulatory AQS)"
516500008,HAMPTON - NASA,37.10373,-76.38702,2026-06-15T23:00:00Z,NO2,1.6,PPB,Virginia Dept. of Environmental Quality,"EPA AirNow hourly (preliminary, not regulatory AQS)"
517100024,NORFOLK - NOAA,36.85555,-76.30135,2026-06-15T00:00:00Z,NO2,2.0,PPB,Virginia Dept. of Environmental Quality,"EPA AirNow hourly (preliminary, not regulatory AQS)"
517100024,NORFOLK - NOAA,36.85555,-76.30135,2026-06-15T01:00:00Z,NO2,3.8,PPB,Virginia Dept. of Environmental Quality,"EPA AirNow hourly (preliminary, not regulatory AQS)"
517100024,NORFOLK - NOAA,36.85555,-76.30135,2026-06-15T02:00:00Z,NO2,2.2,PPB,Virginia Dept. of Environmental Quality,"EPA AirNow hourly (preliminary, not regulatory AQS)"
517100024,NORFOLK - NOAA,36.85555,-76.30135,2026-06-15T03:00:00Z,NO2,3.6,PPB,Virginia Dept. of Environmental Quality,"EPA AirNow hourly (preliminary, not regulatory AQS)"
517100024,NORFOLK - NOAA,36.85555,-76.30135,2026-06-15T04:00:00Z,NO2,2.5,PPB,Virginia Dept. of Environmental Quality,"EPA AirNow hourly (preliminary, not regulatory AQS)"
517100024,NORFOLK - NOAA,36.85555,-76.30135,2026-06-15T05:00:00Z,NO2,2.2,PPB,Virginia Dept. of Environmental Quality,"EPA AirNow hourly (preliminary, not regulatory AQS)"
517100024,NORFOLK - NOAA,36.85555,-76.30135,2026-06-15T06:00:00Z,NO2,2.3,PPB,Virginia Dept. of Environmental Quality,"EPA AirNow hourly (preliminary, not regulatory AQS)"
517100024,NORFOLK - NOAA,36.85555,-76.30135,2026-06-15T07:00:00Z,NO2,2.5,PPB,Virginia Dept. of Environmental Quality,"EPA AirNow hourly (preliminary, not regulatory AQS)"
517100024,NORFOLK - NOAA,36.85555,-76.30135,2026-06-15T08:00:00Z,NO2,3.2,PPB,Virginia Dept. of Environmental Quality,"EPA AirNow hourly (preliminary, not regulatory AQS)"
517100024,NORFOLK - NOAA,36.85555,-76.30135,2026-06-15T09:00:00Z,NO2,7.7,PPB,Virginia Dept. of Environmental Quality,"EPA AirNow hourly (preliminary, not regulatory AQS)"
517100024,NORFOLK - NOAA,36.85555,-76.30135,2026-06-15T10:00:00Z,NO2,6.9,PPB,Virginia Dept. of Environmental Quality,"EPA AirNow hourly (preliminary, not regulatory AQS)"
517100024,NORFOLK - NOAA,36.85555,-76.30135,2026-06-15T11:00:00Z,NO2,5.9,PPB,Virginia Dept. of Environmental Quality,"EPA AirNow hourly (preliminary, not regulatory AQS)"
517100024,NORFOLK - NOAA,36.85555,-76.30135,2026-06-15T12:00:00Z,NO2,6.0,PPB,Virginia Dept. of Environmental Quality,"EPA AirNow hourly (preliminary, not regulatory AQS)"
517100024,NORFOLK - NOAA,36.85555,-76.30135,2026-06-15T13:00:00Z,NO2,5.4,PPB,Virginia Dept. of Environmental Quality,"EPA AirNow hourly (preliminary, not regulatory AQS)"
517100024,NORFOLK - NOAA,36.85555,-76.30135,2026-06-15T14:00:00Z,NO2,4.3,PPB,Virginia Dept. of Environmental Quality,"EPA AirNow hourly (preliminary, not regulatory AQS)"
517100024,NORFOLK - NOAA,36.85555,-76.30135,2026-06-15T15:00:00Z,NO2,3.4,PPB,Virginia Dept. of Environmental Quality,"EPA AirNow hourly (preliminary, not regulatory AQS)"
517100024,NORFOLK - NOAA,36.85555,-76.30135,2026-06-15T16:00:00Z,NO2,5.3,PPB,Virginia Dept. of Environmental Quality,"EPA AirNow hourly (preliminary, not regulatory AQS)"
517100024,NORFOLK - NOAA,36.85555,-76.30135,2026-06-15T17:00:00Z,NO2,2.5,PPB,Virginia Dept. of Environmental Quality,"EPA AirNow hourly (preliminary, not regulatory AQS)"
517100024,NORFOLK - NOAA,36.85555,-76.30135,2026-06-15T18:00:00Z,NO2,2.7,PPB,Virginia Dept. of Environmental Quality,"EPA AirNow hourly (preliminary, not regulatory AQS)"
517100024,NORFOLK - NOAA,36.85555,-76.30135,2026-06-15T19:00:00Z,NO2,2.6,PPB,Virginia Dept. of Environmental Quality,"EPA AirNow hourly (preliminary, not regulatory AQS)"
517100024,NORFOLK - NOAA,36.85555,-76.30135,2026-06-15T20:00:00Z,NO2,2.4,PPB,Virginia Dept. of Environmental Quality,"EPA AirNow hourly (preliminary, not regulatory AQS)"
517100024,NORFOLK - NOAA,36.85555,-76.30135,2026-06-15T21:00:00Z,NO2,3.7,PPB,Virginia Dept. of Environmental Quality,"EPA AirNow hourly (preliminary, not regulatory AQS)"
517100024,NORFOLK - NOAA,36.85555,-76.30135,2026-06-15T22:00:00Z,NO2,4.4,PPB,Virginia Dept. of Environmental Quality,"EPA AirNow hourly (preliminary, not regulatory AQS)"
517100024,NORFOLK - NOAA,36.85555,-76.30135,2026-06-15T23:00:00Z,NO2,3.8,PPB,Virginia Dept. of Environmental Quality,"EPA AirNow hourly (preliminary, not regulatory AQS)"
840230056606,Portland Ocean Gatew,43.66079,-70.24557,2026-06-15T00:00:00Z,NO2,5.4,PPB,Maine Dept. of Environmental Protection,"EPA AirNow hourly (preliminary, not regulatory AQS)"
840230056606,Portland Ocean Gatew,43.66079,-70.24557,2026-06-15T01:00:00Z,NO2,6.9,PPB,Maine Dept. of Environmental Protection,"EPA AirNow hourly (preliminary, not regulatory AQS)"
840230056606,Portland Ocean Gatew,43.66079,-70.24557,2026-06-15T02:00:00Z,NO2,5.4,PPB,Maine Dept. of Environmental Protection,"EPA AirNow hourly (preliminary, not regulatory AQS)"
840230056606,Portland Ocean Gatew,43.66079,-70.24557,2026-06-15T03:00:00Z,NO2,2.3,PPB,Maine Dept. of Environmental Protection,"EPA AirNow hourly (preliminary, not regulatory AQS)"
840230056606,Portland Ocean Gatew,43.66079,-70.24557,2026-06-15T04:00:00Z,NO2,1.5,PPB,Maine Dept. of Environmental Protection,"EPA AirNow hourly (preliminary, not regulatory AQS)"
840230056606,Portland Ocean Gatew,43.66079,-70.24557,2026-06-15T05:00:00Z,NO2,1.0,PPB,Maine Dept. of Environmental Protection,"EPA AirNow hourly (preliminary, not regulatory AQS)"
840230056606,Portland Ocean Gatew,43.66079,-70.24557,2026-06-15T06:00:00Z,NO2,1.1,PPB,Maine Dept. of Environmental Protection,"EPA AirNow hourly (preliminary, not regulatory AQS)"
840230056606,Portland Ocean Gatew,43.66079,-70.24557,2026-06-15T07:00:00Z,NO2,1.4,PPB,Maine Dept. of Environmental Protection,"EPA AirNow hourly (preliminary, not regulatory AQS)"
840230056606,Portland Ocean Gatew,43.66079,-70.24557,2026-06-15T08:00:00Z,NO2,1.3,PPB,Maine Dept. of Environmental Protection,"EPA AirNow hourly (preliminary, not regulatory AQS)"
840230056606,Portland Ocean Gatew,43.66079,-70.24557,2026-06-15T09:00:00Z,NO2,5.4,PPB,Maine Dept. of Environmental Protection,"EPA AirNow hourly (preliminary, not regulatory AQS)"
840230056606,Portland Ocean Gatew,43.66079,-70.24557,2026-06-15T10:00:00Z,NO2,4.0,PPB,Maine Dept. of Environmental Protection,"EPA AirNow hourly (preliminary, not regulatory AQS)"
840230056606,Portland Ocean Gatew,43.66079,-70.24557,2026-06-15T11:00:00Z,NO2,7.3,PPB,Maine Dept. of Environmental Protection,"EPA AirNow hourly (preliminary, not regulatory AQS)"
840230056606,Portland Ocean Gatew,43.66079,-70.24557,2026-06-15T12:00:00Z,NO2,5.9,PPB,Maine Dept. of Environmental Protection,"EPA AirNow hourly (preliminary, not regulatory AQS)"
840230056606,Portland Ocean Gatew,43.66079,-70.24557,2026-06-15T13:00:00Z,NO2,3.1,PPB,Maine Dept. of Environmental Protection,"EPA AirNow hourly (preliminary, not regulatory AQS)"
840230056606,Portland Ocean Gatew,43.66079,-70.24557,2026-06-15T14:00:00Z,NO2,1.5,PPB,Maine Dept. of Environmental Protection,"EPA AirNow hourly (preliminary, not regulatory AQS)"
840230056606,Portland Ocean Gatew,43.66079,-70.24557,2026-06-15T15:00:00Z,NO2,1.2,PPB,Maine Dept. of Environmental Protection,"EPA AirNow hourly (preliminary, not regulatory AQS)"
840230056606,Portland Ocean Gatew,43.66079,-70.24557,2026-06-15T16:00:00Z,NO2,1.8,PPB,Maine Dept. of Environmental Protection,"EPA AirNow hourly (preliminary, not regulatory AQS)"
840230056606,Portland Ocean Gatew,43.66079,-70.24557,2026-06-15T17:00:00Z,NO2,1.2,PPB,Maine Dept. of Environmental Protection,"EPA AirNow hourly (preliminary, not regulatory AQS)"
840230056606,Portland Ocean Gatew,43.66079,-70.24557,2026-06-15T18:00:00Z,NO2,1.2,PPB,Maine Dept. of Environmental Protection,"EPA AirNow hourly (preliminary, not regulatory AQS)"
840230056606,Portland Ocean Gatew,43.66079,-70.24557,2026-06-15T19:00:00Z,NO2,1.7,PPB,Maine Dept. of Environmental Protection,"EPA AirNow hourly (preliminary, not regulatory AQS)"
840230056606,Portland Ocean Gatew,43.66079,-70.24557,2026-06-15T20:00:00Z,NO2,1.6,PPB,Maine Dept. of Environmental Protection,"EPA AirNow hourly (preliminary, not regulatory AQS)"
840230056606,Portland Ocean Gatew,43.66079,-70.24557,2026-06-15T21:00:00Z,NO2,1.5,PPB,Maine Dept. of Environmental Protection,"EPA AirNow hourly (preliminary, not regulatory AQS)"
840230056606,Portland Ocean Gatew,43.66079,-70.24557,2026-06-15T22:00:00Z,NO2,1.6,PPB,Maine Dept. of Environmental Protection,"EPA AirNow hourly (preliminary, not regulatory AQS)"
840230056606,Portland Ocean Gatew,43.66079,-70.24557,2026-06-15T23:00:00Z,NO2,1.8,PPB,Maine Dept. of Environmental Protection,"EPA AirNow hourly (preliminary, not regulatory AQS)"
840245105253,Lake Montebello,39.33746,-76.58905,2026-06-15T00:00:00Z,NO2,3.5,PPB,Maryland Department of the Environment,"EPA AirNow hourly (preliminary, not regulatory AQS)"
840245105253,Lake Montebello,39.33746,-76.58905,2026-06-15T01:00:00Z,NO2,3.2,PPB,Maryland Department of the Environment,"EPA AirNow hourly (preliminary, not regulatory AQS)"
840245105253,Lake Montebello,39.33746,-76.58905,2026-06-15T02:00:00Z,NO2,3.5,PPB,Maryland Department of the Environment,"EPA AirNow hourly (preliminary, not regulatory AQS)"
840245105253,Lake Montebello,39.33746,-76.58905,2026-06-15T03:00:00Z,NO2,4.0,PPB,Maryland Department of the Environment,"EPA AirNow hourly (preliminary, not regulatory AQS)"
840245105253,Lake Montebello,39.33746,-76.58905,2026-06-15T04:00:00Z,NO2,6.0,PPB,Maryland Department of the Environment,"EPA AirNow hourly (preliminary, not regulatory AQS)"
840245105253,Lake Montebello,39.33746,-76.58905,2026-06-15T05:00:00Z,NO2,2.8,PPB,Maryland Department of the Environment,"EPA AirNow hourly (preliminary, not regulatory AQS)"
840245105253,Lake Montebello,39.33746,-76.58905,2026-06-15T06:00:00Z,NO2,1.7,PPB,Maryland Department of the Environment,"EPA AirNow hourly (preliminary, not regulatory AQS)"
840245105253,Lake Montebello,39.33746,-76.58905,2026-06-15T07:00:00Z,NO2,1.3,PPB,Maryland Department of the Environment,"EPA AirNow hourly (preliminary, not regulatory AQS)"
840245105253,Lake Montebello,39.33746,-76.58905,2026-06-15T09:00:00Z,NO2,2.0,PPB,Maryland Department of the Environment,"EPA AirNow hourly (preliminary, not regulatory AQS)"
840245105253,Lake Montebello,39.33746,-76.58905,2026-06-15T10:00:00Z,NO2,2.5,PPB,Maryland Department of the Environment,"EPA AirNow hourly (preliminary, not regulatory AQS)"
840245105253,Lake Montebello,39.33746,-76.58905,2026-06-15T11:00:00Z,NO2,2.2,PPB,Maryland Department of the Environment,"EPA AirNow hourly (preliminary, not regulatory AQS)"
840245105253,Lake Montebello,39.33746,-76.58905,2026-06-15T12:00:00Z,NO2,2.6,PPB,Maryland Department of the Environment,"EPA AirNow hourly (preliminary, not regulatory AQS)"
840245105253,Lake Montebello,39.33746,-76.58905,2026-06-15T13:00:00Z,NO2,2.5,PPB,Maryland Department of the Environment,"EPA AirNow hourly (preliminary, not regulatory AQS)"
840245105253,Lake Montebello,39.33746,-76.58905,2026-06-15T14:00:00Z,NO2,2.6,PPB,Maryland Department of the Environment,"EPA AirNow hourly (preliminary, not regulatory AQS)"
840245105253,Lake Montebello,39.33746,-76.58905,2026-06-15T15:00:00Z,NO2,2.2,PPB,Maryland Department of the Environment,"EPA AirNow hourly (preliminary, not regulatory AQS)"
840245105253,Lake Montebello,39.33746,-76.58905,2026-06-15T16:00:00Z,NO2,1.9,PPB,Maryland Department of the Environment,"EPA AirNow hourly (preliminary, not regulatory AQS)"
840245105253,Lake Montebello,39.33746,-76.58905,2026-06-15T17:00:00Z,NO2,2.0,PPB,Maryland Department of the Environment,"EPA AirNow hourly (preliminary, not regulatory AQS)"
840245105253,Lake Montebello,39.33746,-76.58905,2026-06-15T18:00:00Z,NO2,1.8,PPB,Maryland Department of the Environment,"EPA AirNow hourly (preliminary, not regulatory AQS)"
840245105253,Lake Montebello,39.33746,-76.58905,2026-06-15T19:00:00Z,NO2,1.8,PPB,Maryland Department of the Environment,"EPA AirNow hourly (preliminary, not regulatory AQS)"
840245105253,Lake Montebello,39.33746,-76.58905,2026-06-15T20:00:00Z,NO2,1.8,PPB,Maryland Department of the Environment,"EPA AirNow hourly (preliminary, not regulatory AQS)"
840245105253,Lake Montebello,39.33746,-76.58905,2026-06-15T21:00:00Z,NO2,1.6,PPB,Maryland Department of the Environment,"EPA AirNow hourly (preliminary, not regulatory AQS)"
840245105253,Lake Montebello,39.33746,-76.58905,2026-06-15T22:00:00Z,NO2,1.8,PPB,Maryland Department of the Environment,"EPA AirNow hourly (preliminary, not regulatory AQS)"
840245105253,Lake Montebello,39.33746,-76.58905,2026-06-15T23:00:00Z,NO2,1.9,PPB,Maryland Department of the Environment,"EPA AirNow hourly (preliminary, not regulatory AQS)"
840250030008,Pittsfield,42.452299,-73.239648,2026-06-15T00:00:00Z,NO2,1.0,PPB,Massachusetts Dept. of Environmental Protection,"EPA AirNow hourly (preliminary, not regulatory AQS)"
840250030008,Pittsfield,42.452299,-73.239648,2026-06-15T01:00:00Z,NO2,1.0,PPB,Massachusetts Dept. of Environmental Protection,"EPA AirNow hourly (preliminary, not regulatory AQS)"
840250030008,Pittsfield,42.452299,-73.239648,2026-06-15T02:00:00Z,NO2,1.0,PPB,Massachusetts Dept. of Environmental Protection,"EPA AirNow hourly (preliminary, not regulatory AQS)"
840250030008,Pittsfield,42.452299,-73.239648,2026-06-15T03:00:00Z,NO2,0.0,PPB,Massachusetts Dept. of Environmental Protection,"EPA AirNow hourly (preliminary, not regulatory AQS)"
840250030008,Pittsfield,42.452299,-73.239648,2026-06-15T04:00:00Z,NO2,0.0,PPB,Massachusetts Dept. of Environmental Protection,"EPA AirNow hourly (preliminary, not regulatory AQS)"
840250030008,Pittsfield,42.452299,-73.239648,2026-06-15T05:00:00Z,NO2,0.0,PPB,Massachusetts Dept. of Environmental Protection,"EPA AirNow hourly (preliminary, not regulatory AQS)"
840250030008,Pittsfield,42.452299,-73.239648,2026-06-15T06:00:00Z,NO2,1.0,PPB,Massachusetts Dept. of Environmental Protection,"EPA AirNow hourly (preliminary, not regulatory AQS)"
840250030008,Pittsfield,42.452299,-73.239648,2026-06-15T07:00:00Z,NO2,1.0,PPB,Massachusetts Dept. of Environmental Protection,"EPA AirNow hourly (preliminary, not regulatory AQS)"
840250030008,Pittsfield,42.452299,-73.239648,2026-06-15T08:00:00Z,NO2,0.0,PPB,Massachusetts Dept. of Environmental Protection,"EPA AirNow hourly (preliminary, not regulatory AQS)"
840250030008,Pittsfield,42.452299,-73.239648,2026-06-15T09:00:00Z,NO2,0.0,PPB,Massachusetts Dept. of Environmental Protection,"EPA AirNow hourly (preliminary, not regulatory AQS)"
840250030008,Pittsfield,42.452299,-73.239648,2026-06-15T10:00:00Z,NO2,0.0,PPB,Massachusetts Dept. of Environmental Protection,"EPA AirNow hourly (preliminary, not regulatory AQS)"
840250030008,Pittsfield,42.452299,-73.239648,2026-06-15T11:00:00Z,NO2,0.0,PPB,Massachusetts Dept. of Environmental Protection,"EPA AirNow hourly (preliminary, not regulatory AQS)"
840250030008,Pittsfield,42.452299,-73.239648,2026-06-15T13:00:00Z,NO2,0.0,PPB,Massachusetts Dept. of Environmental Protection,"EPA AirNow hourly (preliminary, not regulatory AQS)"
840250030008,Pittsfield,42.452299,-73.239648,2026-06-15T14:00:00Z,NO2,0.0,PPB,Massachusetts Dept. of Environmental Protection,"EPA AirNow hourly (preliminary, not regulatory AQS)"
840250030008,Pittsfield,42.452299,-73.239648,2026-06-15T15:00:00Z,NO2,0.0,PPB,Massachusetts Dept. of Environmental Protection,"EPA AirNow hourly (preliminary, not regulatory AQS)"
840250030008,Pittsfield,42.452299,-73.239648,2026-06-15T16:00:00Z,NO2,0.0,PPB,Massachusetts Dept. of Environmental Protection,"EPA AirNow hourly (preliminary, not regulatory AQS)"
840250030008,Pittsfield,42.452299,-73.239648,2026-06-15T17:00:00Z,NO2,0.0,PPB,Massachusetts Dept. of Environmental Protection,"EPA AirNow hourly (preliminary, not regulatory AQS)"
840250030008,Pittsfield,42.452299,-73.239648,2026-06-15T18:00:00Z,NO2,0.0,PPB,Massachusetts Dept. of Environmental Protection,"EPA AirNow hourly (preliminary, not regulatory AQS)"
840250030008,Pittsfield,42.452299,-73.239648,2026-06-15T19:00:00Z,NO2,0.0,PPB,Massachusetts Dept. of Environmental Protection,"EPA AirNow hourly (preliminary, not regulatory AQS)"
840250030008,Pittsfield,42.452299,-73.239648,2026-06-15T20:00:00Z,NO2,0.0,PPB,Massachusetts Dept. of Environmental Protection,"EPA AirNow hourly (preliminary, not regulatory AQS)"
840250030008,Pittsfield,42.452299,-73.239648,2026-06-15T21:00:00Z,NO2,0.0,PPB,Massachusetts Dept. of Environmental Protection,"EPA AirNow hourly (preliminary, not regulatory AQS)"
840250030008,Pittsfield,42.452299,-73.239648,2026-06-15T22:00:00Z,NO2,0.0,PPB,Massachusetts Dept. of Environmental Protection,"EPA AirNow hourly (preliminary, not regulatory AQS)"
840250030008,Pittsfield,42.452299,-73.239648,2026-06-15T23:00:00Z,NO2,0.0,PPB,Massachusetts Dept. of Environmental Protection,"EPA AirNow hourly (preliminary, not regulatory AQS)"
840250154003,Belchertown,42.27809,-72.35207,2026-06-15T00:00:00Z,NO2,1.0,PPB,Massachusetts Dept. of Environmental Protection,"EPA AirNow hourly (preliminary, not regulatory AQS)"
840250154003,Belchertown,42.27809,-72.35207,2026-06-15T01:00:00Z,NO2,1.0,PPB,Massachusetts Dept. of Environmental Protection,"EPA AirNow hourly (preliminary, not regulatory AQS)"
840250154003,Belchertown,42.27809,-72.35207,2026-06-15T02:00:00Z,NO2,1.0,PPB,Massachusetts Dept. of Environmental Protection,"EPA AirNow hourly (preliminary, not regulatory AQS)"
840250154003,Belchertown,42.27809,-72.35207,2026-06-15T03:00:00Z,NO2,1.0,PPB,Massachusetts Dept. of Environmental Protection,"EPA AirNow hourly (preliminary, not regulatory AQS)"
840250154003,Belchertown,42.27809,-72.35207,2026-06-15T04:00:00Z,NO2,1.0,PPB,Massachusetts Dept. of Environmental Protection,"EPA AirNow hourly (preliminary, not regulatory AQS)"
840250154003,Belchertown,42.27809,-72.35207,2026-06-15T05:00:00Z,NO2,1.0,PPB,Massachusetts Dept. of Environmental Protection,"EPA AirNow hourly (preliminary, not regulatory AQS)"
840250154003,Belchertown,42.27809,-72.35207,2026-06-15T06:00:00Z,NO2,1.0,PPB,Massachusetts Dept. of Environmental Protection,"EPA AirNow hourly (preliminary, not regulatory AQS)"
840250154003,Belchertown,42.27809,-72.35207,2026-06-15T07:00:00Z,NO2,1.0,PPB,Massachusetts Dept. of Environmental Protection,"EPA AirNow hourly (preliminary, not regulatory AQS)"
840250154003,Belchertown,42.27809,-72.35207,2026-06-15T08:00:00Z,NO2,1.0,PPB,Massachusetts Dept. of Environmental Protection,"EPA AirNow hourly (preliminary, not regulatory AQS)"
840250154003,Belchertown,42.27809,-72.35207,2026-06-15T09:00:00Z,NO2,1.0,PPB,Massachusetts Dept. of Environmental Protection,"EPA AirNow hourly (preliminary, not regulatory AQS)"
840250154003,Belchertown,42.27809,-72.35207,2026-06-15T10:00:00Z,NO2,1.0,PPB,Massachusetts Dept. of Environmental Protection,"EPA AirNow hourly (preliminary, not regulatory AQS)"
840250154003,Belchertown,42.27809,-72.35207,2026-06-15T11:00:00Z,NO2,1.0,PPB,Massachusetts Dept. of Environmental Protection,"EPA AirNow hourly (preliminary, not regulatory AQS)"
840250154003,Belchertown,42.27809,-72.35207,2026-06-15T12:00:00Z,NO2,1.0,PPB,Massachusetts Dept. of Environmental Protection,"EPA AirNow hourly (preliminary, not regulatory AQS)"
840250154003,Belchertown,42.27809,-72.35207,2026-06-15T13:00:00Z,NO2,1.0,PPB,Massachusetts Dept. of Environmental Protection,"EPA AirNow hourly (preliminary, not regulatory AQS)"
840250154003,Belchertown,42.27809,-72.35207,2026-06-15T14:00:00Z,NO2,1.0,PPB,Massachusetts Dept. of Environmental Protection,"EPA AirNow hourly (preliminary, not regulatory AQS)"
840250154003,Belchertown,42.27809,-72.35207,2026-06-15T15:00:00Z,NO2,1.0,PPB,Massachusetts Dept. of Environmental Protection,"EPA AirNow hourly (preliminary, not regulatory AQS)"
840250154003,Belchertown,42.27809,-72.35207,2026-06-15T16:00:00Z,NO2,1.0,PPB,Massachusetts Dept. of Environmental Protection,"EPA AirNow hourly (preliminary, not regulatory AQS)"
840250154003,Belchertown,42.27809,-72.35207,2026-06-15T17:00:00Z,NO2,1.0,PPB,Massachusetts Dept. of Environmental Protection,"EPA AirNow hourly (preliminary, not regulatory AQS)"
840250154003,Belchertown,42.27809,-72.35207,2026-06-15T18:00:00Z,NO2,1.0,PPB,Massachusetts Dept. of Environmental Protection,"EPA AirNow hourly (preliminary, not regulatory AQS)"
840250154003,Belchertown,42.27809,-72.35207,2026-06-15T19:00:00Z,NO2,1.0,PPB,Massachusetts Dept. of Environmental Protection,"EPA AirNow hourly (preliminary, not regulatory AQS)"
840250154003,Belchertown,42.27809,-72.35207,2026-06-15T20:00:00Z,NO2,1.0,PPB,Massachusetts Dept. of Environmental Protection,"EPA AirNow hourly (preliminary, not regulatory AQS)"
840250154003,Belchertown,42.27809,-72.35207,2026-06-15T21:00:00Z,NO2,1.0,PPB,Massachusetts Dept. of Environmental Protection,"EPA AirNow hourly (preliminary, not regulatory AQS)"
840250154003,Belchertown,42.27809,-72.35207,2026-06-15T22:00:00Z,NO2,1.0,PPB,Massachusetts Dept. of Environmental Protection,"EPA AirNow hourly (preliminary, not regulatory AQS)"
840250154003,Belchertown,42.27809,-72.35207,2026-06-15T23:00:00Z,NO2,1.0,PPB,Massachusetts Dept. of Environmental Protection,"EPA AirNow hourly (preliminary, not regulatory AQS)"
840250170010,Chelmsford - Manning,42.612113,-71.307519,2026-06-15T00:00:00Z,NO2,8.0,PPB,Massachusetts Dept. of Environmental Protection,"EPA AirNow hourly (preliminary, not regulatory AQS)"
840250170010,Chelmsford - Manning,42.612113,-71.307519,2026-06-15T01:00:00Z,NO2,9.0,PPB,Massachusetts Dept. of Environmental Protection,"EPA AirNow hourly (preliminary, not regulatory AQS)"
840250170010,Chelmsford - Manning,42.612113,-71.307519,2026-06-15T02:00:00Z,NO2,6.0,PPB,Massachusetts Dept. of Environmental Protection,"EPA AirNow hourly (preliminary, not regulatory AQS)"
840250170010,Chelmsford - Manning,42.612113,-71.307519,2026-06-15T03:00:00Z,NO2,4.0,PPB,Massachusetts Dept. of Environmental Protection,"EPA AirNow hourly (preliminary, not regulatory AQS)"
840250170010,Chelmsford - Manning,42.612113,-71.307519,2026-06-15T04:00:00Z,NO2,4.0,PPB,Massachusetts Dept. of Environmental Protection,"EPA AirNow hourly (preliminary, not regulatory AQS)"
840250170010,Chelmsford - Manning,42.612113,-71.307519,2026-06-15T05:00:00Z,NO2,5.0,PPB,Massachusetts Dept. of Environmental Protection,"EPA AirNow hourly (preliminary, not regulatory AQS)"
840250170010,Chelmsford - Manning,42.612113,-71.307519,2026-06-15T06:00:00Z,NO2,8.0,PPB,Massachusetts Dept. of Environmental Protection,"EPA AirNow hourly (preliminary, not regulatory AQS)"
840250170010,Chelmsford - Manning,42.612113,-71.307519,2026-06-15T07:00:00Z,NO2,10.0,PPB,Massachusetts Dept. of Environmental Protection,"EPA AirNow hourly (preliminary, not regulatory AQS)"
840250170010,Chelmsford - Manning,42.612113,-71.307519,2026-06-15T08:00:00Z,NO2,16.0,PPB,Massachusetts Dept. of Environmental Protection,"EPA AirNow hourly (preliminary, not regulatory AQS)"
840250170010,Chelmsford - Manning,42.612113,-71.307519,2026-06-15T09:00:00Z,NO2,16.0,PPB,Massachusetts Dept. of Environmental Protection,"EPA AirNow hourly (preliminary, not regulatory AQS)"
840250170010,Chelmsford - Manning,42.612113,-71.307519,2026-06-15T10:00:00Z,NO2,18.0,PPB,Massachusetts Dept. of Environmental Protection,"EPA AirNow hourly (preliminary, not regulatory AQS)"
840250170010,Chelmsford - Manning,42.612113,-71.307519,2026-06-15T11:00:00Z,NO2,5.0,PPB,Massachusetts Dept. of Environmental Protection,"EPA AirNow hourly (preliminary, not regulatory AQS)"
840250170010,Chelmsford - Manning,42.612113,-71.307519,2026-06-15T12:00:00Z,NO2,5.0,PPB,Massachusetts Dept. of Environmental Protection,"EPA AirNow hourly (preliminary, not regulatory AQS)"
840250170010,Chelmsford - Manning,42.612113,-71.307519,2026-06-15T13:00:00Z,NO2,6.0,PPB,Massachusetts Dept. of Environmental Protection,"EPA AirNow hourly (preliminary, not regulatory AQS)"
840250170010,Chelmsford - Manning,42.612113,-71.307519,2026-06-15T14:00:00Z,NO2,5.0,PPB,Massachusetts Dept. of Environmental Protection,"EPA AirNow hourly (preliminary, not regulatory AQS)"
840250170010,Chelmsford - Manning,42.612113,-71.307519,2026-06-15T15:00:00Z,NO2,5.0,PPB,Massachusetts Dept. of Environmental Protection,"EPA AirNow hourly (preliminary, not regulatory AQS)"
840250170010,Chelmsford - Manning,42.612113,-71.307519,2026-06-15T16:00:00Z,NO2,6.0,PPB,Massachusetts Dept. of Environmental Protection,"EPA AirNow hourly (preliminary, not regulatory AQS)"
840250170010,Chelmsford - Manning,42.612113,-71.307519,2026-06-15T17:00:00Z,NO2,4.0,PPB,Massachusetts Dept. of Environmental Protection,"EPA AirNow hourly (preliminary, not regulatory AQS)"
840250170010,Chelmsford - Manning,42.612113,-71.307519,2026-06-15T18:00:00Z,NO2,4.0,PPB,Massachusetts Dept. of Environmental Protection,"EPA AirNow hourly (preliminary, not regulatory AQS)"
840250170010,Chelmsford - Manning,42.612113,-71.307519,2026-06-15T19:00:00Z,NO2,3.0,PPB,Massachusetts Dept. of Environmental Protection,"EPA AirNow hourly (preliminary, not regulatory AQS)"
840250170010,Chelmsford - Manning,42.612113,-71.307519,2026-06-15T20:00:00Z,NO2,3.0,PPB,Massachusetts Dept. of Environmental Protection,"EPA AirNow hourly (preliminary, not regulatory AQS)"
840250170010,Chelmsford - Manning,42.612113,-71.307519,2026-06-15T21:00:00Z,NO2,5.0,PPB,Massachusetts Dept. of Environmental Protection,"EPA AirNow hourly (preliminary, not regulatory AQS)"
840250170010,Chelmsford - Manning,42.612113,-71.307519,2026-06-15T22:00:00Z,NO2,5.0,PPB,Massachusetts Dept. of Environmental Protection,"EPA AirNow hourly (preliminary, not regulatory AQS)"
840250170010,Chelmsford - Manning,42.612113,-71.307519,2026-06-15T23:00:00Z,NO2,6.0,PPB,Massachusetts Dept. of Environmental Protection,"EPA AirNow hourly (preliminary, not regulatory AQS)"
840250212005,Weymouth,42.241229,-70.963346,2026-06-15T00:00:00Z,NO2,2.0,PPB,Massachusetts Dept. of Environmental Protection,"EPA AirNow hourly (preliminary, not regulatory AQS)"
840250212005,Weymouth,42.241229,-70.963346,2026-06-15T01:00:00Z,NO2,2.0,PPB,Massachusetts Dept. of Environmental Protection,"EPA AirNow hourly (preliminary, not regulatory AQS)"
840250212005,Weymouth,42.241229,-70.963346,2026-06-15T02:00:00Z,NO2,2.0,PPB,Massachusetts Dept. of Environmental Protection,"EPA AirNow hourly (preliminary, not regulatory AQS)"
840250212005,Weymouth,42.241229,-70.963346,2026-06-15T03:00:00Z,NO2,1.0,PPB,Massachusetts Dept. of Environmental Protection,"EPA AirNow hourly (preliminary, not regulatory AQS)"
840250212005,Weymouth,42.241229,-70.963346,2026-06-15T04:00:00Z,NO2,1.0,PPB,Massachusetts Dept. of Environmental Protection,"EPA AirNow hourly (preliminary, not regulatory AQS)"
840250212005,Weymouth,42.241229,-70.963346,2026-06-15T05:00:00Z,NO2,1.0,PPB,Massachusetts Dept. of Environmental Protection,"EPA AirNow hourly (preliminary, not regulatory AQS)"
840250212005,Weymouth,42.241229,-70.963346,2026-06-15T06:00:00Z,NO2,1.0,PPB,Massachusetts Dept. of Environmental Protection,"EPA AirNow hourly (preliminary, not regulatory AQS)"
840250212005,Weymouth,42.241229,-70.963346,2026-06-15T07:00:00Z,NO2,1.0,PPB,Massachusetts Dept. of Environmental Protection,"EPA AirNow hourly (preliminary, not regulatory AQS)"
840250212005,Weymouth,42.241229,-70.963346,2026-06-15T08:00:00Z,NO2,1.0,PPB,Massachusetts Dept. of Environmental Protection,"EPA AirNow hourly (preliminary, not regulatory AQS)"
840250212005,Weymouth,42.241229,-70.963346,2026-06-15T09:00:00Z,NO2,1.0,PPB,Massachusetts Dept. of Environmental Protection,"EPA AirNow hourly (preliminary, not regulatory AQS)"
840250212005,Weymouth,42.241229,-70.963346,2026-06-15T10:00:00Z,NO2,2.0,PPB,Massachusetts Dept. of Environmental Protection,"EPA AirNow hourly (preliminary, not regulatory AQS)"
840250212005,Weymouth,42.241229,-70.963346,2026-06-15T11:00:00Z,NO2,3.0,PPB,Massachusetts Dept. of Environmental Protection,"EPA AirNow hourly (preliminary, not regulatory AQS)"
840250212005,Weymouth,42.241229,-70.963346,2026-06-15T12:00:00Z,NO2,3.0,PPB,Massachusetts Dept. of Environmental Protection,"EPA AirNow hourly (preliminary, not regulatory AQS)"
840250212005,Weymouth,42.241229,-70.963346,2026-06-15T13:00:00Z,NO2,2.0,PPB,Massachusetts Dept. of Environmental Protection,"EPA AirNow hourly (preliminary, not regulatory AQS)"
840250212005,Weymouth,42.241229,-70.963346,2026-06-15T14:00:00Z,NO2,2.0,PPB,Massachusetts Dept. of Environmental Protection,"EPA AirNow hourly (preliminary, not regulatory AQS)"
840250212005,Weymouth,42.241229,-70.963346,2026-06-15T15:00:00Z,NO2,2.0,PPB,Massachusetts Dept. of Environmental Protection,"EPA AirNow hourly (preliminary, not regulatory AQS)"
840250212005,Weymouth,42.241229,-70.963346,2026-06-15T16:00:00Z,NO2,2.0,PPB,Massachusetts Dept. of Environmental Protection,"EPA AirNow hourly (preliminary, not regulatory AQS)"
840250212005,Weymouth,42.241229,-70.963346,2026-06-15T17:00:00Z,NO2,2.0,PPB,Massachusetts Dept. of Environmental Protection,"EPA AirNow hourly (preliminary, not regulatory AQS)"
840250212005,Weymouth,42.241229,-70.963346,2026-06-15T18:00:00Z,NO2,2.0,PPB,Massachusetts Dept. of Environmental Protection,"EPA AirNow hourly (preliminary, not regulatory AQS)"
840250212005,Weymouth,42.241229,-70.963346,2026-06-15T19:00:00Z,NO2,1.0,PPB,Massachusetts Dept. of Environmental Protection,"EPA AirNow hourly (preliminary, not regulatory AQS)"
840250212005,Weymouth,42.241229,-70.963346,2026-06-15T20:00:00Z,NO2,2.0,PPB,Massachusetts Dept. of Environmental Protection,"EPA AirNow hourly (preliminary, not regulatory AQS)"
840250212005,Weymouth,42.241229,-70.963346,2026-06-15T21:00:00Z,NO2,1.0,PPB,Massachusetts Dept. of Environmental Protection,"EPA AirNow hourly (preliminary, not regulatory AQS)"
840250212005,Weymouth,42.241229,-70.963346,2026-06-15T22:00:00Z,NO2,1.0,PPB,Massachusetts Dept. of Environmental Protection,"EPA AirNow hourly (preliminary, not regulatory AQS)"
840250212005,Weymouth,42.241229,-70.963346,2026-06-15T23:00:00Z,NO2,2.0,PPB,Massachusetts Dept. of Environmental Protection,"EPA AirNow hourly (preliminary, not regulatory AQS)"
840361030044,Flax Pond,40.961015,-73.13913,2026-06-15T00:00:00Z,NO2,1.3,PPB,New York Dept. of Environmental Conservation,"EPA AirNow hourly (preliminary, not regulatory AQS)"
840361030044,Flax Pond,40.961015,-73.13913,2026-06-15T01:00:00Z,NO2,1.0,PPB,New York Dept. of Environmental Conservation,"EPA AirNow hourly (preliminary, not regulatory AQS)"
840361030044,Flax Pond,40.961015,-73.13913,2026-06-15T02:00:00Z,NO2,0.8,PPB,New York Dept. of Environmental Conservation,"EPA AirNow hourly (preliminary, not regulatory AQS)"
840361030044,Flax Pond,40.961015,-73.13913,2026-06-15T03:00:00Z,NO2,0.6,PPB,New York Dept. of Environmental Conservation,"EPA AirNow hourly (preliminary, not regulatory AQS)"
840361030044,Flax Pond,40.961015,-73.13913,2026-06-15T04:00:00Z,NO2,0.8,PPB,New York Dept. of Environmental Conservation,"EPA AirNow hourly (preliminary, not regulatory AQS)"
840361030044,Flax Pond,40.961015,-73.13913,2026-06-15T05:00:00Z,NO2,0.7,PPB,New York Dept. of Environmental Conservation,"EPA AirNow hourly (preliminary, not regulatory AQS)"
840361030044,Flax Pond,40.961015,-73.13913,2026-06-15T06:00:00Z,NO2,0.8,PPB,New York Dept. of Environmental Conservation,"EPA AirNow hourly (preliminary, not regulatory AQS)"
840361030044,Flax Pond,40.961015,-73.13913,2026-06-15T07:00:00Z,NO2,1.3,PPB,New York Dept. of Environmental Conservation,"EPA AirNow hourly (preliminary, not regulatory AQS)"
840361030044,Flax Pond,40.961015,-73.13913,2026-06-15T08:00:00Z,NO2,1.4,PPB,New York Dept. of Environmental Conservation,"EPA AirNow hourly (preliminary, not regulatory AQS)"
840361030044,Flax Pond,40.961015,-73.13913,2026-06-15T09:00:00Z,NO2,2.3,PPB,New York Dept. of Environmental Conservation,"EPA AirNow hourly (preliminary, not regulatory AQS)"
840361030044,Flax Pond,40.961015,-73.13913,2026-06-15T10:00:00Z,NO2,2.2,PPB,New York Dept. of Environmental Conservation,"EPA AirNow hourly (preliminary, not regulatory AQS)"
840361030044,Flax Pond,40.961015,-73.13913,2026-06-15T11:00:00Z,NO2,0.9,PPB,New York Dept. of Environmental Conservation,"EPA AirNow hourly (preliminary, not regulatory AQS)"
840361030044,Flax Pond,40.961015,-73.13913,2026-06-15T12:00:00Z,NO2,0.6,PPB,New York Dept. of Environmental Conservation,"EPA AirNow hourly (preliminary, not regulatory AQS)"
840361030044,Flax Pond,40.961015,-73.13913,2026-06-15T13:00:00Z,NO2,0.6,PPB,New York Dept. of Environmental Conservation,"EPA AirNow hourly (preliminary, not regulatory AQS)"
840361030044,Flax Pond,40.961015,-73.13913,2026-06-15T14:00:00Z,NO2,0.5,PPB,New York Dept. of Environmental Conservation,"EPA AirNow hourly (preliminary, not regulatory AQS)"
840361030044,Flax Pond,40.961015,-73.13913,2026-06-15T15:00:00Z,NO2,0.6,PPB,New York Dept. of Environmental Conservation,"EPA AirNow hourly (preliminary, not regulatory AQS)"
840361030044,Flax Pond,40.961015,-73.13913,2026-06-15T16:00:00Z,NO2,0.5,PPB,New York Dept. of Environmental Conservation,"EPA AirNow hourly (preliminary, not regulatory AQS)"
840361030044,Flax Pond,40.961015,-73.13913,2026-06-15T17:00:00Z,NO2,0.5,PPB,New York Dept. of Environmental Conservation,"EPA AirNow hourly (preliminary, not regulatory AQS)"
840361030044,Flax Pond,40.961015,-73.13913,2026-06-15T18:00:00Z,NO2,0.6,PPB,New York Dept. of Environmental Conservation,"EPA AirNow hourly (preliminary, not regulatory AQS)"
840361030044,Flax Pond,40.961015,-73.13913,2026-06-15T19:00:00Z,NO2,0.8,PPB,New York Dept. of Environmental Conservation,"EPA AirNow hourly (preliminary, not regulatory AQS)"
840361030044,Flax Pond,40.961015,-73.13913,2026-06-15T20:00:00Z,NO2,0.7,PPB,New York Dept. of Environmental Conservation,"EPA AirNow hourly (preliminary, not regulatory AQS)"
840361030044,Flax Pond,40.961015,-73.13913,2026-06-15T21:00:00Z,NO2,0.6,PPB,New York Dept. of Environmental Conservation,"EPA AirNow hourly (preliminary, not regulatory AQS)"
840361030044,Flax Pond,40.961015,-73.13913,2026-06-15T22:00:00Z,NO2,0.4,PPB,New York Dept. of Environmental Conservation,"EPA AirNow hourly (preliminary, not regulatory AQS)"
840361030044,Flax Pond,40.961015,-73.13913,2026-06-15T23:00:00Z,NO2,0.3,PPB,New York Dept. of Environmental Conservation,"EPA AirNow hourly (preliminary, not regulatory AQS)"
840371190050,I-85 Equipment Drive,35.27829,-80.797,2026-06-15T00:00:00Z,NO2,12.1,PPB,Mecklenburg County Air Quality,"EPA AirNow hourly (preliminary, not regulatory AQS)"
840371190050,I-85 Equipment Drive,35.27829,-80.797,2026-06-15T01:00:00Z,NO2,10.6,PPB,Mecklenburg County Air Quality,"EPA AirNow hourly (preliminary, not regulatory AQS)"
840371190050,I-85 Equipment Drive,35.27829,-80.797,2026-06-15T02:00:00Z,NO2,5.7,PPB,Mecklenburg County Air Quality,"EPA AirNow hourly (preliminary, not regulatory AQS)"
840371190050,I-85 Equipment Drive,35.27829,-80.797,2026-06-15T05:00:00Z,NO2,2.7,PPB,Mecklenburg County Air Quality,"EPA AirNow hourly (preliminary, not regulatory AQS)"
840371190050,I-85 Equipment Drive,35.27829,-80.797,2026-06-15T06:00:00Z,NO2,4.7,PPB,Mecklenburg County Air Quality,"EPA AirNow hourly (preliminary, not regulatory AQS)"
840371190050,I-85 Equipment Drive,35.27829,-80.797,2026-06-15T07:00:00Z,NO2,6.6,PPB,Mecklenburg County Air Quality,"EPA AirNow hourly (preliminary, not regulatory AQS)"
840371190050,I-85 Equipment Drive,35.27829,-80.797,2026-06-15T08:00:00Z,NO2,5.3,PPB,Mecklenburg County Air Quality,"EPA AirNow hourly (preliminary, not regulatory AQS)"
840371190050,I-85 Equipment Drive,35.27829,-80.797,2026-06-15T09:00:00Z,NO2,6.5,PPB,Mecklenburg County Air Quality,"EPA AirNow hourly (preliminary, not regulatory AQS)"
840371190050,I-85 Equipment Drive,35.27829,-80.797,2026-06-15T10:00:00Z,NO2,7.7,PPB,Mecklenburg County Air Quality,"EPA AirNow hourly (preliminary, not regulatory AQS)"
840371190050,I-85 Equipment Drive,35.27829,-80.797,2026-06-15T11:00:00Z,NO2,7.6,PPB,Mecklenburg County Air Quality,"EPA AirNow hourly (preliminary, not regulatory AQS)"
840371190050,I-85 Equipment Drive,35.27829,-80.797,2026-06-15T12:00:00Z,NO2,5.9,PPB,Mecklenburg County Air Quality,"EPA AirNow hourly (preliminary, not regulatory AQS)"
840371190050,I-85 Equipment Drive,35.27829,-80.797,2026-06-15T13:00:00Z,NO2,4.7,PPB,Mecklenburg County Air Quality,"EPA AirNow hourly (preliminary, not regulatory AQS)"
840371190050,I-85 Equipment Drive,35.27829,-80.797,2026-06-15T14:00:00Z,NO2,4.6,PPB,Mecklenburg County Air Quality,"EPA AirNow hourly (preliminary, not regulatory AQS)"
840371190050,I-85 Equipment Drive,35.27829,-80.797,2026-06-15T15:00:00Z,NO2,3.9,PPB,Mecklenburg County Air Quality,"EPA AirNow hourly (preliminary, not regulatory AQS)"
840371190050,I-85 Equipment Drive,35.27829,-80.797,2026-06-15T16:00:00Z,NO2,4.1,PPB,Mecklenburg County Air Quality,"EPA AirNow hourly (preliminary, not regulatory AQS)"
840371190050,I-85 Equipment Drive,35.27829,-80.797,2026-06-15T17:00:00Z,NO2,4.3,PPB,Mecklenburg County Air Quality,"EPA AirNow hourly (preliminary, not regulatory AQS)"
840371190050,I-85 Equipment Drive,35.27829,-80.797,2026-06-15T18:00:00Z,NO2,3.8,PPB,Mecklenburg County Air Quality,"EPA AirNow hourly (preliminary, not regulatory AQS)"
840371190050,I-85 Equipment Drive,35.27829,-80.797,2026-06-15T19:00:00Z,NO2,4.0,PPB,Mecklenburg County Air Quality,"EPA AirNow hourly (preliminary, not regulatory AQS)"
840371190050,I-85 Equipment Drive,35.27829,-80.797,2026-06-15T20:00:00Z,NO2,2.5,PPB,Mecklenburg County Air Quality,"EPA AirNow hourly (preliminary, not regulatory AQS)"
840371190050,I-85 Equipment Drive,35.27829,-80.797,2026-06-15T21:00:00Z,NO2,2.9,PPB,Mecklenburg County Air Quality,"EPA AirNow hourly (preliminary, not regulatory AQS)"
840371190050,I-85 Equipment Drive,35.27829,-80.797,2026-06-15T22:00:00Z,NO2,2.6,PPB,Mecklenburg County Air Quality,"EPA AirNow hourly (preliminary, not regulatory AQS)"
840371190050,I-85 Equipment Drive,35.27829,-80.797,2026-06-15T23:00:00Z,NO2,1.8,PPB,Mecklenburg County Air Quality,"EPA AirNow hourly (preliminary, not regulatory AQS)"
840440070040,Near Road,41.771987,-71.427881,2026-06-15T00:00:00Z,NO2,6.8,PPB,Rhode Island Dept. of Environmental Management,"EPA AirNow hourly (preliminary, not regulatory AQS)"
840440070040,Near Road,41.771987,-71.427881,2026-06-15T01:00:00Z,NO2,5.9,PPB,Rhode Island Dept. of Environmental Management,"EPA AirNow hourly (preliminary, not regulatory AQS)"
840440070040,Near Road,41.771987,-71.427881,2026-06-15T02:00:00Z,NO2,6.8,PPB,Rhode Island Dept. of Environmental Management,"EPA AirNow hourly (preliminary, not regulatory AQS)"
840440070040,Near Road,41.771987,-71.427881,2026-06-15T03:00:00Z,NO2,5.7,PPB,Rhode Island Dept. of Environmental Management,"EPA AirNow hourly (preliminary, not regulatory AQS)"
840440070040,Near Road,41.771987,-71.427881,2026-06-15T04:00:00Z,NO2,5.3,PPB,Rhode Island Dept. of Environmental Management,"EPA AirNow hourly (preliminary, not regulatory AQS)"
840440070040,Near Road,41.771987,-71.427881,2026-06-15T07:00:00Z,NO2,5.6,PPB,Rhode Island Dept. of Environmental Management,"EPA AirNow hourly (preliminary, not regulatory AQS)"
840440070040,Near Road,41.771987,-71.427881,2026-06-15T08:00:00Z,NO2,13.7,PPB,Rhode Island Dept. of Environmental Management,"EPA AirNow hourly (preliminary, not regulatory AQS)"
840440070040,Near Road,41.771987,-71.427881,2026-06-15T09:00:00Z,NO2,15.8,PPB,Rhode Island Dept. of Environmental Management,"EPA AirNow hourly (preliminary, not regulatory AQS)"
840440070040,Near Road,41.771987,-71.427881,2026-06-15T10:00:00Z,NO2,16.4,PPB,Rhode Island Dept. of Environmental Management,"EPA AirNow hourly (preliminary, not regulatory AQS)"
840440070040,Near Road,41.771987,-71.427881,2026-06-15T11:00:00Z,NO2,15.8,PPB,Rhode Island Dept. of Environmental Management,"EPA AirNow hourly (preliminary, not regulatory AQS)"
840440070040,Near Road,41.771987,-71.427881,2026-06-15T12:00:00Z,NO2,11.5,PPB,Rhode Island Dept. of Environmental Management,"EPA AirNow hourly (preliminary, not regulatory AQS)"
840440070040,Near Road,41.771987,-71.427881,2026-06-15T13:00:00Z,NO2,11.1,PPB,Rhode Island Dept. of Environmental Management,"EPA AirNow hourly (preliminary, not regulatory AQS)"
840440070040,Near Road,41.771987,-71.427881,2026-06-15T14:00:00Z,NO2,10.1,PPB,Rhode Island Dept. of Environmental Management,"EPA AirNow hourly (preliminary, not regulatory AQS)"
840440070040,Near Road,41.771987,-71.427881,2026-06-15T15:00:00Z,NO2,10.7,PPB,Rhode Island Dept. of Environmental Management,"EPA AirNow hourly (preliminary, not regulatory AQS)"
840440070040,Near Road,41.771987,-71.427881,2026-06-15T16:00:00Z,NO2,13.4,PPB,Rhode Island Dept. of Environmental Management,"EPA AirNow hourly (preliminary, not regulatory AQS)"
840440070040,Near Road,41.771987,-71.427881,2026-06-15T17:00:00Z,NO2,10.4,PPB,Rhode Island Dept. of Environmental Management,"EPA AirNow hourly (preliminary, not regulatory AQS)"
840440070040,Near Road,41.771987,-71.427881,2026-06-15T18:00:00Z,NO2,8.7,PPB,Rhode Island Dept. of Environmental Management,"EPA AirNow hourly (preliminary, not regulatory AQS)"
840440070040,Near Road,41.771987,-71.427881,2026-06-15T19:00:00Z,NO2,13.9,PPB,Rhode Island Dept. of Environmental Management,"EPA AirNow hourly (preliminary, not regulatory AQS)"
840440070040,Near Road,41.771987,-71.427881,2026-06-15T20:00:00Z,NO2,10.1,PPB,Rhode Island Dept. of Environmental Management,"EPA AirNow hourly (preliminary, not regulatory AQS)"
840440070040,Near Road,41.771987,-71.427881,2026-06-15T21:00:00Z,NO2,8.5,PPB,Rhode Island Dept. of Environmental Management,"EPA AirNow hourly (preliminary, not regulatory AQS)"
840440070040,Near Road,41.771987,-71.427881,2026-06-15T22:00:00Z,NO2,6.2,PPB,Rhode Island Dept. of Environmental Management,"EPA AirNow hourly (preliminary, not regulatory AQS)"
840440070040,Near Road,41.771987,-71.427881,2026-06-15T23:00:00Z,NO2,6.2,PPB,Rhode Island Dept. of Environmental Management,"EPA AirNow hourly (preliminary, not regulatory AQS)"
CC0050103,Saint-Jean-Baptiste,45.641026,-73.499682,2026-06-15T00:00:00Z,NO2,7.7,PPB,Canada-Quebec2,"EPA AirNow hourly (preliminary, not regulatory AQS)"
CC0050103,Saint-Jean-Baptiste,45.641026,-73.499682,2026-06-15T01:00:00Z,NO2,5.7,PPB,Canada-Quebec2,"EPA AirNow hourly (preliminary, not regulatory AQS)"
CC0050103,Saint-Jean-Baptiste,45.641026,-73.499682,2026-06-15T02:00:00Z,NO2,7.2,PPB,Canada-Quebec2,"EPA AirNow hourly (preliminary, not regulatory AQS)"
CC0050103,Saint-Jean-Baptiste,45.641026,-73.499682,2026-06-15T03:00:00Z,NO2,4.7,PPB,Canada-Quebec2,"EPA AirNow hourly (preliminary, not regulatory AQS)"
CC0050103,Saint-Jean-Baptiste,45.641026,-73.499682,2026-06-15T04:00:00Z,NO2,3.8,PPB,Canada-Quebec2,"EPA AirNow hourly (preliminary, not regulatory AQS)"
CC0050103,Saint-Jean-Baptiste,45.641026,-73.499682,2026-06-15T05:00:00Z,NO2,2.5,PPB,Canada-Quebec2,"EPA AirNow hourly (preliminary, not regulatory AQS)"
CC0050103,Saint-Jean-Baptiste,45.641026,-73.499682,2026-06-15T06:00:00Z,NO2,7.0,PPB,Canada-Quebec2,"EPA AirNow hourly (preliminary, not regulatory AQS)"
CC0050103,Saint-Jean-Baptiste,45.641026,-73.499682,2026-06-15T07:00:00Z,NO2,4.2,PPB,Canada-Quebec2,"EPA AirNow hourly (preliminary, not regulatory AQS)"
CC0050103,Saint-Jean-Baptiste,45.641026,-73.499682,2026-06-15T08:00:00Z,NO2,2.1,PPB,Canada-Quebec2,"EPA AirNow hourly (preliminary, not regulatory AQS)"
CC0050103,Saint-Jean-Baptiste,45.641026,-73.499682,2026-06-15T09:00:00Z,NO2,3.7,PPB,Canada-Quebec2,"EPA AirNow hourly (preliminary, not regulatory AQS)"
CC0050103,Saint-Jean-Baptiste,45.641026,-73.499682,2026-06-15T10:00:00Z,NO2,4.9,PPB,Canada-Quebec2,"EPA AirNow hourly (preliminary, not regulatory AQS)"
CC0050103,Saint-Jean-Baptiste,45.641026,-73.499682,2026-06-15T11:00:00Z,NO2,4.5,PPB,Canada-Quebec2,"EPA AirNow hourly (preliminary, not regulatory AQS)"
CC0050103,Saint-Jean-Baptiste,45.641026,-73.499682,2026-06-15T12:00:00Z,NO2,4.8,PPB,Canada-Quebec2,"EPA AirNow hourly (preliminary, not regulatory AQS)"
CC0050103,Saint-Jean-Baptiste,45.641026,-73.499682,2026-06-15T13:00:00Z,NO2,5.3,PPB,Canada-Quebec2,"EPA AirNow hourly (preliminary, not regulatory AQS)"
CC0050103,Saint-Jean-Baptiste,45.641026,-73.499682,2026-06-15T14:00:00Z,NO2,2.3,PPB,Canada-Quebec2,"EPA AirNow hourly (preliminary, not regulatory AQS)"
CC0050103,Saint-Jean-Baptiste,45.641026,-73.499682,2026-06-15T15:00:00Z,NO2,3.7,PPB,Canada-Quebec2,"EPA AirNow hourly (preliminary, not regulatory AQS)"
CC0050103,Saint-Jean-Baptiste,45.641026,-73.499682,2026-06-15T16:00:00Z,NO2,3.1,PPB,Canada-Quebec2,"EPA AirNow hourly (preliminary, not regulatory AQS)"
CC0050103,Saint-Jean-Baptiste,45.641026,-73.499682,2026-06-15T17:00:00Z,NO2,5.0,PPB,Canada-Quebec2,"EPA AirNow hourly (preliminary, not regulatory AQS)"
CC0050103,Saint-Jean-Baptiste,45.641026,-73.499682,2026-06-15T18:00:00Z,NO2,2.9,PPB,Canada-Quebec2,"EPA AirNow hourly (preliminary, not regulatory AQS)"
CC0050103,Saint-Jean-Baptiste,45.641026,-73.499682,2026-06-15T19:00:00Z,NO2,1.7,PPB,Canada-Quebec2,"EPA AirNow hourly (preliminary, not regulatory AQS)"
CC0050103,Saint-Jean-Baptiste,45.641026,-73.499682,2026-06-15T20:00:00Z,NO2,2.1,PPB,Canada-Quebec2,"EPA AirNow hourly (preliminary, not regulatory AQS)"
CC0050103,Saint-Jean-Baptiste,45.641026,-73.499682,2026-06-15T21:00:00Z,NO2,2.5,PPB,Canada-Quebec2,"EPA AirNow hourly (preliminary, not regulatory AQS)"
CC0050103,Saint-Jean-Baptiste,45.641026,-73.499682,2026-06-15T22:00:00Z,NO2,4.9,PPB,Canada-Quebec2,"EPA AirNow hourly (preliminary, not regulatory AQS)"
CC0050103,Saint-Jean-Baptiste,45.641026,-73.499682,2026-06-15T23:00:00Z,NO2,3.9,PPB,Canada-Quebec2,"EPA AirNow hourly (preliminary, not regulatory AQS)"
CC0050126,Sainte-Anne-de-Belle,45.426509,-73.928944,2026-06-15T00:00:00Z,NO2,4.0,PPB,Canada-Quebec2,"EPA AirNow hourly (preliminary, not regulatory AQS)"
CC0050126,Sainte-Anne-de-Belle,45.426509,-73.928944,2026-06-15T01:00:00Z,NO2,2.4,PPB,Canada-Quebec2,"EPA AirNow hourly (preliminary, not regulatory AQS)"
CC0050126,Sainte-Anne-de-Belle,45.426509,-73.928944,2026-06-15T02:00:00Z,NO2,3.2,PPB,Canada-Quebec2,"EPA AirNow hourly (preliminary, not regulatory AQS)"
CC0050126,Sainte-Anne-de-Belle,45.426509,-73.928944,2026-06-15T03:00:00Z,NO2,2.6,PPB,Canada-Quebec2,"EPA AirNow hourly (preliminary, not regulatory AQS)"
CC0050126,Sainte-Anne-de-Belle,45.426509,-73.928944,2026-06-15T04:00:00Z,NO2,1.0,PPB,Canada-Quebec2,"EPA AirNow hourly (preliminary, not regulatory AQS)"
CC0050126,Sainte-Anne-de-Belle,45.426509,-73.928944,2026-06-15T05:00:00Z,NO2,0.5,PPB,Canada-Quebec2,"EPA AirNow hourly (preliminary, not regulatory AQS)"
CC0050126,Sainte-Anne-de-Belle,45.426509,-73.928944,2026-06-15T06:00:00Z,NO2,1.9,PPB,Canada-Quebec2,"EPA AirNow hourly (preliminary, not regulatory AQS)"
CC0050126,Sainte-Anne-de-Belle,45.426509,-73.928944,2026-06-15T07:00:00Z,NO2,1.4,PPB,Canada-Quebec2,"EPA AirNow hourly (preliminary, not regulatory AQS)"
CC0050126,Sainte-Anne-de-Belle,45.426509,-73.928944,2026-06-15T08:00:00Z,NO2,1.6,PPB,Canada-Quebec2,"EPA AirNow hourly (preliminary, not regulatory AQS)"
CC0050126,Sainte-Anne-de-Belle,45.426509,-73.928944,2026-06-15T09:00:00Z,NO2,1.2,PPB,Canada-Quebec2,"EPA AirNow hourly (preliminary, not regulatory AQS)"
CC0050126,Sainte-Anne-de-Belle,45.426509,-73.928944,2026-06-15T10:00:00Z,NO2,0.7,PPB,Canada-Quebec2,"EPA AirNow hourly (preliminary, not regulatory AQS)"
CC0050126,Sainte-Anne-de-Belle,45.426509,-73.928944,2026-06-15T11:00:00Z,NO2,3.0,PPB,Canada-Quebec2,"EPA AirNow hourly (preliminary, not regulatory AQS)"
CC0050126,Sainte-Anne-de-Belle,45.426509,-73.928944,2026-06-15T12:00:00Z,NO2,1.5,PPB,Canada-Quebec2,"EPA AirNow hourly (preliminary, not regulatory AQS)"
CC0050126,Sainte-Anne-de-Belle,45.426509,-73.928944,2026-06-15T13:00:00Z,NO2,0.6,PPB,Canada-Quebec2,"EPA AirNow hourly (preliminary, not regulatory AQS)"
CC0050126,Sainte-Anne-de-Belle,45.426509,-73.928944,2026-06-15T14:00:00Z,NO2,0.5,PPB,Canada-Quebec2,"EPA AirNow hourly (preliminary, not regulatory AQS)"
CC0050126,Sainte-Anne-de-Belle,45.426509,-73.928944,2026-06-15T15:00:00Z,NO2,0.3,PPB,Canada-Quebec2,"EPA AirNow hourly (preliminary, not regulatory AQS)"
CC0050126,Sainte-Anne-de-Belle,45.426509,-73.928944,2026-06-15T16:00:00Z,NO2,0.2,PPB,Canada-Quebec2,"EPA AirNow hourly (preliminary, not regulatory AQS)"
CC0050126,Sainte-Anne-de-Belle,45.426509,-73.928944,2026-06-15T17:00:00Z,NO2,0.2,PPB,Canada-Quebec2,"EPA AirNow hourly (preliminary, not regulatory AQS)"
CC0050126,Sainte-Anne-de-Belle,45.426509,-73.928944,2026-06-15T18:00:00Z,NO2,0.2,PPB,Canada-Quebec2,"EPA AirNow hourly (preliminary, not regulatory AQS)"
CC0050126,Sainte-Anne-de-Belle,45.426509,-73.928944,2026-06-15T19:00:00Z,NO2,0.1,PPB,Canada-Quebec2,"EPA AirNow hourly (preliminary, not regulatory AQS)"
CC0050126,Sainte-Anne-de-Belle,45.426509,-73.928944,2026-06-15T20:00:00Z,NO2,0.1,PPB,Canada-Quebec2,"EPA AirNow hourly (preliminary, not regulatory AQS)"
CC0050126,Sainte-Anne-de-Belle,45.426509,-73.928944,2026-06-15T21:00:00Z,NO2,0.1,PPB,Canada-Quebec2,"EPA AirNow hourly (preliminary, not regulatory AQS)"
CC0050126,Sainte-Anne-de-Belle,45.426509,-73.928944,2026-06-15T22:00:00Z,NO2,0.1,PPB,Canada-Quebec2,"EPA AirNow hourly (preliminary, not regulatory AQS)"
CC0050126,Sainte-Anne-de-Belle,45.426509,-73.928944,2026-06-15T23:00:00Z,NO2,0.2,PPB,Canada-Quebec2,"EPA AirNow hourly (preliminary, not regulatory AQS)"
CC0050129,Rivière-des-Prairies,45.651722,-73.573896,2026-06-15T17:00:00Z,NO2,1.1,PPB,Canada-Quebec2,"EPA AirNow hourly (preliminary, not regulatory AQS)"
CC0050129,Rivière-des-Prairies,45.651722,-73.573896,2026-06-15T18:00:00Z,NO2,1.1,PPB,Canada-Quebec2,"EPA AirNow hourly (preliminary, not regulatory AQS)"
CC0050129,Rivière-des-Prairies,45.651722,-73.573896,2026-06-15T19:00:00Z,NO2,1.0,PPB,Canada-Quebec2,"EPA AirNow hourly (preliminary, not regulatory AQS)"
CC0050129,Rivière-des-Prairies,45.651722,-73.573896,2026-06-15T20:00:00Z,NO2,0.9,PPB,Canada-Quebec2,"EPA AirNow hourly (preliminary, not regulatory AQS)"
CC0050129,Rivière-des-Prairies,45.651722,-73.573896,2026-06-15T21:00:00Z,NO2,1.3,PPB,Canada-Quebec2,"EPA AirNow hourly (preliminary, not regulatory AQS)"
CC0050129,Rivière-des-Prairies,45.651722,-73.573896,2026-06-15T22:00:00Z,NO2,1.2,PPB,Canada-Quebec2,"EPA AirNow hourly (preliminary, not regulatory AQS)"
CC0050129,Rivière-des-Prairies,45.651722,-73.573896,2026-06-15T23:00:00Z,NO2,0.8,PPB,Canada-Quebec2,"EPA AirNow hourly (preliminary, not regulatory AQS)"
CC0050134,Molson,45.542767,-73.572039,2026-06-15T00:00:00Z,NO2,8.5,PPB,Canada-Quebec2,"EPA AirNow hourly (preliminary, not regulatory AQS)"
CC0050134,Molson,45.542767,-73.572039,2026-06-15T01:00:00Z,NO2,6.2,PPB,Canada-Quebec2,"EPA AirNow hourly (preliminary, not regulatory AQS)"
CC0050134,Molson,45.542767,-73.572039,2026-06-15T02:00:00Z,NO2,4.8,PPB,Canada-Quebec2,"EPA AirNow hourly (preliminary, not regulatory AQS)"
CC0050134,Molson,45.542767,-73.572039,2026-06-15T03:00:00Z,NO2,6.2,PPB,Canada-Quebec2,"EPA AirNow hourly (preliminary, not regulatory AQS)"
CC0050134,Molson,45.542767,-73.572039,2026-06-15T04:00:00Z,NO2,3.9,PPB,Canada-Quebec2,"EPA AirNow hourly (preliminary, not regulatory AQS)"
CC0050134,Molson,45.542767,-73.572039,2026-06-15T05:00:00Z,NO2,1.8,PPB,Canada-Quebec2,"EPA AirNow hourly (preliminary, not regulatory AQS)"
CC0050134,Molson,45.542767,-73.572039,2026-06-15T06:00:00Z,NO2,2.1,PPB,Canada-Quebec2,"EPA AirNow hourly (preliminary, not regulatory AQS)"
CC0050134,Molson,45.542767,-73.572039,2026-06-15T07:00:00Z,NO2,2.9,PPB,Canada-Quebec2,"EPA AirNow hourly (preliminary, not regulatory AQS)"
CC0050134,Molson,45.542767,-73.572039,2026-06-15T08:00:00Z,NO2,3.0,PPB,Canada-Quebec2,"EPA AirNow hourly (preliminary, not regulatory AQS)"
CC0050134,Molson,45.542767,-73.572039,2026-06-15T09:00:00Z,NO2,3.1,PPB,Canada-Quebec2,"EPA AirNow hourly (preliminary, not regulatory AQS)"
CC0050134,Molson,45.542767,-73.572039,2026-06-15T10:00:00Z,NO2,4.2,PPB,Canada-Quebec2,"EPA AirNow hourly (preliminary, not regulatory AQS)"
CC0050134,Molson,45.542767,-73.572039,2026-06-15T11:00:00Z,NO2,5.0,PPB,Canada-Quebec2,"EPA AirNow hourly (preliminary, not regulatory AQS)"
CC0050134,Molson,45.542767,-73.572039,2026-06-15T12:00:00Z,NO2,4.8,PPB,Canada-Quebec2,"EPA AirNow hourly (preliminary, not regulatory AQS)"
CC0050134,Molson,45.542767,-73.572039,2026-06-15T13:00:00Z,NO2,2.5,PPB,Canada-Quebec2,"EPA AirNow hourly (preliminary, not regulatory AQS)"
CC0050134,Molson,45.542767,-73.572039,2026-06-15T14:00:00Z,NO2,2.1,PPB,Canada-Quebec2,"EPA AirNow hourly (preliminary, not regulatory AQS)"
CC0050134,Molson,45.542767,-73.572039,2026-06-15T15:00:00Z,NO2,2.8,PPB,Canada-Quebec2,"EPA AirNow hourly (preliminary, not regulatory AQS)"
CC0050134,Molson,45.542767,-73.572039,2026-06-15T16:00:00Z,NO2,2.2,PPB,Canada-Quebec2,"EPA AirNow hourly (preliminary, not regulatory AQS)"
CC0050134,Molson,45.542767,-73.572039,2026-06-15T17:00:00Z,NO2,2.3,PPB,Canada-Quebec2,"EPA AirNow hourly (preliminary, not regulatory AQS)"
CC0050134,Molson,45.542767,-73.572039,2026-06-15T18:00:00Z,NO2,2.0,PPB,Canada-Quebec2,"EPA AirNow hourly (preliminary, not regulatory AQS)"
CC0050134,Molson,45.542767,-73.572039,2026-06-15T19:00:00Z,NO2,2.5,PPB,Canada-Quebec2,"EPA AirNow hourly (preliminary, not regulatory AQS)"
CC0050134,Molson,45.542767,-73.572039,2026-06-15T20:00:00Z,NO2,2.1,PPB,Canada-Quebec2,"EPA AirNow hourly (preliminary, not regulatory AQS)"
CC0050134,Molson,45.542767,-73.572039,2026-06-15T21:00:00Z,NO2,2.0,PPB,Canada-Quebec2,"EPA AirNow hourly (preliminary, not regulatory AQS)"
CC0050134,Molson,45.542767,-73.572039,2026-06-15T22:00:00Z,NO2,2.0,PPB,Canada-Quebec2,"EPA AirNow hourly (preliminary, not regulatory AQS)"
CC0050134,Molson,45.542767,-73.572039,2026-06-15T23:00:00Z,NO2,1.6,PPB,Canada-Quebec2,"EPA AirNow hourly (preliminary, not regulatory AQS)"
