valid_date_local,station_id,station_name,parameter,units,value,averaging_period_hours,data_source,aqi,aqi_category,latitude,longitude,full_station_id,source
07/14/26,000050113,Laval - Chomedey,PM2.5-24hr,UG/M3,18.0,24,Canada-Quebec1,68,1,45.5472,-73.7472,124000050113,AirNow preliminary observations
07/14/26,000050119,Longueuil,PM2.5-24hr,UG/M3,19.7,24,Canada-Quebec1,71,1,45.5231,-73.4939,124000050119,AirNow preliminary observations
07/14/26,000050122,Brossard - Parc Sorbonne,PM2.5-24hr,UG/M3,19.6,24,Canada-Quebec1,71,1,45.44866,-73.468631,124000050122,AirNow preliminary observations
07/14/26,000050137,Terrebonne - Parc Vaillant,PM2.5-24hr,UG/M3,17.0,24,Canada-Quebec1,66,1,45.70476,-73.65776,124000050137,AirNow preliminary observations
07/14/26,000050204,Gatineau - Hull,PM2.5-24hr,UG/M3,21.4,24,Canada-Quebec1,74,1,45.4369,-75.7261,124000050204,AirNow preliminary observations
07/14/26,000050308,Quebec - Vieux-Limoilou,PM2.5-24hr,UG/M3,28.0,24,Canada-Quebec1,86,1,46.8214,-71.2208,124000050308,AirNow preliminary observations
07/14/26,000050310,Quebec - College St-Charles Garnier,PM2.5-24hr,UG/M3,22.4,24,Canada-Quebec1,76,1,46.7969,-71.2461,124000050310,AirNow preliminary observations
07/14/26,000050311,Quebec - Ecole Les Primeveres,PM2.5-24hr,UG/M3,20.0,24,Canada-Quebec1,71,1,46.77417,-71.36972,124000050311,AirNow preliminary observations
07/14/26,000050504,Saguenay - UQAC,PM2.5-24hr,UG/M3,13.0,24,Canada-Quebec1,58,1,48.4153,-71.0528,124000050504,AirNow preliminary observations
07/14/26,000050604,Rouyn-Noranda - Parc Tremblay,PM2.5-24hr,UG/M3,21.1,24,Canada-Quebec1,73,1,48.2344,-78.9833,124000050604,AirNow preliminary observations
07/14/26,000050803,Trois-Rivieres - Ecole MEES,PM2.5-24hr,UG/M3,17.2,24,Canada-Quebec1,66,1,46.357175,-72.546187,124000050803,AirNow preliminary observations
07/14/26,000051201,Shawinigan - Saint-Marc,PM2.5-24hr,UG/M3,22.0,24,Canada-Quebec1,75,1,46.5544,-72.7361,124000051201,AirNow preliminary observations
07/14/26,000051501,Saint-Zephirin-de-Courval,PM2.5-24hr,UG/M3,15.8,24,Canada-Quebec1,63,1,46.0419,-72.66,124000051501,AirNow preliminary observations
07/14/26,000052001,Charette,PM2.5-24hr,UG/M3,19.4,24,Canada-Quebec1,70,1,46.4425,-72.8928,124000052001,AirNow preliminary observations
07/14/26,000052301,Saint-Faustin-Lac-Carre,PM2.5-24hr,UG/M3,20.4,24,Canada-Quebec1,72,1,46.035,-74.4819,124000052301,AirNow preliminary observations
07/14/26,000052401,Parc de la Gatineau - La Peche,PM2.5-24hr,UG/M3,21.2,24,Canada-Quebec1,74,1,45.6222,-76.0178,124000052401,AirNow preliminary observations
07/14/26,000052701,Temiscaming,PM2.5-24hr,UG/M3,21.8,24,Canada-Quebec1,75,1,46.72139,-79.0997,124000052701,AirNow preliminary observations
07/14/26,000052801,Auclair,PM2.5-24hr,UG/M3,15.2,24,Canada-Quebec1,62,1,47.73333,-68.7072,124000052801,AirNow preliminary observations
07/14/26,000053201,Res. Faun. Ashuapmushuan - Pemonka,PM2.5-24hr,UG/M3,13.0,24,Canada-Quebec1,58,1,48.8183,-72.7428,124000053201,AirNow preliminary observations
07/14/26,000053301,Deschambault,PM2.5-24hr,UG/M3,15.8,24,Canada-Quebec1,63,1,46.6822,-71.9678,124000053301,AirNow preliminary observations
07/14/26,000053801,Tingwick,PM2.5-24hr,UG/M3,14.6,24,Canada-Quebec1,61,1,45.9075,-71.9492,124000053801,AirNow preliminary observations
07/14/26,000054201,Chapais,PM2.5-24hr,UG/M3,41.0,24,Canadian Air and Precipitation Monitoring Network,115,2,49.8222,-74.9764,124000054201,AirNow preliminary observations
07/14/26,000054401,Saint-Anicet,PM2.5-24hr,UG/M3,15.3,24,Canada-Quebec1,63,1,45.1167,-74.2833,124000054401,AirNow preliminary observations
07/14/26,000054703,Becancour,PM2.5-24hr,UG/M3,15.5,24,Canada-Quebec1,63,1,46.35,-72.4333,124000054703,AirNow preliminary observations
07/14/26,000054901,La Patrie - Ditton,PM2.5-24hr,UG/M3,11.2,24,Canada-Quebec1,55,1,45.3733,-71.2514,124000054901,AirNow preliminary observations
07/14/26,000055001,Mont-Saint-Michel,PM2.5-24hr,UG/M3,16.6,24,Canada-Quebec1,65,1,46.7686,-75.4319,124000055001,AirNow preliminary observations
07/14/26,000055101,Senneterre,PM2.5-24hr,UG/M3,16.9,24,Canada-Quebec1,66,1,48.4325,-77.1997,124000055101,AirNow preliminary observations
07/14/26,000055301,Saint-Jean-sur-Richelieu - L'Acadie,PM2.5-24hr,UG/M3,13.3,24,Canada-Quebec1,59,1,45.29417,-73.3489,124000055301,AirNow preliminary observations
07/14/26,000055401,Trois-Rivieres - Cap-de-la-Madelaine,PM2.5-24hr,UG/M3,15.8,24,Canada-Quebec1,63,1,46.362425,-72.510042,124000055401,AirNow preliminary observations
07/14/26,000055702,Levis - Parc Georges Maranda,PM2.5-24hr,UG/M3,14.0,24,Canada-Quebec1,60,1,46.80238,-71.16834,124000055702,AirNow preliminary observations
07/14/26,000060104,Ottawa Downtown,PM2.5-24hr,UG/M3,22.6,24,Ontario Ministry of the Environment,76,1,45.434333,-75.67599,124000060104,AirNow preliminary observations
07/14/26,000060204,Windsor Downtown,PM2.5-24hr,UG/M3,12.1,24,Ontario Ministry of the Environment,57,1,42.315778,-83.043667,124000060204,AirNow preliminary observations
07/14/26,000060211,Windsor West,PM2.5-24hr,UG/M3,14.5,24,Ontario Ministry of the Environment,61,1,42.292886,-83.073139,124000060211,AirNow preliminary observations
07/14/26,000060304,Kingston,PM2.5-24hr,UG/M3,30.4,24,Ontario Ministry of the Environment,91,1,44.219953,-76.521143,124000060304,AirNow preliminary observations
07/14/26,000060410,Toronto East,PM2.5-24hr,UG/M3,12.8,24,Ontario Ministry of the Environment,58,1,43.747917,-79.274056,124000060410,AirNow preliminary observations
07/14/26,000060515,Hamilton West,PM2.5-24hr,UG/M3,14.1,24,Ontario Ministry of the Environment,60,1,43.257444,-79.90775,124000060515,AirNow preliminary observations
07/14/26,000060610,Sudbury,PM2.5-24hr,UG/M3,35.6,24,Ontario Ministry of the Environment,101,2,46.492002,-81.003099,124000060610,AirNow preliminary observations
07/14/26,000060709,Sault Ste Marie,PM2.5-24hr,UG/M3,32.9,24,Ontario Ministry of the Environment,95,1,46.533194,-84.309917,124000060709,AirNow preliminary observations
07/14/26,000060904,London,PM2.5-24hr,UG/M3,11.9,24,Ontario Ministry of the Environment,56,1,42.974485,-81.200813,124000060904,AirNow preliminary observations
07/14/26,000061009,Sarnia,PM2.5-24hr,UG/M3,12.0,24,Ontario Ministry of the Environment,56,1,42.990263,-82.395341,124000061009,AirNow preliminary observations
07/14/26,000061104,Peterborough,PM2.5-24hr,UG/M3,32.6,24,Ontario Ministry of the Environment,95,1,44.301848,-78.346384,124000061104,AirNow preliminary observations
07/14/26,000061201,Cornwall,PM2.5-24hr,UG/M3,14.2,24,Ontario Ministry of the Environment,61,1,45.017976,-74.735339,124000061201,AirNow preliminary observations
07/14/26,000061302,St. Catharines,PM2.5-24hr,UG/M3,12.6,24,Ontario Ministry of the Environment,58,1,43.160056,-79.23475,124000061302,AirNow preliminary observations
07/14/26,000061402,Brantford,PM2.5-24hr,UG/M3,12.6,24,Ontario Ministry of the Environment,58,1,43.138611,-80.292639,124000061402,AirNow preliminary observations
07/14/26,000061502,Kitchener,PM2.5-24hr,UG/M3,11.7,24,Ontario Ministry of the Environment,56,1,43.443833,-80.503806,124000061502,AirNow preliminary observations
07/14/26,000061802,Guelph,PM2.5-24hr,UG/M3,12.7,24,Ontario Ministry of the Environment,58,1,43.551611,-80.264167,124000061802,AirNow preliminary observations
07/14/26,000062001,North Bay,PM2.5-24hr,UG/M3,30.0,24,Ontario Ministry of the Environment,90,1,46.32255,-79.449444,124000062001,AirNow preliminary observations
07/14/26,000062501,Tiverton,PM2.5-24hr,UG/M3,12.0,24,Ontario Ministry of the Environment,56,1,44.314472,-81.549722,124000062501,AirNow preliminary observations
07/14/26,000063001,Burlington,PM2.5-24hr,UG/M3,12.7,24,Ontario Ministry of the Environment,58,1,43.314603,-79.80277,124000063001,AirNow preliminary observations
07/14/26,000063301,Dorset,PM2.5-24hr,UG/M3,28.6,24,Ontario Ministry of the Environment,87,1,45.224278,-78.932944,124000063301,AirNow preliminary observations
07/14/26,000063701,Grand Bend,PM2.5-24hr,UG/M3,10.6,24,Ontario Ministry of the Environment,54,1,43.333083,-81.742889,124000063701,AirNow preliminary observations
07/14/26,000064401,Egbert,PM2.5-24hr,UG/M3,18.5,24,Canadian Air and Precipitation Monitoring Network,69,1,44.2325,-79.7814,124000064401,AirNow preliminary observations
07/14/26,000065001,Barrie,PM2.5-24hr,UG/M3,24.1,24,Ontario Ministry of the Environment,79,1,44.382338,-79.702446,124000065001,AirNow preliminary observations
07/14/26,000065201,Parry Sound,PM2.5-24hr,UG/M3,24.2,24,Ontario Ministry of the Environment,79,1,45.338261,-80.039269,124000065201,AirNow preliminary observations
07/14/26,000065301,Port Stanley,PM2.5-24hr,UG/M3,14.0,24,Ontario Ministry of the Environment,60,1,42.672127,-81.162948,124000065301,AirNow preliminary observations
07/14/26,000065401,Belleville,PM2.5-24hr,UG/M3,42.7,24,Ontario Ministry of the Environment,119,2,44.150528,-77.3955,124000065401,AirNow preliminary observations
07/14/26,000065801,Chatham,PM2.5-24hr,UG/M3,11.9,24,Ontario Ministry of the Environment,56,1,42.403964,-82.208306,124000065801,AirNow preliminary observations
07/14/26,000066101,Bonner Lake,PM2.5-24hr,UG/M3,18.7,24,Canadian Air and Precipitation Monitoring Network,69,1,49.3864,-82.1214,124000066101,AirNow preliminary observations
07/14/26,050350005,MARION,PM2.5-24hr,UG/M3,8.3,24,Arkansas Department of Environmental Quality,46,0,35.197156,-90.193178,840050350005,AirNow preliminary observations
07/14/26,051430005,SPRNGDLE,PM2.5-24hr,UG/M3,11.0,24,Arkansas Department of Environmental Quality,55,1,36.179705,-94.11663,840051430005,AirNow preliminary observations
07/14/26,090010010,Bridgeport,PM2.5-24hr,UG/M3,11.6,24,Connecticut Dept. of Energy and Environmental Protection,56,1,41.171398,-73.195297,840090010010,AirNow preliminary observations
07/14/26,090011123,Danbury,PM2.5-24hr,UG/M3,11.8,24,Connecticut Dept. of Energy and Environmental Protection,56,1,41.4014,-73.4447,840090011123,AirNow preliminary observations
07/14/26,090030025,Hartford,PM2.5-24hr,UG/M3,12.1,24,Connecticut Dept. of Energy and Environmental Protection,57,1,41.771444,-72.679923,840090030025,AirNow preliminary observations
07/14/26,090031003,East Hartford,PM2.5-24hr,UG/M3,10.7,24,Connecticut Dept. of Energy and Environmental Protection,54,1,41.7847,-72.6297,840090031003,AirNow preliminary observations
07/14/26,090050005,Cornwall,PM2.5-24hr,UG/M3,10.8,24,Connecticut Dept. of Energy and Environmental Protection,54,1,41.833099,-73.303299,840090050005,AirNow preliminary observations
07/14/26,090090027,New Haven,PM2.5-24hr,UG/M3,11.2,24,Connecticut Dept. of Energy and Environmental Protection,55,1,41.301288,-72.902685,840090090027,AirNow preliminary observations
07/14/26,090092123,Waterbury,PM2.5-24hr,UG/M3,11.8,24,Connecticut Dept. of Energy and Environmental Protection,56,1,41.5503,-73.0442,840090092123,AirNow preliminary observations
07/14/26,090110124,Groton,PM2.5-24hr,UG/M3,10.3,24,Connecticut Dept. of Energy and Environmental Protection,53,1,41.3536,-72.0789,840090110124,AirNow preliminary observations
07/14/26,100010002,KILLENS,PM2.5-24hr,UG/M3,10.0,24,Delaware Dept. of Natural Resources and Environment,53,1,38.986672,-75.5568,840100010002,AirNow preliminary observations
07/14/26,100031003,RIVER ROAD PARK; BELLEFONTE,PM2.5-24hr,UG/M3,11.9,24,Delaware Dept. of Natural Resources and Environment,56,1,39.7611,-75.4919,840100031003,AirNow preliminary observations
07/14/26,100031007,LUMS 2,PM2.5-24hr,UG/M3,7.5,24,Delaware Dept. of Natural Resources and Environment,42,0,39.5513,-75.732,840100031007,AirNow preliminary observations
07/14/26,100031008,Rte 9 Del. City,PM2.5-24hr,UG/M3,8.3,24,Delaware Dept. of Natural Resources and Environment,46,0,39.57768,-75.6036,840100031008,AirNow preliminary observations
07/14/26,100032004,MLK,PM2.5-24hr,UG/M3,8.5,24,Delaware Dept. of Natural Resources and Environment,47,0,39.739444,-75.558056,840100032004,AirNow preliminary observations
07/14/26,100051002,SEAFORD,PM2.5-24hr,UG/M3,7.3,24,Delaware Dept. of Natural Resources and Environment,41,0,38.6539,-75.6106,840100051002,AirNow preliminary observations
07/14/26,110010041,RIVER_Terrace,PM2.5-24hr,UG/M3,7.6,24,District of Columbia - Department of Energy and Environment,42,0,38.895683,-76.958089,840110010041,AirNow preliminary observations
07/14/26,110010043,McMillan Reservoir,PM2.5-24hr,UG/M3,9.6,24,District of Columbia - Department of Energy and Environment,52,1,38.921848,-77.013176,840110010043,AirNow preliminary observations
07/14/26,110010051,DCNearRoad,PM2.5-24hr,UG/M3,12.2,24,District of Columbia - Department of Energy and Environment,57,1,38.894749,-76.953427,840110010051,AirNow preliminary observations
07/14/26,124000050314,Quebec - Charlesbourg,PM2.5-24hr,UG/M3,17.7,24,Canada-Quebec1,67,1,46.8615,-71.2572,124000050314,AirNow preliminary observations
07/14/26,124000050405,Sherbrooke - Parc Sylvie-Daigle,PM2.5-24hr,UG/M3,14.0,24,Canada-Quebec1,60,1,45.41436,-71.88269,124000050405,AirNow preliminary observations
07/14/26,124000050702,Sept-Iles,PM2.5-24hr,UG/M3,13.3,24,Canada-Quebec1,59,1,50.21627,-66.3852,124000050702,AirNow preliminary observations
07/14/26,124000050902,Saguenay - Parc Powell,PM2.5-24hr,UG/M3,13.3,24,Canada-Quebec1,59,1,48.43417,-71.185,124000050902,AirNow preliminary observations
07/14/26,124000051111,Drummondville - Stade Jacques-Desautels,PM2.5-24hr,UG/M3,16.4,24,Canada-Quebec1,65,1,45.8713,-72.50318,124000051111,AirNow preliminary observations
07/14/26,124000051801,St-Joseph-de-Sorel - Ecole Martel,PM2.5-24hr,UG/M3,22.1,24,Canada-Quebec1,75,1,46.045,-73.12972,124000051801,AirNow preliminary observations
07/14/26,124000053703,Saint-Georges,PM2.5-24hr,UG/M3,20.5,24,Canada-Quebec1,72,1,46.12219,-70.65206,124000053703,AirNow preliminary observations
07/14/26,124000055801,Granby - Parc Poitevin,PM2.5-24hr,UG/M3,15.6,24,Canada-Quebec1,63,1,45.41864,-72.73067,124000055801,AirNow preliminary observations
07/14/26,124000056001,Radisson,PM2.5-24hr,UG/M3,3.6,24,Canada-Quebec1,20,0,53.69218,-77.74102,124000056001,AirNow preliminary observations
07/14/26,124000060430,Toronto West,PM2.5-24hr,UG/M3,12.2,24,Ontario Ministry of the Environment,57,1,43.709444,-79.5435,124000060430,AirNow preliminary observations
07/14/26,124000060434,Misssissauga,PM2.5-24hr,UG/M3,10.5,24,Ontario Ministry of the Environment,54,1,43.546174,-79.658797,124000060434,AirNow preliminary observations
07/14/26,124000060440,Toronto North,PM2.5-24hr,UG/M3,12.0,24,Ontario Ministry of the Environment,56,1,43.78047,-79.467372,124000060440,AirNow preliminary observations
07/14/26,124000060445,Toronto Downtown,PM2.5-24hr,UG/M3,14.9,24,Ontario Ministry of the Environment,62,1,43.645451,-79.3891,124000060445,AirNow preliminary observations
07/14/26,124000060450,Brampton,PM2.5-24hr,UG/M3,10.6,24,Ontario Ministry of the Environment,54,1,43.669911,-79.766589,124000060450,AirNow preliminary observations
07/14/26,124000060521,Hamilton Mountain,PM2.5-24hr,UG/M3,12.5,24,Ontario Ministry of the Environment,57,1,43.24132,-79.889328,124000060521,AirNow preliminary observations
07/14/26,124000061603,Oakville,PM2.5-24hr,UG/M3,12.4,24,Ontario Ministry of the Environment,57,1,43.486917,-79.702278,124000061603,AirNow preliminary observations
07/14/26,124000065101,Newmarket,PM2.5-24hr,UG/M3,16.8,24,Ontario Ministry of the Environment,65,1,44.044306,-79.48325,124000065101,AirNow preliminary observations
07/14/26,124000067001,Milton,PM2.5-24hr,UG/M3,13.5,24,Ontario Ministry of the Environment,59,1,43.52965,-79.862449,124000067001,AirNow preliminary observations
07/14/26,124CC0041601,Miramichi,PM2.5-24hr,UG/M3,16.1,24,Canada-New Brunswick1,64,1,47.02567,-65.52049,124CC0041601,AirNow preliminary observations
07/14/26,170191001,BONDVILLE,PM2.5-24hr,UG/M3,11.6,24,Illinois EPA,56,1,40.052241,-88.372549,840170191001,AirNow preliminary observations
07/14/26,170310001,ALSIP,PM2.5-24hr,UG/M3,16.4,24,Illinois EPA,65,1,41.6708,-87.7325,840170310001,AirNow preliminary observations
07/14/26,170310022,CHI_WASH,PM2.5-24hr,UG/M3,17.5,24,Illinois EPA,67,1,41.6878,-87.5389,840170310022,AirNow preliminary observations
07/14/26,170310057,CHI_SP,PM2.5-24hr,UG/M3,15.2,24,Illinois EPA,62,1,41.9136,-87.7239,840170310057,AirNow preliminary observations
07/14/26,170310076,CHI_COM,PM2.5-24hr,UG/M3,13.2,24,Illinois EPA,59,1,41.7547,-87.7136,840170310076,AirNow preliminary observations
07/14/26,170313103,SCHILPRK,PM2.5-24hr,UG/M3,15.8,24,Illinois EPA,63,1,41.965,-87.8761,840170313103,AirNow preliminary observations
07/14/26,170314007,DESPLNS,PM2.5-24hr,UG/M3,11.9,24,Illinois EPA,56,1,42.0603,-87.8631,840170314007,AirNow preliminary observations
07/14/26,170314201,NORTHBRK,PM2.5-24hr,UG/M3,14.1,24,Illinois EPA,60,1,42.1406,-87.7994,840170314201,AirNow preliminary observations
07/14/26,170316005,Cicero Liberty,PM2.5-24hr,UG/M3,14.2,24,Illinois EPA,61,1,41.864329,-87.748826,840170316005,AirNow preliminary observations
07/14/26,170434002,Naperville,PM2.5-24hr,UG/M3,15.0,24,Illinois EPA,62,1,41.7714,-88.1522,840170434002,AirNow preliminary observations
07/14/26,170650002,KNIGHT_P,PM2.5-24hr,UG/M3,8.8,24,Illinois EPA,49,0,38.088902,-88.625,840170650002,AirNow preliminary observations
07/14/26,170830117,JERSEYVL,PM2.5-24hr,UG/M3,12.1,24,Illinois EPA,57,1,39.101439,-90.344494,840170830117,AirNow preliminary observations
07/14/26,171110001,CARY,PM2.5-24hr,UG/M3,11.7,24,Illinois EPA,56,1,42.2211,-88.2411,840171110001,AirNow preliminary observations
07/14/26,171132003,NORMAL,PM2.5-24hr,UG/M3,10.2,24,Illinois EPA,53,1,40.5169,-88.9975,840171132003,AirNow preliminary observations
07/14/26,171150013,DECATUR,PM2.5-24hr,UG/M3,14.5,24,Illinois EPA,61,1,39.8669,-88.9256,840171150013,AirNow preliminary observations
07/14/26,171191007,Granite City Fire Station,PM2.5-24hr,UG/M3,13.5,24,Illinois EPA,59,1,38.7045,-90.1397,840171191007,AirNow preliminary observations
07/14/26,171193007,Wood_River,PM2.5-24hr,UG/M3,14.8,24,Illinois EPA,62,1,38.8606,-90.1058,840171193007,AirNow preliminary observations
07/14/26,171430037,PEORIA_J,PM2.5-24hr,UG/M3,14.7,24,Illinois EPA,61,1,40.6978,-89.5889,840171430037,AirNow preliminary observations
07/14/26,171570001,HOUSTON,PM2.5-24hr,UG/M3,9.1,24,Illinois EPA,51,1,38.1761,-89.7883,840171570001,AirNow preliminary observations
07/14/26,171613002,ROCK_IS,PM2.5-24hr,UG/M3,12.6,24,Illinois EPA,58,1,41.5144,-90.5172,840171613002,AirNow preliminary observations
07/14/26,171630010,East St. Louis,PM2.5-24hr,UG/M3,13.1,24,Illinois EPA,58,1,38.611893,-90.160614,840171630010,AirNow preliminary observations
07/14/26,171670012,Springfield Ag,PM2.5-24hr,UG/M3,13.4,24,Illinois EPA,59,1,39.831921,-89.644164,840171670012,AirNow preliminary observations
07/14/26,171971002,Joliet,PM2.5-24hr,UG/M3,11.0,24,Illinois EPA,55,1,41.526885,-88.116474,840171971002,AirNow preliminary observations
07/14/26,171971011,BRAIDWD,PM2.5-24hr,UG/M3,9.7,24,Illinois EPA,52,1,41.2222,-88.1906,840171971011,AirNow preliminary observations
07/14/26,180390008,Elkhart-Prairie St.,PM2.5-24hr,UG/M3,13.9,24,Indiana Dept. of Environmental Management,60,1,41.657155,-85.968446,840180390008,AirNow preliminary observations
07/14/26,180550001,Plummer,PM2.5-24hr,UG/M3,7.9,24,Indiana Dept. of Environmental Management,44,0,38.985556,-86.99,840180550001,AirNow preliminary observations
07/14/26,180650003,Mechanicsburg,PM2.5-24hr,UG/M3,11.4,24,Indiana Dept. of Environmental Management,55,1,40.009544,-85.52347,840180650003,AirNow preliminary observations
07/14/26,180890022,Gary-IITRI,PM2.5-24hr,UG/M3,15.2,24,Indiana Dept. of Environmental Management,62,1,41.606563,-87.305015,840180890022,AirNow preliminary observations
07/14/26,180890036,Hammond-167th St,PM2.5-24hr,UG/M3,13.2,24,Indiana Dept. of Environmental Management,59,1,41.594427,-87.495044,840180890036,AirNow preliminary observations
07/14/26,180950011,Anderson-Eastside Elem. Sch,PM2.5-24hr,UG/M3,11.7,24,Indiana Dept. of Environmental Management,56,1,40.12569,-85.652127,840180950011,AirNow preliminary observations
07/14/26,180970078,Indpls-Washington Park,PM2.5-24hr,UG/M3,13.2,24,Indiana Dept. of Environmental Management,59,1,39.810833,-86.114444,840180970078,AirNow preliminary observations
07/14/26,180970081,Indpls-W.18th St,PM2.5-24hr,UG/M3,14.4,24,Indiana Dept. of Environmental Management,61,1,39.788889,-86.214722,840180970081,AirNow preliminary observations
07/14/26,180970087,Indpls - I-70 E,PM2.5-24hr,UG/M3,15.0,24,Indiana Dept. of Environmental Management,62,1,39.787933,-86.13088,840180970087,AirNow preliminary observations
07/14/26,181050003,Bloomington - Binford,PM2.5-24hr,UG/M3,9.6,24,Indiana Dept. of Environmental Management,52,1,39.159372,-86.504747,840181050003,AirNow preliminary observations
07/14/26,181270024,Ogden Dunes,PM2.5-24hr,UG/M3,15.0,24,Indiana Dept. of Environmental Management,62,1,41.617814,-87.199533,840181270024,AirNow preliminary observations
07/14/26,181410015,South Bend-Shields Dr,PM2.5-24hr,UG/M3,14.2,24,Indiana Dept. of Environmental Management,61,1,41.696667,-86.214722,840181410015,AirNow preliminary observations
07/14/26,181570008,Lafayette-Greenbush St,PM2.5-24hr,UG/M3,10.6,24,Indiana Dept. of Environmental Management,54,1,40.431667,-86.8525,840181570008,AirNow preliminary observations
07/14/26,181630021,Evansville-Buena Vista,PM2.5-24hr,UG/M3,6.1,24,Indiana Dept. of Environmental Management,34,0,38.01325,-87.577923,840181630021,AirNow preliminary observations
07/14/26,181830003,Larwill,PM2.5-24hr,UG/M3,14.6,24,Indiana Dept. of Environmental Management,61,1,41.169722,-85.629444,840181830003,AirNow preliminary observations
07/14/26,190130009,"Waterloo, Water Tower",PM2.5-24hr,UG/M3,11.4,24,Iowa DNR,55,1,42.5014,-92.315804,840190130009,AirNow preliminary observations
07/14/26,190450019,"Clinton, Chancy Park",PM2.5-24hr,UG/M3,11.2,24,Iowa DNR,55,1,41.823101,-90.211899,840190450019,AirNow preliminary observations
07/14/26,191032001,"Iowa City, Hoover School",PM2.5-24hr,UG/M3,10.8,24,Iowa DNR,54,1,41.658195,-91.503471,840191032001,AirNow preliminary observations
07/14/26,191130040,PUBLIC HEALTH,PM2.5-24hr,UG/M3,10.9,24,Linn Co. Public Health ,54,1,41.9767,-91.6878,840191130040,AirNow preliminary observations
07/14/26,191370002,Viking Lake State Park,PM2.5-24hr,UG/M3,8.4,24,Iowa DNR,47,0,40.970001,-95.044998,840191370002,AirNow preliminary observations
07/14/26,191390019,"Muscatine, High School East Campus",PM2.5-24hr,UG/M3,7.1,24,Iowa DNR,39,0,41.4014,-91.0684,840191390019,AirNow preliminary observations
07/14/26,191471002,"Emmetsburg, ILCC",PM2.5-24hr,UG/M3,8.0,24,Iowa DNR,44,0,43.123299,-94.693298,840191471002,AirNow preliminary observations
07/14/26,191530030,CARPENTER,PM2.5-24hr,UG/M3,12.4,24,Polk Co. Air Quality Division,57,1,41.6031,-93.643303,840191530030,AirNow preliminary observations
07/14/26,191630015,"Davenport, 10th & Vine",PM2.5-24hr,UG/M3,10.2,24,Iowa DNR,53,1,41.529999,-90.587502,840191630015,AirNow preliminary observations
07/14/26,191770006,Lake Sugema,PM2.5-24hr,UG/M3,11.6,24,Iowa DNR,56,1,40.693298,-92.006104,840191770006,AirNow preliminary observations
07/14/26,200910010,Heritage Park,PM2.5-24hr,UG/M3,12.5,24,Kansas Dept. of Health and Environment,58,1,38.8386,-94.7464,840200910010,AirNow preliminary observations
07/14/26,201330003,Chanute,PM2.5-24hr,UG/M3,10.3,24,Kansas Dept. of Health and Environment,53,1,37.67696,-95.47594,840201330003,AirNow preliminary observations
07/14/26,201730010,WHlthDpt,PM2.5-24hr,UG/M3,10.3,24,Kansas Dept. of Health and Environment,53,1,37.7011,-97.3139,840201730010,AirNow preliminary observations
07/14/26,201770013,KNI-Topeka,PM2.5-24hr,UG/M3,13.0,24,Kansas Dept. of Health and Environment,58,1,39.0242,-95.7114,840201770013,AirNow preliminary observations
07/14/26,201910002,PECK,PM2.5-24hr,UG/M3,9.3,24,Kansas Dept. of Health and Environment,51,1,37.4769,-97.3664,840201910002,AirNow preliminary observations
07/14/26,201950001,Cedar Bluff,PM2.5-24hr,UG/M3,8.1,24,Kansas Dept. of Health and Environment,45,0,38.7703,-99.7636,840201950001,AirNow preliminary observations
07/14/26,202090021,WY/KC,PM2.5-24hr,UG/M3,13.8,24,Kansas Dept. of Health and Environment,60,1,39.1175,-94.6356,840202090021,AirNow preliminary observations
07/14/26,210130002,MIDAIR,PM2.5-24hr,UG/M3,5.1,24,Kentucky DEP,28,0,36.6081,-83.7369,840210130002,AirNow preliminary observations
07/14/26,210190017,FIVCO,PM2.5-24hr,UG/M3,6.3,24,Kentucky DEP,35,0,38.4592,-82.6339,840210190017,AirNow preliminary observations
07/14/26,210373002,NKU,PM2.5-24hr,UG/M3,6.1,24,Kentucky DEP,34,0,39.0217,-84.4744,840210373002,AirNow preliminary observations
07/14/26,210430500,GRAYSON,PM2.5-24hr,UG/M3,5.9,24,Kentucky DEP,33,0,38.2383,-82.9883,840210430500,AirNow preliminary observations
07/14/26,210670012,NEWTWN,PM2.5-24hr,UG/M3,4.6,24,Kentucky DEP,26,0,38.065,-84.5,840210670012,AirNow preliminary observations
07/14/26,211110051,WATSON,PM2.5-24hr,UG/M3,5.2,24,Louisville Metro Air Pollution Control District ,29,0,38.0608,-85.8961,840211110051,AirNow preliminary observations
07/14/26,211110067,Cannons Lane,PM2.5-24hr,UG/M3,4.8,24,Louisville Metro Air Pollution Control District ,27,0,38.2286,-85.6544,840211110067,AirNow preliminary observations
07/14/26,211110075,Near Road,PM2.5-24hr,UG/M3,5.1,24,Louisville Metro Air Pollution Control District ,28,0,38.1935,-85.7121,840211110075,AirNow preliminary observations
07/14/26,211110080,Carrithers Middle School,PM2.5-24hr,UG/M3,4.7,24,Louisville Metro Air Pollution Control District ,26,0,38.1825,-85.5744,840211110080,AirNow preliminary observations
07/14/26,211111041,Algonquin Parkway,PM2.5-24hr,UG/M3,6.4,24,Louisville Metro Air Pollution Control District ,36,0,38.23158,-85.82675,840211111041,AirNow preliminary observations
07/14/26,211130001,NICHVILL,PM2.5-24hr,UG/M3,4.7,24,Kentucky DEP,26,0,37.8933,-84.5892,840211130001,AirNow preliminary observations
07/14/26,211930003,HAZ2,PM2.5-24hr,UG/M3,5.3,24,Kentucky DEP,29,0,37.2831,-83.2203,840211930003,AirNow preliminary observations
07/14/26,211950002,PIKE2001,PM2.5-24hr,UG/M3,6.7,24,Kentucky DEP,37,0,37.4828,-82.5353,840211950002,AirNow preliminary observations
07/14/26,211990003,SOMERST,PM2.5-24hr,UG/M3,4.4,24,Kentucky DEP,24,0,37.097801,-84.611702,840211990003,AirNow preliminary observations
07/14/26,212270009,Smiths Grove,PM2.5-24hr,UG/M3,3.6,24,Kentucky DEP,20,0,37.04926,-86.21487,840212270009,AirNow preliminary observations
07/14/26,230010011,Lewiston,PM2.5-24hr,UG/M3,11.1,24,Maine Dept. of Environmental Protection,55,1,44.089355,-70.214134,840230010011,AirNow preliminary observations
07/14/26,230030014,Madawaska PSB,PM2.5-24hr,UG/M3,23.1,24,Maine Dept. of Environmental Protection,77,1,47.3553,-68.3211,840230030014,AirNow preliminary observations
07/14/26,230031011,Presque Isle Riverside,PM2.5-24hr,UG/M3,26.7,24,Maine Dept. of Environmental Protection,84,1,46.682299,-68.016195,840230031011,AirNow preliminary observations
07/14/26,230090103,Acadia NP - McFarland,PM2.5-24hr,UG/M3,11.3,24,Maine Dept. of Environmental Protection,55,1,44.377048,-68.260902,840230090103,AirNow preliminary observations
07/14/26,230172011,Rumford,PM2.5-24hr,UG/M3,12.8,24,Maine Dept. of Environmental Protection,58,1,44.5514,-70.5463,840230172011,AirNow preliminary observations
07/14/26,230190017,Bangor MSS,PM2.5-24hr,UG/M3,10.0,24,Maine Dept. of Environmental Protection,53,1,44.817398,-68.772762,840230190017,AirNow preliminary observations
07/14/26,240051007,Padonia,PM2.5-24hr,UG/M3,7.7,24,Maryland Department of the Environment,43,0,39.462002,-76.631599,840240051007,AirNow preliminary observations
07/14/26,240150003,Fair Hill,PM2.5-24hr,UG/M3,8.2,24,Maryland Department of the Environment,46,0,39.701099,-75.860001,840240150003,AirNow preliminary observations
07/14/26,240190004,Horn Point,PM2.5-24hr,UG/M3,6.3,24,Maryland Department of the Environment,35,0,38.5876,-76.1408,840240190004,AirNow preliminary observations
07/14/26,240230002,Piney Run,PM2.5-24hr,UG/M3,8.3,24,Maryland Department of the Environment,46,0,39.705799,-79.011902,840240230002,AirNow preliminary observations
07/14/26,240251001,Edgewood,PM2.5-24hr,UG/M3,6.8,24,Maryland Department of the Environment,38,0,39.41,-76.2967,840240251001,AirNow preliminary observations
07/14/26,240270006,Howard County Near Road,PM2.5-24hr,UG/M3,7.3,24,Maryland Department of the Environment,41,0,39.143197,-76.846192,840240270006,AirNow preliminary observations
07/14/26,240290002,Millington,PM2.5-24hr,UG/M3,7.5,24,Maryland Department of the Environment,42,0,39.305199,-75.797203,840240290002,AirNow preliminary observations
07/14/26,240313001,Rockville,PM2.5-24hr,UG/M3,6.6,24,Maryland Department of the Environment,37,0,39.114399,-77.106903,840240313001,AirNow preliminary observations
07/14/26,240330030,HU-Beltsville,PM2.5-24hr,UG/M3,10.7,24,Maryland Department of the Environment,54,1,39.055302,-76.878304,840240330030,AirNow preliminary observations
07/14/26,240430009,Hagerstown,PM2.5-24hr,UG/M3,6.2,24,Maryland Department of the Environment,34,0,39.565601,-77.721901,840240430009,AirNow preliminary observations
07/14/26,250036001,North Adams,PM2.5-24hr,UG/M3,11.0,24,Massachusetts Dept. of Environmental Protection,55,1,42.702223,-73.110414,840250036001,AirNow preliminary observations
07/14/26,250051004,Fall River,PM2.5-24hr,UG/M3,9.9,24,Massachusetts Dept. of Environmental Protection,52,1,41.6833,-71.169701,840250051004,AirNow preliminary observations
07/14/26,250092006,Lynn,PM2.5-24hr,UG/M3,10.5,24,Massachusetts Dept. of Environmental Protection,54,1,42.474701,-70.971901,840250092006,AirNow preliminary observations
07/14/26,250112005,Greenfield,PM2.5-24hr,UG/M3,10.6,24,Massachusetts Dept. of Environmental Protection,54,1,42.605816,-72.596689,840250112005,AirNow preliminary observations
07/14/26,250130008,Chicopee,PM2.5-24hr,UG/M3,9.3,24,Massachusetts Dept. of Environmental Protection,51,1,42.194401,-72.555603,840250130008,AirNow preliminary observations
07/14/26,250130018,Springfield,PM2.5-24hr,UG/M3,10.5,24,Massachusetts Dept. of Environmental Protection,54,1,42.120248,-72.58499,840250130018,AirNow preliminary observations
07/14/26,250230005,Brockton,PM2.5-24hr,UG/M3,12.4,24,Massachusetts Dept. of Environmental Protection,57,1,42.065119,-71.012686,840250230005,AirNow preliminary observations
07/14/26,250250002,Boston - Kenmore Sq,PM2.5-24hr,UG/M3,11.0,24,Massachusetts Dept. of Environmental Protection,55,1,42.3489,-71.097702,840250250002,AirNow preliminary observations
07/14/26,250250042,Boston - Roxbury,PM2.5-24hr,UG/M3,10.3,24,Massachusetts Dept. of Environmental Protection,53,1,42.329399,-71.082497,840250250042,AirNow preliminary observations
07/14/26,250250044,Boston - Von Hillern St,PM2.5-24hr,UG/M3,10.5,24,Massachusetts Dept. of Environmental Protection,54,1,42.325197,-71.056056,840250250044,AirNow preliminary observations
07/14/26,250270023,Worcester - Summer St,PM2.5-24hr,UG/M3,9.9,24,Massachusetts Dept. of Environmental Protection,52,1,42.263901,-71.794701,840250270023,AirNow preliminary observations
07/14/26,250270024,Uxbridge,PM2.5-24hr,UG/M3,9.6,24,Massachusetts Dept. of Environmental Protection,52,1,42.0997,-71.62,840250270024,AirNow preliminary observations
07/14/26,260050003,Holland,PM2.5-24hr,UG/M3,8.2,24,"Michigan Department of Environment, Great Lakes, and Energy",46,0,42.767799,-86.148598,840260050003,AirNow preliminary observations
07/14/26,260170014,Bay City,PM2.5-24hr,UG/M3,9.1,24,"Michigan Department of Environment, Great Lakes, and Energy",51,1,43.5714,-83.8908,840260170014,AirNow preliminary observations
07/14/26,260650018,Lansing,PM2.5-24hr,UG/M3,8.3,24,"Michigan Department of Environment, Great Lakes, and Energy",46,0,42.76138,-84.562867,840260650018,AirNow preliminary observations
07/14/26,260770008,Kalamazoo,PM2.5-24hr,UG/M3,14.0,24,"Michigan Department of Environment, Great Lakes, and Energy",60,1,42.2781,-85.5419,840260770008,AirNow preliminary observations
07/14/26,260810020,Grand Rapids - Monroe,PM2.5-24hr,UG/M3,11.6,24,"Michigan Department of Environment, Great Lakes, and Energy",56,1,42.984699,-85.671097,840260810020,AirNow preliminary observations
07/14/26,260910007,Tecumseh,PM2.5-24hr,UG/M3,11.9,24,"Michigan Department of Environment, Great Lakes, and Energy",56,1,41.995602,-83.946701,840260910007,AirNow preliminary observations
07/14/26,260990009,New Haven,PM2.5-24hr,UG/M3,12.3,24,"Michigan Department of Environment, Great Lakes, and Energy",57,1,42.7314,-82.7936,840260990009,AirNow preliminary observations
07/14/26,261010922,Little River Band-Manistee,PM2.5-24hr,UG/M3,11.3,24,"Michigan Department of Environment, Great Lakes, and Energy",55,1,44.3069,-86.2428,840261010922,AirNow preliminary observations
07/14/26,261130001,Houghton Lake,PM2.5-24hr,UG/M3,9.0,24,"Michigan Department of Environment, Great Lakes, and Energy",50,0,44.3106,-84.891899,840261130001,AirNow preliminary observations
07/14/26,261250001,Oak Park,PM2.5-24hr,UG/M3,12.3,24,"Michigan Department of Environment, Great Lakes, and Energy",57,1,42.4631,-83.183296,840261250001,AirNow preliminary observations
07/14/26,261390005,Jenison,PM2.5-24hr,UG/M3,12.5,24,"Michigan Department of Environment, Great Lakes, and Energy",57,1,42.894402,-85.852798,840261390005,AirNow preliminary observations
07/14/26,261470005,Port Huron,PM2.5-24hr,UG/M3,11.5,24,"Michigan Department of Environment, Great Lakes, and Energy",55,1,42.9533,-82.4564,840261470005,AirNow preliminary observations
07/14/26,261530001,Seney,PM2.5-24hr,UG/M3,21.0,24,"Michigan Department of Environment, Great Lakes, and Energy",73,1,46.2889,-85.9503,840261530001,AirNow preliminary observations
07/14/26,261610008,Ypsilanti,PM2.5-24hr,UG/M3,11.7,24,"Michigan Department of Environment, Great Lakes, and Energy",56,1,42.24,-83.5997,840261610008,AirNow preliminary observations
07/14/26,261630001,Allen Park,PM2.5-24hr,UG/M3,11.5,24,"Michigan Department of Environment, Great Lakes, and Energy",55,1,42.2283,-83.2092,840261630001,AirNow preliminary observations
07/14/26,261630015,Detroit-Southwest,PM2.5-24hr,UG/M3,13.7,24,"Michigan Department of Environment, Great Lakes, and Energy",60,1,42.3042,-83.1072,840261630015,AirNow preliminary observations
07/14/26,261630019,Detroit-E7 Mile,PM2.5-24hr,UG/M3,9.1,24,"Michigan Department of Environment, Great Lakes, and Energy",51,1,42.430801,-83.000801,840261630019,AirNow preliminary observations
07/14/26,261630033,Dearborn,PM2.5-24hr,UG/M3,12.1,24,"Michigan Department of Environment, Great Lakes, and Energy",57,1,42.3075,-83.15,840261630033,AirNow preliminary observations
07/14/26,261630093,Eliza Howell - Near Roadway,PM2.5-24hr,UG/M3,8.1,24,"Michigan Department of Environment, Great Lakes, and Energy",45,0,42.38599,-83.266319,840261630093,AirNow preliminary observations
07/14/26,261630097,Detroit-NMH48217,PM2.5-24hr,UG/M3,12.5,24,"Michigan Department of Environment, Great Lakes, and Energy",57,1,42.261669,-83.157893,840261630097,AirNow preliminary observations
07/14/26,261630098,Detroit-DP4th,PM2.5-24hr,UG/M3,13.5,24,"Michigan Department of Environment, Great Lakes, and Energy",59,1,42.312158,-83.091943,840261630098,AirNow preliminary observations
07/14/26,261630099,Detroit-Trinity,PM2.5-24hr,UG/M3,13.1,24,"Michigan Department of Environment, Great Lakes, and Energy",58,1,42.295824,-83.129431,840261630099,AirNow preliminary observations
07/14/26,261630100,Detroit-Military Park,PM2.5-24hr,UG/M3,10.1,24,"Michigan Department of Environment, Great Lakes, and Energy",53,1,42.312078,-83.103469,840261630100,AirNow preliminary observations
07/14/26,270031002,Blaine,PM2.5-24hr,UG/M3,9.0,24,Minnesota Pollution Control Agency,50,0,45.1425,-93.2139,840270031002,AirNow preliminary observations
07/14/26,270052013,Detroit Lakes,PM2.5-24hr,UG/M3,8.3,24,Minnesota Pollution Control Agency,46,0,46.8511,-95.8467,840270052013,AirNow preliminary observations
07/14/26,270072304,Red Lake Nation Hospital,PM2.5-24hr,UG/M3,10.1,24,Minnesota Pollution Control Agency,53,1,47.878159,-95.029172,840270072304,AirNow preliminary observations
07/14/26,270177417,Fond du Lac,PM2.5-24hr,UG/M3,7.1,24,Minnesota Pollution Control Agency,39,0,46.713694,-92.511722,840270177417,AirNow preliminary observations
07/14/26,270213410,Leech Lake Nation: Cass Lake,PM2.5-24hr,UG/M3,9.9,24,Minnesota Pollution Control Agency,52,1,47.38443,-94.60166,840270213410,AirNow preliminary observations
07/14/26,270317810,Grand Portage,PM2.5-24hr,UG/M3,188.5,24,Minnesota Pollution Control Agency,264,4,47.9721,-89.6908,840270317810,AirNow preliminary observations
07/14/26,270353204,Brainerd,PM2.5-24hr,UG/M3,8.1,24,Minnesota Pollution Control Agency,45,0,46.3944,-94.1433,840270353204,AirNow preliminary observations
07/14/26,270370470,Apple Valley,PM2.5-24hr,UG/M3,10.5,24,Minnesota Pollution Control Agency,54,1,44.7383,-93.2372,840270370470,AirNow preliminary observations
07/14/26,270370480,Lakeville - Near Road,PM2.5-24hr,UG/M3,7.9,24,Minnesota Pollution Control Agency,44,0,44.706123,-93.285803,840270370480,AirNow preliminary observations
07/14/26,270530909,Minneapolis - Lowry Ave,PM2.5-24hr,UG/M3,11.1,24,Minnesota Pollution Control Agency,55,1,45.012102,-93.276699,840270530909,AirNow preliminary observations
07/14/26,270530910,Minneapolis - Pacific St,PM2.5-24hr,UG/M3,11.8,24,Minnesota Pollution Control Agency,56,1,45.008297,-93.277041,840270530910,AirNow preliminary observations
07/14/26,270530962,Minneapolis - Near Road,PM2.5-24hr,UG/M3,8.8,24,Minnesota Pollution Control Agency,49,0,44.9653,-93.2551,840270530962,AirNow preliminary observations
07/14/26,270531904,Minneapolis - East Phillips Community,PM2.5-24hr,UG/M3,10.0,24,Minnesota Pollution Control Agency,53,1,44.95208,-93.24428,840270531904,AirNow preliminary observations
07/14/26,270750005,Ely,PM2.5-24hr,UG/M3,121.2,24,Minnesota Pollution Control Agency,197,3,47.9464,-91.4953,840270750005,AirNow preliminary observations
07/14/26,270834210,Marshall,PM2.5-24hr,UG/M3,8.1,24,Minnesota Pollution Control Agency,45,0,44.4572,-95.835,840270834210,AirNow preliminary observations
07/14/26,271095008,Rochester,PM2.5-24hr,UG/M3,10.4,24,Minnesota Pollution Control Agency,53,1,43.9947,-92.4497,840271095008,AirNow preliminary observations
07/14/26,271230871,St. Paul-Harding H.S.,PM2.5-24hr,UG/M3,10.0,24,Minnesota Pollution Control Agency,53,1,44.9594,-93.0356,840271230871,AirNow preliminary observations
07/14/26,271377001,Virginia,PM2.5-24hr,UG/M3,8.8,24,Minnesota Pollution Control Agency,49,0,47.5212,-92.5393,840271377001,AirNow preliminary observations
07/14/26,271377550,Duluth-WDSE,PM2.5-24hr,UG/M3,9.3,24,Minnesota Pollution Control Agency,51,1,46.8183,-92.0892,840271377550,AirNow preliminary observations
07/14/26,271377554,West Duluth,PM2.5-24hr,UG/M3,10.1,24,Minnesota Pollution Control Agency,53,1,46.743889,-92.166946,840271377554,AirNow preliminary observations
07/14/26,271390505,Shakopee,PM2.5-24hr,UG/M3,9.4,24,Minnesota Pollution Control Agency,52,1,44.789398,-93.512497,840271390505,AirNow preliminary observations
07/14/26,271453052,St. Cloud,PM2.5-24hr,UG/M3,8.8,24,Minnesota Pollution Control Agency,49,0,45.55,-94.1333,840271453052,AirNow preliminary observations
07/14/26,271713201,St. Michael,PM2.5-24hr,UG/M3,9.2,24,Minnesota Pollution Control Agency,51,1,45.2108,-93.6686,840271713201,AirNow preliminary observations
07/14/26,290210005,St. Joseph,PM2.5-24hr,UG/M3,11.2,24,Missouri Department of Natural Resources,55,1,39.741667,-94.858333,840290210005,AirNow preliminary observations
07/14/26,290370003,RG_South,PM2.5-24hr,UG/M3,9.3,24,Missouri Department of Natural Resources,51,1,38.75961,-94.57983,840290370003,AirNow preliminary observations
07/14/26,290390001,El Do Springs,PM2.5-24hr,UG/M3,8.7,24,Missouri Department of Natural Resources,48,0,37.70097,-94.03474,840290390001,AirNow preliminary observations
07/14/26,290470005,Liberty,PM2.5-24hr,UG/M3,10.4,24,Missouri Department of Natural Resources,53,1,39.303056,-94.376389,840290470005,AirNow preliminary observations
07/14/26,290770036,Hillcrest HS,PM2.5-24hr,UG/M3,11.2,24,Missouri Department of Natural Resources,55,1,37.256069,-93.299692,840290770036,AirNow preliminary observations
07/14/26,290950034,Troost,PM2.5-24hr,UG/M3,10.4,24,Missouri Department of Natural Resources,53,1,39.10465,-94.57055,840290950034,AirNow preliminary observations
07/14/26,290990019,Arnold West,PM2.5-24hr,UG/M3,8.7,24,Missouri Department of Natural Resources,48,0,38.448581,-90.398436,840290990019,AirNow preliminary observations
07/14/26,291893001,Ladue,PM2.5-24hr,UG/M3,8.0,24,Missouri Department of Natural Resources,44,0,38.650259,-90.350463,840291893001,AirNow preliminary observations
07/14/26,295100007,South Broadway,PM2.5-24hr,UG/M3,11.7,24,Missouri Department of Natural Resources,56,1,38.5425,-90.263611,840295100007,AirNow preliminary observations
07/14/26,295100085,Blair Street,PM2.5-24hr,UG/M3,13.5,24,Missouri Department of Natural Resources,59,1,38.656449,-90.198548,840295100085,AirNow preliminary observations
07/14/26,295100093,Branch Street,PM2.5-24hr,UG/M3,12.1,24,Missouri Department of Natural Resources,57,1,38.65643,-90.18977,840295100093,AirNow preliminary observations
07/14/26,295100094,Forest Park,PM2.5-24hr,UG/M3,10.7,24,Missouri Department of Natural Resources,54,1,38.631057,-90.281144,840295100094,AirNow preliminary observations
07/14/26,310550019,NCORE,PM2.5-24hr,UG/M3,9.6,24,Douglas County Health Department (Omaha),52,1,41.2474,-95.9731,840310550019,AirNow preliminary observations
07/14/26,311090022,LLCHD BAM,PM2.5-24hr,UG/M3,9.0,24,Lincoln-Lancaster County Health Department,50,0,40.812558,-96.675733,840311090022,AirNow preliminary observations
07/14/26,311530007,2912 Coffey,PM2.5-24hr,UG/M3,5.8,24,Douglas County Health Department (Omaha),32,0,41.133317,-95.956078,840311530007,AirNow preliminary observations
07/14/26,330050007,Keene,PM2.5-24hr,UG/M3,10.8,24,New Hampshire Dept. of Environmental Services,54,1,42.930521,-72.272332,840330050007,AirNow preliminary observations
07/14/26,330090010,Lebanon,PM2.5-24hr,UG/M3,13.8,24,New Hampshire Dept. of Environmental Services,60,1,43.629605,-72.309499,840330090010,AirNow preliminary observations
07/14/26,330115001,Miller State Park,PM2.5-24hr,UG/M3,12.8,24,New Hampshire Dept. of Environmental Services,58,1,42.86183,-71.878626,840330115001,AirNow preliminary observations
07/14/26,330150014,Portsmouth,PM2.5-24hr,UG/M3,10.8,24,New Hampshire Dept. of Environmental Services,54,1,43.075371,-70.748017,840330150014,AirNow preliminary observations
07/14/26,330150018,Londonderry - Moose Hill,PM2.5-24hr,UG/M3,10.4,24,New Hampshire Dept. of Environmental Services,53,1,42.862531,-71.38014,840330150018,AirNow preliminary observations
07/14/26,340010006,Brigantine,PM2.5-24hr,UG/M3,8.3,24,New Jersey Dept. of Environmental Protection,46,0,39.46487,-74.448738,840340010006,AirNow preliminary observations
07/14/26,340030010,Fort Lee Near Road,PM2.5-24hr,UG/M3,9.9,24,New Jersey Dept. of Environmental Protection,52,1,40.85355,-73.9661,840340030010,AirNow preliminary observations
07/14/26,340070010,South Camden,PM2.5-24hr,UG/M3,9.4,24,New Jersey Dept. of Environmental Protection,52,1,39.923969,-75.122314,840340070010,AirNow preliminary observations
07/14/26,340110007,Millville,PM2.5-24hr,UG/M3,5.9,24,New Jersey Dept. of Environmental Protection,33,0,39.422272,-75.0252,840340110007,AirNow preliminary observations
07/14/26,340150002,Clarksboro,PM2.5-24hr,UG/M3,8.2,24,New Jersey Dept. of Environmental Protection,46,0,39.800339,-75.21212,840340150002,AirNow preliminary observations
07/14/26,340171003,Jersey City FH,PM2.5-24hr,UG/M3,11.1,24,New Jersey Dept. of Environmental Protection,55,1,40.725452,-74.052292,840340171003,AirNow preliminary observations
07/14/26,340190001,Flemington,PM2.5-24hr,UG/M3,11.2,24,New Jersey Dept. of Environmental Protection,55,1,40.515251,-74.806755,840340190001,AirNow preliminary observations
07/14/26,340210005,Rider University,PM2.5-24hr,UG/M3,10.6,24,New Jersey Dept. of Environmental Protection,54,1,40.283092,-74.742645,840340210005,AirNow preliminary observations
07/14/26,340230011,Rutgers University,PM2.5-24hr,UG/M3,9.9,24,New Jersey Dept. of Environmental Protection,52,1,40.462181,-74.429436,840340230011,AirNow preliminary observations
07/14/26,340273001,Chester,PM2.5-24hr,UG/M3,10.0,24,New Jersey Dept. of Environmental Protection,53,1,40.787628,-74.6763,840340273001,AirNow preliminary observations
07/14/26,340390004,Elizabeth Trailer,PM2.5-24hr,UG/M3,12.2,24,New Jersey Dept. of Environmental Protection,57,1,40.641441,-74.208366,840340390004,AirNow preliminary observations
07/14/26,340392003,Rahway PM,PM2.5-24hr,UG/M3,10.2,24,New Jersey Dept. of Environmental Protection,53,1,40.603943,-74.276176,840340392003,AirNow preliminary observations
07/14/26,340410007,Columbia,PM2.5-24hr,UG/M3,9.6,24,New Jersey Dept. of Environmental Protection,52,1,40.924606,-75.067825,840340410007,AirNow preliminary observations
07/14/26,360010005,Albany,PM2.5-24hr,UG/M3,14.7,24,New York Dept. of Environmental Conservation,61,1,42.6425,-73.7547,840360010005,AirNow preliminary observations
07/14/26,360050110,Bronx - IS52,PM2.5-24hr,UG/M3,12.0,24,New York Dept. of Environmental Conservation,56,1,40.816101,-73.902199,840360050110,AirNow preliminary observations
07/14/26,360050112,Bronx - IS74,PM2.5-24hr,UG/M3,12.8,24,New York Dept. of Environmental Conservation,58,1,40.814701,-73.886703,840360050112,AirNow preliminary observations
07/14/26,360290005,Buffalo,PM2.5-24hr,UG/M3,10.9,24,New York Dept. of Environmental Conservation,54,1,42.8781,-78.8094,840360290005,AirNow preliminary observations
07/14/26,360310003,Whiteface Mtn,PM2.5-24hr,UG/M3,20.2,24,New York Dept. of Environmental Conservation,72,1,44.39308,-73.8589,840360310003,AirNow preliminary observations
07/14/26,360470052,Bklyn - PS 314,PM2.5-24hr,UG/M3,11.4,24,New York Dept. of Environmental Conservation,55,1,40.641819,-74.018707,840360470052,AirNow preliminary observations
07/14/26,360470118,Bklyn - PS274,PM2.5-24hr,UG/M3,12.1,24,New York Dept. of Environmental Conservation,57,1,40.694401,-73.928596,840360470118,AirNow preliminary observations
07/14/26,360550015,Rochester Near-road,PM2.5-24hr,UG/M3,11.3,24,New York Dept. of Environmental Conservation,55,1,43.145021,-77.557608,840360550015,AirNow preliminary observations
07/14/26,360551007,Rochester,PM2.5-24hr,UG/M3,9.1,24,New York Dept. of Environmental Conservation,51,1,43.1461,-77.5481,840360551007,AirNow preliminary observations
07/14/26,360610115,Manhattan/IS143,PM2.5-24hr,UG/M3,9.2,24,New York Dept. of Environmental Conservation,51,1,40.8492,-73.9319,840360610115,AirNow preliminary observations
07/14/26,360610135,CCNY,PM2.5-24hr,UG/M3,12.0,24,New York Dept. of Environmental Conservation,56,1,40.8197,-73.9481,840360610135,AirNow preliminary observations
07/14/26,360671015,E Syracuse,PM2.5-24hr,UG/M3,10.1,24,New York Dept. of Environmental Conservation,53,1,43.0528,-76.0597,840360671015,AirNow preliminary observations
07/14/26,360710002,Newburgh,PM2.5-24hr,UG/M3,6.4,24,New York Dept. of Environmental Conservation,36,0,41.4994,-74.0097,840360710002,AirNow preliminary observations
07/14/26,360810120,Maspeth,PM2.5-24hr,UG/M3,11.6,24,New York Dept. of Environmental Conservation,56,1,40.7269,-73.8933,840360810120,AirNow preliminary observations
07/14/26,360810124,Queens,PM2.5-24hr,UG/M3,13.2,24,New York Dept. of Environmental Conservation,59,1,40.7375,-73.8244,840360810124,AirNow preliminary observations
07/14/26,360850111,Fresh Kills,PM2.5-24hr,UG/M3,11.2,24,New York Dept. of Environmental Conservation,55,1,40.5802,-74.1994,840360850111,AirNow preliminary observations
07/14/26,360870005,Rockland Cty,PM2.5-24hr,UG/M3,6.2,24,New York Dept. of Environmental Conservation,34,0,41.182079,-74.028191,840360870005,AirNow preliminary observations
07/14/26,361010003,Pinnacle State Park,PM2.5-24hr,UG/M3,10.2,24,New York Dept. of Environmental Conservation,53,1,42.0972,-77.2103,840361010003,AirNow preliminary observations
07/14/26,361030009,Holtsville,PM2.5-24hr,UG/M3,9.7,24,New York Dept. of Environmental Conservation,52,1,40.8278,-73.0575,840361030009,AirNow preliminary observations
07/14/26,361192004,White Plains,PM2.5-24hr,UG/M3,6.7,24,New York Dept. of Environmental Conservation,37,0,41.0522,-73.7642,840361192004,AirNow preliminary observations
07/14/26,370210034,BDED,PM2.5-24hr,UG/M3,4.1,24,North Carolina DEQ - Division of Air Quality,23,0,35.60662,-82.582551,840370210034,AirNow preliminary observations
07/14/26,370350004,HICKORY,PM2.5-24hr,UG/M3,5.2,24,North Carolina DEQ - Division of Air Quality,29,0,35.728889,-81.365556,840370350004,AirNow preliminary observations
07/14/26,370510009,W OWEN SCH,PM2.5-24hr,UG/M3,8.0,24,North Carolina DEQ - Division of Air Quality,44,0,35.041416,-78.953112,840370510009,AirNow preliminary observations
07/14/26,370570002,LWATTOWR,PM2.5-24hr,UG/M3,6.7,24,North Carolina DEQ - Division of Air Quality,37,0,35.8145,-80.2627,840370570002,AirNow preliminary observations
07/14/26,370630015,Durham Armory,PM2.5-24hr,UG/M3,5.2,24,North Carolina DEQ - Division of Air Quality,29,0,36.032955,-78.904037,840370630015,AirNow preliminary observations
07/14/26,370630099,Burdens Creek,PM2.5-24hr,UG/M3,7.8,24,EPA Office of State Air Partnerships,43,0,35.889402,-78.8747,840370630099,AirNow preliminary observations
07/14/26,370650099,LEGGETT,PM2.5-24hr,UG/M3,5.3,24,North Carolina DEQ - Division of Air Quality,29,0,35.988278,-77.5843,840370650099,AirNow preliminary observations
07/14/26,370670022,Hattie Avenue,PM2.5-24hr,UG/M3,9.3,24,Forsyth County Office of Environmental Assistance and Protection,51,1,36.110927,-80.224435,840370670022,AirNow preliminary observations
07/14/26,370670030,Clemmons Middle,PM2.5-24hr,UG/M3,8.2,24,Forsyth County Office of Environmental Assistance and Protection,46,0,36.025979,-80.342254,840370670030,AirNow preliminary observations
07/14/26,370810013,MENDNHAL,PM2.5-24hr,UG/M3,6.6,24,North Carolina DEQ - Division of Air Quality,37,0,36.109006,-79.802314,840370810013,AirNow preliminary observations
07/14/26,371010002,JOHNSTON,PM2.5-24hr,UG/M3,5.7,24,North Carolina DEQ - Division of Air Quality,32,0,35.59095,-78.4622,840371010002,AirNow preliminary observations
07/14/26,371190041,Garinger,PM2.5-24hr,UG/M3,5.5,24,Mecklenburg County Air Quality,31,0,35.2411,-80.7831,840371190041,AirNow preliminary observations
07/14/26,371190045,Remount,PM2.5-24hr,UG/M3,7.6,24,Mecklenburg County Air Quality,42,0,35.213171,-80.874084,840371190045,AirNow preliminary observations
07/14/26,371210004,Spruce Pine,PM2.5-24hr,UG/M3,3.9,24,North Carolina DEQ - Division of Air Quality,22,0,35.912487,-82.062082,840371210004,AirNow preliminary observations
07/14/26,371230001,Candor FRO,PM2.5-24hr,UG/M3,6.6,24,North Carolina DEQ - Division of Air Quality,37,0,35.263165,-79.836636,840371230001,AirNow preliminary observations
07/14/26,371310003,Northampton,PM2.5-24hr,UG/M3,6.7,24,North Carolina DEQ - Division of Air Quality,37,0,36.511708,-77.655389,840371310003,AirNow preliminary observations
07/14/26,371470006,PITTAGCT,PM2.5-24hr,UG/M3,6.1,24,North Carolina DEQ - Division of Air Quality,34,0,35.641276,-77.360126,840371470006,AirNow preliminary observations
07/14/26,371590021,ROCKWELL,PM2.5-24hr,UG/M3,6.4,24,North Carolina DEQ - Division of Air Quality,36,0,35.551868,-80.395039,840371590021,AirNow preliminary observations
07/14/26,371730002,BRYSON,PM2.5-24hr,UG/M3,1.7,24,North Carolina DEQ - Division of Air Quality,9,0,35.434767,-83.442133,840371730002,AirNow preliminary observations
07/14/26,371830014,Millbrook NCore,PM2.5-24hr,UG/M3,6.4,24,North Carolina DEQ - Division of Air Quality,36,0,35.856111,-78.574167,840371830014,AirNow preliminary observations
07/14/26,371830021,Triple Oak - Near Road,PM2.5-24hr,UG/M3,6.9,24,North Carolina DEQ - Division of Air Quality,38,0,35.8652,-78.8197,840371830021,AirNow preliminary observations
07/14/26,380171004,Fargo NW,PM2.5-24hr,UG/M3,8.8,24,North Dakota Department of Environmental Quality,49,0,46.933601,-96.854698,840380171004,AirNow preliminary observations
07/14/26,390030009,Lima,PM2.5-24hr,UG/M3,14.8,24,Ohio EPA-DAPC,62,1,40.771,-84.0539,840390030009,AirNow preliminary observations
07/14/26,390230005,Springfield Fire St1,PM2.5-24hr,UG/M3,11.1,24,Ohio EPA-DAPC,55,1,39.92882,-83.80949,840390230005,AirNow preliminary observations
07/14/26,390350034,District 6,PM2.5-24hr,UG/M3,13.0,24,Ohio EPA-DAPC,58,1,41.55523,-81.575256,840390350034,AirNow preliminary observations
07/14/26,390350038,St Theodosius,PM2.5-24hr,UG/M3,14.9,24,Ohio EPA-DAPC,62,1,41.477011,-81.682383,840390350038,AirNow preliminary observations
07/14/26,390350045,Cleveland Fire St13,PM2.5-24hr,UG/M3,14.7,24,Ohio EPA-DAPC,61,1,41.471782,-81.656792,840390350045,AirNow preliminary observations
07/14/26,390350060,GT Craig NCore PAMS,PM2.5-24hr,UG/M3,15.8,24,Ohio EPA-DAPC,63,1,41.492191,-81.678552,840390350060,AirNow preliminary observations
07/14/26,390350065,Harvard Yards,PM2.5-24hr,UG/M3,17.2,24,Ohio EPA-DAPC,66,1,41.446682,-81.662419,840390350065,AirNow preliminary observations
07/14/26,390350073,Cleveland Near Road,PM2.5-24hr,UG/M3,12.7,24,Ohio EPA-DAPC,58,1,41.4409,-81.4949,840390350073,AirNow preliminary observations
07/14/26,390490029,New Albany,PM2.5-24hr,UG/M3,12.8,24,Ohio EPA-DAPC,58,1,40.0845,-82.81552,840390490029,AirNow preliminary observations
07/14/26,390490034,Fairgrounds,PM2.5-24hr,UG/M3,10.7,24,Ohio EPA-DAPC,54,1,40.002734,-82.994404,840390490034,AirNow preliminary observations
07/14/26,390490038,Smoky Row Near Road,PM2.5-24hr,UG/M3,9.3,24,Ohio EPA-DAPC,51,1,40.11109,-83.065376,840390490038,AirNow preliminary observations
07/14/26,390490081,Maple Canyon,PM2.5-24hr,UG/M3,14.4,24,Ohio EPA-DAPC,61,1,40.087807,-82.959585,840390490081,AirNow preliminary observations
07/14/26,390610006,Sycamore,PM2.5-24hr,UG/M3,6.4,24,Ohio EPA-DAPC,36,0,39.2787,-84.36612,840390610006,AirNow preliminary observations
07/14/26,390610010,Colerain,PM2.5-24hr,UG/M3,6.0,24,Ohio EPA-DAPC,33,0,39.21494,-84.69086,840390610010,AirNow preliminary observations
07/14/26,390610040,Taft NCore PAMS,PM2.5-24hr,UG/M3,9.4,24,Ohio EPA-DAPC,52,1,39.12886,-84.50404,840390610040,AirNow preliminary observations
07/14/26,390610048,Cincinnati Near Road,PM2.5-24hr,UG/M3,10.7,24,Ohio EPA-DAPC,54,1,39.146025,-84.538375,840390610048,AirNow preliminary observations
07/14/26,390810017,Steubenville,PM2.5-24hr,UG/M3,14.4,24,Ohio EPA-DAPC,61,1,40.366452,-80.615691,840390810017,AirNow preliminary observations
07/14/26,390850007,Painesville,PM2.5-24hr,UG/M3,8.3,24,Ohio EPA-DAPC,46,0,41.726811,-81.242156,840390850007,AirNow preliminary observations
07/14/26,390870012,ODOT Ironton,PM2.5-24hr,UG/M3,7.4,24,Ohio EPA-DAPC,41,0,38.508114,-82.659301,840390870012,AirNow preliminary observations
07/14/26,390950024,Erie,PM2.5-24hr,UG/M3,15.3,24,Ohio EPA-DAPC,63,1,41.644067,-83.54625,840390950024,AirNow preliminary observations
07/14/26,390951003,Eastside Pump St,PM2.5-24hr,UG/M3,17.6,24,Ohio EPA-DAPC,67,1,41.7194,-83.475,840390951003,AirNow preliminary observations
07/14/26,391030004,Chippewa,PM2.5-24hr,UG/M3,14.4,24,Ohio EPA-DAPC,61,1,41.0604,-81.9239,840391030004,AirNow preliminary observations
07/14/26,391130038,Sinclair,PM2.5-24hr,UG/M3,13.2,24,Ohio EPA-DAPC,59,1,39.758235,-84.197375,840391130038,AirNow preliminary observations
07/14/26,391351001,Preble NCore,PM2.5-24hr,UG/M3,9.6,24,Ohio EPA-DAPC,52,1,39.83562,-84.72049,840391351001,AirNow preliminary observations
07/14/26,391450013,Portsmouth Water Treatment Plant,PM2.5-24hr,UG/M3,9.9,24,Ohio EPA-DAPC,52,1,38.754595,-82.917,840391450013,AirNow preliminary observations
07/14/26,391510020,Canton,PM2.5-24hr,UG/M3,16.0,24,Ohio EPA-DAPC,64,1,40.800717,-81.373,840391510020,AirNow preliminary observations
07/14/26,391530017,East HS,PM2.5-24hr,UG/M3,13.5,24,Ohio EPA-DAPC,59,1,41.063526,-81.468956,840391530017,AirNow preliminary observations
07/14/26,391550014,Laird Eng Bldg,PM2.5-24hr,UG/M3,15.5,24,Ohio EPA-DAPC,63,1,41.23172,-80.80116,840391550014,AirNow preliminary observations
07/14/26,391650007,Lebanon,PM2.5-24hr,UG/M3,7.7,24,Ohio EPA-DAPC,43,0,39.42689,-84.20077,840391650007,AirNow preliminary observations
07/14/26,400270049,Moore,PM2.5-24hr,UG/M3,8.3,24,Oklahoma Department of Environmental Quality,46,0,35.32,-97.4883,840400270049,AirNow preliminary observations
07/14/26,400430860,Seiling,PM2.5-24hr,UG/M3,9.2,24,Oklahoma Department of Environmental Quality,51,1,36.1589,-98.9353,840400430860,AirNow preliminary observations
07/14/26,400710604,Ponca City,PM2.5-24hr,UG/M3,8.8,24,Oklahoma Department of Environmental Quality,49,0,36.697189,-97.081278,840400710604,AirNow preliminary observations
07/14/26,401091037,North OKC,PM2.5-24hr,UG/M3,6.9,24,Oklahoma Department of Environmental Quality,38,0,35.614131,-97.475083,840401091037,AirNow preliminary observations
07/14/26,401359021,ROLAND,PM2.5-24hr,UG/M3,6.6,24,Cherokee Nation,37,0,35.408138,-94.524414,840401359021,AirNow preliminary observations
07/14/26,401430174,Glenpool,PM2.5-24hr,UG/M3,9.9,24,Oklahoma Department of Environmental Quality,52,1,35.9525,-96.0033,840401430174,AirNow preliminary observations
07/14/26,401431127,Tulsa,PM2.5-24hr,UG/M3,11.9,24,Oklahoma Department of Environmental Quality,56,1,36.206699,-95.976402,840401431127,AirNow preliminary observations
07/14/26,420010001,Arendtsville,PM2.5-24hr,UG/M3,8.7,24,Pennsylvania Dept. of Environmental Protection,48,0,39.9233,-77.3081,840420010001,AirNow preliminary observations
07/14/26,420030008,Lawrenceville,PM2.5-24hr,UG/M3,11.7,24,Allegheny County,56,1,40.4656,-79.9611,840420030008,AirNow preliminary observations
07/14/26,420030064,Liberty (SAHS),PM2.5-24hr,UG/M3,14.0,24,Allegheny County,60,1,40.323761,-79.868151,840420030064,AirNow preliminary observations
07/14/26,420030067,South Fayette,PM2.5-24hr,UG/M3,9.8,24,Allegheny County,52,1,40.381901,-80.1856,840420030067,AirNow preliminary observations
07/14/26,420031008,Harrison Township,PM2.5-24hr,UG/M3,12.3,24,Allegheny County,57,1,40.617488,-79.727664,840420031008,AirNow preliminary observations
07/14/26,420031376,Parkway East (Near Road),PM2.5-24hr,UG/M3,11.5,24,Allegheny County,55,1,40.437431,-79.863572,840420031376,AirNow preliminary observations
07/14/26,420050001,Kittanning,PM2.5-24hr,UG/M3,10.9,24,Pennsylvania Dept. of Environmental Protection,54,1,40.8142,-79.565,840420050001,AirNow preliminary observations
07/14/26,420070014,Beaver Falls,PM2.5-24hr,UG/M3,11.9,24,Pennsylvania Dept. of Environmental Protection,56,1,40.747799,-80.316704,840420070014,AirNow preliminary observations
07/14/26,420110011,Reading Airport,PM2.5-24hr,UG/M3,8.9,24,Pennsylvania Dept. of Environmental Protection,49,0,40.3833,-75.9686,840420110011,AirNow preliminary observations
07/14/26,420130801,Altoona,PM2.5-24hr,UG/M3,9.8,24,Pennsylvania Dept. of Environmental Protection,52,1,40.515,-78.3889,840420130801,AirNow preliminary observations
07/14/26,420150011,Towanda,PM2.5-24hr,UG/M3,11.4,24,Pennsylvania Dept. of Environmental Protection,55,1,41.705226,-76.512726,840420150011,AirNow preliminary observations
07/14/26,420210011,Johnstown,PM2.5-24hr,UG/M3,10.4,24,Pennsylvania Dept. of Environmental Protection,53,1,40.3097,-78.9158,840420210011,AirNow preliminary observations
07/14/26,420270100,State College,PM2.5-24hr,UG/M3,9.8,24,Pennsylvania Dept. of Environmental Protection,52,1,40.8114,-77.8769,840420270100,AirNow preliminary observations
07/14/26,420290100,New Garden,PM2.5-24hr,UG/M3,8.7,24,Pennsylvania Dept. of Environmental Protection,48,0,39.8344,-75.7678,840420290100,AirNow preliminary observations
07/14/26,420334000,Moshannon,PM2.5-24hr,UG/M3,10.5,24,Pennsylvania Dept. of Environmental Protection,54,1,41.1175,-78.5261,840420334000,AirNow preliminary observations
07/14/26,420410101,Carlisle,PM2.5-24hr,UG/M3,9.6,24,Pennsylvania Dept. of Environmental Protection,52,1,40.2464,-77.1867,840420410101,AirNow preliminary observations
07/14/26,420430401,Harrisburg,PM2.5-24hr,UG/M3,12.1,24,Pennsylvania Dept. of Environmental Protection,57,1,40.246992,-76.846988,840420430401,AirNow preliminary observations
07/14/26,420431100,Hershey,PM2.5-24hr,UG/M3,12.0,24,Pennsylvania Dept. of Environmental Protection,56,1,40.2722,-76.6814,840420431100,AirNow preliminary observations
07/14/26,420450002,Chester,PM2.5-24hr,UG/M3,11.0,24,Pennsylvania Dept. of Environmental Protection,55,1,39.8356,-75.3725,840420450002,AirNow preliminary observations
07/14/26,420450109,Marcus Hook,PM2.5-24hr,UG/M3,8.0,24,Pennsylvania Dept. of Environmental Protection,44,0,39.818715,-75.413973,840420450109,AirNow preliminary observations
07/14/26,420490003,Erie,PM2.5-24hr,UG/M3,9.4,24,Pennsylvania Dept. of Environmental Protection,52,1,42.1428,-80.0372,840420490003,AirNow preliminary observations
07/14/26,420590002,Holbrook,PM2.5-24hr,UG/M3,8.0,24,Pennsylvania Dept. of Environmental Protection,44,0,39.82,-80.2897,840420590002,AirNow preliminary observations
07/14/26,420630004,Strongstown,PM2.5-24hr,UG/M3,11.6,24,Pennsylvania Dept. of Environmental Protection,56,1,40.5633,-78.92,840420630004,AirNow preliminary observations
07/14/26,420692006,Scranton,PM2.5-24hr,UG/M3,11.8,24,Pennsylvania Dept. of Environmental Protection,56,1,41.4428,-75.6231,840420692006,AirNow preliminary observations
07/14/26,420710007,Lancaster,PM2.5-24hr,UG/M3,11.8,24,Pennsylvania Dept. of Environmental Protection,56,1,40.0467,-76.2833,840420710007,AirNow preliminary observations
07/14/26,420710012,Lancaster DW,PM2.5-24hr,UG/M3,8.4,24,Pennsylvania Dept. of Environmental Protection,47,0,40.0439,-76.1125,840420710012,AirNow preliminary observations
07/14/26,420770004,Allentown,PM2.5-24hr,UG/M3,10.7,24,Pennsylvania Dept. of Environmental Protection,54,1,40.6119,-75.4325,840420770004,AirNow preliminary observations
07/14/26,420850100,Farrell,PM2.5-24hr,UG/M3,12.4,24,Pennsylvania Dept. of Environmental Protection,57,1,41.215,-80.485,840420850100,AirNow preliminary observations
07/14/26,420890002,Swiftwater,PM2.5-24hr,UG/M3,12.7,24,Pennsylvania Dept. of Environmental Protection,58,1,41.083099,-75.3283,840420890002,AirNow preliminary observations
07/14/26,420910013,Norristown,PM2.5-24hr,UG/M3,10.1,24,Pennsylvania Dept. of Environmental Protection,53,1,40.1122,-75.3092,840420910013,AirNow preliminary observations
07/14/26,420950025,Freemansburg,PM2.5-24hr,UG/M3,10.9,24,Pennsylvania Dept. of Environmental Protection,54,1,40.6281,-75.3411,840420950025,AirNow preliminary observations
07/14/26,421010004,LABP,PM2.5-24hr,UG/M3,13.5,24,Philadelphia Air Management Services,59,1,40.00892,-75.09777,840421010004,AirNow preliminary observations
07/14/26,421010048,NEW,PM2.5-24hr,UG/M3,9.6,24,Philadelphia Air Management Services,52,1,39.991389,-75.080833,840421010048,AirNow preliminary observations
07/14/26,421010055,RIT,PM2.5-24hr,UG/M3,8.9,24,Philadelphia Air Management Services,49,0,39.922516,-75.186783,840421010055,AirNow preliminary observations
07/14/26,421010057,FAB,PM2.5-24hr,UG/M3,13.7,24,Philadelphia Air Management Services,60,1,39.9603,-75.1424,840421010057,AirNow preliminary observations
07/14/26,421010075,TOR,PM2.5-24hr,UG/M3,9.5,24,Philadelphia Air Management Services,52,1,40.054171,-74.985166,840421010075,AirNow preliminary observations
07/14/26,421010076,MON,PM2.5-24hr,UG/M3,14.6,24,Philadelphia Air Management Services,61,1,39.988842,-75.207205,840421010076,AirNow preliminary observations
07/14/26,421250005,Charleroi,PM2.5-24hr,UG/M3,7.9,24,Pennsylvania Dept. of Environmental Protection,44,0,40.1469,-79.9033,840421250005,AirNow preliminary observations
07/14/26,421255001,Florence,PM2.5-24hr,UG/M3,9.8,24,Pennsylvania Dept. of Environmental Protection,52,1,40.4447,-80.42,840421255001,AirNow preliminary observations
07/14/26,421255200,Houston,PM2.5-24hr,UG/M3,9.8,24,Pennsylvania Dept. of Environmental Protection,52,1,40.269,-80.244,840421255200,AirNow preliminary observations
07/14/26,421290008,Greensburg,PM2.5-24hr,UG/M3,10.1,24,Pennsylvania Dept. of Environmental Protection,53,1,40.3053,-79.5061,840421290008,AirNow preliminary observations
07/14/26,421330008,York,PM2.5-24hr,UG/M3,12.0,24,Pennsylvania Dept. of Environmental Protection,56,1,39.9653,-76.6994,840421330008,AirNow preliminary observations
07/14/26,440030002,W Greenwich,PM2.5-24hr,UG/M3,7.3,24,Rhode Island Dept. of Environmental Management,41,0,41.615,-71.7197,840440030002,AirNow preliminary observations
07/14/26,440070022,CCRI Providence,PM2.5-24hr,UG/M3,8.7,24,Rhode Island Dept. of Environmental Management,48,0,41.807523,-71.41392,840440070022,AirNow preliminary observations
07/14/26,440071010,E Providence,PM2.5-24hr,UG/M3,6.9,24,Rhode Island Dept. of Environmental Management,38,0,41.840302,-71.361702,840440071010,AirNow preliminary observations
07/14/26,440090007,Narragansett,PM2.5-24hr,UG/M3,9.2,24,Rhode Island Dept. of Environmental Management,51,1,41.4942,-71.4219,840440090007,AirNow preliminary observations
07/14/26,460110003,Research Farm,PM2.5-24hr,UG/M3,7.5,24,South Dakota Department of Agriculture and Natural Resources,42,0,44.348604,-96.807299,840460110003,AirNow preliminary observations
07/14/26,460290002,Watertown,PM2.5-24hr,UG/M3,7.1,24,South Dakota Department of Agriculture and Natural Resources,39,0,44.89965,-97.128802,840460290002,AirNow preliminary observations
07/14/26,470090011,MARYVILL,PM2.5-24hr,UG/M3,3.0,24,Tennessee Air Pollution Control Div.,17,0,35.7683,-83.9422,840470090011,AirNow preliminary observations
07/14/26,470090101,Look Rock - GSMNP,PM2.5-24hr,UG/M3,1.9,24,National Park Service,11,0,35.63346,-83.94158,840470090101,AirNow preliminary observations
07/14/26,470370023,LOCKELAND,PM2.5-24hr,UG/M3,3.9,24,Davidson County PCD,22,0,36.1767,-86.7386,840470370023,AirNow preliminary observations
07/14/26,470450004,DYERSBURG,PM2.5-24hr,UG/M3,6.5,24,Tennessee Air Pollution Control Div.,36,0,36.0528,-89.3819,840470450004,AirNow preliminary observations
07/14/26,470654002,Siskin Dr,PM2.5-24hr,UG/M3,5.0,24,Chattanooga-Hamilton County Air Pollution Control Bureau,28,0,35.051006,-85.292867,840470654002,AirNow preliminary observations
07/14/26,470931013,AIR LAB,PM2.5-24hr,UG/M3,4.5,24,Knox County Dept. of Air Quality Management ,25,0,35.9803,-83.9306,840470931013,AirNow preliminary observations
07/14/26,471050109,LOUDONMS,PM2.5-24hr,UG/M3,3.8,24,Tennessee Air Pollution Control Div.,21,0,35.7197,-84.3417,840471050109,AirNow preliminary observations
07/14/26,471071002,ATHENS,PM2.5-24hr,UG/M3,3.8,24,Tennessee Air Pollution Control Div.,21,0,35.4511,-84.5992,840471071002,AirNow preliminary observations
07/14/26,471192007,Columbia,PM2.5-24hr,UG/M3,2.5,24,Tennessee Air Pollution Control Div.,14,0,35.65188,-87.0096,840471192007,AirNow preliminary observations
07/14/26,471450004,Harriman,PM2.5-24hr,UG/M3,3.3,24,Tennessee Air Pollution Control Div.,18,0,35.9386,-84.5439,840471450004,AirNow preliminary observations
07/14/26,471570075,SHELBY FARMS,PM2.5-24hr,UG/M3,7.6,24,Shelby County Health Department,42,0,35.151588,-89.85022,840471570075,AirNow preliminary observations
07/14/26,471631007,Kingsport,PM2.5-24hr,UG/M3,5.0,24,Tennessee Air Pollution Control Div.,28,0,36.5408,-82.5217,840471631007,AirNow preliminary observations
07/14/26,471650007,HVILLE,PM2.5-24hr,UG/M3,3.1,24,Tennessee Air Pollution Control Div.,17,0,36.2975,-86.6525,840471650007,AirNow preliminary observations
07/14/26,500030004,Bennington,PM2.5-24hr,UG/M3,10.6,24,Vermont Air Quality & Climate Division,54,1,42.887501,-73.249702,840500030004,AirNow preliminary observations
07/14/26,500070007,Underhill,PM2.5-24hr,UG/M3,11.8,24,Vermont Air Quality & Climate Division,56,1,44.528389,-72.868973,840500070007,AirNow preliminary observations
07/14/26,500210002,Rutland,PM2.5-24hr,UG/M3,14.6,24,Vermont Air Quality & Climate Division,61,1,43.608528,-72.98246,840500210002,AirNow preliminary observations
07/14/26,510030001,Albemarle HS,PM2.5-24hr,UG/M3,7.7,24,Virginia Dept. of Environmental Quality,43,0,38.07657,-78.50397,840510030001,AirNow preliminary observations
07/14/26,510360002,SHIRLEY PLANTATION,PM2.5-24hr,UG/M3,7.3,24,Virginia Dept. of Environmental Quality,41,0,37.34438,-77.25925,840510360002,AirNow preliminary observations
07/14/26,510410004,BEACH ROAD,PM2.5-24hr,UG/M3,7.6,24,Virginia Dept. of Environmental Quality,42,0,37.35748,-77.59355,840510410004,AirNow preliminary observations
07/14/26,510590030,FRANCONIA,PM2.5-24hr,UG/M3,7.7,24,Virginia Dept. of Environmental Quality,43,0,38.77335,-77.10468,840510590030,AirNow preliminary observations
07/14/26,510690010,REST - LESTER BUILDING SYSTEMS,PM2.5-24hr,UG/M3,8.2,24,Virginia Dept. of Environmental Quality,46,0,39.28102,-78.08157,840510690010,AirNow preliminary observations
07/14/26,510870014,MATH & SCIENCE CTR,PM2.5-24hr,UG/M3,8.4,24,Virginia Dept. of Environmental Quality,47,0,37.55652,-77.40027,840510870014,AirNow preliminary observations
07/14/26,511071005,ASHBURN,PM2.5-24hr,UG/M3,8.2,24,Virginia Dept. of Environmental Quality,46,0,39.02473,-77.48925,840511071005,AirNow preliminary observations
07/14/26,511130003,Shenandoah NP,PM2.5-24hr,UG/M3,6.9,24,Virginia Dept. of Environmental Quality,38,0,38.5231,-78.4347,840511130003,AirNow preliminary observations
07/14/26,511611004,VINTON - Herman Horn ES,PM2.5-24hr,UG/M3,8.7,24,Virginia Dept. of Environmental Quality,48,0,37.28342,-79.88452,840511611004,AirNow preliminary observations
07/14/26,516500008,HAMPTON - NASA,PM2.5-24hr,UG/M3,5.3,24,Virginia Dept. of Environmental Quality,29,0,37.10373,-76.38702,840516500008,AirNow preliminary observations
07/14/26,517100024,NORFOLK - NOAA,PM2.5-24hr,UG/M3,5.5,24,Virginia Dept. of Environmental Quality,31,0,36.85555,-76.30135,840517100024,AirNow preliminary observations
07/14/26,540290009,WEIRTON,PM2.5-24hr,UG/M3,14.3,24,West Virginia Division of Air Quality,61,1,40.42735,-80.59253,840540290009,AirNow preliminary observations
07/14/26,540390020,CHARLESTON,PM2.5-24hr,UG/M3,6.9,24,West Virginia Division of Air Quality,38,0,38.346258,-81.621161,840540390020,AirNow preliminary observations
07/14/26,540511002,MOUNDSVILLE,PM2.5-24hr,UG/M3,8.8,24,West Virginia Division of Air Quality,49,0,39.9158,-80.7342,840540511002,AirNow preliminary observations
07/14/26,550030010,Bad River Tribal School,PM2.5-24hr,UG/M3,9.0,24,Wisconsin Dept. of Natural Resources,50,0,46.6144,-90.6986,840550030010,AirNow preliminary observations
07/14/26,550090005,Green Bay East High,PM2.5-24hr,UG/M3,10.4,24,Wisconsin Dept. of Natural Resources,53,1,44.5167,-87.9939,840550090005,AirNow preliminary observations
07/14/26,550250041,Madison East,PM2.5-24hr,UG/M3,8.3,24,Wisconsin Dept. of Natural Resources,46,0,43.1008,-89.3572,840550250041,AirNow preliminary observations
07/14/26,550270001,Horicon Wildlife Area,PM2.5-24hr,UG/M3,9.7,24,Wisconsin Dept. of Natural Resources,52,1,43.46611,-88.621109,840550270001,AirNow preliminary observations
07/14/26,550350014,Eau Claire,PM2.5-24hr,UG/M3,8.8,24,Wisconsin Dept. of Natural Resources,49,0,44.761398,-91.413002,840550350014,AirNow preliminary observations
07/14/26,550410007,Potawatomi,PM2.5-24hr,UG/M3,8.5,24,Wisconsin Dept. of Natural Resources,47,0,45.5639,-88.81,840550410007,AirNow preliminary observations
07/14/26,550430009,Potosi,PM2.5-24hr,UG/M3,9.2,24,Wisconsin Dept. of Natural Resources,51,1,42.692131,-90.696373,840550430009,AirNow preliminary observations
07/14/26,550590019,Chiwaukee,PM2.5-24hr,UG/M3,10.8,24,Wisconsin Dept. of Natural Resources,54,1,42.5047,-87.8111,840550590019,AirNow preliminary observations
07/14/26,550730012,Lake Dubay,PM2.5-24hr,UG/M3,8.1,24,Wisconsin Dept. of Natural Resources,45,0,44.7072,-89.7697,840550730012,AirNow preliminary observations
07/14/26,550790010,Milwaukee 16th Street,PM2.5-24hr,UG/M3,10.2,24,Wisconsin Dept. of Natural Resources,53,1,43.0178,-87.9333,840550790010,AirNow preliminary observations
07/14/26,550790056,Milwaukee College Ave-Near Road,PM2.5-24hr,UG/M3,8.8,24,Wisconsin Dept. of Natural Resources,49,0,42.93257,-87.93434,840550790056,AirNow preliminary observations
07/14/26,550870009,Appleton AAL,PM2.5-24hr,UG/M3,8.8,24,Wisconsin Dept. of Natural Resources,49,0,44.3069,-88.3956,840550870009,AirNow preliminary observations
07/14/26,550890009,Harrington Beach,PM2.5-24hr,UG/M3,7.4,24,Wisconsin Dept. of Natural Resources,41,0,43.4981,-87.81,840550890009,AirNow preliminary observations
07/14/26,551110007,Devils Lake,PM2.5-24hr,UG/M3,7.1,24,Wisconsin Dept. of Natural Resources,39,0,43.4356,-89.6803,840551110007,AirNow preliminary observations
07/14/26,551330027,Waukesha-Cleveland Ave,PM2.5-24hr,UG/M3,9.5,24,Wisconsin Dept. of Natural Resources,52,1,43.0203,-88.215,840551330027,AirNow preliminary observations
07/14/26,840100010003,Dover,PM2.5-24hr,UG/M3,9.6,24,Delaware Dept. of Natural Resources and Environment,52,1,39.155,-75.518056,840100010003,AirNow preliminary observations
07/14/26,840100031012,Newark,PM2.5-24hr,UG/M3,13.0,24,Delaware Dept. of Natural Resources and Environment,58,1,39.691962,-75.761299,840100031012,AirNow preliminary observations
07/14/26,840110010053,King Greenleaf Rec Center,PM2.5-24hr,UG/M3,9.2,24,District of Columbia - Department of Energy and Environment,51,1,38.875161,-77.012816,840110010053,AirNow preliminary observations
07/14/26,840110010055,Bald Eagle,PM2.5-24hr,UG/M3,6.8,24,District of Columbia - Department of Energy and Environment,38,0,38.81853,-77.01039,840110010055,AirNow preliminary observations
07/14/26,840170190006,Champaign,PM2.5-24hr,UG/M3,14.8,24,Illinois EPA,62,1,40.12306,-88.24017,840170190006,AirNow preliminary observations
07/14/26,840170310052,CHI_MAYFAIR,PM2.5-24hr,UG/M3,16.0,24,Illinois EPA,64,1,41.96548,-87.74992,840170310052,AirNow preliminary observations
07/14/26,840170310119,Kingery Near-road #1,PM2.5-24hr,UG/M3,12.7,24,Illinois EPA,58,1,41.578603,-87.557392,840170310119,AirNow preliminary observations
07/14/26,840170311016,McCook,PM2.5-24hr,UG/M3,12.6,24,Illinois EPA,58,1,41.80117,-87.83194,840170311016,AirNow preliminary observations
07/14/26,840170313301,Summit,PM2.5-24hr,UG/M3,16.8,24,Illinois EPA,65,1,41.78276,-87.80537,840170313301,AirNow preliminary observations
07/14/26,840170890007,Aurora,PM2.5-24hr,UG/M3,11.9,24,Illinois EPA,56,1,41.78471,-88.2422,840170890007,AirNow preliminary observations
07/14/26,840170890124,Elgin_DMV,PM2.5-24hr,UG/M3,19.1,24,Illinois EPA,70,1,42.02131,-88.28298,840170890124,AirNow preliminary observations
07/14/26,840171190024,Granite City Gateway,PM2.5-24hr,UG/M3,14.8,24,Illinois EPA,62,1,38.70063,-90.14476,840171190024,AirNow preliminary observations
07/14/26,840171190120,Alton,PM2.5-24hr,UG/M3,15.8,24,Illinois EPA,63,1,38.901316,-90.146211,840171190120,AirNow preliminary observations
07/14/26,840172010118,Rockford,PM2.5-24hr,UG/M3,13.0,24,Illinois EPA,58,1,42.267002,-89.08917,840172010118,AirNow preliminary observations
07/14/26,840180030015,Ft Wayne - Coliseum,PM2.5-24hr,UG/M3,15.4,24,Indiana Dept. of Environmental Management,63,1,41.08184,-85.08834,840180030015,AirNow preliminary observations
07/14/26,840180190010,Jeffersonville - Bates-Bowyer Av,PM2.5-24hr,UG/M3,6.5,24,Indiana Dept. of Environmental Management,36,0,38.288191,-85.741337,840180190010,AirNow preliminary observations
07/14/26,840180350006,Muncie Central HS,PM2.5-24hr,UG/M3,13.2,24,Indiana Dept. of Environmental Management,59,1,40.1995,-85.38791,840180350006,AirNow preliminary observations
07/14/26,840180372001,Jasper - Post Office,PM2.5-24hr,UG/M3,8.1,24,Indiana Dept. of Environmental Management,45,0,38.391799,-86.929668,840180372001,AirNow preliminary observations
07/14/26,840180430008,New Albany - 4H Road,PM2.5-24hr,UG/M3,4.9,24,Indiana Dept. of Environmental Management,27,0,38.3178,-85.8333,840180430008,AirNow preliminary observations
07/14/26,840180890034,East Chicago - Marina,PM2.5-24hr,UG/M3,12.9,24,Indiana Dept. of Environmental Management,58,1,41.653446,-87.435435,840180890034,AirNow preliminary observations
07/14/26,840180910011,Michigan City - Marsh Elementary,PM2.5-24hr,UG/M3,15.3,24,Indiana Dept. of Environmental Management,63,1,41.70694,-86.89111,840180910011,AirNow preliminary observations
07/14/26,840181470011,Dale - Wallace St,PM2.5-24hr,UG/M3,6.8,24,Indiana Dept. of Environmental Management,38,0,38.1701,-86.98721,840181470011,AirNow preliminary observations
07/14/26,840181630024,Evansville-Oak Hill,PM2.5-24hr,UG/M3,6.9,24,Indiana Dept. of Environmental Management,38,0,37.98852,-87.53141,840181630024,AirNow preliminary observations
07/14/26,840191130042,MCKINLEY STEAM,PM2.5-24hr,UG/M3,10.7,24,Linn Co. Public Health ,54,1,41.98088,-91.65391,840191130042,AirNow preliminary observations
07/14/26,840191531427,EAST HIGH,PM2.5-24hr,UG/M3,14.3,24,Polk Co. Air Quality Division,61,1,41.59975,-93.5995,840191531427,AirNow preliminary observations
07/14/26,840191535885,PUBLIC WORKS,PM2.5-24hr,UG/M3,11.2,24,Polk Co. Air Quality Division,55,1,41.667032,-93.599221,840191535885,AirNow preliminary observations
07/14/26,840191870013,"Ft. Dodge, Day Park",PM2.5-24hr,UG/M3,11.0,24,Iowa DNR,55,1,42.505,-94.177,840191870013,AirNow preliminary observations
07/14/26,840210470007,Pennyrile Forest,PM2.5-24hr,UG/M3,6.0,24,Kentucky DEP,33,0,37.05778,-87.65,840210470007,AirNow preliminary observations
07/14/26,840210590015,Owensboro,PM2.5-24hr,UG/M3,6.8,24,Kentucky DEP,38,0,37.77167,-87.05581,840210590015,AirNow preliminary observations
07/14/26,840210930007,Freeman Lake,PM2.5-24hr,UG/M3,4.1,24,Kentucky DEP,23,0,37.71451,-85.87082,840210930007,AirNow preliminary observations
07/14/26,840211451027,Paducah Transit,PM2.5-24hr,UG/M3,5.6,24,Kentucky DEP,31,0,37.08725,-88.60802,840211451027,AirNow preliminary observations
07/14/26,840230050015,Portland Tukey's Bridge,PM2.5-24hr,UG/M3,16.8,24,Maine Dept. of Environmental Protection,65,1,43.678,-70.2561,840230050015,AirNow preliminary observations
07/14/26,840230056606,Portland Ocean Gateway,PM2.5-24hr,UG/M3,13.2,24,Maine Dept. of Environmental Protection,59,1,43.66079,-70.24557,840230056606,AirNow preliminary observations
07/14/26,840230110016,Augusta LSS,PM2.5-24hr,UG/M3,12.1,24,Maine Dept. of Environmental Protection,57,1,44.3123,-69.7867,840230110016,AirNow preliminary observations
07/14/26,840230290033,Sipayik,PM2.5-24hr,UG/M3,12.0,24,Maine Dept. of Environmental Protection,56,1,44.963459,-67.060476,840230290033,AirNow preliminary observations
07/14/26,840240396431,Princess Anne,PM2.5-24hr,UG/M3,6.6,24,Maryland Department of the Environment,37,0,38.176541,-75.701489,840240396431,AirNow preliminary observations
07/14/26,840240476432,Pocomoke City,PM2.5-24hr,UG/M3,8.9,24,Maryland Department of the Environment,49,0,38.013875,-75.545666,840240476432,AirNow preliminary observations
07/14/26,840245105253,Lake Montebello,PM2.5-24hr,UG/M3,9.6,24,Maryland Department of the Environment,52,1,39.33746,-76.58905,840245105253,AirNow preliminary observations
07/14/26,840250030008,Pittsfield,PM2.5-24hr,UG/M3,10.8,24,Massachusetts Dept. of Environmental Protection,54,1,42.452299,-73.239648,840250030008,AirNow preliminary observations
07/14/26,840250092007,Saugus,PM2.5-24hr,UG/M3,10.6,24,Massachusetts Dept. of Environmental Protection,54,1,42.44472,-70.988889,840250092007,AirNow preliminary observations
07/14/26,840250095006,Haverhill,PM2.5-24hr,UG/M3,9.4,24,Massachusetts Dept. of Environmental Protection,52,1,42.78479,-71.10702,840250095006,AirNow preliminary observations
07/14/26,840250154003,Belchertown,PM2.5-24hr,UG/M3,8.3,24,Massachusetts Dept. of Environmental Protection,46,0,42.27809,-72.35207,840250154003,AirNow preliminary observations
07/14/26,840250170010,Chelmsford - Manning Rd,PM2.5-24hr,UG/M3,10.2,24,Massachusetts Dept. of Environmental Protection,53,1,42.612113,-71.307519,840250170010,AirNow preliminary observations
07/14/26,840250170011,Framingham,PM2.5-24hr,UG/M3,9.6,24,Massachusetts Dept. of Environmental Protection,52,1,42.26381,-71.40565,840250170011,AirNow preliminary observations
07/14/26,840250212005,Weymouth,PM2.5-24hr,UG/M3,9.0,24,Massachusetts Dept. of Environmental Protection,50,0,42.241229,-70.963346,840250212005,AirNow preliminary observations
07/14/26,840250251004,Chelsea,PM2.5-24hr,UG/M3,10.8,24,Massachusetts Dept. of Environmental Protection,54,1,42.387222,-71.026111,840250251004,AirNow preliminary observations
07/14/26,840260490022,Flint,PM2.5-24hr,UG/M3,10.4,24,"Michigan Department of Environment, Great Lakes, and Energy",53,1,43.09174,-83.64775,840260490022,AirNow preliminary observations
07/14/26,840260810023,Grand Rapids - Near Roadway,PM2.5-24hr,UG/M3,15.8,24,"Michigan Department of Environment, Great Lakes, and Energy",63,1,42.88537,-85.67977,840260810023,AirNow preliminary observations
07/14/26,840261030013,Negaunee Twp.,PM2.5-24hr,UG/M3,11.2,24,"Michigan Department of Environment, Great Lakes, and Energy",55,1,46.51793,-87.52125,840261030013,AirNow preliminary observations
07/14/26,840270135510,Mankato - RosaParksElementary,PM2.5-24hr,UG/M3,11.8,24,Minnesota Pollution Control Agency,56,1,44.13619,-93.98103,840270135510,AirNow preliminary observations
07/14/26,840270532006,St. Louis Park,PM2.5-24hr,UG/M3,9.7,24,Minnesota Pollution Control Agency,52,1,44.948,-93.34313,840270532006,AirNow preliminary observations
07/14/26,840271153061,Lake Lena,PM2.5-24hr,UG/M3,10.0,24,Minnesota Pollution Control Agency,53,1,46.01156,-92.47841,840271153061,AirNow preliminary observations
07/14/26,840290950043,Linden Hills,PM2.5-24hr,UG/M3,10.5,24,Missouri Department of Natural Resources,54,1,38.94079,-94.5785,840290950043,AirNow preliminary observations
07/14/26,840310550052,92nd and Berry,PM2.5-24hr,UG/M3,7.6,24,Douglas County Health Department (Omaha),42,0,41.19805,-96.05655,840310550052,AirNow preliminary observations
07/14/26,840310670005,Homestead NHP,PM2.5-24hr,UG/M3,10.5,24,Nebraska Department of Environment and Energy,54,1,40.28506,-96.82431,840310670005,AirNow preliminary observations
07/14/26,840310790005,Grand Island DOT,PM2.5-24hr,UG/M3,6.7,24,Nebraska Department of Environment and Energy,37,0,40.918333,-98.378889,840310790005,AirNow preliminary observations
07/14/26,840311770002,Blair,PM2.5-24hr,UG/M3,6.3,24,Douglas County Health Department (Omaha),35,0,41.550658,-96.146622,840311770002,AirNow preliminary observations
07/14/26,840330012008,Laconia Main St,PM2.5-24hr,UG/M3,7.7,24,New Hampshire Dept. of Environmental Services,43,0,43.52496,-71.46633,840330012008,AirNow preliminary observations
07/14/26,840340011006,Atlantic City PM,PM2.5-24hr,UG/M3,7.4,24,New Jersey Dept. of Environmental Protection,41,0,39.36326,-74.431,840340011006,AirNow preliminary observations
07/14/26,840340130017,Newark Chestnut,PM2.5-24hr,UG/M3,9.1,24,New Jersey Dept. of Environmental Protection,51,1,40.72736,-74.17447,840340130017,AirNow preliminary observations
07/14/26,840340170008,Union City High School,PM2.5-24hr,UG/M3,10.2,24,New Jersey Dept. of Environmental Protection,53,1,40.770908,-74.036218,840340170008,AirNow preliminary observations
07/14/26,840340210008,Trenton,PM2.5-24hr,UG/M3,9.6,24,New Jersey Dept. of Environmental Protection,52,1,40.222421,-74.763167,840340210008,AirNow preliminary observations
07/14/26,840340292002,Toms River,PM2.5-24hr,UG/M3,9.6,24,New Jersey Dept. of Environmental Protection,52,1,39.994908,-74.170447,840340292002,AirNow preliminary observations
07/14/26,840340310005,Paterson,PM2.5-24hr,UG/M3,10.8,24,New Jersey Dept. of Environmental Protection,54,1,40.918381,-74.168092,840340310005,AirNow preliminary observations
07/14/26,840360850055,Port Richmond,PM2.5-24hr,UG/M3,8.9,24,New York Dept. of Environmental Conservation,49,0,40.63306,-74.137156,840360850055,AirNow preliminary observations
07/14/26,840371190048,Friendship Park,PM2.5-24hr,UG/M3,7.2,24,Mecklenburg County Air Quality,40,0,35.281791,-80.851473,840371190048,AirNow preliminary observations
07/14/26,840390090003,Gifford,PM2.5-24hr,UG/M3,8.7,24,Ohio EPA-DAPC,48,0,39.442165,-81.908827,840390090003,AirNow preliminary observations
07/14/26,840390170015,Ohio Bell,PM2.5-24hr,UG/M3,14.0,24,Ohio EPA-DAPC,60,1,39.49072,-84.36374,840390170015,AirNow preliminary observations
07/14/26,840390170022,BPG,PM2.5-24hr,UG/M3,15.0,24,Ohio EPA-DAPC,62,1,39.478686,-84.397112,840390170022,AirNow preliminary observations
07/14/26,84039035CICM,CLEANinCLE MMS,PM2.5-24hr,UG/M3,11.4,24,Ohio EPA-DAPC,55,1,41.44539,-81.53874,84039035CICM,AirNow preliminary observations
07/14/26,840390490041,Finland Elem,PM2.5-24hr,UG/M3,13.6,24,Ohio EPA-DAPC,59,1,39.91998,-83.04087,840390490041,AirNow preliminary observations
07/14/26,840390610014,Carthage,PM2.5-24hr,UG/M3,10.6,24,Ohio EPA-DAPC,54,1,39.194331,-84.478974,840390610014,AirNow preliminary observations
07/14/26,840390610042,Lower Price Hill,PM2.5-24hr,UG/M3,9.4,24,Ohio EPA-DAPC,52,1,39.10492,-84.55117,840390610042,AirNow preliminary observations
07/14/26,840390950026,RAPS,PM2.5-24hr,UG/M3,18.2,24,Ohio EPA-DAPC,68,1,41.62057,-83.64226,840390950026,AirNow preliminary observations
07/14/26,840390990015,Youngstown State,PM2.5-24hr,UG/M3,13.6,24,Ohio EPA-DAPC,59,1,41.106182,-80.640576,840390990015,AirNow preliminary observations
07/14/26,840391450015,East Haverhill,PM2.5-24hr,UG/M3,8.6,24,Ohio EPA-DAPC,48,0,38.59246,-82.80677,840391450015,AirNow preliminary observations
07/14/26,840391510017,Canton Fire St8,PM2.5-24hr,UG/M3,18.0,24,Ohio EPA-DAPC,68,1,40.786803,-81.394153,840391510017,AirNow preliminary observations
07/14/26,840401311169,Tulsa Near Road,PM2.5-24hr,UG/M3,10.5,24,Oklahoma Department of Environmental Quality,54,1,36.1629,-95.79683,840401311169,AirNow preliminary observations
07/14/26,840420030002,Avalon,PM2.5-24hr,UG/M3,13.5,24,Allegheny County,59,1,40.50084,-80.066488,840420030002,AirNow preliminary observations
07/14/26,840420031301,North Braddock,PM2.5-24hr,UG/M3,13.7,24,Allegheny County,60,1,40.402267,-79.860942,840420031301,AirNow preliminary observations
07/14/26,840420033007,Clairton,PM2.5-24hr,UG/M3,11.0,24,Allegheny County,55,1,40.294381,-79.885303,840420033007,AirNow preliminary observations
07/14/26,840420070008,Fort McIntosh,PM2.5-24hr,UG/M3,10.8,24,Pennsylvania Dept. of Environmental Protection,54,1,40.691857,-80.299211,840420070008,AirNow preliminary observations
07/14/26,840420510524,Uniontown,PM2.5-24hr,UG/M3,9.3,24,Pennsylvania Dept. of Environmental Protection,51,1,39.917663,-79.805499,840420510524,AirNow preliminary observations
07/14/26,840420550003,Chambersburg,PM2.5-24hr,UG/M3,10.9,24,Pennsylvania Dept. of Environmental Protection,54,1,39.94416,-77.64413,840420550003,AirNow preliminary observations
07/14/26,840420750101,Lebanon,PM2.5-24hr,UG/M3,11.3,24,Pennsylvania Dept. of Environmental Protection,55,1,40.338516,-76.394788,840420750101,AirNow preliminary observations
07/14/26,840420810419,Salladasburg,PM2.5-24hr,UG/M3,6.7,24,Pennsylvania Dept. of Environmental Protection,37,0,41.266192,-77.230933,840420810419,AirNow preliminary observations
07/14/26,840421150215,New Milford,PM2.5-24hr,UG/M3,9.9,24,Pennsylvania Dept. of Environmental Protection,52,1,41.867336,-75.686602,840421150215,AirNow preliminary observations
07/14/26,840421230004,Warren Overlook,PM2.5-24hr,UG/M3,15.7,24,Pennsylvania Dept. of Environmental Protection,63,1,41.843722,-79.172889,840421230004,AirNow preliminary observations
07/14/26,840421310010,Tunkhannock,PM2.5-24hr,UG/M3,9.3,24,Pennsylvania Dept. of Environmental Protection,51,1,41.605244,-75.95774,840421310010,AirNow preliminary observations
07/14/26,840440070040,Near Road,PM2.5-24hr,UG/M3,11.5,24,Rhode Island Dept. of Environmental Management,55,1,41.771987,-71.427881,840440070040,AirNow preliminary observations
07/14/26,840460130004,Aberdeen,PM2.5-24hr,UG/M3,5.2,24,South Dakota Department of Agriculture and Natural Resources,29,0,45.468596,-98.494061,840460130004,AirNow preliminary observations
07/14/26,840460270001,Vermillion,PM2.5-24hr,UG/M3,3.8,24,South Dakota Department of Agriculture and Natural Resources,21,0,42.789453,-96.903867,840460270001,AirNow preliminary observations
07/14/26,840460990009,SF-USD,PM2.5-24hr,UG/M3,6.8,24,South Dakota Department of Agriculture and Natural Resources,38,0,43.59901,-96.78331,840460990009,AirNow preliminary observations
07/14/26,840470931017,Rule,PM2.5-24hr,UG/M3,4.3,24,Knox County Dept. of Air Quality Management ,24,0,35.97773,-83.9504,840470931017,AirNow preliminary observations
07/14/26,840470990003,Loretto,PM2.5-24hr,UG/M3,3.4,24,Tennessee Air Pollution Control Div.,19,0,35.116866,-87.419726,840470990003,AirNow preliminary observations
07/14/26,840471130010,Jackson,PM2.5-24hr,UG/M3,7.9,24,Tennessee Air Pollution Control Div.,44,0,35.705338,-88.81959,840471130010,AirNow preliminary observations
07/14/26,840471252001,Clarksville,PM2.5-24hr,UG/M3,5.3,24,Tennessee Air Pollution Control Div.,29,0,36.611411,-87.384666,840471252001,AirNow preliminary observations
07/14/26,840471410006,Cookeville CC,PM2.5-24hr,UG/M3,2.8,24,Tennessee Air Pollution Control Div.,16,0,36.16304,-85.52908,840471410006,AirNow preliminary observations
07/14/26,840510590031,Northern VA Near Road,PM2.5-24hr,UG/M3,8.4,24,Virginia Dept. of Environmental Quality,47,0,38.7684,-77.18347,840510590031,AirNow preliminary observations
07/14/26,840510870015,Piedmont Regional Office,PM2.5-24hr,UG/M3,8.5,24,Virginia Dept. of Environmental Quality,47,0,37.67138,-77.56777,840510870015,AirNow preliminary observations
07/14/26,840515200006,Bristol,PM2.5-24hr,UG/M3,7.1,24,Virginia Dept. of Environmental Quality,39,0,36.64249,-82.10738,840515200006,AirNow preliminary observations
07/14/26,840517600025,Richmond City Near Road,PM2.5-24hr,UG/M3,7.3,24,Virginia Dept. of Environmental Quality,41,0,37.59088,-77.46925,840517600025,AirNow preliminary observations
07/14/26,840517750011,Salem,PM2.5-24hr,UG/M3,8.1,24,Virginia Dept. of Environmental Quality,45,0,37.29788,-80.08101,840517750011,AirNow preliminary observations
07/14/26,840518100008,Tidewater Regional Office,PM2.5-24hr,UG/M3,5.8,24,Virginia Dept. of Environmental Quality,32,0,36.84188,-76.18123,840518100008,AirNow preliminary observations
07/14/26,840540090011,"MARLAND HTS, WEIRTON",PM2.5-24hr,UG/M3,13.2,24,West Virginia Division of Air Quality,59,1,40.39458,-80.61202,840540090011,AirNow preliminary observations
07/14/26,840550250047,Madison University Ave,PM2.5-24hr,UG/M3,8.4,24,Wisconsin Dept. of Natural Resources,47,0,43.07378,-89.43595,840550250047,AirNow preliminary observations
07/14/26,840550532002,Ho-Chunk Nation-Black River Falls,PM2.5-24hr,UG/M3,9.1,24,Wisconsin Dept. of Natural Resources,51,1,44.33466,-90.7868,840550532002,AirNow preliminary observations
07/14/26,840550812001,Ho-Chunk Nation-Tomah,PM2.5-24hr,UG/M3,9.0,24,Wisconsin Dept. of Natural Resources,50,0,44.02086,-90.40161,840550812001,AirNow preliminary observations
07/14/26,840TT0010001,Eastern Band of Cherokee: Old Cherokee High,PM2.5-24hr,UG/M3,3.4,24,Eastern Band of Cherokee Indians,19,0,35.498711,-83.310242,840TT0010001,AirNow preliminary observations
07/14/26,840TT3830001,WTN1,PM2.5-24hr,UG/M3,11.4,24,Winnebago Tribe of Nebraska,55,1,42.24286,-96.47593,840TT3830001,AirNow preliminary observations
07/14/26,840TT3830002,WTN2,PM2.5-24hr,UG/M3,10.4,24,Winnebago Tribe of Nebraska,53,1,42.26582,-96.53307,840TT3830002,AirNow preliminary observations
07/14/26,CC0011002,FIREHALL-LABRADORCITY2,PM2.5-24hr,UG/M3,7.1,24,Newfoundland & Labrador DEC,39,0,52.94548,-66.910245,124CC0011002,AirNow preliminary observations
07/14/26,CC0040104,FREDERICTON-NEEDHAM ST.,PM2.5-24hr,UG/M3,16.6,24,Canada-New Brunswick1,65,1,45.957344,-66.645562,124CC0040104,AirNow preliminary observations
07/14/26,CC0040203,FOREST HILLS,PM2.5-24hr,UG/M3,12.9,24,Canada-New Brunswick1,58,1,45.308778,-66.008333,124CC0040203,AirNow preliminary observations
07/14/26,CC0040207,SAINT JOHN WEST,PM2.5-24hr,UG/M3,15.1,24,Canada-New Brunswick1,62,1,45.25315,-66.079931,124CC0040207,AirNow preliminary observations
07/14/26,CC0040901,ST ANDREWS,PM2.5-24hr,UG/M3,10.2,24,Canada-New Brunswick1,53,1,45.086944,-67.073889,124CC0040901,AirNow preliminary observations
07/14/26,CC0041302,BATHURST,PM2.5-24hr,UG/M3,12.6,24,Canada-New Brunswick1,58,1,47.609528,-65.633528,124CC0041302,AirNow preliminary observations
07/14/26,CC0041501,EDMUNDSTON QUEEN ST.,PM2.5-24hr,UG/M3,22.0,24,Canada-New Brunswick1,75,1,47.363195,-68.322302,124CC0041501,AirNow preliminary observations
07/14/26,CC0050103,Saint-Jean-Baptiste,PM2.5-24hr,UG/M3,17.2,24,Canada-Quebec2,66,1,45.641026,-73.499682,124CC0050103,AirNow preliminary observations
07/14/26,CC0050126,Sainte-Anne-de-Bellevue,PM2.5-24hr,UG/M3,16.5,24,Canada-Quebec2,65,1,45.426509,-73.928944,124CC0050126,AirNow preliminary observations
07/14/26,CC0050129,Riviere-des-Prairies,PM2.5-24hr,UG/M3,16.9,24,Canada-Quebec2,66,1,45.651722,-73.573896,124CC0050129,AirNow preliminary observations
07/14/26,CC0050134,Molson,PM2.5-24hr,UG/M3,18.4,24,Canada-Quebec2,68,1,45.542767,-73.572039,124CC0050134,AirNow preliminary observations
07/14/26,CC0050135,Caserne 17,PM2.5-24hr,UG/M3,17.6,24,Canada-Quebec2,67,1,45.593325,-73.637328,124CC0050135,AirNow preliminary observations
07/14/26,CC0050136,St-Dominique,PM2.5-24hr,UG/M3,16.6,24,Canada-Quebec2,65,1,45.512189,-73.566872,124CC0050136,AirNow preliminary observations
07/14/26,CC0050138,York-Roberval,PM2.5-24hr,UG/M3,19.4,24,Canada-Quebec2,70,1,45.464611,-73.582583,124CC0050138,AirNow preliminary observations
07/14/26,TT9209004,Miami,PM2.5-24hr,UG/M3,18.7,24,Quapaw Nation,69,1,36.922222,-94.83889,840TT9209004,AirNow preliminary observations
07/15/26,000050113,Laval - Chomedey,PM2.5-24hr,UG/M3,13.6,24,Canada-Quebec1,59,1,45.5472,-73.7472,124000050113,AirNow preliminary observations
07/15/26,000050119,Longueuil,PM2.5-24hr,UG/M3,14.4,24,Canada-Quebec1,61,1,45.5231,-73.4939,124000050119,AirNow preliminary observations
07/15/26,000050122,Brossard - Parc Sorbonne,PM2.5-24hr,UG/M3,16.0,24,Canada-Quebec1,64,1,45.44866,-73.468631,124000050122,AirNow preliminary observations
07/15/26,000050137,Terrebonne - Parc Vaillant,PM2.5-24hr,UG/M3,11.2,24,Canada-Quebec1,55,1,45.70476,-73.65776,124000050137,AirNow preliminary observations
07/15/26,000050204,Gatineau - Hull,PM2.5-24hr,UG/M3,13.2,24,Canada-Quebec1,59,1,45.4369,-75.7261,124000050204,AirNow preliminary observations
07/15/26,000050308,Quebec - Vieux-Limoilou,PM2.5-24hr,UG/M3,18.1,24,Canada-Quebec1,68,1,46.8214,-71.2208,124000050308,AirNow preliminary observations
07/15/26,000050310,Quebec - College St-Charles Garnier,PM2.5-24hr,UG/M3,13.5,24,Canada-Quebec1,59,1,46.7969,-71.2461,124000050310,AirNow preliminary observations
07/15/26,000050311,Quebec - Ecole Les Primeveres,PM2.5-24hr,UG/M3,14.3,24,Canada-Quebec1,61,1,46.77417,-71.36972,124000050311,AirNow preliminary observations
07/15/26,000050504,Saguenay - UQAC,PM2.5-24hr,UG/M3,17.0,24,Canada-Quebec1,66,1,48.4153,-71.0528,124000050504,AirNow preliminary observations
07/15/26,000050604,Rouyn-Noranda - Parc Tremblay,PM2.5-24hr,UG/M3,7.7,24,Canada-Quebec1,43,0,48.2344,-78.9833,124000050604,AirNow preliminary observations
07/15/26,000050803,Trois-Rivieres - Ecole MEES,PM2.5-24hr,UG/M3,12.5,24,Canada-Quebec1,57,1,46.357175,-72.546187,124000050803,AirNow preliminary observations
07/15/26,000051201,Shawinigan - Saint-Marc,PM2.5-24hr,UG/M3,12.9,24,Canada-Quebec1,58,1,46.5544,-72.7361,124000051201,AirNow preliminary observations
07/15/26,000051501,Saint-Zephirin-de-Courval,PM2.5-24hr,UG/M3,12.9,24,Canada-Quebec1,58,1,46.0419,-72.66,124000051501,AirNow preliminary observations
07/15/26,000052001,Charette,PM2.5-24hr,UG/M3,11.1,24,Canada-Quebec1,55,1,46.4425,-72.8928,124000052001,AirNow preliminary observations
07/15/26,000052301,Saint-Faustin-Lac-Carre,PM2.5-24hr,UG/M3,11.7,24,Canada-Quebec1,56,1,46.035,-74.4819,124000052301,AirNow preliminary observations
07/15/26,000052401,Parc de la Gatineau - La Peche,PM2.5-24hr,UG/M3,11.2,24,Canada-Quebec1,55,1,45.6222,-76.0178,124000052401,AirNow preliminary observations
07/15/26,000052701,Temiscaming,PM2.5-24hr,UG/M3,12.0,24,Canada-Quebec1,56,1,46.72139,-79.0997,124000052701,AirNow preliminary observations
07/15/26,000052801,Auclair,PM2.5-24hr,UG/M3,12.0,24,Canada-Quebec1,56,1,47.73333,-68.7072,124000052801,AirNow preliminary observations
07/15/26,000053201,Res. Faun. Ashuapmushuan - Pemonka,PM2.5-24hr,UG/M3,21.1,24,Canada-Quebec1,73,1,48.8183,-72.7428,124000053201,AirNow preliminary observations
07/15/26,000053301,Deschambault,PM2.5-24hr,UG/M3,11.4,24,Canada-Quebec1,55,1,46.6822,-71.9678,124000053301,AirNow preliminary observations
07/15/26,000053801,Tingwick,PM2.5-24hr,UG/M3,13.3,24,Canada-Quebec1,59,1,45.9075,-71.9492,124000053801,AirNow preliminary observations
07/15/26,000054201,Chapais,PM2.5-24hr,UG/M3,21.4,24,Canadian Air and Precipitation Monitoring Network,74,1,49.8222,-74.9764,124000054201,AirNow preliminary observations
07/15/26,000054401,Saint-Anicet,PM2.5-24hr,UG/M3,16.9,24,Canada-Quebec1,66,1,45.1167,-74.2833,124000054401,AirNow preliminary observations
07/15/26,000054703,Becancour,PM2.5-24hr,UG/M3,11.2,24,Canada-Quebec1,55,1,46.35,-72.4333,124000054703,AirNow preliminary observations
07/15/26,000054901,La Patrie - Ditton,PM2.5-24hr,UG/M3,11.6,24,Canada-Quebec1,56,1,45.3733,-71.2514,124000054901,AirNow preliminary observations
07/15/26,000055001,Mont-Saint-Michel,PM2.5-24hr,UG/M3,8.4,24,Canada-Quebec1,47,0,46.7686,-75.4319,124000055001,AirNow preliminary observations
07/15/26,000055101,Senneterre,PM2.5-24hr,UG/M3,7.4,24,Canada-Quebec1,41,0,48.4325,-77.1997,124000055101,AirNow preliminary observations
07/15/26,000055301,Saint-Jean-sur-Richelieu - L'Acadie,PM2.5-24hr,UG/M3,15.5,24,Canada-Quebec1,63,1,45.29417,-73.3489,124000055301,AirNow preliminary observations
07/15/26,000055401,Trois-Rivieres - Cap-de-la-Madelaine,PM2.5-24hr,UG/M3,10.4,24,Canada-Quebec1,53,1,46.362425,-72.510042,124000055401,AirNow preliminary observations
07/15/26,000055702,Levis - Parc Georges Maranda,PM2.5-24hr,UG/M3,9.7,24,Canada-Quebec1,52,1,46.80238,-71.16834,124000055702,AirNow preliminary observations
07/15/26,000060104,Ottawa Downtown,PM2.5-24hr,UG/M3,14.0,24,Ontario Ministry of the Environment,60,1,45.434333,-75.67599,124000060104,AirNow preliminary observations
07/15/26,000060204,Windsor Downtown,PM2.5-24hr,UG/M3,87.3,24,Ontario Ministry of the Environment,173,3,42.315778,-83.043667,124000060204,AirNow preliminary observations
07/15/26,000060211,Windsor West,PM2.5-24hr,UG/M3,100.2,24,Ontario Ministry of the Environment,182,3,42.292886,-83.073139,124000060211,AirNow preliminary observations
07/15/26,000060304,Kingston,PM2.5-24hr,UG/M3,34.5,24,Ontario Ministry of the Environment,98,1,44.219953,-76.521143,124000060304,AirNow preliminary observations
07/15/26,000060410,Toronto East,PM2.5-24hr,UG/M3,68.1,24,Ontario Ministry of the Environment,160,3,43.747917,-79.274056,124000060410,AirNow preliminary observations
07/15/26,000060515,Hamilton West,PM2.5-24hr,UG/M3,74.1,24,Ontario Ministry of the Environment,164,3,43.257444,-79.90775,124000060515,AirNow preliminary observations
07/15/26,000060610,Sudbury,PM2.5-24hr,UG/M3,126.9,24,Ontario Ministry of the Environment,202,4,46.492002,-81.003099,124000060610,AirNow preliminary observations
07/15/26,000060709,Sault Ste Marie,PM2.5-24hr,UG/M3,203.2,24,Ontario Ministry of the Environment,278,4,46.533194,-84.309917,124000060709,AirNow preliminary observations
07/15/26,000060904,London,PM2.5-24hr,UG/M3,84.1,24,Ontario Ministry of the Environment,171,3,42.974485,-81.200813,124000060904,AirNow preliminary observations
07/15/26,000061009,Sarnia,PM2.5-24hr,UG/M3,119.7,24,Ontario Ministry of the Environment,196,3,42.990263,-82.395341,124000061009,AirNow preliminary observations
07/15/26,000061104,Peterborough,PM2.5-24hr,UG/M3,49.5,24,Ontario Ministry of the Environment,135,2,44.301848,-78.346384,124000061104,AirNow preliminary observations
07/15/26,000061201,Cornwall,PM2.5-24hr,UG/M3,18.1,24,Ontario Ministry of the Environment,68,1,45.017976,-74.735339,124000061201,AirNow preliminary observations
07/15/26,000061302,St. Catharines,PM2.5-24hr,UG/M3,48.2,24,Ontario Ministry of the Environment,132,2,43.160056,-79.23475,124000061302,AirNow preliminary observations
07/15/26,000061402,Brantford,PM2.5-24hr,UG/M3,135.7,24,Ontario Ministry of the Environment,211,4,43.138611,-80.292639,124000061402,AirNow preliminary observations
07/15/26,000061502,Kitchener,PM2.5-24hr,UG/M3,117.3,24,Ontario Ministry of the Environment,194,3,43.443833,-80.503806,124000061502,AirNow preliminary observations
07/15/26,000061802,Guelph,PM2.5-24hr,UG/M3,80.7,24,Ontario Ministry of the Environment,169,3,43.551611,-80.264167,124000061802,AirNow preliminary observations
07/15/26,000062001,North Bay,PM2.5-24hr,UG/M3,48.7,24,Ontario Ministry of the Environment,134,2,46.32255,-79.449444,124000062001,AirNow preliminary observations
07/15/26,000062501,Tiverton,PM2.5-24hr,UG/M3,154.9,24,Ontario Ministry of the Environment,230,4,44.314472,-81.549722,124000062501,AirNow preliminary observations
07/15/26,000063001,Burlington,PM2.5-24hr,UG/M3,56.4,24,Ontario Ministry of the Environment,152,3,43.314603,-79.80277,124000063001,AirNow preliminary observations
07/15/26,000063301,Dorset,PM2.5-24hr,UG/M3,27.1,24,Ontario Ministry of the Environment,85,1,45.224278,-78.932944,124000063301,AirNow preliminary observations
07/15/26,000063701,Grand Bend,PM2.5-24hr,UG/M3,87.8,24,Ontario Ministry of the Environment,174,3,43.333083,-81.742889,124000063701,AirNow preliminary observations
07/15/26,000064401,Egbert,PM2.5-24hr,UG/M3,84.0,24,Canadian Air and Precipitation Monitoring Network,171,3,44.2325,-79.7814,124000064401,AirNow preliminary observations
07/15/26,000065001,Barrie,PM2.5-24hr,UG/M3,77.8,24,Ontario Ministry of the Environment,167,3,44.382338,-79.702446,124000065001,AirNow preliminary observations
07/15/26,000065201,Parry Sound,PM2.5-24hr,UG/M3,97.1,24,Ontario Ministry of the Environment,180,3,45.338261,-80.039269,124000065201,AirNow preliminary observations
07/15/26,000065301,Port Stanley,PM2.5-24hr,UG/M3,77.3,24,Ontario Ministry of the Environment,166,3,42.672127,-81.162948,124000065301,AirNow preliminary observations
07/15/26,000065401,Belleville,PM2.5-24hr,UG/M3,43.9,24,Ontario Ministry of the Environment,122,2,44.150528,-77.3955,124000065401,AirNow preliminary observations
07/15/26,000065801,Chatham,PM2.5-24hr,UG/M3,54.4,24,Ontario Ministry of the Environment,148,2,42.403964,-82.208306,124000065801,AirNow preliminary observations
07/15/26,000066101,Bonner Lake,PM2.5-24hr,UG/M3,12.0,24,Canadian Air and Precipitation Monitoring Network,56,1,49.3864,-82.1214,124000066101,AirNow preliminary observations
07/15/26,050350005,MARION,PM2.5-24hr,UG/M3,5.9,24,Arkansas Department of Environmental Quality,33,0,35.197156,-90.193178,840050350005,AirNow preliminary observations
07/15/26,051430005,SPRNGDLE,PM2.5-24hr,UG/M3,7.6,24,Arkansas Department of Environmental Quality,42,0,36.179705,-94.11663,840051430005,AirNow preliminary observations
07/15/26,090010010,Bridgeport,PM2.5-24hr,UG/M3,30.6,24,Connecticut Dept. of Energy and Environmental Protection,91,1,41.171398,-73.195297,840090010010,AirNow preliminary observations
07/15/26,090011123,Danbury,PM2.5-24hr,UG/M3,33.7,24,Connecticut Dept. of Energy and Environmental Protection,97,1,41.4014,-73.4447,840090011123,AirNow preliminary observations
07/15/26,090030025,Hartford,PM2.5-24hr,UG/M3,32.3,24,Connecticut Dept. of Energy and Environmental Protection,94,1,41.771444,-72.679923,840090030025,AirNow preliminary observations
07/15/26,090031003,East Hartford,PM2.5-24hr,UG/M3,29.5,24,Connecticut Dept. of Energy and Environmental Protection,89,1,41.7847,-72.6297,840090031003,AirNow preliminary observations
07/15/26,090050005,Cornwall,PM2.5-24hr,UG/M3,29.8,24,Connecticut Dept. of Energy and Environmental Protection,90,1,41.833099,-73.303299,840090050005,AirNow preliminary observations
07/15/26,090090027,New Haven,PM2.5-24hr,UG/M3,31.3,24,Connecticut Dept. of Energy and Environmental Protection,92,1,41.301288,-72.902685,840090090027,AirNow preliminary observations
07/15/26,090092123,Waterbury,PM2.5-24hr,UG/M3,30.2,24,Connecticut Dept. of Energy and Environmental Protection,90,1,41.5503,-73.0442,840090092123,AirNow preliminary observations
07/15/26,090110124,Groton,PM2.5-24hr,UG/M3,27.8,24,Connecticut Dept. of Energy and Environmental Protection,86,1,41.3536,-72.0789,840090110124,AirNow preliminary observations
07/15/26,100010002,KILLENS,PM2.5-24hr,UG/M3,13.7,24,Delaware Dept. of Natural Resources and Environment,60,1,38.986672,-75.5568,840100010002,AirNow preliminary observations
07/15/26,100031003,RIVER ROAD PARK; BELLEFONTE,PM2.5-24hr,UG/M3,21.2,24,Delaware Dept. of Natural Resources and Environment,74,1,39.7611,-75.4919,840100031003,AirNow preliminary observations
07/15/26,100031007,LUMS 2,PM2.5-24hr,UG/M3,12.5,24,Delaware Dept. of Natural Resources and Environment,57,1,39.5513,-75.732,840100031007,AirNow preliminary observations
07/15/26,100031008,Rte 9 Del. City,PM2.5-24hr,UG/M3,15.1,24,Delaware Dept. of Natural Resources and Environment,62,1,39.57768,-75.6036,840100031008,AirNow preliminary observations
07/15/26,100032004,MLK,PM2.5-24hr,UG/M3,14.0,24,Delaware Dept. of Natural Resources and Environment,60,1,39.739444,-75.558056,840100032004,AirNow preliminary observations
07/15/26,100051002,SEAFORD,PM2.5-24hr,UG/M3,9.3,24,Delaware Dept. of Natural Resources and Environment,51,1,38.6539,-75.6106,840100051002,AirNow preliminary observations
07/15/26,110010041,RIVER_Terrace,PM2.5-24hr,UG/M3,10.3,24,District of Columbia - Department of Energy and Environment,53,1,38.895683,-76.958089,840110010041,AirNow preliminary observations
07/15/26,110010043,McMillan Reservoir,PM2.5-24hr,UG/M3,12.6,24,District of Columbia - Department of Energy and Environment,58,1,38.921848,-77.013176,840110010043,AirNow preliminary observations
07/15/26,110010051,DCNearRoad,PM2.5-24hr,UG/M3,12.9,24,District of Columbia - Department of Energy and Environment,58,1,38.894749,-76.953427,840110010051,AirNow preliminary observations
07/15/26,124000050314,Quebec - Charlesbourg,PM2.5-24hr,UG/M3,11.6,24,Canada-Quebec1,56,1,46.8615,-71.2572,124000050314,AirNow preliminary observations
07/15/26,124000050405,Sherbrooke - Parc Sylvie-Daigle,PM2.5-24hr,UG/M3,13.7,24,Canada-Quebec1,60,1,45.41436,-71.88269,124000050405,AirNow preliminary observations
07/15/26,124000050702,Sept-Iles,PM2.5-24hr,UG/M3,2.2,24,Canada-Quebec1,12,0,50.21627,-66.3852,124000050702,AirNow preliminary observations
07/15/26,124000050902,Saguenay - Parc Powell,PM2.5-24hr,UG/M3,18.9,24,Canada-Quebec1,69,1,48.43417,-71.185,124000050902,AirNow preliminary observations
07/15/26,124000051111,Drummondville - Stade Jacques-Desautels,PM2.5-24hr,UG/M3,14.3,24,Canada-Quebec1,61,1,45.8713,-72.50318,124000051111,AirNow preliminary observations
07/15/26,124000051801,St-Joseph-de-Sorel - Ecole Martel,PM2.5-24hr,UG/M3,20.9,24,Canada-Quebec1,73,1,46.045,-73.12972,124000051801,AirNow preliminary observations
07/15/26,124000053703,Saint-Georges,PM2.5-24hr,UG/M3,14.3,24,Canada-Quebec1,61,1,46.12219,-70.65206,124000053703,AirNow preliminary observations
07/15/26,124000055801,Granby - Parc Poitevin,PM2.5-24hr,UG/M3,15.3,24,Canada-Quebec1,63,1,45.41864,-72.73067,124000055801,AirNow preliminary observations
07/15/26,124000056001,Radisson,PM2.5-24hr,UG/M3,3.1,24,Canada-Quebec1,17,0,53.69218,-77.74102,124000056001,AirNow preliminary observations
07/15/26,124000060430,Toronto West,PM2.5-24hr,UG/M3,66.4,24,Ontario Ministry of the Environment,159,3,43.709444,-79.5435,124000060430,AirNow preliminary observations
07/15/26,124000060434,Misssissauga,PM2.5-24hr,UG/M3,55.0,24,Ontario Ministry of the Environment,149,2,43.546174,-79.658797,124000060434,AirNow preliminary observations
07/15/26,124000060440,Toronto North,PM2.5-24hr,UG/M3,76.0,24,Ontario Ministry of the Environment,165,3,43.78047,-79.467372,124000060440,AirNow preliminary observations
07/15/26,124000060445,Toronto Downtown,PM2.5-24hr,UG/M3,69.4,24,Ontario Ministry of the Environment,161,3,43.645451,-79.3891,124000060445,AirNow preliminary observations
07/15/26,124000060450,Brampton,PM2.5-24hr,UG/M3,62.3,24,Ontario Ministry of the Environment,156,3,43.669911,-79.766589,124000060450,AirNow preliminary observations
07/15/26,124000060521,Hamilton Mountain,PM2.5-24hr,UG/M3,73.3,24,Ontario Ministry of the Environment,163,3,43.24132,-79.889328,124000060521,AirNow preliminary observations
07/15/26,124000061603,Oakville,PM2.5-24hr,UG/M3,65.1,24,Ontario Ministry of the Environment,158,3,43.486917,-79.702278,124000061603,AirNow preliminary observations
07/15/26,124000065101,Newmarket,PM2.5-24hr,UG/M3,91.5,24,Ontario Ministry of the Environment,176,3,44.044306,-79.48325,124000065101,AirNow preliminary observations
07/15/26,124000067001,Milton,PM2.5-24hr,UG/M3,78.0,24,Ontario Ministry of the Environment,167,3,43.52965,-79.862449,124000067001,AirNow preliminary observations
07/15/26,124CC0041601,Miramichi,PM2.5-24hr,UG/M3,18.4,24,Canada-New Brunswick1,68,1,47.02567,-65.52049,124CC0041601,AirNow preliminary observations
07/15/26,170191001,BONDVILLE,PM2.5-24hr,UG/M3,10.2,24,Illinois EPA,53,1,40.052241,-88.372549,840170191001,AirNow preliminary observations
07/15/26,170310001,ALSIP,PM2.5-24hr,UG/M3,15.9,24,Illinois EPA,64,1,41.6708,-87.7325,840170310001,AirNow preliminary observations
07/15/26,170310022,CHI_WASH,PM2.5-24hr,UG/M3,14.0,24,Illinois EPA,60,1,41.6878,-87.5389,840170310022,AirNow preliminary observations
07/15/26,170310057,CHI_SP,PM2.5-24hr,UG/M3,13.4,24,Illinois EPA,59,1,41.9136,-87.7239,840170310057,AirNow preliminary observations
07/15/26,170310076,CHI_COM,PM2.5-24hr,UG/M3,11.4,24,Illinois EPA,55,1,41.7547,-87.7136,840170310076,AirNow preliminary observations
07/15/26,170313103,SCHILPRK,PM2.5-24hr,UG/M3,15.0,24,Illinois EPA,62,1,41.965,-87.8761,840170313103,AirNow preliminary observations
07/15/26,170314007,DESPLNS,PM2.5-24hr,UG/M3,13.3,24,Illinois EPA,59,1,42.0603,-87.8631,840170314007,AirNow preliminary observations
07/15/26,170314201,NORTHBRK,PM2.5-24hr,UG/M3,19.5,24,Illinois EPA,70,1,42.1406,-87.7994,840170314201,AirNow preliminary observations
07/15/26,170316005,Cicero Liberty,PM2.5-24hr,UG/M3,12.0,24,Illinois EPA,56,1,41.864329,-87.748826,840170316005,AirNow preliminary observations
07/15/26,170434002,Naperville,PM2.5-24hr,UG/M3,12.9,24,Illinois EPA,58,1,41.7714,-88.1522,840170434002,AirNow preliminary observations
07/15/26,170650002,KNIGHT_P,PM2.5-24hr,UG/M3,7.8,24,Illinois EPA,43,0,38.088902,-88.625,840170650002,AirNow preliminary observations
07/15/26,170830117,JERSEYVL,PM2.5-24hr,UG/M3,10.8,24,Illinois EPA,54,1,39.101439,-90.344494,840170830117,AirNow preliminary observations
07/15/26,171110001,CARY,PM2.5-24hr,UG/M3,16.1,24,Illinois EPA,64,1,42.2211,-88.2411,840171110001,AirNow preliminary observations
07/15/26,171132003,NORMAL,PM2.5-24hr,UG/M3,9.3,24,Illinois EPA,51,1,40.5169,-88.9975,840171132003,AirNow preliminary observations
07/15/26,171150013,DECATUR,PM2.5-24hr,UG/M3,16.3,24,Illinois EPA,65,1,39.8669,-88.9256,840171150013,AirNow preliminary observations
07/15/26,171191007,Granite City Fire Station,PM2.5-24hr,UG/M3,11.0,24,Illinois EPA,55,1,38.7045,-90.1397,840171191007,AirNow preliminary observations
07/15/26,171193007,Wood_River,PM2.5-24hr,UG/M3,13.1,24,Illinois EPA,59,1,38.8606,-90.1058,840171193007,AirNow preliminary observations
07/15/26,171430037,PEORIA_J,PM2.5-24hr,UG/M3,13.3,24,Illinois EPA,59,1,40.6978,-89.5889,840171430037,AirNow preliminary observations
07/15/26,171570001,HOUSTON,PM2.5-24hr,UG/M3,6.6,24,Illinois EPA,37,0,38.1761,-89.7883,840171570001,AirNow preliminary observations
07/15/26,171613002,ROCK_IS,PM2.5-24hr,UG/M3,11.4,24,Illinois EPA,55,1,41.5144,-90.5172,840171613002,AirNow preliminary observations
07/15/26,171630010,East St. Louis,PM2.5-24hr,UG/M3,10.2,24,Illinois EPA,53,1,38.611893,-90.160614,840171630010,AirNow preliminary observations
07/15/26,171670012,Springfield Ag,PM2.5-24hr,UG/M3,13.0,24,Illinois EPA,58,1,39.831921,-89.644164,840171670012,AirNow preliminary observations
07/15/26,171971002,Joliet,PM2.5-24hr,UG/M3,10.8,24,Illinois EPA,54,1,41.526885,-88.116474,840171971002,AirNow preliminary observations
07/15/26,171971011,BRAIDWD,PM2.5-24hr,UG/M3,8.6,24,Illinois EPA,48,0,41.2222,-88.1906,840171971011,AirNow preliminary observations
07/15/26,180390008,Elkhart-Prairie St.,PM2.5-24hr,UG/M3,12.1,24,Indiana Dept. of Environmental Management,57,1,41.657155,-85.968446,840180390008,AirNow preliminary observations
07/15/26,180550001,Plummer,PM2.5-24hr,UG/M3,5.7,24,Indiana Dept. of Environmental Management,32,0,38.985556,-86.99,840180550001,AirNow preliminary observations
07/15/26,180650003,Mechanicsburg,PM2.5-24hr,UG/M3,12.3,24,Indiana Dept. of Environmental Management,57,1,40.009544,-85.52347,840180650003,AirNow preliminary observations
07/15/26,180890022,Gary-IITRI,PM2.5-24hr,UG/M3,13.1,24,Indiana Dept. of Environmental Management,58,1,41.606563,-87.305015,840180890022,AirNow preliminary observations
07/15/26,180890036,Hammond-167th St,PM2.5-24hr,UG/M3,12.4,24,Indiana Dept. of Environmental Management,57,1,41.594427,-87.495044,840180890036,AirNow preliminary observations
07/15/26,180950011,Anderson-Eastside Elem. Sch,PM2.5-24hr,UG/M3,12.7,24,Indiana Dept. of Environmental Management,58,1,40.12569,-85.652127,840180950011,AirNow preliminary observations
07/15/26,180970078,Indpls-Washington Park,PM2.5-24hr,UG/M3,14.0,24,Indiana Dept. of Environmental Management,60,1,39.810833,-86.114444,840180970078,AirNow preliminary observations
07/15/26,180970081,Indpls-W.18th St,PM2.5-24hr,UG/M3,15.1,24,Indiana Dept. of Environmental Management,62,1,39.788889,-86.214722,840180970081,AirNow preliminary observations
07/15/26,180970087,Indpls - I-70 E,PM2.5-24hr,UG/M3,18.9,24,Indiana Dept. of Environmental Management,69,1,39.787933,-86.13088,840180970087,AirNow preliminary observations
07/15/26,181050003,Bloomington - Binford,PM2.5-24hr,UG/M3,7.3,24,Indiana Dept. of Environmental Management,41,0,39.159372,-86.504747,840181050003,AirNow preliminary observations
07/15/26,181270024,Ogden Dunes,PM2.5-24hr,UG/M3,12.5,24,Indiana Dept. of Environmental Management,57,1,41.617814,-87.199533,840181270024,AirNow preliminary observations
07/15/26,181410015,South Bend-Shields Dr,PM2.5-24hr,UG/M3,11.8,24,Indiana Dept. of Environmental Management,56,1,41.696667,-86.214722,840181410015,AirNow preliminary observations
07/15/26,181570008,Lafayette-Greenbush St,PM2.5-24hr,UG/M3,9.1,24,Indiana Dept. of Environmental Management,51,1,40.431667,-86.8525,840181570008,AirNow preliminary observations
07/15/26,181630021,Evansville-Buena Vista,PM2.5-24hr,UG/M3,5.4,24,Indiana Dept. of Environmental Management,30,0,38.01325,-87.577923,840181630021,AirNow preliminary observations
07/15/26,181830003,Larwill,PM2.5-24hr,UG/M3,11.5,24,Indiana Dept. of Environmental Management,55,1,41.169722,-85.629444,840181830003,AirNow preliminary observations
07/15/26,190130009,"Waterloo, Water Tower",PM2.5-24hr,UG/M3,10.5,24,Iowa DNR,54,1,42.5014,-92.315804,840190130009,AirNow preliminary observations
07/15/26,190450019,"Clinton, Chancy Park",PM2.5-24hr,UG/M3,9.7,24,Iowa DNR,52,1,41.823101,-90.211899,840190450019,AirNow preliminary observations
07/15/26,191032001,"Iowa City, Hoover School",PM2.5-24hr,UG/M3,10.6,24,Iowa DNR,54,1,41.658195,-91.503471,840191032001,AirNow preliminary observations
07/15/26,191130040,PUBLIC HEALTH,PM2.5-24hr,UG/M3,10.2,24,Linn Co. Public Health ,53,1,41.9767,-91.6878,840191130040,AirNow preliminary observations
07/15/26,191370002,Viking Lake State Park,PM2.5-24hr,UG/M3,8.0,24,Iowa DNR,44,0,40.970001,-95.044998,840191370002,AirNow preliminary observations
07/15/26,191390019,"Muscatine, High School East Campus",PM2.5-24hr,UG/M3,6.7,24,Iowa DNR,37,0,41.4014,-91.0684,840191390019,AirNow preliminary observations
07/15/26,191471002,"Emmetsburg, ILCC",PM2.5-24hr,UG/M3,8.5,24,Iowa DNR,47,0,43.123299,-94.693298,840191471002,AirNow preliminary observations
07/15/26,191530030,CARPENTER,PM2.5-24hr,UG/M3,11.1,24,Polk Co. Air Quality Division,55,1,41.6031,-93.643303,840191530030,AirNow preliminary observations
07/15/26,191630015,"Davenport, 10th & Vine",PM2.5-24hr,UG/M3,9.8,24,Iowa DNR,52,1,41.529999,-90.587502,840191630015,AirNow preliminary observations
07/15/26,191770006,Lake Sugema,PM2.5-24hr,UG/M3,10.5,24,Iowa DNR,54,1,40.693298,-92.006104,840191770006,AirNow preliminary observations
07/15/26,200910010,Heritage Park,PM2.5-24hr,UG/M3,12.4,24,Kansas Dept. of Health and Environment,57,1,38.8386,-94.7464,840200910010,AirNow preliminary observations
07/15/26,201330003,Chanute,PM2.5-24hr,UG/M3,9.6,24,Kansas Dept. of Health and Environment,52,1,37.67696,-95.47594,840201330003,AirNow preliminary observations
07/15/26,201730010,WHlthDpt,PM2.5-24hr,UG/M3,10.9,24,Kansas Dept. of Health and Environment,54,1,37.7011,-97.3139,840201730010,AirNow preliminary observations
07/15/26,201770013,KNI-Topeka,PM2.5-24hr,UG/M3,13.6,24,Kansas Dept. of Health and Environment,59,1,39.0242,-95.7114,840201770013,AirNow preliminary observations
07/15/26,201910002,PECK,PM2.5-24hr,UG/M3,10.5,24,Kansas Dept. of Health and Environment,54,1,37.4769,-97.3664,840201910002,AirNow preliminary observations
07/15/26,201950001,Cedar Bluff,PM2.5-24hr,UG/M3,9.1,24,Kansas Dept. of Health and Environment,51,1,38.7703,-99.7636,840201950001,AirNow preliminary observations
07/15/26,202090021,WY/KC,PM2.5-24hr,UG/M3,12.8,24,Kansas Dept. of Health and Environment,58,1,39.1175,-94.6356,840202090021,AirNow preliminary observations
07/15/26,210130002,MIDAIR,PM2.5-24hr,UG/M3,6.6,24,Kentucky DEP,37,0,36.6081,-83.7369,840210130002,AirNow preliminary observations
07/15/26,210190017,FIVCO,PM2.5-24hr,UG/M3,9.4,24,Kentucky DEP,52,1,38.4592,-82.6339,840210190017,AirNow preliminary observations
07/15/26,210373002,NKU,PM2.5-24hr,UG/M3,7.5,24,Kentucky DEP,42,0,39.0217,-84.4744,840210373002,AirNow preliminary observations
07/15/26,210430500,GRAYSON,PM2.5-24hr,UG/M3,6.9,24,Kentucky DEP,38,0,38.2383,-82.9883,840210430500,AirNow preliminary observations
07/15/26,210670012,NEWTWN,PM2.5-24hr,UG/M3,6.2,24,Kentucky DEP,34,0,38.065,-84.5,840210670012,AirNow preliminary observations
07/15/26,211110051,WATSON,PM2.5-24hr,UG/M3,6.7,24,Louisville Metro Air Pollution Control District ,37,0,38.0608,-85.8961,840211110051,AirNow preliminary observations
07/15/26,211110067,Cannons Lane,PM2.5-24hr,UG/M3,6.2,24,Louisville Metro Air Pollution Control District ,34,0,38.2286,-85.6544,840211110067,AirNow preliminary observations
07/15/26,211110075,Near Road,PM2.5-24hr,UG/M3,6.6,24,Louisville Metro Air Pollution Control District ,37,0,38.1935,-85.7121,840211110075,AirNow preliminary observations
07/15/26,211110080,Carrithers Middle School,PM2.5-24hr,UG/M3,5.2,24,Louisville Metro Air Pollution Control District ,29,0,38.1825,-85.5744,840211110080,AirNow preliminary observations
07/15/26,211111041,Algonquin Parkway,PM2.5-24hr,UG/M3,7.2,24,Louisville Metro Air Pollution Control District ,40,0,38.23158,-85.82675,840211111041,AirNow preliminary observations
07/15/26,211130001,NICHVILL,PM2.5-24hr,UG/M3,5.4,24,Kentucky DEP,30,0,37.8933,-84.5892,840211130001,AirNow preliminary observations
07/15/26,211930003,HAZ2,PM2.5-24hr,UG/M3,6.0,24,Kentucky DEP,33,0,37.2831,-83.2203,840211930003,AirNow preliminary observations
07/15/26,211950002,PIKE2001,PM2.5-24hr,UG/M3,7.0,24,Kentucky DEP,39,0,37.4828,-82.5353,840211950002,AirNow preliminary observations
07/15/26,211990003,SOMERST,PM2.5-24hr,UG/M3,5.6,24,Kentucky DEP,31,0,37.097801,-84.611702,840211990003,AirNow preliminary observations
07/15/26,212270009,Smiths Grove,PM2.5-24hr,UG/M3,4.1,24,Kentucky DEP,23,0,37.04926,-86.21487,840212270009,AirNow preliminary observations
07/15/26,230010011,Lewiston,PM2.5-24hr,UG/M3,14.9,24,Maine Dept. of Environmental Protection,62,1,44.089355,-70.214134,840230010011,AirNow preliminary observations
07/15/26,230030014,Madawaska PSB,PM2.5-24hr,UG/M3,16.2,24,Maine Dept. of Environmental Protection,64,1,47.3553,-68.3211,840230030014,AirNow preliminary observations
07/15/26,230031011,Presque Isle Riverside,PM2.5-24hr,UG/M3,12.6,24,Maine Dept. of Environmental Protection,58,1,46.682299,-68.016195,840230031011,AirNow preliminary observations
07/15/26,230090103,Acadia NP - McFarland,PM2.5-24hr,UG/M3,11.2,24,Maine Dept. of Environmental Protection,55,1,44.377048,-68.260902,840230090103,AirNow preliminary observations
07/15/26,230172011,Rumford,PM2.5-24hr,UG/M3,15.7,24,Maine Dept. of Environmental Protection,63,1,44.5514,-70.5463,840230172011,AirNow preliminary observations
07/15/26,230190017,Bangor MSS,PM2.5-24hr,UG/M3,10.2,24,Maine Dept. of Environmental Protection,53,1,44.817398,-68.772762,840230190017,AirNow preliminary observations
07/15/26,240051007,Padonia,PM2.5-24hr,UG/M3,9.7,24,Maryland Department of the Environment,52,1,39.462002,-76.631599,840240051007,AirNow preliminary observations
07/15/26,240150003,Fair Hill,PM2.5-24hr,UG/M3,10.7,24,Maryland Department of the Environment,54,1,39.701099,-75.860001,840240150003,AirNow preliminary observations
07/15/26,240190004,Horn Point,PM2.5-24hr,UG/M3,9.1,24,Maryland Department of the Environment,51,1,38.5876,-76.1408,840240190004,AirNow preliminary observations
07/15/26,240230002,Piney Run,PM2.5-24hr,UG/M3,10.0,24,Maryland Department of the Environment,53,1,39.705799,-79.011902,840240230002,AirNow preliminary observations
07/15/26,240251001,Edgewood,PM2.5-24hr,UG/M3,10.5,24,Maryland Department of the Environment,54,1,39.41,-76.2967,840240251001,AirNow preliminary observations
07/15/26,240270006,Howard County Near Road,PM2.5-24hr,UG/M3,7.9,24,Maryland Department of the Environment,44,0,39.143197,-76.846192,840240270006,AirNow preliminary observations
07/15/26,240290002,Millington,PM2.5-24hr,UG/M3,11.6,24,Maryland Department of the Environment,56,1,39.305199,-75.797203,840240290002,AirNow preliminary observations
07/15/26,240313001,Rockville,PM2.5-24hr,UG/M3,10.2,24,Maryland Department of the Environment,53,1,39.114399,-77.106903,840240313001,AirNow preliminary observations
07/15/26,240330030,HU-Beltsville,PM2.5-24hr,UG/M3,12.8,24,Maryland Department of the Environment,58,1,39.055302,-76.878304,840240330030,AirNow preliminary observations
07/15/26,240430009,Hagerstown,PM2.5-24hr,UG/M3,8.6,24,Maryland Department of the Environment,48,0,39.565601,-77.721901,840240430009,AirNow preliminary observations
07/15/26,250036001,North Adams,PM2.5-24hr,UG/M3,28.2,24,Massachusetts Dept. of Environmental Protection,87,1,42.702223,-73.110414,840250036001,AirNow preliminary observations
07/15/26,250051004,Fall River,PM2.5-24hr,UG/M3,29.0,24,Massachusetts Dept. of Environmental Protection,88,1,41.6833,-71.169701,840250051004,AirNow preliminary observations
07/15/26,250092006,Lynn,PM2.5-24hr,UG/M3,28.4,24,Massachusetts Dept. of Environmental Protection,87,1,42.474701,-70.971901,840250092006,AirNow preliminary observations
07/15/26,250112005,Greenfield,PM2.5-24hr,UG/M3,31.3,24,Massachusetts Dept. of Environmental Protection,92,1,42.605816,-72.596689,840250112005,AirNow preliminary observations
07/15/26,250130008,Chicopee,PM2.5-24hr,UG/M3,29.3,24,Massachusetts Dept. of Environmental Protection,89,1,42.194401,-72.555603,840250130008,AirNow preliminary observations
07/15/26,250130018,Springfield,PM2.5-24hr,UG/M3,31.7,24,Massachusetts Dept. of Environmental Protection,93,1,42.120248,-72.58499,840250130018,AirNow preliminary observations
07/15/26,250230005,Brockton,PM2.5-24hr,UG/M3,31.4,24,Massachusetts Dept. of Environmental Protection,93,1,42.065119,-71.012686,840250230005,AirNow preliminary observations
07/15/26,250250002,Boston - Kenmore Sq,PM2.5-24hr,UG/M3,30.9,24,Massachusetts Dept. of Environmental Protection,92,1,42.3489,-71.097702,840250250002,AirNow preliminary observations
07/15/26,250250042,Boston - Roxbury,PM2.5-24hr,UG/M3,27.9,24,Massachusetts Dept. of Environmental Protection,86,1,42.329399,-71.082497,840250250042,AirNow preliminary observations
07/15/26,250250044,Boston - Von Hillern St,PM2.5-24hr,UG/M3,29.8,24,Massachusetts Dept. of Environmental Protection,90,1,42.325197,-71.056056,840250250044,AirNow preliminary observations
07/15/26,250270023,Worcester - Summer St,PM2.5-24hr,UG/M3,29.7,24,Massachusetts Dept. of Environmental Protection,89,1,42.263901,-71.794701,840250270023,AirNow preliminary observations
07/15/26,250270024,Uxbridge,PM2.5-24hr,UG/M3,29.4,24,Massachusetts Dept. of Environmental Protection,89,1,42.0997,-71.62,840250270024,AirNow preliminary observations
07/15/26,260050003,Holland,PM2.5-24hr,UG/M3,15.3,24,"Michigan Department of Environment, Great Lakes, and Energy",63,1,42.767799,-86.148598,840260050003,AirNow preliminary observations
07/15/26,260170014,Bay City,PM2.5-24hr,UG/M3,91.0,24,"Michigan Department of Environment, Great Lakes, and Energy",176,3,43.5714,-83.8908,840260170014,AirNow preliminary observations
07/15/26,260650018,Lansing,PM2.5-24hr,UG/M3,31.5,24,"Michigan Department of Environment, Great Lakes, and Energy",93,1,42.76138,-84.562867,840260650018,AirNow preliminary observations
07/15/26,260770008,Kalamazoo,PM2.5-24hr,UG/M3,11.9,24,"Michigan Department of Environment, Great Lakes, and Energy",56,1,42.2781,-85.5419,840260770008,AirNow preliminary observations
07/15/26,260810020,Grand Rapids - Monroe,PM2.5-24hr,UG/M3,29.7,24,"Michigan Department of Environment, Great Lakes, and Energy",89,1,42.984699,-85.671097,840260810020,AirNow preliminary observations
07/15/26,260910007,Tecumseh,PM2.5-24hr,UG/M3,10.6,24,"Michigan Department of Environment, Great Lakes, and Energy",54,1,41.995602,-83.946701,840260910007,AirNow preliminary observations
07/15/26,260990009,New Haven,PM2.5-24hr,UG/M3,118.4,24,"Michigan Department of Environment, Great Lakes, and Energy",195,3,42.7314,-82.7936,840260990009,AirNow preliminary observations
07/15/26,261010922,Little River Band-Manistee,PM2.5-24hr,UG/M3,115.0,24,"Michigan Department of Environment, Great Lakes, and Energy",193,3,44.3069,-86.2428,840261010922,AirNow preliminary observations
07/15/26,261130001,Houghton Lake,PM2.5-24hr,UG/M3,81.8,24,"Michigan Department of Environment, Great Lakes, and Energy",169,3,44.3106,-84.891899,840261130001,AirNow preliminary observations
07/15/26,261250001,Oak Park,PM2.5-24hr,UG/M3,68.8,24,"Michigan Department of Environment, Great Lakes, and Energy",160,3,42.4631,-83.183296,840261250001,AirNow preliminary observations
07/15/26,261390005,Jenison,PM2.5-24hr,UG/M3,23.0,24,"Michigan Department of Environment, Great Lakes, and Energy",77,1,42.894402,-85.852798,840261390005,AirNow preliminary observations
07/15/26,261470005,Port Huron,PM2.5-24hr,UG/M3,148.7,24,"Michigan Department of Environment, Great Lakes, and Energy",224,4,42.9533,-82.4564,840261470005,AirNow preliminary observations
07/15/26,261530001,Seney,PM2.5-24hr,UG/M3,206.2,24,"Michigan Department of Environment, Great Lakes, and Energy",281,4,46.2889,-85.9503,840261530001,AirNow preliminary observations
07/15/26,261610008,Ypsilanti,PM2.5-24hr,UG/M3,24.9,24,"Michigan Department of Environment, Great Lakes, and Energy",80,1,42.24,-83.5997,840261610008,AirNow preliminary observations
07/15/26,261630001,Allen Park,PM2.5-24hr,UG/M3,66.7,24,"Michigan Department of Environment, Great Lakes, and Energy",159,3,42.2283,-83.2092,840261630001,AirNow preliminary observations
07/15/26,261630015,Detroit-Southwest,PM2.5-24hr,UG/M3,86.8,24,"Michigan Department of Environment, Great Lakes, and Energy",173,3,42.3042,-83.1072,840261630015,AirNow preliminary observations
07/15/26,261630019,Detroit-E7 Mile,PM2.5-24hr,UG/M3,77.9,24,"Michigan Department of Environment, Great Lakes, and Energy",167,3,42.430801,-83.000801,840261630019,AirNow preliminary observations
07/15/26,261630033,Dearborn,PM2.5-24hr,UG/M3,74.9,24,"Michigan Department of Environment, Great Lakes, and Energy",165,3,42.3075,-83.15,840261630033,AirNow preliminary observations
07/15/26,261630093,Eliza Howell - Near Roadway,PM2.5-24hr,UG/M3,52.8,24,"Michigan Department of Environment, Great Lakes, and Energy",144,2,42.38599,-83.266319,840261630093,AirNow preliminary observations
07/15/26,261630097,Detroit-NMH48217,PM2.5-24hr,UG/M3,75.1,24,"Michigan Department of Environment, Great Lakes, and Energy",165,3,42.261669,-83.157893,840261630097,AirNow preliminary observations
07/15/26,261630098,Detroit-DP4th,PM2.5-24hr,UG/M3,86.0,24,"Michigan Department of Environment, Great Lakes, and Energy",172,3,42.312158,-83.091943,840261630098,AirNow preliminary observations
07/15/26,261630099,Detroit-Trinity,PM2.5-24hr,UG/M3,78.6,24,"Michigan Department of Environment, Great Lakes, and Energy",167,3,42.295824,-83.129431,840261630099,AirNow preliminary observations
07/15/26,261630100,Detroit-Military Park,PM2.5-24hr,UG/M3,76.9,24,"Michigan Department of Environment, Great Lakes, and Energy",166,3,42.312078,-83.103469,840261630100,AirNow preliminary observations
07/15/26,270031002,Blaine,PM2.5-24hr,UG/M3,111.2,24,Minnesota Pollution Control Agency,190,3,45.1425,-93.2139,840270031002,AirNow preliminary observations
07/15/26,270052013,Detroit Lakes,PM2.5-24hr,UG/M3,53.8,24,Minnesota Pollution Control Agency,146,2,46.8511,-95.8467,840270052013,AirNow preliminary observations
07/15/26,270072304,Red Lake Nation Hospital,PM2.5-24hr,UG/M3,13.5,24,Minnesota Pollution Control Agency,59,1,47.878159,-95.029172,840270072304,AirNow preliminary observations
07/15/26,270177417,Fond du Lac,PM2.5-24hr,UG/M3,179.9,24,Minnesota Pollution Control Agency,255,4,46.713694,-92.511722,840270177417,AirNow preliminary observations
07/15/26,270213410,Leech Lake Nation: Cass Lake,PM2.5-24hr,UG/M3,11.7,24,Minnesota Pollution Control Agency,56,1,47.38443,-94.60166,840270213410,AirNow preliminary observations
07/15/26,270317810,Grand Portage,PM2.5-24hr,UG/M3,389.2,24,Minnesota Pollution Control Agency,627,5,47.9721,-89.6908,840270317810,AirNow preliminary observations
07/15/26,270353204,Brainerd,PM2.5-24hr,UG/M3,180.2,24,Minnesota Pollution Control Agency,255,4,46.3944,-94.1433,840270353204,AirNow preliminary observations
07/15/26,270370470,Apple Valley,PM2.5-24hr,UG/M3,68.7,24,Minnesota Pollution Control Agency,160,3,44.7383,-93.2372,840270370470,AirNow preliminary observations
07/15/26,270370480,Lakeville - Near Road,PM2.5-24hr,UG/M3,50.7,24,Minnesota Pollution Control Agency,139,2,44.706123,-93.285803,840270370480,AirNow preliminary observations
07/15/26,270530909,Minneapolis - Lowry Ave,PM2.5-24hr,UG/M3,106.1,24,Minnesota Pollution Control Agency,186,3,45.012102,-93.276699,840270530909,AirNow preliminary observations
07/15/26,270530910,Minneapolis - Pacific St,PM2.5-24hr,UG/M3,106.9,24,Minnesota Pollution Control Agency,187,3,45.008297,-93.277041,840270530910,AirNow preliminary observations
07/15/26,270530962,Minneapolis - Near Road,PM2.5-24hr,UG/M3,82.0,24,Minnesota Pollution Control Agency,170,3,44.9653,-93.2551,840270530962,AirNow preliminary observations
07/15/26,270531904,Minneapolis - East Phillips Community,PM2.5-24hr,UG/M3,87.5,24,Minnesota Pollution Control Agency,173,3,44.95208,-93.24428,840270531904,AirNow preliminary observations
07/15/26,270750005,Ely,PM2.5-24hr,UG/M3,223.3,24,Minnesota Pollution Control Agency,298,4,47.9464,-91.4953,840270750005,AirNow preliminary observations
07/15/26,270834210,Marshall,PM2.5-24hr,UG/M3,9.9,24,Minnesota Pollution Control Agency,52,1,44.4572,-95.835,840270834210,AirNow preliminary observations
07/15/26,271095008,Rochester,PM2.5-24hr,UG/M3,10.8,24,Minnesota Pollution Control Agency,54,1,43.9947,-92.4497,840271095008,AirNow preliminary observations
07/15/26,271230871,St. Paul-Harding H.S.,PM2.5-24hr,UG/M3,82.7,24,Minnesota Pollution Control Agency,170,3,44.9594,-93.0356,840271230871,AirNow preliminary observations
07/15/26,271377001,Virginia,PM2.5-24hr,UG/M3,113.1,24,Minnesota Pollution Control Agency,191,3,47.5212,-92.5393,840271377001,AirNow preliminary observations
07/15/26,271377550,Duluth-WDSE,PM2.5-24hr,UG/M3,292.0,24,Minnesota Pollution Control Agency,433,5,46.8183,-92.0892,840271377550,AirNow preliminary observations
07/15/26,271377554,West Duluth,PM2.5-24hr,UG/M3,365.1,24,Minnesota Pollution Control Agency,579,5,46.743889,-92.166946,840271377554,AirNow preliminary observations
07/15/26,271390505,Shakopee,PM2.5-24hr,UG/M3,53.6,24,Minnesota Pollution Control Agency,146,2,44.789398,-93.512497,840271390505,AirNow preliminary observations
07/15/26,271453052,St. Cloud,PM2.5-24hr,UG/M3,158.0,24,Minnesota Pollution Control Agency,233,4,45.55,-94.1333,840271453052,AirNow preliminary observations
07/15/26,271713201,St. Michael,PM2.5-24hr,UG/M3,117.7,24,Minnesota Pollution Control Agency,195,3,45.2108,-93.6686,840271713201,AirNow preliminary observations
07/15/26,290210005,St. Joseph,PM2.5-24hr,UG/M3,12.1,24,Missouri Department of Natural Resources,57,1,39.741667,-94.858333,840290210005,AirNow preliminary observations
07/15/26,290370003,RG_South,PM2.5-24hr,UG/M3,9.1,24,Missouri Department of Natural Resources,51,1,38.75961,-94.57983,840290370003,AirNow preliminary observations
07/15/26,290390001,El Do Springs,PM2.5-24hr,UG/M3,9.4,24,Missouri Department of Natural Resources,52,1,37.70097,-94.03474,840290390001,AirNow preliminary observations
07/15/26,290470005,Liberty,PM2.5-24hr,UG/M3,8.4,24,Missouri Department of Natural Resources,47,0,39.303056,-94.376389,840290470005,AirNow preliminary observations
07/15/26,290770036,Hillcrest HS,PM2.5-24hr,UG/M3,6.5,24,Missouri Department of Natural Resources,36,0,37.256069,-93.299692,840290770036,AirNow preliminary observations
07/15/26,290950034,Troost,PM2.5-24hr,UG/M3,11.2,24,Missouri Department of Natural Resources,55,1,39.10465,-94.57055,840290950034,AirNow preliminary observations
07/15/26,290990019,Arnold West,PM2.5-24hr,UG/M3,9.2,24,Missouri Department of Natural Resources,51,1,38.448581,-90.398436,840290990019,AirNow preliminary observations
07/15/26,291893001,Ladue,PM2.5-24hr,UG/M3,8.4,24,Missouri Department of Natural Resources,47,0,38.650259,-90.350463,840291893001,AirNow preliminary observations
07/15/26,295100007,South Broadway,PM2.5-24hr,UG/M3,9.1,24,Missouri Department of Natural Resources,51,1,38.5425,-90.263611,840295100007,AirNow preliminary observations
07/15/26,295100085,Blair Street,PM2.5-24hr,UG/M3,11.8,24,Missouri Department of Natural Resources,56,1,38.656449,-90.198548,840295100085,AirNow preliminary observations
07/15/26,295100093,Branch Street,PM2.5-24hr,UG/M3,12.2,24,Missouri Department of Natural Resources,57,1,38.65643,-90.18977,840295100093,AirNow preliminary observations
07/15/26,295100094,Forest Park,PM2.5-24hr,UG/M3,9.0,24,Missouri Department of Natural Resources,50,0,38.631057,-90.281144,840295100094,AirNow preliminary observations
07/15/26,310550019,NCORE,PM2.5-24hr,UG/M3,10.1,24,Douglas County Health Department (Omaha),53,1,41.2474,-95.9731,840310550019,AirNow preliminary observations
07/15/26,311090022,LLCHD BAM,PM2.5-24hr,UG/M3,9.7,24,Lincoln-Lancaster County Health Department,52,1,40.812558,-96.675733,840311090022,AirNow preliminary observations
07/15/26,311530007,2912 Coffey,PM2.5-24hr,UG/M3,8.0,24,Douglas County Health Department (Omaha),44,0,41.133317,-95.956078,840311530007,AirNow preliminary observations
07/15/26,330050007,Keene,PM2.5-24hr,UG/M3,27.6,24,New Hampshire Dept. of Environmental Services,85,1,42.930521,-72.272332,840330050007,AirNow preliminary observations
07/15/26,330090010,Lebanon,PM2.5-24hr,UG/M3,18.4,24,New Hampshire Dept. of Environmental Services,68,1,43.629605,-72.309499,840330090010,AirNow preliminary observations
07/15/26,330115001,Miller State Park,PM2.5-24hr,UG/M3,38.6,24,New Hampshire Dept. of Environmental Services,109,2,42.86183,-71.878626,840330115001,AirNow preliminary observations
07/15/26,330150014,Portsmouth,PM2.5-24hr,UG/M3,18.1,24,New Hampshire Dept. of Environmental Services,68,1,43.075371,-70.748017,840330150014,AirNow preliminary observations
07/15/26,330150018,Londonderry - Moose Hill,PM2.5-24hr,UG/M3,26.0,24,New Hampshire Dept. of Environmental Services,82,1,42.862531,-71.38014,840330150018,AirNow preliminary observations
07/15/26,340010006,Brigantine,PM2.5-24hr,UG/M3,21.1,24,New Jersey Dept. of Environmental Protection,73,1,39.46487,-74.448738,840340010006,AirNow preliminary observations
07/15/26,340030010,Fort Lee Near Road,PM2.5-24hr,UG/M3,38.6,24,New Jersey Dept. of Environmental Protection,109,2,40.85355,-73.9661,840340030010,AirNow preliminary observations
07/15/26,340070010,South Camden,PM2.5-24hr,UG/M3,20.2,24,New Jersey Dept. of Environmental Protection,72,1,39.923969,-75.122314,840340070010,AirNow preliminary observations
07/15/26,340110007,Millville,PM2.5-24hr,UG/M3,11.8,24,New Jersey Dept. of Environmental Protection,56,1,39.422272,-75.0252,840340110007,AirNow preliminary observations
07/15/26,340150002,Clarksboro,PM2.5-24hr,UG/M3,18.0,24,New Jersey Dept. of Environmental Protection,68,1,39.800339,-75.21212,840340150002,AirNow preliminary observations
07/15/26,340171003,Jersey City FH,PM2.5-24hr,UG/M3,36.5,24,New Jersey Dept. of Environmental Protection,103,2,40.725452,-74.052292,840340171003,AirNow preliminary observations
07/15/26,340190001,Flemington,PM2.5-24hr,UG/M3,28.0,24,New Jersey Dept. of Environmental Protection,86,1,40.515251,-74.806755,840340190001,AirNow preliminary observations
07/15/26,340210005,Rider University,PM2.5-24hr,UG/M3,27.3,24,New Jersey Dept. of Environmental Protection,85,1,40.283092,-74.742645,840340210005,AirNow preliminary observations
07/15/26,340230011,Rutgers University,PM2.5-24hr,UG/M3,25.4,24,New Jersey Dept. of Environmental Protection,81,1,40.462181,-74.429436,840340230011,AirNow preliminary observations
07/15/26,340273001,Chester,PM2.5-24hr,UG/M3,28.7,24,New Jersey Dept. of Environmental Protection,88,1,40.787628,-74.6763,840340273001,AirNow preliminary observations
07/15/26,340390004,Elizabeth Trailer,PM2.5-24hr,UG/M3,27.3,24,New Jersey Dept. of Environmental Protection,85,1,40.641441,-74.208366,840340390004,AirNow preliminary observations
07/15/26,340392003,Rahway PM,PM2.5-24hr,UG/M3,28.4,24,New Jersey Dept. of Environmental Protection,87,1,40.603943,-74.276176,840340392003,AirNow preliminary observations
07/15/26,340410007,Columbia,PM2.5-24hr,UG/M3,26.9,24,New Jersey Dept. of Environmental Protection,84,1,40.924606,-75.067825,840340410007,AirNow preliminary observations
07/15/26,360010005,Albany,PM2.5-24hr,UG/M3,36.2,24,New York Dept. of Environmental Conservation,103,2,42.6425,-73.7547,840360010005,AirNow preliminary observations
07/15/26,360050110,Bronx - IS52,PM2.5-24hr,UG/M3,47.3,24,New York Dept. of Environmental Conservation,130,2,40.816101,-73.902199,840360050110,AirNow preliminary observations
07/15/26,360050112,Bronx - IS74,PM2.5-24hr,UG/M3,53.7,24,New York Dept. of Environmental Conservation,146,2,40.814701,-73.886703,840360050112,AirNow preliminary observations
07/15/26,360290005,Buffalo,PM2.5-24hr,UG/M3,39.4,24,New York Dept. of Environmental Conservation,111,2,42.8781,-78.8094,840360290005,AirNow preliminary observations
07/15/26,360310003,Whiteface Mtn,PM2.5-24hr,UG/M3,17.9,24,New York Dept. of Environmental Conservation,67,1,44.39308,-73.8589,840360310003,AirNow preliminary observations
07/15/26,360470052,Bklyn - PS 314,PM2.5-24hr,UG/M3,43.5,24,New York Dept. of Environmental Conservation,121,2,40.641819,-74.018707,840360470052,AirNow preliminary observations
07/15/26,360470118,Bklyn - PS274,PM2.5-24hr,UG/M3,49.8,24,New York Dept. of Environmental Conservation,136,2,40.694401,-73.928596,840360470118,AirNow preliminary observations
07/15/26,360550015,Rochester Near-road,PM2.5-24hr,UG/M3,41.8,24,New York Dept. of Environmental Conservation,117,2,43.145021,-77.557608,840360550015,AirNow preliminary observations
07/15/26,360551007,Rochester,PM2.5-24hr,UG/M3,34.6,24,New York Dept. of Environmental Conservation,99,1,43.1461,-77.5481,840360551007,AirNow preliminary observations
07/15/26,360610115,Manhattan/IS143,PM2.5-24hr,UG/M3,46.0,24,New York Dept. of Environmental Conservation,127,2,40.8492,-73.9319,840360610115,AirNow preliminary observations
07/15/26,360610135,CCNY,PM2.5-24hr,UG/M3,52.7,24,New York Dept. of Environmental Conservation,143,2,40.8197,-73.9481,840360610135,AirNow preliminary observations
07/15/26,360671015,E Syracuse,PM2.5-24hr,UG/M3,33.0,24,New York Dept. of Environmental Conservation,96,1,43.0528,-76.0597,840360671015,AirNow preliminary observations
07/15/26,360710002,Newburgh,PM2.5-24hr,UG/M3,28.8,24,New York Dept. of Environmental Conservation,88,1,41.4994,-74.0097,840360710002,AirNow preliminary observations
07/15/26,360810120,Maspeth,PM2.5-24hr,UG/M3,45.0,24,New York Dept. of Environmental Conservation,124,2,40.7269,-73.8933,840360810120,AirNow preliminary observations
07/15/26,360810124,Queens,PM2.5-24hr,UG/M3,51.6,24,New York Dept. of Environmental Conservation,141,2,40.7375,-73.8244,840360810124,AirNow preliminary observations
07/15/26,360850111,Fresh Kills,PM2.5-24hr,UG/M3,36.7,24,New York Dept. of Environmental Conservation,104,2,40.5802,-74.1994,840360850111,AirNow preliminary observations
07/15/26,360870005,Rockland Cty,PM2.5-24hr,UG/M3,35.2,24,New York Dept. of Environmental Conservation,100,1,41.182079,-74.028191,840360870005,AirNow preliminary observations
07/15/26,361010003,Pinnacle State Park,PM2.5-24hr,UG/M3,49.3,24,New York Dept. of Environmental Conservation,135,2,42.0972,-77.2103,840361010003,AirNow preliminary observations
07/15/26,361030009,Holtsville,PM2.5-24hr,UG/M3,34.4,24,New York Dept. of Environmental Conservation,98,1,40.8278,-73.0575,840361030009,AirNow preliminary observations
07/15/26,361192004,White Plains,PM2.5-24hr,UG/M3,35.5,24,New York Dept. of Environmental Conservation,101,2,41.0522,-73.7642,840361192004,AirNow preliminary observations
07/15/26,370210034,BDED,PM2.5-24hr,UG/M3,6.1,24,North Carolina DEQ - Division of Air Quality,34,0,35.60662,-82.582551,840370210034,AirNow preliminary observations
07/15/26,370350004,HICKORY,PM2.5-24hr,UG/M3,7.5,24,North Carolina DEQ - Division of Air Quality,42,0,35.728889,-81.365556,840370350004,AirNow preliminary observations
07/15/26,370570002,LWATTOWR,PM2.5-24hr,UG/M3,10.2,24,North Carolina DEQ - Division of Air Quality,53,1,35.8145,-80.2627,840370570002,AirNow preliminary observations
07/15/26,370630015,Durham Armory,PM2.5-24hr,UG/M3,7.0,24,North Carolina DEQ - Division of Air Quality,39,0,36.032955,-78.904037,840370630015,AirNow preliminary observations
07/15/26,370630099,Burdens Creek,PM2.5-24hr,UG/M3,9.9,24,EPA Office of State Air Partnerships,52,1,35.889402,-78.8747,840370630099,AirNow preliminary observations
07/15/26,370650099,LEGGETT,PM2.5-24hr,UG/M3,8.0,24,North Carolina DEQ - Division of Air Quality,44,0,35.988278,-77.5843,840370650099,AirNow preliminary observations
07/15/26,370670022,Hattie Avenue,PM2.5-24hr,UG/M3,10.9,24,Forsyth County Office of Environmental Assistance and Protection,54,1,36.110927,-80.224435,840370670022,AirNow preliminary observations
07/15/26,370670030,Clemmons Middle,PM2.5-24hr,UG/M3,9.2,24,Forsyth County Office of Environmental Assistance and Protection,51,1,36.025979,-80.342254,840370670030,AirNow preliminary observations
07/15/26,370810013,MENDNHAL,PM2.5-24hr,UG/M3,8.8,24,North Carolina DEQ - Division of Air Quality,49,0,36.109006,-79.802314,840370810013,AirNow preliminary observations
07/15/26,371010002,JOHNSTON,PM2.5-24hr,UG/M3,11.8,24,North Carolina DEQ - Division of Air Quality,56,1,35.59095,-78.4622,840371010002,AirNow preliminary observations
07/15/26,371190041,Garinger,PM2.5-24hr,UG/M3,8.5,24,Mecklenburg County Air Quality,47,0,35.2411,-80.7831,840371190041,AirNow preliminary observations
07/15/26,371190045,Remount,PM2.5-24hr,UG/M3,10.8,24,Mecklenburg County Air Quality,54,1,35.213171,-80.874084,840371190045,AirNow preliminary observations
07/15/26,371210004,Spruce Pine,PM2.5-24hr,UG/M3,4.7,24,North Carolina DEQ - Division of Air Quality,26,0,35.912487,-82.062082,840371210004,AirNow preliminary observations
07/15/26,371230001,Candor FRO,PM2.5-24hr,UG/M3,10.4,24,North Carolina DEQ - Division of Air Quality,53,1,35.263165,-79.836636,840371230001,AirNow preliminary observations
07/15/26,371310003,Northampton,PM2.5-24hr,UG/M3,9.0,24,North Carolina DEQ - Division of Air Quality,50,0,36.511708,-77.655389,840371310003,AirNow preliminary observations
07/15/26,371470006,PITTAGCT,PM2.5-24hr,UG/M3,8.8,24,North Carolina DEQ - Division of Air Quality,49,0,35.641276,-77.360126,840371470006,AirNow preliminary observations
07/15/26,371590021,ROCKWELL,PM2.5-24hr,UG/M3,9.8,24,North Carolina DEQ - Division of Air Quality,52,1,35.551868,-80.395039,840371590021,AirNow preliminary observations
07/15/26,371730002,BRYSON,PM2.5-24hr,UG/M3,3.9,24,North Carolina DEQ - Division of Air Quality,22,0,35.434767,-83.442133,840371730002,AirNow preliminary observations
07/15/26,371830014,Millbrook NCore,PM2.5-24hr,UG/M3,9.4,24,North Carolina DEQ - Division of Air Quality,52,1,35.856111,-78.574167,840371830014,AirNow preliminary observations
07/15/26,371830021,Triple Oak - Near Road,PM2.5-24hr,UG/M3,9.4,24,North Carolina DEQ - Division of Air Quality,52,1,35.8652,-78.8197,840371830021,AirNow preliminary observations
07/15/26,380171004,Fargo NW,PM2.5-24hr,UG/M3,51.3,24,North Dakota Department of Environmental Quality,140,2,46.933601,-96.854698,840380171004,AirNow preliminary observations
07/15/26,390030009,Lima,PM2.5-24hr,UG/M3,14.6,24,Ohio EPA-DAPC,61,1,40.771,-84.0539,840390030009,AirNow preliminary observations
07/15/26,390230005,Springfield Fire St1,PM2.5-24hr,UG/M3,13.6,24,Ohio EPA-DAPC,59,1,39.92882,-83.80949,840390230005,AirNow preliminary observations
07/15/26,390350034,District 6,PM2.5-24hr,UG/M3,13.4,24,Ohio EPA-DAPC,59,1,41.55523,-81.575256,840390350034,AirNow preliminary observations
07/15/26,390350038,St Theodosius,PM2.5-24hr,UG/M3,12.5,24,Ohio EPA-DAPC,57,1,41.477011,-81.682383,840390350038,AirNow preliminary observations
07/15/26,390350045,Cleveland Fire St13,PM2.5-24hr,UG/M3,17.3,24,Ohio EPA-DAPC,66,1,41.471782,-81.656792,840390350045,AirNow preliminary observations
07/15/26,390350060,GT Craig NCore PAMS,PM2.5-24hr,UG/M3,12.8,24,Ohio EPA-DAPC,58,1,41.492191,-81.678552,840390350060,AirNow preliminary observations
07/15/26,390350065,Harvard Yards,PM2.5-24hr,UG/M3,16.2,24,Ohio EPA-DAPC,64,1,41.446682,-81.662419,840390350065,AirNow preliminary observations
07/15/26,390350073,Cleveland Near Road,PM2.5-24hr,UG/M3,14.0,24,Ohio EPA-DAPC,60,1,41.4409,-81.4949,840390350073,AirNow preliminary observations
07/15/26,390490029,New Albany,PM2.5-24hr,UG/M3,14.2,24,Ohio EPA-DAPC,61,1,40.0845,-82.81552,840390490029,AirNow preliminary observations
07/15/26,390490034,Fairgrounds,PM2.5-24hr,UG/M3,10.7,24,Ohio EPA-DAPC,54,1,40.002734,-82.994404,840390490034,AirNow preliminary observations
07/15/26,390490038,Smoky Row Near Road,PM2.5-24hr,UG/M3,9.5,24,Ohio EPA-DAPC,52,1,40.11109,-83.065376,840390490038,AirNow preliminary observations
07/15/26,390490081,Maple Canyon,PM2.5-24hr,UG/M3,14.2,24,Ohio EPA-DAPC,61,1,40.087807,-82.959585,840390490081,AirNow preliminary observations
07/15/26,390610006,Sycamore,PM2.5-24hr,UG/M3,11.8,24,Ohio EPA-DAPC,56,1,39.2787,-84.36612,840390610006,AirNow preliminary observations
07/15/26,390610010,Colerain,PM2.5-24hr,UG/M3,6.9,24,Ohio EPA-DAPC,38,0,39.21494,-84.69086,840390610010,AirNow preliminary observations
07/15/26,390610040,Taft NCore PAMS,PM2.5-24hr,UG/M3,12.3,24,Ohio EPA-DAPC,57,1,39.12886,-84.50404,840390610040,AirNow preliminary observations
07/15/26,390610048,Cincinnati Near Road,PM2.5-24hr,UG/M3,14.0,24,Ohio EPA-DAPC,60,1,39.146025,-84.538375,840390610048,AirNow preliminary observations
07/15/26,390810017,Steubenville,PM2.5-24hr,UG/M3,14.7,24,Ohio EPA-DAPC,61,1,40.366452,-80.615691,840390810017,AirNow preliminary observations
07/15/26,390850007,Painesville,PM2.5-24hr,UG/M3,6.3,24,Ohio EPA-DAPC,35,0,41.726811,-81.242156,840390850007,AirNow preliminary observations
07/15/26,390870012,ODOT Ironton,PM2.5-24hr,UG/M3,11.7,24,Ohio EPA-DAPC,56,1,38.508114,-82.659301,840390870012,AirNow preliminary observations
07/15/26,390950024,Erie,PM2.5-24hr,UG/M3,11.4,24,Ohio EPA-DAPC,55,1,41.644067,-83.54625,840390950024,AirNow preliminary observations
07/15/26,390951003,Eastside Pump St,PM2.5-24hr,UG/M3,19.6,24,Ohio EPA-DAPC,71,1,41.7194,-83.475,840390951003,AirNow preliminary observations
07/15/26,391030004,Chippewa,PM2.5-24hr,UG/M3,12.8,24,Ohio EPA-DAPC,58,1,41.0604,-81.9239,840391030004,AirNow preliminary observations
07/15/26,391130038,Sinclair,PM2.5-24hr,UG/M3,13.5,24,Ohio EPA-DAPC,59,1,39.758235,-84.197375,840391130038,AirNow preliminary observations
07/15/26,391351001,Preble NCore,PM2.5-24hr,UG/M3,10.5,24,Ohio EPA-DAPC,54,1,39.83562,-84.72049,840391351001,AirNow preliminary observations
07/15/26,391450013,Portsmouth Water Treatment Plant,PM2.5-24hr,UG/M3,12.6,24,Ohio EPA-DAPC,58,1,38.754595,-82.917,840391450013,AirNow preliminary observations
07/15/26,391510020,Canton,PM2.5-24hr,UG/M3,13.1,24,Ohio EPA-DAPC,58,1,40.800717,-81.373,840391510020,AirNow preliminary observations
07/15/26,391530017,East HS,PM2.5-24hr,UG/M3,10.2,24,Ohio EPA-DAPC,53,1,41.063526,-81.468956,840391530017,AirNow preliminary observations
07/15/26,391550014,Laird Eng Bldg,PM2.5-24hr,UG/M3,15.6,24,Ohio EPA-DAPC,63,1,41.23172,-80.80116,840391550014,AirNow preliminary observations
07/15/26,391650007,Lebanon,PM2.5-24hr,UG/M3,9.1,24,Ohio EPA-DAPC,51,1,39.42689,-84.20077,840391650007,AirNow preliminary observations
07/15/26,400270049,Moore,PM2.5-24hr,UG/M3,8.4,24,Oklahoma Department of Environmental Quality,47,0,35.32,-97.4883,840400270049,AirNow preliminary observations
07/15/26,400430860,Seiling,PM2.5-24hr,UG/M3,8.0,24,Oklahoma Department of Environmental Quality,44,0,36.1589,-98.9353,840400430860,AirNow preliminary observations
07/15/26,400710604,Ponca City,PM2.5-24hr,UG/M3,11.5,24,Oklahoma Department of Environmental Quality,55,1,36.697189,-97.081278,840400710604,AirNow preliminary observations
07/15/26,401090097,Near Road OKC,PM2.5-24hr,UG/M3,9.2,24,Oklahoma Department of Environmental Quality,51,1,35.502968,-97.577674,840401090097,AirNow preliminary observations
07/15/26,401091037,North OKC,PM2.5-24hr,UG/M3,8.0,24,Oklahoma Department of Environmental Quality,44,0,35.614131,-97.475083,840401091037,AirNow preliminary observations
07/15/26,401359021,ROLAND,PM2.5-24hr,UG/M3,2.5,24,Cherokee Nation,14,0,35.408138,-94.524414,840401359021,AirNow preliminary observations
07/15/26,401430174,Glenpool,PM2.5-24hr,UG/M3,10.6,24,Oklahoma Department of Environmental Quality,54,1,35.9525,-96.0033,840401430174,AirNow preliminary observations
07/15/26,401431127,Tulsa,PM2.5-24hr,UG/M3,12.4,24,Oklahoma Department of Environmental Quality,57,1,36.206699,-95.976402,840401431127,AirNow preliminary observations
07/15/26,420010001,Arendtsville,PM2.5-24hr,UG/M3,9.9,24,Pennsylvania Dept. of Environmental Protection,52,1,39.9233,-77.3081,840420010001,AirNow preliminary observations
07/15/26,420030008,Lawrenceville,PM2.5-24hr,UG/M3,11.4,24,Allegheny County,55,1,40.4656,-79.9611,840420030008,AirNow preliminary observations
07/15/26,420030064,Liberty (SAHS),PM2.5-24hr,UG/M3,14.3,24,Allegheny County,61,1,40.323761,-79.868151,840420030064,AirNow preliminary observations
07/15/26,420030067,South Fayette,PM2.5-24hr,UG/M3,10.0,24,Allegheny County,53,1,40.381901,-80.1856,840420030067,AirNow preliminary observations
07/15/26,420031008,Harrison Township,PM2.5-24hr,UG/M3,12.2,24,Allegheny County,57,1,40.617488,-79.727664,840420031008,AirNow preliminary observations
07/15/26,420031376,Parkway East (Near Road),PM2.5-24hr,UG/M3,11.0,24,Allegheny County,55,1,40.437431,-79.863572,840420031376,AirNow preliminary observations
07/15/26,420050001,Kittanning,PM2.5-24hr,UG/M3,12.1,24,Pennsylvania Dept. of Environmental Protection,57,1,40.8142,-79.565,840420050001,AirNow preliminary observations
07/15/26,420070014,Beaver Falls,PM2.5-24hr,UG/M3,10.2,24,Pennsylvania Dept. of Environmental Protection,53,1,40.747799,-80.316704,840420070014,AirNow preliminary observations
07/15/26,420110011,Reading Airport,PM2.5-24hr,UG/M3,19.9,24,Pennsylvania Dept. of Environmental Protection,71,1,40.3833,-75.9686,840420110011,AirNow preliminary observations
07/15/26,420130801,Altoona,PM2.5-24hr,UG/M3,10.7,24,Pennsylvania Dept. of Environmental Protection,54,1,40.515,-78.3889,840420130801,AirNow preliminary observations
07/15/26,420150011,Towanda,PM2.5-24hr,UG/M3,44.3,24,Pennsylvania Dept. of Environmental Protection,123,2,41.705226,-76.512726,840420150011,AirNow preliminary observations
07/15/26,420210011,Johnstown,PM2.5-24hr,UG/M3,11.3,24,Pennsylvania Dept. of Environmental Protection,55,1,40.3097,-78.9158,840420210011,AirNow preliminary observations
07/15/26,420270100,State College,PM2.5-24hr,UG/M3,11.9,24,Pennsylvania Dept. of Environmental Protection,56,1,40.8114,-77.8769,840420270100,AirNow preliminary observations
07/15/26,420290100,New Garden,PM2.5-24hr,UG/M3,14.1,24,Pennsylvania Dept. of Environmental Protection,60,1,39.8344,-75.7678,840420290100,AirNow preliminary observations
07/15/26,420334000,Moshannon,PM2.5-24hr,UG/M3,11.6,24,Pennsylvania Dept. of Environmental Protection,56,1,41.1175,-78.5261,840420334000,AirNow preliminary observations
07/15/26,420410101,Carlisle,PM2.5-24hr,UG/M3,14.0,24,Pennsylvania Dept. of Environmental Protection,60,1,40.2464,-77.1867,840420410101,AirNow preliminary observations
07/15/26,420430401,Harrisburg,PM2.5-24hr,UG/M3,19.2,24,Pennsylvania Dept. of Environmental Protection,70,1,40.246992,-76.846988,840420430401,AirNow preliminary observations
07/15/26,420431100,Hershey,PM2.5-24hr,UG/M3,20.9,24,Pennsylvania Dept. of Environmental Protection,73,1,40.2722,-76.6814,840420431100,AirNow preliminary observations
07/15/26,420450002,Chester,PM2.5-24hr,UG/M3,25.3,24,Pennsylvania Dept. of Environmental Protection,81,1,39.8356,-75.3725,840420450002,AirNow preliminary observations
07/15/26,420450109,Marcus Hook,PM2.5-24hr,UG/M3,15.8,24,Pennsylvania Dept. of Environmental Protection,63,1,39.818715,-75.413973,840420450109,AirNow preliminary observations
07/15/26,420490003,Erie,PM2.5-24hr,UG/M3,13.5,24,Pennsylvania Dept. of Environmental Protection,59,1,42.1428,-80.0372,840420490003,AirNow preliminary observations
07/15/26,420590002,Holbrook,PM2.5-24hr,UG/M3,9.9,24,Pennsylvania Dept. of Environmental Protection,52,1,39.82,-80.2897,840420590002,AirNow preliminary observations
07/15/26,420630004,Strongstown,PM2.5-24hr,UG/M3,12.3,24,Pennsylvania Dept. of Environmental Protection,57,1,40.5633,-78.92,840420630004,AirNow preliminary observations
07/15/26,420692006,Scranton,PM2.5-24hr,UG/M3,33.9,24,Pennsylvania Dept. of Environmental Protection,97,1,41.4428,-75.6231,840420692006,AirNow preliminary observations
07/15/26,420710007,Lancaster,PM2.5-24hr,UG/M3,18.5,24,Pennsylvania Dept. of Environmental Protection,69,1,40.0467,-76.2833,840420710007,AirNow preliminary observations
07/15/26,420710012,Lancaster DW,PM2.5-24hr,UG/M3,13.7,24,Pennsylvania Dept. of Environmental Protection,60,1,40.0439,-76.1125,840420710012,AirNow preliminary observations
07/15/26,420770004,Allentown,PM2.5-24hr,UG/M3,24.4,24,Pennsylvania Dept. of Environmental Protection,80,1,40.6119,-75.4325,840420770004,AirNow preliminary observations
07/15/26,420850100,Farrell,PM2.5-24hr,UG/M3,11.0,24,Pennsylvania Dept. of Environmental Protection,55,1,41.215,-80.485,840420850100,AirNow preliminary observations
07/15/26,420890002,Swiftwater,PM2.5-24hr,UG/M3,39.7,24,Pennsylvania Dept. of Environmental Protection,111,2,41.083099,-75.3283,840420890002,AirNow preliminary observations
07/15/26,420910013,Norristown,PM2.5-24hr,UG/M3,24.5,24,Pennsylvania Dept. of Environmental Protection,80,1,40.1122,-75.3092,840420910013,AirNow preliminary observations
07/15/26,420950025,Freemansburg,PM2.5-24hr,UG/M3,21.0,24,Pennsylvania Dept. of Environmental Protection,73,1,40.6281,-75.3411,840420950025,AirNow preliminary observations
07/15/26,421010004,LABP,PM2.5-24hr,UG/M3,32.1,24,Philadelphia Air Management Services,94,1,40.00892,-75.09777,840421010004,AirNow preliminary observations
07/15/26,421010048,NEW,PM2.5-24hr,UG/M3,25.1,24,Philadelphia Air Management Services,81,1,39.991389,-75.080833,840421010048,AirNow preliminary observations
07/15/26,421010055,RIT,PM2.5-24hr,UG/M3,23.1,24,Philadelphia Air Management Services,77,1,39.922516,-75.186783,840421010055,AirNow preliminary observations
07/15/26,421010057,FAB,PM2.5-24hr,UG/M3,33.1,24,Philadelphia Air Management Services,96,1,39.9603,-75.1424,840421010057,AirNow preliminary observations
07/15/26,421010075,TOR,PM2.5-24hr,UG/M3,25.2,24,Philadelphia Air Management Services,81,1,40.054171,-74.985166,840421010075,AirNow preliminary observations
07/15/26,421010076,MON,PM2.5-24hr,UG/M3,36.1,24,Philadelphia Air Management Services,102,2,39.988842,-75.207205,840421010076,AirNow preliminary observations
07/15/26,421250005,Charleroi,PM2.5-24hr,UG/M3,9.2,24,Pennsylvania Dept. of Environmental Protection,51,1,40.1469,-79.9033,840421250005,AirNow preliminary observations
07/15/26,421255001,Florence,PM2.5-24hr,UG/M3,9.4,24,Pennsylvania Dept. of Environmental Protection,52,1,40.4447,-80.42,840421255001,AirNow preliminary observations
07/15/26,421255200,Houston,PM2.5-24hr,UG/M3,10.1,24,Pennsylvania Dept. of Environmental Protection,53,1,40.269,-80.244,840421255200,AirNow preliminary observations
07/15/26,421290008,Greensburg,PM2.5-24hr,UG/M3,11.1,24,Pennsylvania Dept. of Environmental Protection,55,1,40.3053,-79.5061,840421290008,AirNow preliminary observations
07/15/26,421330008,York,PM2.5-24hr,UG/M3,16.7,24,Pennsylvania Dept. of Environmental Protection,65,1,39.9653,-76.6994,840421330008,AirNow preliminary observations
07/15/26,440030002,W Greenwich,PM2.5-24hr,UG/M3,19.7,24,Rhode Island Dept. of Environmental Management,71,1,41.615,-71.7197,840440030002,AirNow preliminary observations
07/15/26,440070022,CCRI Providence,PM2.5-24hr,UG/M3,23.9,24,Rhode Island Dept. of Environmental Management,79,1,41.807523,-71.41392,840440070022,AirNow preliminary observations
07/15/26,440071010,E Providence,PM2.5-24hr,UG/M3,25.1,24,Rhode Island Dept. of Environmental Management,81,1,41.840302,-71.361702,840440071010,AirNow preliminary observations
07/15/26,440090007,Narragansett,PM2.5-24hr,UG/M3,23.3,24,Rhode Island Dept. of Environmental Management,77,1,41.4942,-71.4219,840440090007,AirNow preliminary observations
07/15/26,460110003,Research Farm,PM2.5-24hr,UG/M3,8.3,24,South Dakota Department of Agriculture and Natural Resources,46,0,44.348604,-96.807299,840460110003,AirNow preliminary observations
07/15/26,460290002,Watertown,PM2.5-24hr,UG/M3,9.8,24,South Dakota Department of Agriculture and Natural Resources,52,1,44.89965,-97.128802,840460290002,AirNow preliminary observations
07/15/26,470090011,MARYVILL,PM2.5-24hr,UG/M3,4.6,24,Tennessee Air Pollution Control Div.,26,0,35.7683,-83.9422,840470090011,AirNow preliminary observations
07/15/26,470090101,Look Rock - GSMNP,PM2.5-24hr,UG/M3,3.9,24,National Park Service,22,0,35.63346,-83.94158,840470090101,AirNow preliminary observations
07/15/26,470370023,LOCKELAND,PM2.5-24hr,UG/M3,5.2,24,Davidson County PCD,29,0,36.1767,-86.7386,840470370023,AirNow preliminary observations
07/15/26,470450004,DYERSBURG,PM2.5-24hr,UG/M3,3.9,24,Tennessee Air Pollution Control Div.,22,0,36.0528,-89.3819,840470450004,AirNow preliminary observations
07/15/26,470654002,Siskin Dr,PM2.5-24hr,UG/M3,6.1,24,Chattanooga-Hamilton County Air Pollution Control Bureau,34,0,35.051006,-85.292867,840470654002,AirNow preliminary observations
07/15/26,470931013,AIR LAB,PM2.5-24hr,UG/M3,5.5,24,Knox County Dept. of Air Quality Management ,31,0,35.9803,-83.9306,840470931013,AirNow preliminary observations
07/15/26,470931020,SPRINGHILL,PM2.5-24hr,UG/M3,6.3,24,Knox County Dept. of Air Quality Management ,35,0,36.0183,-83.8761,840470931020,AirNow preliminary observations
07/15/26,471050109,LOUDONMS,PM2.5-24hr,UG/M3,4.4,24,Tennessee Air Pollution Control Div.,24,0,35.7197,-84.3417,840471050109,AirNow preliminary observations
07/15/26,471071002,ATHENS,PM2.5-24hr,UG/M3,5.3,24,Tennessee Air Pollution Control Div.,29,0,35.4511,-84.5992,840471071002,AirNow preliminary observations
07/15/26,471192007,Columbia,PM2.5-24hr,UG/M3,5.0,24,Tennessee Air Pollution Control Div.,28,0,35.65188,-87.0096,840471192007,AirNow preliminary observations
07/15/26,471450004,Harriman,PM2.5-24hr,UG/M3,3.7,24,Tennessee Air Pollution Control Div.,21,0,35.9386,-84.5439,840471450004,AirNow preliminary observations
07/15/26,471570075,SHELBY FARMS,PM2.5-24hr,UG/M3,4.6,24,Shelby County Health Department,26,0,35.151588,-89.85022,840471570075,AirNow preliminary observations
07/15/26,471631007,Kingsport,PM2.5-24hr,UG/M3,7.0,24,Tennessee Air Pollution Control Div.,39,0,36.5408,-82.5217,840471631007,AirNow preliminary observations
07/15/26,471650007,HVILLE,PM2.5-24hr,UG/M3,5.7,24,Tennessee Air Pollution Control Div.,32,0,36.2975,-86.6525,840471650007,AirNow preliminary observations
07/15/26,500030004,Bennington,PM2.5-24hr,UG/M3,25.6,24,Vermont Air Quality & Climate Division,82,1,42.887501,-73.249702,840500030004,AirNow preliminary observations
07/15/26,500070007,Underhill,PM2.5-24hr,UG/M3,17.3,24,Vermont Air Quality & Climate Division,66,1,44.528389,-72.868973,840500070007,AirNow preliminary observations
07/15/26,500210002,Rutland,PM2.5-24hr,UG/M3,22.1,24,Vermont Air Quality & Climate Division,75,1,43.608528,-72.98246,840500210002,AirNow preliminary observations
07/15/26,510030001,Albemarle HS,PM2.5-24hr,UG/M3,11.1,24,Virginia Dept. of Environmental Quality,55,1,38.07657,-78.50397,840510030001,AirNow preliminary observations
07/15/26,510360002,SHIRLEY PLANTATION,PM2.5-24hr,UG/M3,9.3,24,Virginia Dept. of Environmental Quality,51,1,37.34438,-77.25925,840510360002,AirNow preliminary observations
07/15/26,510410004,BEACH ROAD,PM2.5-24hr,UG/M3,8.6,24,Virginia Dept. of Environmental Quality,48,0,37.35748,-77.59355,840510410004,AirNow preliminary observations
07/15/26,510590030,FRANCONIA,PM2.5-24hr,UG/M3,10.3,24,Virginia Dept. of Environmental Quality,53,1,38.77335,-77.10468,840510590030,AirNow preliminary observations
07/15/26,510690010,REST - LESTER BUILDING SYSTEMS,PM2.5-24hr,UG/M3,10.3,24,Virginia Dept. of Environmental Quality,53,1,39.28102,-78.08157,840510690010,AirNow preliminary observations
07/15/26,510870014,MATH & SCIENCE CTR,PM2.5-24hr,UG/M3,9.7,24,Virginia Dept. of Environmental Quality,52,1,37.55652,-77.40027,840510870014,AirNow preliminary observations
07/15/26,511071005,ASHBURN,PM2.5-24hr,UG/M3,10.4,24,Virginia Dept. of Environmental Quality,53,1,39.02473,-77.48925,840511071005,AirNow preliminary observations
07/15/26,511130003,Shenandoah NP,PM2.5-24hr,UG/M3,9.6,24,Virginia Dept. of Environmental Quality,52,1,38.5231,-78.4347,840511130003,AirNow preliminary observations
07/15/26,511611004,VINTON - Herman Horn ES,PM2.5-24hr,UG/M3,10.0,24,Virginia Dept. of Environmental Quality,53,1,37.28342,-79.88452,840511611004,AirNow preliminary observations
07/15/26,516500008,HAMPTON - NASA,PM2.5-24hr,UG/M3,8.4,24,Virginia Dept. of Environmental Quality,47,0,37.10373,-76.38702,840516500008,AirNow preliminary observations
07/15/26,517100024,NORFOLK - NOAA,PM2.5-24hr,UG/M3,8.1,24,Virginia Dept. of Environmental Quality,45,0,36.85555,-76.30135,840517100024,AirNow preliminary observations
07/15/26,540290009,WEIRTON,PM2.5-24hr,UG/M3,13.2,24,West Virginia Division of Air Quality,59,1,40.42735,-80.59253,840540290009,AirNow preliminary observations
07/15/26,540390020,CHARLESTON,PM2.5-24hr,UG/M3,13.5,24,West Virginia Division of Air Quality,59,1,38.346258,-81.621161,840540390020,AirNow preliminary observations
07/15/26,540511002,MOUNDSVILLE,PM2.5-24hr,UG/M3,12.0,24,West Virginia Division of Air Quality,56,1,39.9158,-80.7342,840540511002,AirNow preliminary observations
07/15/26,550030010,Bad River Tribal School,PM2.5-24hr,UG/M3,293.0,24,Wisconsin Dept. of Natural Resources,435,5,46.6144,-90.6986,840550030010,AirNow preliminary observations
07/15/26,550090005,Green Bay East High,PM2.5-24hr,UG/M3,80.7,24,Wisconsin Dept. of Natural Resources,169,3,44.5167,-87.9939,840550090005,AirNow preliminary observations
07/15/26,550250041,Madison East,PM2.5-24hr,UG/M3,15.8,24,Wisconsin Dept. of Natural Resources,63,1,43.1008,-89.3572,840550250041,AirNow preliminary observations
07/15/26,550270001,Horicon Wildlife Area,PM2.5-24hr,UG/M3,32.3,24,Wisconsin Dept. of Natural Resources,94,1,43.46611,-88.621109,840550270001,AirNow preliminary observations
07/15/26,550350014,Eau Claire,PM2.5-24hr,UG/M3,105.4,24,Wisconsin Dept. of Natural Resources,186,3,44.761398,-91.413002,840550350014,AirNow preliminary observations
07/15/26,550410007,Potawatomi,PM2.5-24hr,UG/M3,169.6,24,Wisconsin Dept. of Natural Resources,245,4,45.5639,-88.81,840550410007,AirNow preliminary observations
07/15/26,550430009,Potosi,PM2.5-24hr,UG/M3,8.6,24,Wisconsin Dept. of Natural Resources,48,0,42.692131,-90.696373,840550430009,AirNow preliminary observations
07/15/26,550590019,Chiwaukee,PM2.5-24hr,UG/M3,29.5,24,Wisconsin Dept. of Natural Resources,89,1,42.5047,-87.8111,840550590019,AirNow preliminary observations
07/15/26,550730012,Lake Dubay,PM2.5-24hr,UG/M3,150.6,24,Wisconsin Dept. of Natural Resources,226,4,44.7072,-89.7697,840550730012,AirNow preliminary observations
07/15/26,550790010,Milwaukee 16th Street,PM2.5-24hr,UG/M3,49.6,24,Wisconsin Dept. of Natural Resources,136,2,43.0178,-87.9333,840550790010,AirNow preliminary observations
07/15/26,550790056,Milwaukee College Ave-Near Road,PM2.5-24hr,UG/M3,43.0,24,Wisconsin Dept. of Natural Resources,119,2,42.93257,-87.93434,840550790056,AirNow preliminary observations
07/15/26,550870009,Appleton AAL,PM2.5-24hr,UG/M3,93.6,24,Wisconsin Dept. of Natural Resources,178,3,44.3069,-88.3956,840550870009,AirNow preliminary observations
07/15/26,550890009,Harrington Beach,PM2.5-24hr,UG/M3,43.9,24,Wisconsin Dept. of Natural Resources,122,2,43.4981,-87.81,840550890009,AirNow preliminary observations
07/15/26,551110007,Devils Lake,PM2.5-24hr,UG/M3,33.4,24,Wisconsin Dept. of Natural Resources,96,1,43.4356,-89.6803,840551110007,AirNow preliminary observations
07/15/26,551330027,Waukesha-Cleveland Ave,PM2.5-24hr,UG/M3,39.6,24,Wisconsin Dept. of Natural Resources,111,2,43.0203,-88.215,840551330027,AirNow preliminary observations
07/15/26,840100010003,Dover,PM2.5-24hr,UG/M3,14.5,24,Delaware Dept. of Natural Resources and Environment,61,1,39.155,-75.518056,840100010003,AirNow preliminary observations
07/15/26,840100031012,Newark,PM2.5-24hr,UG/M3,20.0,24,Delaware Dept. of Natural Resources and Environment,71,1,39.691962,-75.761299,840100031012,AirNow preliminary observations
07/15/26,840110010053,King Greenleaf Rec Center,PM2.5-24hr,UG/M3,12.6,24,District of Columbia - Department of Energy and Environment,58,1,38.875161,-77.012816,840110010053,AirNow preliminary observations
07/15/26,840110010055,Bald Eagle,PM2.5-24hr,UG/M3,10.6,24,District of Columbia - Department of Energy and Environment,54,1,38.81853,-77.01039,840110010055,AirNow preliminary observations
07/15/26,840170190006,Champaign,PM2.5-24hr,UG/M3,13.5,24,Illinois EPA,59,1,40.12306,-88.24017,840170190006,AirNow preliminary observations
07/15/26,840170310052,CHI_MAYFAIR,PM2.5-24hr,UG/M3,14.7,24,Illinois EPA,61,1,41.96548,-87.74992,840170310052,AirNow preliminary observations
07/15/26,840170310119,Kingery Near-road #1,PM2.5-24hr,UG/M3,12.5,24,Illinois EPA,57,1,41.578603,-87.557392,840170310119,AirNow preliminary observations
07/15/26,840170311016,McCook,PM2.5-24hr,UG/M3,9.9,24,Illinois EPA,52,1,41.80117,-87.83194,840170311016,AirNow preliminary observations
07/15/26,840170313301,Summit,PM2.5-24hr,UG/M3,14.2,24,Illinois EPA,61,1,41.78276,-87.80537,840170313301,AirNow preliminary observations
07/15/26,840170890007,Aurora,PM2.5-24hr,UG/M3,10.7,24,Illinois EPA,54,1,41.78471,-88.2422,840170890007,AirNow preliminary observations
07/15/26,840170890124,Elgin_DMV,PM2.5-24hr,UG/M3,18.7,24,Illinois EPA,69,1,42.02131,-88.28298,840170890124,AirNow preliminary observations
07/15/26,840171190024,Granite City Gateway,PM2.5-24hr,UG/M3,12.0,24,Illinois EPA,56,1,38.70063,-90.14476,840171190024,AirNow preliminary observations
07/15/26,840171190120,Alton,PM2.5-24hr,UG/M3,15.0,24,Illinois EPA,62,1,38.901316,-90.146211,840171190120,AirNow preliminary observations
07/15/26,840172010118,Rockford,PM2.5-24hr,UG/M3,12.3,24,Illinois EPA,57,1,42.267002,-89.08917,840172010118,AirNow preliminary observations
07/15/26,840180030015,Ft Wayne - Coliseum,PM2.5-24hr,UG/M3,12.8,24,Indiana Dept. of Environmental Management,58,1,41.08184,-85.08834,840180030015,AirNow preliminary observations
07/15/26,840180190010,Jeffersonville - Bates-Bowyer Av,PM2.5-24hr,UG/M3,7.1,24,Indiana Dept. of Environmental Management,39,0,38.288191,-85.741337,840180190010,AirNow preliminary observations
07/15/26,840180350006,Muncie Central HS,PM2.5-24hr,UG/M3,13.9,24,Indiana Dept. of Environmental Management,60,1,40.1995,-85.38791,840180350006,AirNow preliminary observations
07/15/26,840180372001,Jasper - Post Office,PM2.5-24hr,UG/M3,5.9,24,Indiana Dept. of Environmental Management,33,0,38.391799,-86.929668,840180372001,AirNow preliminary observations
07/15/26,840180430008,New Albany - 4H Road,PM2.5-24hr,UG/M3,6.2,24,Indiana Dept. of Environmental Management,34,0,38.3178,-85.8333,840180430008,AirNow preliminary observations
07/15/26,840180890034,East Chicago - Marina,PM2.5-24hr,UG/M3,11.6,24,Indiana Dept. of Environmental Management,56,1,41.653446,-87.435435,840180890034,AirNow preliminary observations
07/15/26,840180910011,Michigan City - Marsh Elementary,PM2.5-24hr,UG/M3,14.4,24,Indiana Dept. of Environmental Management,61,1,41.70694,-86.89111,840180910011,AirNow preliminary observations
07/15/26,840181470011,Dale - Wallace St,PM2.5-24hr,UG/M3,5.7,24,Indiana Dept. of Environmental Management,32,0,38.1701,-86.98721,840181470011,AirNow preliminary observations
07/15/26,840181630024,Evansville-Oak Hill,PM2.5-24hr,UG/M3,5.9,24,Indiana Dept. of Environmental Management,33,0,37.98852,-87.53141,840181630024,AirNow preliminary observations
07/15/26,840191130042,MCKINLEY STEAM,PM2.5-24hr,UG/M3,10.2,24,Linn Co. Public Health ,53,1,41.98088,-91.65391,840191130042,AirNow preliminary observations
07/15/26,840191531427,EAST HIGH,PM2.5-24hr,UG/M3,11.3,24,Polk Co. Air Quality Division,55,1,41.59975,-93.5995,840191531427,AirNow preliminary observations
07/15/26,840191535885,PUBLIC WORKS,PM2.5-24hr,UG/M3,10.4,24,Polk Co. Air Quality Division,53,1,41.667032,-93.599221,840191535885,AirNow preliminary observations
07/15/26,840191870013,"Ft. Dodge, Day Park",PM2.5-24hr,UG/M3,11.5,24,Iowa DNR,55,1,42.505,-94.177,840191870013,AirNow preliminary observations
07/15/26,840210470007,Pennyrile Forest,PM2.5-24hr,UG/M3,4.2,24,Kentucky DEP,23,0,37.05778,-87.65,840210470007,AirNow preliminary observations
07/15/26,840210590015,Owensboro,PM2.5-24hr,UG/M3,5.8,24,Kentucky DEP,32,0,37.77167,-87.05581,840210590015,AirNow preliminary observations
07/15/26,840210930007,Freeman Lake,PM2.5-24hr,UG/M3,4.6,24,Kentucky DEP,26,0,37.71451,-85.87082,840210930007,AirNow preliminary observations
07/15/26,840211451027,Paducah Transit,PM2.5-24hr,UG/M3,3.6,24,Kentucky DEP,20,0,37.08725,-88.60802,840211451027,AirNow preliminary observations
07/15/26,840230050015,Portland Tukey's Bridge,PM2.5-24hr,UG/M3,25.3,24,Maine Dept. of Environmental Protection,81,1,43.678,-70.2561,840230050015,AirNow preliminary observations
07/15/26,840230056606,Portland Ocean Gateway,PM2.5-24hr,UG/M3,22.1,24,Maine Dept. of Environmental Protection,75,1,43.66079,-70.24557,840230056606,AirNow preliminary observations
07/15/26,840230110016,Augusta LSS,PM2.5-24hr,UG/M3,15.4,24,Maine Dept. of Environmental Protection,63,1,44.3123,-69.7867,840230110016,AirNow preliminary observations
07/15/26,840230290033,Sipayik,PM2.5-24hr,UG/M3,9.2,24,Maine Dept. of Environmental Protection,51,1,44.963459,-67.060476,840230290033,AirNow preliminary observations
07/15/26,840240396431,Princess Anne,PM2.5-24hr,UG/M3,9.1,24,Maryland Department of the Environment,51,1,38.176541,-75.701489,840240396431,AirNow preliminary observations
07/15/26,840245105253,Lake Montebello,PM2.5-24hr,UG/M3,12.6,24,Maryland Department of the Environment,58,1,39.33746,-76.58905,840245105253,AirNow preliminary observations
07/15/26,840250030008,Pittsfield,PM2.5-24hr,UG/M3,32.6,24,Massachusetts Dept. of Environmental Protection,95,1,42.452299,-73.239648,840250030008,AirNow preliminary observations
07/15/26,840250092007,Saugus,PM2.5-24hr,UG/M3,30.8,24,Massachusetts Dept. of Environmental Protection,91,1,42.44472,-70.988889,840250092007,AirNow preliminary observations
07/15/26,840250095006,Haverhill,PM2.5-24hr,UG/M3,23.9,24,Massachusetts Dept. of Environmental Protection,79,1,42.78479,-71.10702,840250095006,AirNow preliminary observations
07/15/26,840250154003,Belchertown,PM2.5-24hr,UG/M3,32.7,24,Massachusetts Dept. of Environmental Protection,95,1,42.27809,-72.35207,840250154003,AirNow preliminary observations
07/15/26,840250170010,Chelmsford - Manning Rd,PM2.5-24hr,UG/M3,29.1,24,Massachusetts Dept. of Environmental Protection,88,1,42.612113,-71.307519,840250170010,AirNow preliminary observations
07/15/26,840250170011,Framingham,PM2.5-24hr,UG/M3,28.0,24,Massachusetts Dept. of Environmental Protection,86,1,42.26381,-71.40565,840250170011,AirNow preliminary observations
07/15/26,840250212005,Weymouth,PM2.5-24hr,UG/M3,27.6,24,Massachusetts Dept. of Environmental Protection,85,1,42.241229,-70.963346,840250212005,AirNow preliminary observations
07/15/26,840250250045,Boston - Chinatown,PM2.5-24hr,UG/M3,32.7,24,Massachusetts Dept. of Environmental Protection,95,1,42.349954,-71.059194,840250250045,AirNow preliminary observations
07/15/26,840250251004,Chelsea,PM2.5-24hr,UG/M3,30.0,24,Massachusetts Dept. of Environmental Protection,90,1,42.387222,-71.026111,840250251004,AirNow preliminary observations
07/15/26,840260490022,Flint,PM2.5-24hr,UG/M3,96.3,24,"Michigan Department of Environment, Great Lakes, and Energy",180,3,43.09174,-83.64775,840260490022,AirNow preliminary observations
07/15/26,840260810023,Grand Rapids - Near Roadway,PM2.5-24hr,UG/M3,26.4,24,"Michigan Department of Environment, Great Lakes, and Energy",83,1,42.88537,-85.67977,840260810023,AirNow preliminary observations
07/15/26,840261030013,Negaunee Twp.,PM2.5-24hr,UG/M3,341.3,24,"Michigan Department of Environment, Great Lakes, and Energy",532,5,46.51793,-87.52125,840261030013,AirNow preliminary observations
07/15/26,840270135510,Mankato - RosaParksElementary,PM2.5-24hr,UG/M3,14.5,24,Minnesota Pollution Control Agency,61,1,44.13619,-93.98103,840270135510,AirNow preliminary observations
07/15/26,840270532006,St. Louis Park,PM2.5-24hr,UG/M3,86.3,24,Minnesota Pollution Control Agency,173,3,44.948,-93.34313,840270532006,AirNow preliminary observations
07/15/26,840271153061,Lake Lena,PM2.5-24hr,UG/M3,251.8,24,Minnesota Pollution Control Agency,353,5,46.01156,-92.47841,840271153061,AirNow preliminary observations
07/15/26,840290950043,Linden Hills,PM2.5-24hr,UG/M3,10.7,24,Missouri Department of Natural Resources,54,1,38.94079,-94.5785,840290950043,AirNow preliminary observations
07/15/26,840310550052,92nd and Berry,PM2.5-24hr,UG/M3,8.9,24,Douglas County Health Department (Omaha),49,0,41.19805,-96.05655,840310550052,AirNow preliminary observations
07/15/26,840310670005,Homestead NHP,PM2.5-24hr,UG/M3,9.4,24,Nebraska Department of Environment and Energy,52,1,40.28506,-96.82431,840310670005,AirNow preliminary observations
07/15/26,840310790005,Grand Island DOT,PM2.5-24hr,UG/M3,9.8,24,Nebraska Department of Environment and Energy,52,1,40.918333,-98.378889,840310790005,AirNow preliminary observations
07/15/26,840311770002,Blair,PM2.5-24hr,UG/M3,7.8,24,Douglas County Health Department (Omaha),43,0,41.550658,-96.146622,840311770002,AirNow preliminary observations
07/15/26,840330012008,Laconia Main St,PM2.5-24hr,UG/M3,13.4,24,New Hampshire Dept. of Environmental Services,59,1,43.52496,-71.46633,840330012008,AirNow preliminary observations
07/15/26,840340011006,Atlantic City PM,PM2.5-24hr,UG/M3,20.5,24,New Jersey Dept. of Environmental Protection,72,1,39.36326,-74.431,840340011006,AirNow preliminary observations
07/15/26,840340130017,Newark Chestnut,PM2.5-24hr,UG/M3,30.2,24,New Jersey Dept. of Environmental Protection,90,1,40.72736,-74.17447,840340130017,AirNow preliminary observations
07/15/26,840340170008,Union City High School,PM2.5-24hr,UG/M3,35.5,24,New Jersey Dept. of Environmental Protection,101,2,40.770908,-74.036218,840340170008,AirNow preliminary observations
07/15/26,840340210008,Trenton,PM2.5-24hr,UG/M3,26.5,24,New Jersey Dept. of Environmental Protection,83,1,40.222421,-74.763167,840340210008,AirNow preliminary observations
07/15/26,840340292002,Toms River,PM2.5-24hr,UG/M3,23.5,24,New Jersey Dept. of Environmental Protection,78,1,39.994908,-74.170447,840340292002,AirNow preliminary observations
07/15/26,840340310005,Paterson,PM2.5-24hr,UG/M3,42.0,24,New Jersey Dept. of Environmental Protection,117,2,40.918381,-74.168092,840340310005,AirNow preliminary observations
07/15/26,840360850055,Port Richmond,PM2.5-24hr,UG/M3,37.8,24,New York Dept. of Environmental Conservation,107,2,40.63306,-74.137156,840360850055,AirNow preliminary observations
07/15/26,840371190048,Friendship Park,PM2.5-24hr,UG/M3,8.9,24,Mecklenburg County Air Quality,49,0,35.281791,-80.851473,840371190048,AirNow preliminary observations
07/15/26,840390090003,Gifford,PM2.5-24hr,UG/M3,9.7,24,Ohio EPA-DAPC,52,1,39.442165,-81.908827,840390090003,AirNow preliminary observations
07/15/26,840390170015,Ohio Bell,PM2.5-24hr,UG/M3,15.6,24,Ohio EPA-DAPC,63,1,39.49072,-84.36374,840390170015,AirNow preliminary observations
07/15/26,840390170022,BPG,PM2.5-24hr,UG/M3,14.4,24,Ohio EPA-DAPC,61,1,39.478686,-84.397112,840390170022,AirNow preliminary observations
07/15/26,84039035CICM,CLEANinCLE MMS,PM2.5-24hr,UG/M3,11.1,24,Ohio EPA-DAPC,55,1,41.44539,-81.53874,84039035CICM,AirNow preliminary observations
07/15/26,840390490041,Finland Elem,PM2.5-24hr,UG/M3,13.5,24,Ohio EPA-DAPC,59,1,39.91998,-83.04087,840390490041,AirNow preliminary observations
07/15/26,840390610014,Carthage,PM2.5-24hr,UG/M3,13.4,24,Ohio EPA-DAPC,59,1,39.194331,-84.478974,840390610014,AirNow preliminary observations
07/15/26,840390610042,Lower Price Hill,PM2.5-24hr,UG/M3,10.9,24,Ohio EPA-DAPC,54,1,39.10492,-84.55117,840390610042,AirNow preliminary observations
07/15/26,840390950026,RAPS,PM2.5-24hr,UG/M3,17.0,24,Ohio EPA-DAPC,66,1,41.62057,-83.64226,840390950026,AirNow preliminary observations
07/15/26,840390990015,Youngstown State,PM2.5-24hr,UG/M3,11.8,24,Ohio EPA-DAPC,56,1,41.106182,-80.640576,840390990015,AirNow preliminary observations
07/15/26,840391450015,East Haverhill,PM2.5-24hr,UG/M3,12.5,24,Ohio EPA-DAPC,57,1,38.59246,-82.80677,840391450015,AirNow preliminary observations
07/15/26,840391510017,Canton Fire St8,PM2.5-24hr,UG/M3,14.8,24,Ohio EPA-DAPC,62,1,40.786803,-81.394153,840391510017,AirNow preliminary observations
07/15/26,840401311169,Tulsa Near Road,PM2.5-24hr,UG/M3,12.6,24,Oklahoma Department of Environmental Quality,58,1,36.1629,-95.79683,840401311169,AirNow preliminary observations
07/15/26,840420030002,Avalon,PM2.5-24hr,UG/M3,13.8,24,Allegheny County,60,1,40.50084,-80.066488,840420030002,AirNow preliminary observations
07/15/26,840420031301,North Braddock,PM2.5-24hr,UG/M3,13.7,24,Allegheny County,60,1,40.402267,-79.860942,840420031301,AirNow preliminary observations
07/15/26,840420033007,Clairton,PM2.5-24hr,UG/M3,10.9,24,Allegheny County,54,1,40.294381,-79.885303,840420033007,AirNow preliminary observations
07/15/26,840420070008,Fort McIntosh,PM2.5-24hr,UG/M3,11.4,24,Pennsylvania Dept. of Environmental Protection,55,1,40.691857,-80.299211,840420070008,AirNow preliminary observations
07/15/26,840420510524,Uniontown,PM2.5-24hr,UG/M3,12.1,24,Pennsylvania Dept. of Environmental Protection,57,1,39.917663,-79.805499,840420510524,AirNow preliminary observations
07/15/26,840420550003,Chambersburg,PM2.5-24hr,UG/M3,12.1,24,Pennsylvania Dept. of Environmental Protection,57,1,39.94416,-77.64413,840420550003,AirNow preliminary observations
07/15/26,840420750101,Lebanon,PM2.5-24hr,UG/M3,21.8,24,Pennsylvania Dept. of Environmental Protection,75,1,40.338516,-76.394788,840420750101,AirNow preliminary observations
07/15/26,840420810419,Salladasburg,PM2.5-24hr,UG/M3,20.6,24,Pennsylvania Dept. of Environmental Protection,72,1,41.266192,-77.230933,840420810419,AirNow preliminary observations
07/15/26,840421150215,New Milford,PM2.5-24hr,UG/M3,36.9,24,Pennsylvania Dept. of Environmental Protection,104,2,41.867336,-75.686602,840421150215,AirNow preliminary observations
07/15/26,840421230004,Warren Overlook,PM2.5-24hr,UG/M3,16.9,24,Pennsylvania Dept. of Environmental Protection,66,1,41.843722,-79.172889,840421230004,AirNow preliminary observations
07/15/26,840421310010,Tunkhannock,PM2.5-24hr,UG/M3,34.0,24,Pennsylvania Dept. of Environmental Protection,97,1,41.605244,-75.95774,840421310010,AirNow preliminary observations
07/15/26,840440070026,Vernon Street,PM2.5-24hr,UG/M3,22.8,24,Rhode Island Dept. of Environmental Management,77,1,41.874683,-71.379936,840440070026,AirNow preliminary observations
07/15/26,840440070040,Near Road,PM2.5-24hr,UG/M3,24.6,24,Rhode Island Dept. of Environmental Management,80,1,41.771987,-71.427881,840440070040,AirNow preliminary observations
07/15/26,840460130004,Aberdeen,PM2.5-24hr,UG/M3,4.8,24,South Dakota Department of Agriculture and Natural Resources,27,0,45.468596,-98.494061,840460130004,AirNow preliminary observations
07/15/26,840460270001,Vermillion,PM2.5-24hr,UG/M3,5.3,24,South Dakota Department of Agriculture and Natural Resources,29,0,42.789453,-96.903867,840460270001,AirNow preliminary observations
07/15/26,840460990009,SF-USD,PM2.5-24hr,UG/M3,8.7,24,South Dakota Department of Agriculture and Natural Resources,48,0,43.59901,-96.78331,840460990009,AirNow preliminary observations
07/15/26,840470931017,Rule,PM2.5-24hr,UG/M3,5.0,24,Knox County Dept. of Air Quality Management ,28,0,35.97773,-83.9504,840470931017,AirNow preliminary observations
07/15/26,840470990003,Loretto,PM2.5-24hr,UG/M3,2.9,24,Tennessee Air Pollution Control Div.,16,0,35.116866,-87.419726,840470990003,AirNow preliminary observations
07/15/26,840471130010,Jackson,PM2.5-24hr,UG/M3,6.6,24,Tennessee Air Pollution Control Div.,37,0,35.705338,-88.81959,840471130010,AirNow preliminary observations
07/15/26,840471252001,Clarksville,PM2.5-24hr,UG/M3,5.1,24,Tennessee Air Pollution Control Div.,28,0,36.611411,-87.384666,840471252001,AirNow preliminary observations
07/15/26,840471410006,Cookeville CC,PM2.5-24hr,UG/M3,3.9,24,Tennessee Air Pollution Control Div.,22,0,36.16304,-85.52908,840471410006,AirNow preliminary observations
07/15/26,840510590031,Northern VA Near Road,PM2.5-24hr,UG/M3,11.0,24,Virginia Dept. of Environmental Quality,55,1,38.7684,-77.18347,840510590031,AirNow preliminary observations
07/15/26,840510870015,Piedmont Regional Office,PM2.5-24hr,UG/M3,10.0,24,Virginia Dept. of Environmental Quality,53,1,37.67138,-77.56777,840510870015,AirNow preliminary observations
07/15/26,840515200006,Bristol,PM2.5-24hr,UG/M3,8.3,24,Virginia Dept. of Environmental Quality,46,0,36.64249,-82.10738,840515200006,AirNow preliminary observations
07/15/26,840517600025,Richmond City Near Road,PM2.5-24hr,UG/M3,8.4,24,Virginia Dept. of Environmental Quality,47,0,37.59088,-77.46925,840517600025,AirNow preliminary observations
07/15/26,840517750011,Salem,PM2.5-24hr,UG/M3,9.6,24,Virginia Dept. of Environmental Quality,52,1,37.29788,-80.08101,840517750011,AirNow preliminary observations
07/15/26,840518100008,Tidewater Regional Office,PM2.5-24hr,UG/M3,9.5,24,Virginia Dept. of Environmental Quality,52,1,36.84188,-76.18123,840518100008,AirNow preliminary observations
07/15/26,840540090011,"MARLAND HTS, WEIRTON",PM2.5-24hr,UG/M3,12.2,24,West Virginia Division of Air Quality,57,1,40.39458,-80.61202,840540090011,AirNow preliminary observations
07/15/26,840550250047,Madison University Ave,PM2.5-24hr,UG/M3,16.7,24,Wisconsin Dept. of Natural Resources,65,1,43.07378,-89.43595,840550250047,AirNow preliminary observations
07/15/26,840550532002,Ho-Chunk Nation-Black River Falls,PM2.5-24hr,UG/M3,79.7,24,Wisconsin Dept. of Natural Resources,168,3,44.33466,-90.7868,840550532002,AirNow preliminary observations
07/15/26,840550812001,Ho-Chunk Nation-Tomah,PM2.5-24hr,UG/M3,39.4,24,Wisconsin Dept. of Natural Resources,111,2,44.02086,-90.40161,840550812001,AirNow preliminary observations
07/15/26,840TT0010001,Eastern Band of Cherokee: Old Cherokee High,PM2.5-24hr,UG/M3,5.2,24,Eastern Band of Cherokee Indians,29,0,35.498711,-83.310242,840TT0010001,AirNow preliminary observations
07/15/26,840TT3830001,WTN1,PM2.5-24hr,UG/M3,14.8,24,Winnebago Tribe of Nebraska,62,1,42.24286,-96.47593,840TT3830001,AirNow preliminary observations
07/15/26,840TT3830002,WTN2,PM2.5-24hr,UG/M3,12.4,24,Winnebago Tribe of Nebraska,57,1,42.26582,-96.53307,840TT3830002,AirNow preliminary observations
07/15/26,CC0011002,FIREHALL-LABRADORCITY2,PM2.5-24hr,UG/M3,0.8,24,Newfoundland & Labrador DEC,4,0,52.94548,-66.910245,124CC0011002,AirNow preliminary observations
07/15/26,CC0040104,FREDERICTON-NEEDHAM ST.,PM2.5-24hr,UG/M3,17.7,24,Canada-New Brunswick1,67,1,45.957344,-66.645562,124CC0040104,AirNow preliminary observations
07/15/26,CC0040203,FOREST HILLS,PM2.5-24hr,UG/M3,13.4,24,Canada-New Brunswick1,59,1,45.308778,-66.008333,124CC0040203,AirNow preliminary observations
07/15/26,CC0040207,SAINT JOHN WEST,PM2.5-24hr,UG/M3,17.3,24,Canada-New Brunswick1,66,1,45.25315,-66.079931,124CC0040207,AirNow preliminary observations
07/15/26,CC0040901,ST ANDREWS,PM2.5-24hr,UG/M3,11.8,24,Canada-New Brunswick1,56,1,45.086944,-67.073889,124CC0040901,AirNow preliminary observations
07/15/26,CC0041302,BATHURST,PM2.5-24hr,UG/M3,11.7,24,Canada-New Brunswick1,56,1,47.609528,-65.633528,124CC0041302,AirNow preliminary observations
07/15/26,CC0041501,EDMUNDSTON QUEEN ST.,PM2.5-24hr,UG/M3,14.5,24,Canada-New Brunswick1,61,1,47.363195,-68.322302,124CC0041501,AirNow preliminary observations
07/15/26,CC0050103,Saint-Jean-Baptiste,PM2.5-24hr,UG/M3,13.3,24,Canada-Quebec2,59,1,45.641026,-73.499682,124CC0050103,AirNow preliminary observations
07/15/26,CC0050126,Sainte-Anne-de-Bellevue,PM2.5-24hr,UG/M3,15.4,24,Canada-Quebec2,63,1,45.426509,-73.928944,124CC0050126,AirNow preliminary observations
07/15/26,CC0050129,Riviere-des-Prairies,PM2.5-24hr,UG/M3,12.6,24,Canada-Quebec2,58,1,45.651722,-73.573896,124CC0050129,AirNow preliminary observations
07/15/26,CC0050134,Molson,PM2.5-24hr,UG/M3,14.3,24,Canada-Quebec2,61,1,45.542767,-73.572039,124CC0050134,AirNow preliminary observations
07/15/26,CC0050135,Caserne 17,PM2.5-24hr,UG/M3,13.4,24,Canada-Quebec2,59,1,45.593325,-73.637328,124CC0050135,AirNow preliminary observations
07/15/26,CC0050136,St-Dominique,PM2.5-24hr,UG/M3,13.8,24,Canada-Quebec2,60,1,45.512189,-73.566872,124CC0050136,AirNow preliminary observations
07/15/26,CC0050138,York-Roberval,PM2.5-24hr,UG/M3,15.4,24,Canada-Quebec2,63,1,45.464611,-73.582583,124CC0050138,AirNow preliminary observations
07/15/26,TT9209004,Miami,PM2.5-24hr,UG/M3,14.8,24,Quapaw Nation,62,1,36.922222,-94.83889,840TT9209004,AirNow preliminary observations
07/16/26,000050113,Laval - Chomedey,PM2.5-24hr,UG/M3,6.2,24,Canada-Quebec1,34,0,45.5472,-73.7472,124000050113,AirNow preliminary observations
07/16/26,000050119,Longueuil,PM2.5-24hr,UG/M3,6.9,24,Canada-Quebec1,38,0,45.5231,-73.4939,124000050119,AirNow preliminary observations
07/16/26,000050122,Brossard - Parc Sorbonne,PM2.5-24hr,UG/M3,9.1,24,Canada-Quebec1,51,1,45.44866,-73.468631,124000050122,AirNow preliminary observations
07/16/26,000050137,Terrebonne - Parc Vaillant,PM2.5-24hr,UG/M3,5.2,24,Canada-Quebec1,29,0,45.70476,-73.65776,124000050137,AirNow preliminary observations
07/16/26,000050204,Gatineau - Hull,PM2.5-24hr,UG/M3,18.0,24,Canada-Quebec1,68,1,45.4369,-75.7261,124000050204,AirNow preliminary observations
07/16/26,000050308,Quebec - Vieux-Limoilou,PM2.5-24hr,UG/M3,7.9,24,Canada-Quebec1,44,0,46.8214,-71.2208,124000050308,AirNow preliminary observations
07/16/26,000050310,Quebec - College St-Charles Garnier,PM2.5-24hr,UG/M3,5.8,24,Canada-Quebec1,32,0,46.7969,-71.2461,124000050310,AirNow preliminary observations
07/16/26,000050311,Quebec - Ecole Les Primeveres,PM2.5-24hr,UG/M3,6.7,24,Canada-Quebec1,37,0,46.77417,-71.36972,124000050311,AirNow preliminary observations
07/16/26,000050504,Saguenay - UQAC,PM2.5-24hr,UG/M3,4.5,24,Canada-Quebec1,25,0,48.4153,-71.0528,124000050504,AirNow preliminary observations
07/16/26,000050604,Rouyn-Noranda - Parc Tremblay,PM2.5-24hr,UG/M3,3.9,24,Canada-Quebec1,22,0,48.2344,-78.9833,124000050604,AirNow preliminary observations
07/16/26,000050803,Trois-Rivieres - Ecole MEES,PM2.5-24hr,UG/M3,5.0,24,Canada-Quebec1,28,0,46.357175,-72.546187,124000050803,AirNow preliminary observations
07/16/26,000051201,Shawinigan - Saint-Marc,PM2.5-24hr,UG/M3,5.5,24,Canada-Quebec1,31,0,46.5544,-72.7361,124000051201,AirNow preliminary observations
07/16/26,000051501,Saint-Zephirin-de-Courval,PM2.5-24hr,UG/M3,4.8,24,Canada-Quebec1,27,0,46.0419,-72.66,124000051501,AirNow preliminary observations
07/16/26,000052001,Charette,PM2.5-24hr,UG/M3,5.5,24,Canada-Quebec1,31,0,46.4425,-72.8928,124000052001,AirNow preliminary observations
07/16/26,000052301,Saint-Faustin-Lac-Carre,PM2.5-24hr,UG/M3,5.2,24,Canada-Quebec1,29,0,46.035,-74.4819,124000052301,AirNow preliminary observations
07/16/26,000052401,Parc de la Gatineau - La Peche,PM2.5-24hr,UG/M3,15.0,24,Canada-Quebec1,62,1,45.6222,-76.0178,124000052401,AirNow preliminary observations
07/16/26,000052701,Temiscaming,PM2.5-24hr,UG/M3,8.2,24,Canada-Quebec1,46,0,46.72139,-79.0997,124000052701,AirNow preliminary observations
07/16/26,000052801,Auclair,PM2.5-24hr,UG/M3,4.3,24,Canada-Quebec1,24,0,47.73333,-68.7072,124000052801,AirNow preliminary observations
07/16/26,000053201,Res. Faun. Ashuapmushuan - Pemonka,PM2.5-24hr,UG/M3,4.6,24,Canada-Quebec1,26,0,48.8183,-72.7428,124000053201,AirNow preliminary observations
07/16/26,000053301,Deschambault,PM2.5-24hr,UG/M3,5.0,24,Canada-Quebec1,28,0,46.6822,-71.9678,124000053301,AirNow preliminary observations
07/16/26,000053801,Tingwick,PM2.5-24hr,UG/M3,5.0,24,Canada-Quebec1,28,0,45.9075,-71.9492,124000053801,AirNow preliminary observations
07/16/26,000054201,Chapais,PM2.5-24hr,UG/M3,8.0,24,Canadian Air and Precipitation Monitoring Network,44,0,49.8222,-74.9764,124000054201,AirNow preliminary observations
07/16/26,000054401,Saint-Anicet,PM2.5-24hr,UG/M3,15.7,24,Canada-Quebec1,63,1,45.1167,-74.2833,124000054401,AirNow preliminary observations
07/16/26,000054703,Becancour,PM2.5-24hr,UG/M3,4.8,24,Canada-Quebec1,27,0,46.35,-72.4333,124000054703,AirNow preliminary observations
07/16/26,000054901,La Patrie - Ditton,PM2.5-24hr,UG/M3,5.0,24,Canada-Quebec1,28,0,45.3733,-71.2514,124000054901,AirNow preliminary observations
07/16/26,000055001,Mont-Saint-Michel,PM2.5-24hr,UG/M3,4.2,24,Canada-Quebec1,23,0,46.7686,-75.4319,124000055001,AirNow preliminary observations
07/16/26,000055101,Senneterre,PM2.5-24hr,UG/M3,4.0,24,Canada-Quebec1,22,0,48.4325,-77.1997,124000055101,AirNow preliminary observations
07/16/26,000055301,Saint-Jean-sur-Richelieu - L'Acadie,PM2.5-24hr,UG/M3,9.1,24,Canada-Quebec1,51,1,45.29417,-73.3489,124000055301,AirNow preliminary observations
07/16/26,000055401,Trois-Rivieres - Cap-de-la-Madelaine,PM2.5-24hr,UG/M3,4.8,24,Canada-Quebec1,27,0,46.362425,-72.510042,124000055401,AirNow preliminary observations
07/16/26,000055702,Levis - Parc Georges Maranda,PM2.5-24hr,UG/M3,4.5,24,Canada-Quebec1,25,0,46.80238,-71.16834,124000055702,AirNow preliminary observations
07/16/26,000060104,Ottawa Downtown,PM2.5-24hr,UG/M3,19.5,24,Ontario Ministry of the Environment,70,1,45.434333,-75.67599,124000060104,AirNow preliminary observations
07/16/26,000060204,Windsor Downtown,PM2.5-24hr,UG/M3,311.4,24,Ontario Ministry of the Environment,472,5,42.315778,-83.043667,124000060204,AirNow preliminary observations
07/16/26,000060211,Windsor West,PM2.5-24hr,UG/M3,333.6,24,Ontario Ministry of the Environment,516,5,42.292886,-83.073139,124000060211,AirNow preliminary observations
07/16/26,000060304,Kingston,PM2.5-24hr,UG/M3,66.0,24,Ontario Ministry of the Environment,158,3,44.219953,-76.521143,124000060304,AirNow preliminary observations
07/16/26,000060410,Toronto East,PM2.5-24hr,UG/M3,134.9,24,Ontario Ministry of the Environment,210,4,43.747917,-79.274056,124000060410,AirNow preliminary observations
07/16/26,000060515,Hamilton West,PM2.5-24hr,UG/M3,185.3,24,Ontario Ministry of the Environment,260,4,43.257444,-79.90775,124000060515,AirNow preliminary observations
07/16/26,000060610,Sudbury,PM2.5-24hr,UG/M3,37.7,24,Ontario Ministry of the Environment,106,2,46.492002,-81.003099,124000060610,AirNow preliminary observations
07/16/26,000060709,Sault Ste Marie,PM2.5-24hr,UG/M3,290.0,24,Ontario Ministry of the Environment,429,5,46.533194,-84.309917,124000060709,AirNow preliminary observations
07/16/26,000060904,London,PM2.5-24hr,UG/M3,277.0,24,Ontario Ministry of the Environment,404,5,42.974485,-81.200813,124000060904,AirNow preliminary observations
07/16/26,000061009,Sarnia,PM2.5-24hr,UG/M3,319.8,24,Ontario Ministry of the Environment,489,5,42.990263,-82.395341,124000061009,AirNow preliminary observations
07/16/26,000061104,Peterborough,PM2.5-24hr,UG/M3,110.9,24,Ontario Ministry of the Environment,190,3,44.301848,-78.346384,124000061104,AirNow preliminary observations
07/16/26,000061201,Cornwall,PM2.5-24hr,UG/M3,19.0,24,Ontario Ministry of the Environment,69,1,45.017976,-74.735339,124000061201,AirNow preliminary observations
07/16/26,000061302,St. Catharines,PM2.5-24hr,UG/M3,109.5,24,Ontario Ministry of the Environment,189,3,43.160056,-79.23475,124000061302,AirNow preliminary observations
07/16/26,000061402,Brantford,PM2.5-24hr,UG/M3,198.7,24,Ontario Ministry of the Environment,274,4,43.138611,-80.292639,124000061402,AirNow preliminary observations
07/16/26,000061502,Kitchener,PM2.5-24hr,UG/M3,207.5,24,Ontario Ministry of the Environment,282,4,43.443833,-80.503806,124000061502,AirNow preliminary observations
07/16/26,000061802,Guelph,PM2.5-24hr,UG/M3,187.7,24,Ontario Ministry of the Environment,263,4,43.551611,-80.264167,124000061802,AirNow preliminary observations
07/16/26,000062001,North Bay,PM2.5-24hr,UG/M3,55.0,24,Ontario Ministry of the Environment,149,2,46.32255,-79.449444,124000062001,AirNow preliminary observations
07/16/26,000062501,Tiverton,PM2.5-24hr,UG/M3,283.7,24,Ontario Ministry of the Environment,417,5,44.314472,-81.549722,124000062501,AirNow preliminary observations
07/16/26,000063001,Burlington,PM2.5-24hr,UG/M3,165.8,24,Ontario Ministry of the Environment,241,4,43.314603,-79.80277,124000063001,AirNow preliminary observations
07/16/26,000063301,Dorset,PM2.5-24hr,UG/M3,75.5,24,Ontario Ministry of the Environment,165,3,45.224278,-78.932944,124000063301,AirNow preliminary observations
07/16/26,000063701,Grand Bend,PM2.5-24hr,UG/M3,282.2,24,Ontario Ministry of the Environment,414,5,43.333083,-81.742889,124000063701,AirNow preliminary observations
07/16/26,000064401,Egbert,PM2.5-24hr,UG/M3,116.6,24,Canadian Air and Precipitation Monitoring Network,194,3,44.2325,-79.7814,124000064401,AirNow preliminary observations
07/16/26,000065001,Barrie,PM2.5-24hr,UG/M3,129.4,24,Ontario Ministry of the Environment,205,4,44.382338,-79.702446,124000065001,AirNow preliminary observations
07/16/26,000065201,Parry Sound,PM2.5-24hr,UG/M3,93.1,24,Ontario Ministry of the Environment,177,3,45.338261,-80.039269,124000065201,AirNow preliminary observations
07/16/26,000065301,Port Stanley,PM2.5-24hr,UG/M3,269.6,24,Ontario Ministry of the Environment,389,5,42.672127,-81.162948,124000065301,AirNow preliminary observations
07/16/26,000065401,Belleville,PM2.5-24hr,UG/M3,109.6,24,Ontario Ministry of the Environment,189,3,44.150528,-77.3955,124000065401,AirNow preliminary observations
07/16/26,000065801,Chatham,PM2.5-24hr,UG/M3,248.5,24,Ontario Ministry of the Environment,347,5,42.403964,-82.208306,124000065801,AirNow preliminary observations
07/16/26,000066101,Bonner Lake,PM2.5-24hr,UG/M3,3.0,24,Canadian Air and Precipitation Monitoring Network,17,0,49.3864,-82.1214,124000066101,AirNow preliminary observations
07/16/26,050350005,MARION,PM2.5-24hr,UG/M3,9.7,24,Arkansas Department of Environmental Quality,52,1,35.197156,-90.193178,840050350005,AirNow preliminary observations
07/16/26,051430005,SPRNGDLE,PM2.5-24hr,UG/M3,11.3,24,Arkansas Department of Environmental Quality,55,1,36.179705,-94.11663,840051430005,AirNow preliminary observations
07/16/26,090010010,Bridgeport,PM2.5-24hr,UG/M3,68.8,24,Connecticut Dept. of Energy and Environmental Protection,160,3,41.171398,-73.195297,840090010010,AirNow preliminary observations
07/16/26,090011123,Danbury,PM2.5-24hr,UG/M3,69.5,24,Connecticut Dept. of Energy and Environmental Protection,161,3,41.4014,-73.4447,840090011123,AirNow preliminary observations
07/16/26,090030025,Hartford,PM2.5-24hr,UG/M3,51.1,24,Connecticut Dept. of Energy and Environmental Protection,139,2,41.771444,-72.679923,840090030025,AirNow preliminary observations
07/16/26,090031003,East Hartford,PM2.5-24hr,UG/M3,45.3,24,Connecticut Dept. of Energy and Environmental Protection,125,2,41.7847,-72.6297,840090031003,AirNow preliminary observations
07/16/26,090050005,Cornwall,PM2.5-24hr,UG/M3,52.6,24,Connecticut Dept. of Energy and Environmental Protection,143,2,41.833099,-73.303299,840090050005,AirNow preliminary observations
07/16/26,090090027,New Haven,PM2.5-24hr,UG/M3,58.9,24,Connecticut Dept. of Energy and Environmental Protection,153,3,41.301288,-72.902685,840090090027,AirNow preliminary observations
07/16/26,090092123,Waterbury,PM2.5-24hr,UG/M3,64.9,24,Connecticut Dept. of Energy and Environmental Protection,158,3,41.5503,-73.0442,840090092123,AirNow preliminary observations
07/16/26,090110124,Groton,PM2.5-24hr,UG/M3,54.2,24,Connecticut Dept. of Energy and Environmental Protection,147,2,41.3536,-72.0789,840090110124,AirNow preliminary observations
07/16/26,100010002,KILLENS,PM2.5-24hr,UG/M3,58.5,24,Delaware Dept. of Natural Resources and Environment,153,3,38.986672,-75.5568,840100010002,AirNow preliminary observations
07/16/26,100031003,RIVER ROAD PARK; BELLEFONTE,PM2.5-24hr,UG/M3,101.0,24,Delaware Dept. of Natural Resources and Environment,183,3,39.7611,-75.4919,840100031003,AirNow preliminary observations
07/16/26,100031007,LUMS 2,PM2.5-24hr,UG/M3,69.4,24,Delaware Dept. of Natural Resources and Environment,161,3,39.5513,-75.732,840100031007,AirNow preliminary observations
07/16/26,100031008,Rte 9 Del. City,PM2.5-24hr,UG/M3,82.6,24,Delaware Dept. of Natural Resources and Environment,170,3,39.57768,-75.6036,840100031008,AirNow preliminary observations
07/16/26,100032004,MLK,PM2.5-24hr,UG/M3,84.0,24,Delaware Dept. of Natural Resources and Environment,171,3,39.739444,-75.558056,840100032004,AirNow preliminary observations
07/16/26,100051002,SEAFORD,PM2.5-24hr,UG/M3,35.0,24,Delaware Dept. of Natural Resources and Environment,99,1,38.6539,-75.6106,840100051002,AirNow preliminary observations
07/16/26,110010041,RIVER_Terrace,PM2.5-24hr,UG/M3,20.3,24,District of Columbia - Department of Energy and Environment,72,1,38.895683,-76.958089,840110010041,AirNow preliminary observations
07/16/26,110010043,McMillan Reservoir,PM2.5-24hr,UG/M3,24.4,24,District of Columbia - Department of Energy and Environment,80,1,38.921848,-77.013176,840110010043,AirNow preliminary observations
07/16/26,110010051,DCNearRoad,PM2.5-24hr,UG/M3,22.7,24,District of Columbia - Department of Energy and Environment,76,1,38.894749,-76.953427,840110010051,AirNow preliminary observations
07/16/26,124000050314,Quebec - Charlesbourg,PM2.5-24hr,UG/M3,5.3,24,Canada-Quebec1,29,0,46.8615,-71.2572,124000050314,AirNow preliminary observations
07/16/26,124000050405,Sherbrooke - Parc Sylvie-Daigle,PM2.5-24hr,UG/M3,5.6,24,Canada-Quebec1,31,0,45.41436,-71.88269,124000050405,AirNow preliminary observations
07/16/26,124000050702,Sept-Iles,PM2.5-24hr,UG/M3,2.2,24,Canada-Quebec1,12,0,50.21627,-66.3852,124000050702,AirNow preliminary observations
07/16/26,124000050902,Saguenay - Parc Powell,PM2.5-24hr,UG/M3,4.7,24,Canada-Quebec1,26,0,48.43417,-71.185,124000050902,AirNow preliminary observations
07/16/26,124000051111,Drummondville - Stade Jacques-Desautels,PM2.5-24hr,UG/M3,5.5,24,Canada-Quebec1,31,0,45.8713,-72.50318,124000051111,AirNow preliminary observations
07/16/26,124000051801,St-Joseph-de-Sorel - Ecole Martel,PM2.5-24hr,UG/M3,14.8,24,Canada-Quebec1,62,1,46.045,-73.12972,124000051801,AirNow preliminary observations
07/16/26,124000053703,Saint-Georges,PM2.5-24hr,UG/M3,5.1,24,Canada-Quebec1,28,0,46.12219,-70.65206,124000053703,AirNow preliminary observations
07/16/26,124000055801,Granby - Parc Poitevin,PM2.5-24hr,UG/M3,7.8,24,Canada-Quebec1,43,0,45.41864,-72.73067,124000055801,AirNow preliminary observations
07/16/26,124000056001,Radisson,PM2.5-24hr,UG/M3,2.7,24,Canada-Quebec1,15,0,53.69218,-77.74102,124000056001,AirNow preliminary observations
07/16/26,124000060430,Toronto West,PM2.5-24hr,UG/M3,136.2,24,Ontario Ministry of the Environment,212,4,43.709444,-79.5435,124000060430,AirNow preliminary observations
07/16/26,124000060434,Misssissauga,PM2.5-24hr,UG/M3,143.2,24,Ontario Ministry of the Environment,219,4,43.546174,-79.658797,124000060434,AirNow preliminary observations
07/16/26,124000060440,Toronto North,PM2.5-24hr,UG/M3,133.6,24,Ontario Ministry of the Environment,209,4,43.78047,-79.467372,124000060440,AirNow preliminary observations
07/16/26,124000060445,Toronto Downtown,PM2.5-24hr,UG/M3,141.9,24,Ontario Ministry of the Environment,217,4,43.645451,-79.3891,124000060445,AirNow preliminary observations
07/16/26,124000060450,Brampton,PM2.5-24hr,UG/M3,158.0,24,Ontario Ministry of the Environment,233,4,43.669911,-79.766589,124000060450,AirNow preliminary observations
07/16/26,124000060521,Hamilton Mountain,PM2.5-24hr,UG/M3,174.6,24,Ontario Ministry of the Environment,250,4,43.24132,-79.889328,124000060521,AirNow preliminary observations
07/16/26,124000061603,Oakville,PM2.5-24hr,UG/M3,162.9,24,Ontario Ministry of the Environment,238,4,43.486917,-79.702278,124000061603,AirNow preliminary observations
07/16/26,124000065101,Newmarket,PM2.5-24hr,UG/M3,146.4,24,Ontario Ministry of the Environment,222,4,44.044306,-79.48325,124000065101,AirNow preliminary observations
07/16/26,124000067001,Milton,PM2.5-24hr,UG/M3,185.4,24,Ontario Ministry of the Environment,260,4,43.52965,-79.862449,124000067001,AirNow preliminary observations
07/16/26,124CC0041601,Miramichi,PM2.5-24hr,UG/M3,5.6,24,Canada-New Brunswick1,31,0,47.02567,-65.52049,124CC0041601,AirNow preliminary observations
07/16/26,170191001,BONDVILLE,PM2.5-24hr,UG/M3,8.8,24,Illinois EPA,49,0,40.052241,-88.372549,840170191001,AirNow preliminary observations
07/16/26,170310001,ALSIP,PM2.5-24hr,UG/M3,221.2,24,Illinois EPA,296,4,41.6708,-87.7325,840170310001,AirNow preliminary observations
07/16/26,170310022,CHI_WASH,PM2.5-24hr,UG/M3,249.8,24,Illinois EPA,349,5,41.6878,-87.5389,840170310022,AirNow preliminary observations
07/16/26,170310057,CHI_SP,PM2.5-24hr,UG/M3,275.1,24,Illinois EPA,400,5,41.9136,-87.7239,840170310057,AirNow preliminary observations
07/16/26,170310076,CHI_COM,PM2.5-24hr,UG/M3,223.6,24,Illinois EPA,298,4,41.7547,-87.7136,840170310076,AirNow preliminary observations
07/16/26,170313103,SCHILPRK,PM2.5-24hr,UG/M3,259.6,24,Illinois EPA,369,5,41.965,-87.8761,840170313103,AirNow preliminary observations
07/16/26,170314007,DESPLNS,PM2.5-24hr,UG/M3,261.6,24,Illinois EPA,373,5,42.0603,-87.8631,840170314007,AirNow preliminary observations
07/16/26,170314201,NORTHBRK,PM2.5-24hr,UG/M3,330.9,24,Illinois EPA,511,5,42.1406,-87.7994,840170314201,AirNow preliminary observations
07/16/26,170316005,Cicero Liberty,PM2.5-24hr,UG/M3,242.7,24,Illinois EPA,335,5,41.864329,-87.748826,840170316005,AirNow preliminary observations
07/16/26,170434002,Naperville,PM2.5-24hr,UG/M3,209.4,24,Illinois EPA,284,4,41.7714,-88.1522,840170434002,AirNow preliminary observations
07/16/26,170650002,KNIGHT_P,PM2.5-24hr,UG/M3,7.5,24,Illinois EPA,42,0,38.088902,-88.625,840170650002,AirNow preliminary observations
07/16/26,170830117,JERSEYVL,PM2.5-24hr,UG/M3,7.6,24,Illinois EPA,42,0,39.101439,-90.344494,840170830117,AirNow preliminary observations
07/16/26,171110001,CARY,PM2.5-24hr,UG/M3,257.9,24,Illinois EPA,366,5,42.2211,-88.2411,840171110001,AirNow preliminary observations
07/16/26,171132003,NORMAL,PM2.5-24hr,UG/M3,9.7,24,Illinois EPA,52,1,40.5169,-88.9975,840171132003,AirNow preliminary observations
07/16/26,171150013,DECATUR,PM2.5-24hr,UG/M3,15.9,24,Illinois EPA,64,1,39.8669,-88.9256,840171150013,AirNow preliminary observations
07/16/26,171191007,Granite City Fire Station,PM2.5-24hr,UG/M3,9.2,24,Illinois EPA,51,1,38.7045,-90.1397,840171191007,AirNow preliminary observations
07/16/26,171193007,Wood_River,PM2.5-24hr,UG/M3,9.8,24,Illinois EPA,52,1,38.8606,-90.1058,840171193007,AirNow preliminary observations
07/16/26,171430037,PEORIA_J,PM2.5-24hr,UG/M3,14.0,24,Illinois EPA,60,1,40.6978,-89.5889,840171430037,AirNow preliminary observations
07/16/26,171570001,HOUSTON,PM2.5-24hr,UG/M3,4.9,24,Illinois EPA,27,0,38.1761,-89.7883,840171570001,AirNow preliminary observations
07/16/26,171613002,ROCK_IS,PM2.5-24hr,UG/M3,12.2,24,Illinois EPA,57,1,41.5144,-90.5172,840171613002,AirNow preliminary observations
07/16/26,171630010,East St. Louis,PM2.5-24hr,UG/M3,7.7,24,Illinois EPA,43,0,38.611893,-90.160614,840171630010,AirNow preliminary observations
07/16/26,171670012,Springfield Ag,PM2.5-24hr,UG/M3,13.0,24,Illinois EPA,58,1,39.831921,-89.644164,840171670012,AirNow preliminary observations
07/16/26,171971002,Joliet,PM2.5-24hr,UG/M3,102.8,24,Illinois EPA,184,3,41.526885,-88.116474,840171971002,AirNow preliminary observations
07/16/26,171971011,BRAIDWD,PM2.5-24hr,UG/M3,56.3,24,Illinois EPA,152,3,41.2222,-88.1906,840171971011,AirNow preliminary observations
07/16/26,180050008,Columbus - Rocky Ford Rd,PM2.5-24hr,UG/M3,6.7,24,Indiana Dept. of Environmental Management,37,0,39.237457,-85.891332,840180050008,AirNow preliminary observations
07/16/26,180390008,Elkhart-Prairie St.,PM2.5-24hr,UG/M3,98.9,24,Indiana Dept. of Environmental Management,181,3,41.657155,-85.968446,840180390008,AirNow preliminary observations
07/16/26,180550001,Plummer,PM2.5-24hr,UG/M3,4.6,24,Indiana Dept. of Environmental Management,26,0,38.985556,-86.99,840180550001,AirNow preliminary observations
07/16/26,180570007,Fishers,PM2.5-24hr,UG/M3,14.9,24,Indiana Dept. of Environmental Management,62,1,39.960884,-85.939546,840180570007,AirNow preliminary observations
07/16/26,180650003,Mechanicsburg,PM2.5-24hr,UG/M3,19.5,24,Indiana Dept. of Environmental Management,70,1,40.009544,-85.52347,840180650003,AirNow preliminary observations
07/16/26,180670004,Kokomo - E. Vaile Ave.,PM2.5-24hr,UG/M3,19.0,24,Indiana Dept. of Environmental Management,69,1,40.481347,-86.109688,840180670004,AirNow preliminary observations
07/16/26,180890022,Gary-IITRI,PM2.5-24hr,UG/M3,169.7,24,Indiana Dept. of Environmental Management,245,4,41.606563,-87.305015,840180890022,AirNow preliminary observations
07/16/26,180890036,Hammond-167th St,PM2.5-24hr,UG/M3,197.9,24,Indiana Dept. of Environmental Management,273,4,41.594427,-87.495044,840180890036,AirNow preliminary observations
07/16/26,180950011,Anderson-Eastside Elem. Sch,PM2.5-24hr,UG/M3,19.3,24,Indiana Dept. of Environmental Management,70,1,40.12569,-85.652127,840180950011,AirNow preliminary observations
07/16/26,180970078,Indpls-Washington Park,PM2.5-24hr,UG/M3,12.6,24,Indiana Dept. of Environmental Management,58,1,39.810833,-86.114444,840180970078,AirNow preliminary observations
07/16/26,180970081,Indpls-W.18th St,PM2.5-24hr,UG/M3,12.3,24,Indiana Dept. of Environmental Management,57,1,39.788889,-86.214722,840180970081,AirNow preliminary observations
07/16/26,180970087,Indpls - I-70 E,PM2.5-24hr,UG/M3,17.0,24,Indiana Dept. of Environmental Management,66,1,39.787933,-86.13088,840180970087,AirNow preliminary observations
07/16/26,181050003,Bloomington - Binford,PM2.5-24hr,UG/M3,6.6,24,Indiana Dept. of Environmental Management,37,0,39.159372,-86.504747,840181050003,AirNow preliminary observations
07/16/26,181270024,Ogden Dunes,PM2.5-24hr,UG/M3,190.1,24,Indiana Dept. of Environmental Management,265,4,41.617814,-87.199533,840181270024,AirNow preliminary observations
07/16/26,181410015,South Bend-Shields Dr,PM2.5-24hr,UG/M3,106.8,24,Indiana Dept. of Environmental Management,187,3,41.696667,-86.214722,840181410015,AirNow preliminary observations
07/16/26,181570008,Lafayette-Greenbush St,PM2.5-24hr,UG/M3,11.4,24,Indiana Dept. of Environmental Management,55,1,40.431667,-86.8525,840181570008,AirNow preliminary observations
07/16/26,181630021,Evansville-Buena Vista,PM2.5-24hr,UG/M3,6.0,24,Indiana Dept. of Environmental Management,34,0,38.01325,-87.577923,840181630021,AirNow preliminary observations
07/16/26,181670018,Terre Haute-Lafayette Ave,PM2.5-24hr,UG/M3,14.2,24,Indiana Dept. of Environmental Management,61,1,39.485987,-87.401312,840181670018,AirNow preliminary observations
07/16/26,181830003,Larwill,PM2.5-24hr,UG/M3,74.6,24,Indiana Dept. of Environmental Management,164,3,41.169722,-85.629444,840181830003,AirNow preliminary observations
07/16/26,190130009,"Waterloo, Water Tower",PM2.5-24hr,UG/M3,10.4,24,Iowa DNR,53,1,42.5014,-92.315804,840190130009,AirNow preliminary observations
07/16/26,190450019,"Clinton, Chancy Park",PM2.5-24hr,UG/M3,10.2,24,Iowa DNR,53,1,41.823101,-90.211899,840190450019,AirNow preliminary observations
07/16/26,191032001,"Iowa City, Hoover School",PM2.5-24hr,UG/M3,10.7,24,Iowa DNR,54,1,41.658195,-91.503471,840191032001,AirNow preliminary observations
07/16/26,191130040,PUBLIC HEALTH,PM2.5-24hr,UG/M3,10.2,24,Linn Co. Public Health ,53,1,41.9767,-91.6878,840191130040,AirNow preliminary observations
07/16/26,191370002,Viking Lake State Park,PM2.5-24hr,UG/M3,9.2,24,Iowa DNR,51,1,40.970001,-95.044998,840191370002,AirNow preliminary observations
07/16/26,191390019,"Muscatine, High School East Campus",PM2.5-24hr,UG/M3,7.2,24,Iowa DNR,40,0,41.4014,-91.0684,840191390019,AirNow preliminary observations
07/16/26,191471002,"Emmetsburg, ILCC",PM2.5-24hr,UG/M3,8.2,24,Iowa DNR,46,0,43.123299,-94.693298,840191471002,AirNow preliminary observations
07/16/26,191530030,CARPENTER,PM2.5-24hr,UG/M3,12.8,24,Polk Co. Air Quality Division,58,1,41.6031,-93.643303,840191530030,AirNow preliminary observations
07/16/26,191630015,"Davenport, 10th & Vine",PM2.5-24hr,UG/M3,10.3,24,Iowa DNR,53,1,41.529999,-90.587502,840191630015,AirNow preliminary observations
07/16/26,191770006,Lake Sugema,PM2.5-24hr,UG/M3,10.4,24,Iowa DNR,53,1,40.693298,-92.006104,840191770006,AirNow preliminary observations
07/16/26,200910010,Heritage Park,PM2.5-24hr,UG/M3,9.5,24,Kansas Dept. of Health and Environment,52,1,38.8386,-94.7464,840200910010,AirNow preliminary observations
07/16/26,201330003,Chanute,PM2.5-24hr,UG/M3,8.1,24,Kansas Dept. of Health and Environment,45,0,37.67696,-95.47594,840201330003,AirNow preliminary observations
07/16/26,201730010,WHlthDpt,PM2.5-24hr,UG/M3,11.0,24,Kansas Dept. of Health and Environment,55,1,37.7011,-97.3139,840201730010,AirNow preliminary observations
07/16/26,201770013,KNI-Topeka,PM2.5-24hr,UG/M3,9.9,24,Kansas Dept. of Health and Environment,52,1,39.0242,-95.7114,840201770013,AirNow preliminary observations
07/16/26,201910002,PECK,PM2.5-24hr,UG/M3,10.8,24,Kansas Dept. of Health and Environment,54,1,37.4769,-97.3664,840201910002,AirNow preliminary observations
07/16/26,201950001,Cedar Bluff,PM2.5-24hr,UG/M3,9.3,24,Kansas Dept. of Health and Environment,51,1,38.7703,-99.7636,840201950001,AirNow preliminary observations
07/16/26,202090021,WY/KC,PM2.5-24hr,UG/M3,11.6,24,Kansas Dept. of Health and Environment,56,1,39.1175,-94.6356,840202090021,AirNow preliminary observations
07/16/26,210130002,MIDAIR,PM2.5-24hr,UG/M3,7.8,24,Kentucky DEP,43,0,36.6081,-83.7369,840210130002,AirNow preliminary observations
07/16/26,210190017,FIVCO,PM2.5-24hr,UG/M3,10.6,24,Kentucky DEP,54,1,38.4592,-82.6339,840210190017,AirNow preliminary observations
07/16/26,210373002,NKU,PM2.5-24hr,UG/M3,10.7,24,Kentucky DEP,54,1,39.0217,-84.4744,840210373002,AirNow preliminary observations
07/16/26,210430500,GRAYSON,PM2.5-24hr,UG/M3,11.5,24,Kentucky DEP,55,1,38.2383,-82.9883,840210430500,AirNow preliminary observations
07/16/26,210670012,NEWTWN,PM2.5-24hr,UG/M3,5.8,24,Kentucky DEP,32,0,38.065,-84.5,840210670012,AirNow preliminary observations
07/16/26,211110051,WATSON,PM2.5-24hr,UG/M3,6.7,24,Louisville Metro Air Pollution Control District ,37,0,38.0608,-85.8961,840211110051,AirNow preliminary observations
07/16/26,211110067,Cannons Lane,PM2.5-24hr,UG/M3,5.7,24,Louisville Metro Air Pollution Control District ,32,0,38.2286,-85.6544,840211110067,AirNow preliminary observations
07/16/26,211110075,Near Road,PM2.5-24hr,UG/M3,6.1,24,Louisville Metro Air Pollution Control District ,34,0,38.1935,-85.7121,840211110075,AirNow preliminary observations
07/16/26,211110080,Carrithers Middle School,PM2.5-24hr,UG/M3,5.6,24,Louisville Metro Air Pollution Control District ,31,0,38.1825,-85.5744,840211110080,AirNow preliminary observations
07/16/26,211111041,Algonquin Parkway,PM2.5-24hr,UG/M3,6.0,24,Louisville Metro Air Pollution Control District ,33,0,38.23158,-85.82675,840211111041,AirNow preliminary observations
07/16/26,211130001,NICHVILL,PM2.5-24hr,UG/M3,4.6,24,Kentucky DEP,26,0,37.8933,-84.5892,840211130001,AirNow preliminary observations
07/16/26,211930003,HAZ2,PM2.5-24hr,UG/M3,6.1,24,Kentucky DEP,34,0,37.2831,-83.2203,840211930003,AirNow preliminary observations
07/16/26,211950002,PIKE2001,PM2.5-24hr,UG/M3,7.0,24,Kentucky DEP,39,0,37.4828,-82.5353,840211950002,AirNow preliminary observations
07/16/26,211990003,SOMERST,PM2.5-24hr,UG/M3,6.7,24,Kentucky DEP,37,0,37.097801,-84.611702,840211990003,AirNow preliminary observations
07/16/26,212270009,Smiths Grove,PM2.5-24hr,UG/M3,4.4,24,Kentucky DEP,24,0,37.04926,-86.21487,840212270009,AirNow preliminary observations
07/16/26,230010011,Lewiston,PM2.5-24hr,UG/M3,6.3,24,Maine Dept. of Environmental Protection,35,0,44.089355,-70.214134,840230010011,AirNow preliminary observations
07/16/26,230030014,Madawaska PSB,PM2.5-24hr,UG/M3,5.7,24,Maine Dept. of Environmental Protection,32,0,47.3553,-68.3211,840230030014,AirNow preliminary observations
07/16/26,230031011,Presque Isle Riverside,PM2.5-24hr,UG/M3,4.9,24,Maine Dept. of Environmental Protection,27,0,46.682299,-68.016195,840230031011,AirNow preliminary observations
07/16/26,230090103,Acadia NP - McFarland,PM2.5-24hr,UG/M3,5.7,24,Maine Dept. of Environmental Protection,32,0,44.377048,-68.260902,840230090103,AirNow preliminary observations
07/16/26,230190017,Bangor MSS,PM2.5-24hr,UG/M3,4.9,24,Maine Dept. of Environmental Protection,27,0,44.817398,-68.772762,840230190017,AirNow preliminary observations
07/16/26,240051007,Padonia,PM2.5-24hr,UG/M3,34.7,24,Maryland Department of the Environment,99,1,39.462002,-76.631599,840240051007,AirNow preliminary observations
07/16/26,240150003,Fair Hill,PM2.5-24hr,UG/M3,63.3,24,Maryland Department of the Environment,156,3,39.701099,-75.860001,840240150003,AirNow preliminary observations
07/16/26,240190004,Horn Point,PM2.5-24hr,UG/M3,25.1,24,Maryland Department of the Environment,81,1,38.5876,-76.1408,840240190004,AirNow preliminary observations
07/16/26,240230002,Piney Run,PM2.5-24hr,UG/M3,44.5,24,Maryland Department of the Environment,123,2,39.705799,-79.011902,840240230002,AirNow preliminary observations
07/16/26,240251001,Edgewood,PM2.5-24hr,UG/M3,42.5,24,Maryland Department of the Environment,118,2,39.41,-76.2967,840240251001,AirNow preliminary observations
07/16/26,240270006,Howard County Near Road,PM2.5-24hr,UG/M3,22.9,24,Maryland Department of the Environment,77,1,39.143197,-76.846192,840240270006,AirNow preliminary observations
07/16/26,240290002,Millington,PM2.5-24hr,UG/M3,48.5,24,Maryland Department of the Environment,133,2,39.305199,-75.797203,840240290002,AirNow preliminary observations
07/16/26,240313001,Rockville,PM2.5-24hr,UG/M3,19.7,24,Maryland Department of the Environment,71,1,39.114399,-77.106903,840240313001,AirNow preliminary observations
07/16/26,240330030,HU-Beltsville,PM2.5-24hr,UG/M3,24.7,24,Maryland Department of the Environment,80,1,39.055302,-76.878304,840240330030,AirNow preliminary observations
07/16/26,240430009,Hagerstown,PM2.5-24hr,UG/M3,45.9,24,Maryland Department of the Environment,127,2,39.565601,-77.721901,840240430009,AirNow preliminary observations
07/16/26,250036001,North Adams,PM2.5-24hr,UG/M3,33.7,24,Massachusetts Dept. of Environmental Protection,97,1,42.702223,-73.110414,840250036001,AirNow preliminary observations
07/16/26,250051004,Fall River,PM2.5-24hr,UG/M3,26.8,24,Massachusetts Dept. of Environmental Protection,84,1,41.6833,-71.169701,840250051004,AirNow preliminary observations
07/16/26,250092006,Lynn,PM2.5-24hr,UG/M3,17.2,24,Massachusetts Dept. of Environmental Protection,66,1,42.474701,-70.971901,840250092006,AirNow preliminary observations
07/16/26,250112005,Greenfield,PM2.5-24hr,UG/M3,31.3,24,Massachusetts Dept. of Environmental Protection,92,1,42.605816,-72.596689,840250112005,AirNow preliminary observations
07/16/26,250130008,Chicopee,PM2.5-24hr,UG/M3,28.4,24,Massachusetts Dept. of Environmental Protection,87,1,42.194401,-72.555603,840250130008,AirNow preliminary observations
07/16/26,250130018,Springfield,PM2.5-24hr,UG/M3,33.8,24,Massachusetts Dept. of Environmental Protection,97,1,42.120248,-72.58499,840250130018,AirNow preliminary observations
07/16/26,250230005,Brockton,PM2.5-24hr,UG/M3,22.6,24,Massachusetts Dept. of Environmental Protection,76,1,42.065119,-71.012686,840250230005,AirNow preliminary observations
07/16/26,250250002,Boston - Kenmore Sq,PM2.5-24hr,UG/M3,20.2,24,Massachusetts Dept. of Environmental Protection,72,1,42.3489,-71.097702,840250250002,AirNow preliminary observations
07/16/26,250250042,Boston - Roxbury,PM2.5-24hr,UG/M3,18.1,24,Massachusetts Dept. of Environmental Protection,68,1,42.329399,-71.082497,840250250042,AirNow preliminary observations
07/16/26,250250044,Boston - Von Hillern St,PM2.5-24hr,UG/M3,19.5,24,Massachusetts Dept. of Environmental Protection,70,1,42.325197,-71.056056,840250250044,AirNow preliminary observations
07/16/26,250270023,Worcester - Summer St,PM2.5-24hr,UG/M3,23.1,24,Massachusetts Dept. of Environmental Protection,77,1,42.263901,-71.794701,840250270023,AirNow preliminary observations
07/16/26,250270024,Uxbridge,PM2.5-24hr,UG/M3,21.6,24,Massachusetts Dept. of Environmental Protection,74,1,42.0997,-71.62,840250270024,AirNow preliminary observations
07/16/26,260050003,Holland,PM2.5-24hr,UG/M3,217.6,24,"Michigan Department of Environment, Great Lakes, and Energy",292,4,42.767799,-86.148598,840260050003,AirNow preliminary observations
07/16/26,260170014,Bay City,PM2.5-24hr,UG/M3,272.0,24,"Michigan Department of Environment, Great Lakes, and Energy",394,5,43.5714,-83.8908,840260170014,AirNow preliminary observations
07/16/26,260650018,Lansing,PM2.5-24hr,UG/M3,279.0,24,"Michigan Department of Environment, Great Lakes, and Energy",408,5,42.76138,-84.562867,840260650018,AirNow preliminary observations
07/16/26,260770008,Kalamazoo,PM2.5-24hr,UG/M3,212.2,24,"Michigan Department of Environment, Great Lakes, and Energy",287,4,42.2781,-85.5419,840260770008,AirNow preliminary observations
07/16/26,260810020,Grand Rapids - Monroe,PM2.5-24hr,UG/M3,316.5,24,"Michigan Department of Environment, Great Lakes, and Energy",482,5,42.984699,-85.671097,840260810020,AirNow preliminary observations
07/16/26,260910007,Tecumseh,PM2.5-24hr,UG/M3,209.1,24,"Michigan Department of Environment, Great Lakes, and Energy",284,4,41.995602,-83.946701,840260910007,AirNow preliminary observations
07/16/26,260990009,New Haven,PM2.5-24hr,UG/M3,285.0,24,"Michigan Department of Environment, Great Lakes, and Energy",420,5,42.7314,-82.7936,840260990009,AirNow preliminary observations
07/16/26,261010922,Little River Band-Manistee,PM2.5-24hr,UG/M3,319.2,24,"Michigan Department of Environment, Great Lakes, and Energy",488,5,44.3069,-86.2428,840261010922,AirNow preliminary observations
07/16/26,261130001,Houghton Lake,PM2.5-24hr,UG/M3,212.1,24,"Michigan Department of Environment, Great Lakes, and Energy",287,4,44.3106,-84.891899,840261130001,AirNow preliminary observations
07/16/26,261250001,Oak Park,PM2.5-24hr,UG/M3,295.7,24,"Michigan Department of Environment, Great Lakes, and Energy",441,5,42.4631,-83.183296,840261250001,AirNow preliminary observations
07/16/26,261390005,Jenison,PM2.5-24hr,UG/M3,283.7,24,"Michigan Department of Environment, Great Lakes, and Energy",417,5,42.894402,-85.852798,840261390005,AirNow preliminary observations
07/16/26,261470005,Port Huron,PM2.5-24hr,UG/M3,295.5,24,"Michigan Department of Environment, Great Lakes, and Energy",440,5,42.9533,-82.4564,840261470005,AirNow preliminary observations
07/16/26,261530001,Seney,PM2.5-24hr,UG/M3,274.7,24,"Michigan Department of Environment, Great Lakes, and Energy",399,5,46.2889,-85.9503,840261530001,AirNow preliminary observations
07/16/26,261610008,Ypsilanti,PM2.5-24hr,UG/M3,287.6,24,"Michigan Department of Environment, Great Lakes, and Energy",425,5,42.24,-83.5997,840261610008,AirNow preliminary observations
07/16/26,261630001,Allen Park,PM2.5-24hr,UG/M3,291.8,24,"Michigan Department of Environment, Great Lakes, and Energy",433,5,42.2283,-83.2092,840261630001,AirNow preliminary observations
07/16/26,261630015,Detroit-Southwest,PM2.5-24hr,UG/M3,320.6,24,"Michigan Department of Environment, Great Lakes, and Energy",490,5,42.3042,-83.1072,840261630015,AirNow preliminary observations
07/16/26,261630019,Detroit-E7 Mile,PM2.5-24hr,UG/M3,270.3,24,"Michigan Department of Environment, Great Lakes, and Energy",390,5,42.430801,-83.000801,840261630019,AirNow preliminary observations
07/16/26,261630033,Dearborn,PM2.5-24hr,UG/M3,300.9,24,"Michigan Department of Environment, Great Lakes, and Energy",451,5,42.3075,-83.15,840261630033,AirNow preliminary observations
07/16/26,261630093,Eliza Howell - Near Roadway,PM2.5-24hr,UG/M3,221.6,24,"Michigan Department of Environment, Great Lakes, and Energy",296,4,42.38599,-83.266319,840261630093,AirNow preliminary observations
07/16/26,261630097,Detroit-NMH48217,PM2.5-24hr,UG/M3,309.9,24,"Michigan Department of Environment, Great Lakes, and Energy",469,5,42.261669,-83.157893,840261630097,AirNow preliminary observations
07/16/26,261630098,Detroit-DP4th,PM2.5-24hr,UG/M3,308.6,24,"Michigan Department of Environment, Great Lakes, and Energy",467,5,42.312158,-83.091943,840261630098,AirNow preliminary observations
07/16/26,261630099,Detroit-Trinity,PM2.5-24hr,UG/M3,305.2,24,"Michigan Department of Environment, Great Lakes, and Energy",460,5,42.295824,-83.129431,840261630099,AirNow preliminary observations
07/16/26,261630100,Detroit-Military Park,PM2.5-24hr,UG/M3,290.6,24,"Michigan Department of Environment, Great Lakes, and Energy",431,5,42.312078,-83.103469,840261630100,AirNow preliminary observations
07/16/26,270031002,Blaine,PM2.5-24hr,UG/M3,175.6,24,Minnesota Pollution Control Agency,251,4,45.1425,-93.2139,840270031002,AirNow preliminary observations
07/16/26,270052013,Detroit Lakes,PM2.5-24hr,UG/M3,98.2,24,Minnesota Pollution Control Agency,181,3,46.8511,-95.8467,840270052013,AirNow preliminary observations
07/16/26,270072304,Red Lake Nation Hospital,PM2.5-24hr,UG/M3,238.8,24,Minnesota Pollution Control Agency,327,5,47.878159,-95.029172,840270072304,AirNow preliminary observations
07/16/26,270177417,Fond du Lac,PM2.5-24hr,UG/M3,371.7,24,Minnesota Pollution Control Agency,592,5,46.713694,-92.511722,840270177417,AirNow preliminary observations
07/16/26,270213410,Leech Lake Nation: Cass Lake,PM2.5-24hr,UG/M3,200.3,24,Minnesota Pollution Control Agency,275,4,47.38443,-94.60166,840270213410,AirNow preliminary observations
07/16/26,270317810,Grand Portage,PM2.5-24hr,UG/M3,368.1,24,Minnesota Pollution Control Agency,585,5,47.9721,-89.6908,840270317810,AirNow preliminary observations
07/16/26,270353204,Brainerd,PM2.5-24hr,UG/M3,216.7,24,Minnesota Pollution Control Agency,291,4,46.3944,-94.1433,840270353204,AirNow preliminary observations
07/16/26,270370470,Apple Valley,PM2.5-24hr,UG/M3,157.4,24,Minnesota Pollution Control Agency,233,4,44.7383,-93.2372,840270370470,AirNow preliminary observations
07/16/26,270370480,Lakeville - Near Road,PM2.5-24hr,UG/M3,128.6,24,Minnesota Pollution Control Agency,204,4,44.706123,-93.285803,840270370480,AirNow preliminary observations
07/16/26,270530909,Minneapolis - Lowry Ave,PM2.5-24hr,UG/M3,152.2,24,Minnesota Pollution Control Agency,227,4,45.012102,-93.276699,840270530909,AirNow preliminary observations
07/16/26,270530910,Minneapolis - Pacific St,PM2.5-24hr,UG/M3,156.2,24,Minnesota Pollution Control Agency,231,4,45.008297,-93.277041,840270530910,AirNow preliminary observations
07/16/26,270530962,Minneapolis - Near Road,PM2.5-24hr,UG/M3,133.4,24,Minnesota Pollution Control Agency,209,4,44.9653,-93.2551,840270530962,AirNow preliminary observations
07/16/26,270531904,Minneapolis - East Phillips Community,PM2.5-24hr,UG/M3,143.5,24,Minnesota Pollution Control Agency,219,4,44.95208,-93.24428,840270531904,AirNow preliminary observations
07/16/26,270750005,Ely,PM2.5-24hr,UG/M3,439.6,24,Minnesota Pollution Control Agency,727,5,47.9464,-91.4953,840270750005,AirNow preliminary observations
07/16/26,270834210,Marshall,PM2.5-24hr,UG/M3,10.7,24,Minnesota Pollution Control Agency,54,1,44.4572,-95.835,840270834210,AirNow preliminary observations
07/16/26,271095008,Rochester,PM2.5-24hr,UG/M3,24.7,24,Minnesota Pollution Control Agency,80,1,43.9947,-92.4497,840271095008,AirNow preliminary observations
07/16/26,271230871,St. Paul-Harding H.S.,PM2.5-24hr,UG/M3,142.3,24,Minnesota Pollution Control Agency,218,4,44.9594,-93.0356,840271230871,AirNow preliminary observations
07/16/26,271377001,Virginia,PM2.5-24hr,UG/M3,373.5,24,Minnesota Pollution Control Agency,596,5,47.5212,-92.5393,840271377001,AirNow preliminary observations
07/16/26,271377550,Duluth-WDSE,PM2.5-24hr,UG/M3,472.2,24,Minnesota Pollution Control Agency,792,5,46.8183,-92.0892,840271377550,AirNow preliminary observations
07/16/26,271377554,West Duluth,PM2.5-24hr,UG/M3,543.3,24,Minnesota Pollution Control Agency,934,5,46.743889,-92.166946,840271377554,AirNow preliminary observations
07/16/26,271390505,Shakopee,PM2.5-24hr,UG/M3,131.4,24,Minnesota Pollution Control Agency,207,4,44.789398,-93.512497,840271390505,AirNow preliminary observations
07/16/26,271453052,St. Cloud,PM2.5-24hr,UG/M3,127.1,24,Minnesota Pollution Control Agency,203,4,45.55,-94.1333,840271453052,AirNow preliminary observations
07/16/26,271713201,St. Michael,PM2.5-24hr,UG/M3,125.6,24,Minnesota Pollution Control Agency,201,4,45.2108,-93.6686,840271713201,AirNow preliminary observations
07/16/26,290210005,St. Joseph,PM2.5-24hr,UG/M3,15.5,24,Missouri Department of Natural Resources,63,1,39.741667,-94.858333,840290210005,AirNow preliminary observations
07/16/26,290370003,RG_South,PM2.5-24hr,UG/M3,6.1,24,Missouri Department of Natural Resources,34,0,38.75961,-94.57983,840290370003,AirNow preliminary observations
07/16/26,290390001,El Do Springs,PM2.5-24hr,UG/M3,4.3,24,Missouri Department of Natural Resources,24,0,37.70097,-94.03474,840290390001,AirNow preliminary observations
07/16/26,290470005,Liberty,PM2.5-24hr,UG/M3,7.8,24,Missouri Department of Natural Resources,43,0,39.303056,-94.376389,840290470005,AirNow preliminary observations
07/16/26,290770036,Hillcrest HS,PM2.5-24hr,UG/M3,3.4,24,Missouri Department of Natural Resources,19,0,37.256069,-93.299692,840290770036,AirNow preliminary observations
07/16/26,290950034,Troost,PM2.5-24hr,UG/M3,11.3,24,Missouri Department of Natural Resources,55,1,39.10465,-94.57055,840290950034,AirNow preliminary observations
07/16/26,290990019,Arnold West,PM2.5-24hr,UG/M3,6.8,24,Missouri Department of Natural Resources,38,0,38.448581,-90.398436,840290990019,AirNow preliminary observations
07/16/26,291893001,Ladue,PM2.5-24hr,UG/M3,7.7,24,Missouri Department of Natural Resources,43,0,38.650259,-90.350463,840291893001,AirNow preliminary observations
07/16/26,295100007,South Broadway,PM2.5-24hr,UG/M3,8.3,24,Missouri Department of Natural Resources,46,0,38.5425,-90.263611,840295100007,AirNow preliminary observations
07/16/26,295100085,Blair Street,PM2.5-24hr,UG/M3,10.2,24,Missouri Department of Natural Resources,53,1,38.656449,-90.198548,840295100085,AirNow preliminary observations
07/16/26,295100093,Branch Street,PM2.5-24hr,UG/M3,10.7,24,Missouri Department of Natural Resources,54,1,38.65643,-90.18977,840295100093,AirNow preliminary observations
07/16/26,295100094,Forest Park,PM2.5-24hr,UG/M3,8.2,24,Missouri Department of Natural Resources,46,0,38.631057,-90.281144,840295100094,AirNow preliminary observations
07/16/26,310550019,NCORE,PM2.5-24hr,UG/M3,9.9,24,Douglas County Health Department (Omaha),52,1,41.2474,-95.9731,840310550019,AirNow preliminary observations
07/16/26,311090022,LLCHD BAM,PM2.5-24hr,UG/M3,10.1,24,Lincoln-Lancaster County Health Department,53,1,40.812558,-96.675733,840311090022,AirNow preliminary observations
07/16/26,311530007,2912 Coffey,PM2.5-24hr,UG/M3,6.5,24,Douglas County Health Department (Omaha),36,0,41.133317,-95.956078,840311530007,AirNow preliminary observations
07/16/26,330050007,Keene,PM2.5-24hr,UG/M3,20.6,24,New Hampshire Dept. of Environmental Services,72,1,42.930521,-72.272332,840330050007,AirNow preliminary observations
07/16/26,330090010,Lebanon,PM2.5-24hr,UG/M3,15.0,24,New Hampshire Dept. of Environmental Services,62,1,43.629605,-72.309499,840330090010,AirNow preliminary observations
07/16/26,330115001,Miller State Park,PM2.5-24hr,UG/M3,21.6,24,New Hampshire Dept. of Environmental Services,74,1,42.86183,-71.878626,840330115001,AirNow preliminary observations
07/16/26,330150014,Portsmouth,PM2.5-24hr,UG/M3,12.6,24,New Hampshire Dept. of Environmental Services,58,1,43.075371,-70.748017,840330150014,AirNow preliminary observations
07/16/26,330150018,Londonderry - Moose Hill,PM2.5-24hr,UG/M3,14.8,24,New Hampshire Dept. of Environmental Services,62,1,42.862531,-71.38014,840330150018,AirNow preliminary observations
07/16/26,340010006,Brigantine,PM2.5-24hr,UG/M3,51.0,24,New Jersey Dept. of Environmental Protection,139,2,39.46487,-74.448738,840340010006,AirNow preliminary observations
07/16/26,340030010,Fort Lee Near Road,PM2.5-24hr,UG/M3,62.7,24,New Jersey Dept. of Environmental Protection,156,3,40.85355,-73.9661,840340030010,AirNow preliminary observations
07/16/26,340070010,South Camden,PM2.5-24hr,UG/M3,81.5,24,New Jersey Dept. of Environmental Protection,169,3,39.923969,-75.122314,840340070010,AirNow preliminary observations
07/16/26,340110007,Millville,PM2.5-24hr,UG/M3,39.8,24,New Jersey Dept. of Environmental Protection,112,2,39.422272,-75.0252,840340110007,AirNow preliminary observations
07/16/26,340150002,Clarksboro,PM2.5-24hr,UG/M3,68.9,24,New Jersey Dept. of Environmental Protection,160,3,39.800339,-75.21212,840340150002,AirNow preliminary observations
07/16/26,340171003,Jersey City FH,PM2.5-24hr,UG/M3,69.1,24,New Jersey Dept. of Environmental Protection,161,3,40.725452,-74.052292,840340171003,AirNow preliminary observations
07/16/26,340190001,Flemington,PM2.5-24hr,UG/M3,99.1,24,New Jersey Dept. of Environmental Protection,182,3,40.515251,-74.806755,840340190001,AirNow preliminary observations
07/16/26,340210005,Rider University,PM2.5-24hr,UG/M3,88.1,24,New Jersey Dept. of Environmental Protection,174,3,40.283092,-74.742645,840340210005,AirNow preliminary observations
07/16/26,340230011,Rutgers University,PM2.5-24hr,UG/M3,78.8,24,New Jersey Dept. of Environmental Protection,167,3,40.462181,-74.429436,840340230011,AirNow preliminary observations
07/16/26,340273001,Chester,PM2.5-24hr,UG/M3,84.3,24,New Jersey Dept. of Environmental Protection,171,3,40.787628,-74.6763,840340273001,AirNow preliminary observations
07/16/26,340390004,Elizabeth Trailer,PM2.5-24hr,UG/M3,76.7,24,New Jersey Dept. of Environmental Protection,166,3,40.641441,-74.208366,840340390004,AirNow preliminary observations
07/16/26,340392003,Rahway PM,PM2.5-24hr,UG/M3,83.5,24,New Jersey Dept. of Environmental Protection,171,3,40.603943,-74.276176,840340392003,AirNow preliminary observations
07/16/26,340410007,Columbia,PM2.5-24hr,UG/M3,85.6,24,New Jersey Dept. of Environmental Protection,172,3,40.924606,-75.067825,840340410007,AirNow preliminary observations
07/16/26,360010005,Albany,PM2.5-24hr,UG/M3,42.6,24,New York Dept. of Environmental Conservation,118,2,42.6425,-73.7547,840360010005,AirNow preliminary observations
07/16/26,360050110,Bronx - IS52,PM2.5-24hr,UG/M3,83.3,24,New York Dept. of Environmental Conservation,170,3,40.816101,-73.902199,840360050110,AirNow preliminary observations
07/16/26,360050112,Bronx - IS74,PM2.5-24hr,UG/M3,86.9,24,New York Dept. of Environmental Conservation,173,3,40.814701,-73.886703,840360050112,AirNow preliminary observations
07/16/26,360290005,Buffalo,PM2.5-24hr,UG/M3,131.0,24,New York Dept. of Environmental Conservation,206,4,42.8781,-78.8094,840360290005,AirNow preliminary observations
07/16/26,360310003,Whiteface Mtn,PM2.5-24hr,UG/M3,18.9,24,New York Dept. of Environmental Conservation,69,1,44.39308,-73.8589,840360310003,AirNow preliminary observations
07/16/26,360470052,Bklyn - PS 314,PM2.5-24hr,UG/M3,92.7,24,New York Dept. of Environmental Conservation,177,3,40.641819,-74.018707,840360470052,AirNow preliminary observations
07/16/26,360470118,Bklyn - PS274,PM2.5-24hr,UG/M3,91.1,24,New York Dept. of Environmental Conservation,176,3,40.694401,-73.928596,840360470118,AirNow preliminary observations
07/16/26,360550015,Rochester Near-road,PM2.5-24hr,UG/M3,103.4,24,New York Dept. of Environmental Conservation,185,3,43.145021,-77.557608,840360550015,AirNow preliminary observations
07/16/26,360551007,Rochester,PM2.5-24hr,UG/M3,86.6,24,New York Dept. of Environmental Conservation,173,3,43.1461,-77.5481,840360551007,AirNow preliminary observations
07/16/26,360610115,Manhattan/IS143,PM2.5-24hr,UG/M3,72.9,24,New York Dept. of Environmental Conservation,163,3,40.8492,-73.9319,840360610115,AirNow preliminary observations
07/16/26,360610135,CCNY,PM2.5-24hr,UG/M3,90.0,24,New York Dept. of Environmental Conservation,175,3,40.8197,-73.9481,840360610135,AirNow preliminary observations
07/16/26,360671015,E Syracuse,PM2.5-24hr,UG/M3,78.9,24,New York Dept. of Environmental Conservation,167,3,43.0528,-76.0597,840360671015,AirNow preliminary observations
07/16/26,360710002,Newburgh,PM2.5-24hr,UG/M3,36.0,24,New York Dept. of Environmental Conservation,102,2,41.4994,-74.0097,840360710002,AirNow preliminary observations
07/16/26,360810120,Maspeth,PM2.5-24hr,UG/M3,71.5,24,New York Dept. of Environmental Conservation,162,3,40.7269,-73.8933,840360810120,AirNow preliminary observations
07/16/26,360810124,Queens,PM2.5-24hr,UG/M3,92.3,24,New York Dept. of Environmental Conservation,177,3,40.7375,-73.8244,840360810124,AirNow preliminary observations
07/16/26,360810125,Queens Near-road,PM2.5-24hr,UG/M3,84.3,24,New York Dept. of Environmental Conservation,171,3,40.739264,-73.817694,840360810125,AirNow preliminary observations
07/16/26,360850111,Fresh Kills,PM2.5-24hr,UG/M3,109.8,24,New York Dept. of Environmental Conservation,189,3,40.5802,-74.1994,840360850111,AirNow preliminary observations
07/16/26,360870005,Rockland Cty,PM2.5-24hr,UG/M3,53.6,24,New York Dept. of Environmental Conservation,146,2,41.182079,-74.028191,840360870005,AirNow preliminary observations
07/16/26,361010003,Pinnacle State Park,PM2.5-24hr,UG/M3,91.5,24,New York Dept. of Environmental Conservation,176,3,42.0972,-77.2103,840361010003,AirNow preliminary observations
07/16/26,361030009,Holtsville,PM2.5-24hr,UG/M3,68.6,24,New York Dept. of Environmental Conservation,160,3,40.8278,-73.0575,840361030009,AirNow preliminary observations
07/16/26,361192004,White Plains,PM2.5-24hr,UG/M3,54.5,24,New York Dept. of Environmental Conservation,148,2,41.0522,-73.7642,840361192004,AirNow preliminary observations
07/16/26,370210034,BDED,PM2.5-24hr,UG/M3,6.5,24,North Carolina DEQ - Division of Air Quality,36,0,35.60662,-82.582551,840370210034,AirNow preliminary observations
07/16/26,370350004,HICKORY,PM2.5-24hr,UG/M3,7.7,24,North Carolina DEQ - Division of Air Quality,43,0,35.728889,-81.365556,840370350004,AirNow preliminary observations
07/16/26,370570002,LWATTOWR,PM2.5-24hr,UG/M3,11.7,24,North Carolina DEQ - Division of Air Quality,56,1,35.8145,-80.2627,840370570002,AirNow preliminary observations
07/16/26,370630015,Durham Armory,PM2.5-24hr,UG/M3,9.3,24,North Carolina DEQ - Division of Air Quality,51,1,36.032955,-78.904037,840370630015,AirNow preliminary observations
07/16/26,370630099,Burdens Creek,PM2.5-24hr,UG/M3,15.3,24,EPA Office of State Air Partnerships,63,1,35.889402,-78.8747,840370630099,AirNow preliminary observations
07/16/26,370650099,LEGGETT,PM2.5-24hr,UG/M3,14.6,24,North Carolina DEQ - Division of Air Quality,61,1,35.988278,-77.5843,840370650099,AirNow preliminary observations
07/16/26,370670022,Hattie Avenue,PM2.5-24hr,UG/M3,15.6,24,Forsyth County Office of Environmental Assistance and Protection,63,1,36.110927,-80.224435,840370670022,AirNow preliminary observations
07/16/26,370670030,Clemmons Middle,PM2.5-24hr,UG/M3,12.0,24,Forsyth County Office of Environmental Assistance and Protection,56,1,36.025979,-80.342254,840370670030,AirNow preliminary observations
07/16/26,370810013,MENDNHAL,PM2.5-24hr,UG/M3,13.2,24,North Carolina DEQ - Division of Air Quality,59,1,36.109006,-79.802314,840370810013,AirNow preliminary observations
07/16/26,371010002,JOHNSTON,PM2.5-24hr,UG/M3,12.9,24,North Carolina DEQ - Division of Air Quality,58,1,35.59095,-78.4622,840371010002,AirNow preliminary observations
07/16/26,371190041,Garinger,PM2.5-24hr,UG/M3,9.7,24,Mecklenburg County Air Quality,52,1,35.2411,-80.7831,840371190041,AirNow preliminary observations
07/16/26,371190045,Remount,PM2.5-24hr,UG/M3,10.8,24,Mecklenburg County Air Quality,54,1,35.213171,-80.874084,840371190045,AirNow preliminary observations
07/16/26,371210004,Spruce Pine,PM2.5-24hr,UG/M3,5.9,24,North Carolina DEQ - Division of Air Quality,33,0,35.912487,-82.062082,840371210004,AirNow preliminary observations
07/16/26,371230001,Candor FRO,PM2.5-24hr,UG/M3,12.3,24,North Carolina DEQ - Division of Air Quality,57,1,35.263165,-79.836636,840371230001,AirNow preliminary observations
07/16/26,371310003,Northampton,PM2.5-24hr,UG/M3,12.9,24,North Carolina DEQ - Division of Air Quality,58,1,36.511708,-77.655389,840371310003,AirNow preliminary observations
07/16/26,371470006,PITTAGCT,PM2.5-24hr,UG/M3,11.2,24,North Carolina DEQ - Division of Air Quality,55,1,35.641276,-77.360126,840371470006,AirNow preliminary observations
07/16/26,371590021,ROCKWELL,PM2.5-24hr,UG/M3,11.4,24,North Carolina DEQ - Division of Air Quality,55,1,35.551868,-80.395039,840371590021,AirNow preliminary observations
07/16/26,371730002,BRYSON,PM2.5-24hr,UG/M3,4.9,24,North Carolina DEQ - Division of Air Quality,27,0,35.434767,-83.442133,840371730002,AirNow preliminary observations
07/16/26,371830014,Millbrook NCore,PM2.5-24hr,UG/M3,12.0,24,North Carolina DEQ - Division of Air Quality,56,1,35.856111,-78.574167,840371830014,AirNow preliminary observations
07/16/26,371830021,Triple Oak - Near Road,PM2.5-24hr,UG/M3,14.8,24,North Carolina DEQ - Division of Air Quality,62,1,35.8652,-78.8197,840371830021,AirNow preliminary observations
07/16/26,380171004,Fargo NW,PM2.5-24hr,UG/M3,101.3,24,North Dakota Department of Environmental Quality,183,3,46.933601,-96.854698,840380171004,AirNow preliminary observations
07/16/26,390030009,Lima,PM2.5-24hr,UG/M3,65.8,24,Ohio EPA-DAPC,158,3,40.771,-84.0539,840390030009,AirNow preliminary observations
07/16/26,390230005,Springfield Fire St1,PM2.5-24hr,UG/M3,24.2,24,Ohio EPA-DAPC,79,1,39.92882,-83.80949,840390230005,AirNow preliminary observations
07/16/26,390350034,District 6,PM2.5-24hr,UG/M3,181.9,24,Ohio EPA-DAPC,257,4,41.55523,-81.575256,840390350034,AirNow preliminary observations
07/16/26,390350038,St Theodosius,PM2.5-24hr,UG/M3,204.9,24,Ohio EPA-DAPC,280,4,41.477011,-81.682383,840390350038,AirNow preliminary observations
07/16/26,390350045,Cleveland Fire St13,PM2.5-24hr,UG/M3,222.1,24,Ohio EPA-DAPC,297,4,41.471782,-81.656792,840390350045,AirNow preliminary observations
07/16/26,390350060,GT Craig NCore PAMS,PM2.5-24hr,UG/M3,206.8,24,Ohio EPA-DAPC,282,4,41.492191,-81.678552,840390350060,AirNow preliminary observations
07/16/26,390350065,Harvard Yards,PM2.5-24hr,UG/M3,219.0,24,Ohio EPA-DAPC,294,4,41.446682,-81.662419,840390350065,AirNow preliminary observations
07/16/26,390350073,Cleveland Near Road,PM2.5-24hr,UG/M3,201.2,24,Ohio EPA-DAPC,276,4,41.4409,-81.4949,840390350073,AirNow preliminary observations
07/16/26,390490029,New Albany,PM2.5-24hr,UG/M3,46.8,24,Ohio EPA-DAPC,129,2,40.0845,-82.81552,840390490029,AirNow preliminary observations
07/16/26,390490034,Fairgrounds,PM2.5-24hr,UG/M3,38.5,24,Ohio EPA-DAPC,108,2,40.002734,-82.994404,840390490034,AirNow preliminary observations
07/16/26,390490038,Smoky Row Near Road,PM2.5-24hr,UG/M3,41.9,24,Ohio EPA-DAPC,117,2,40.11109,-83.065376,840390490038,AirNow preliminary observations
07/16/26,390490081,Maple Canyon,PM2.5-24hr,UG/M3,57.7,24,Ohio EPA-DAPC,153,3,40.087807,-82.959585,840390490081,AirNow preliminary observations
07/16/26,390610006,Sycamore,PM2.5-24hr,UG/M3,12.6,24,Ohio EPA-DAPC,58,1,39.2787,-84.36612,840390610006,AirNow preliminary observations
07/16/26,390610010,Colerain,PM2.5-24hr,UG/M3,8.6,24,Ohio EPA-DAPC,48,0,39.21494,-84.69086,840390610010,AirNow preliminary observations
07/16/26,390610040,Taft NCore PAMS,PM2.5-24hr,UG/M3,14.7,24,Ohio EPA-DAPC,61,1,39.12886,-84.50404,840390610040,AirNow preliminary observations
07/16/26,390610048,Cincinnati Near Road,PM2.5-24hr,UG/M3,14.0,24,Ohio EPA-DAPC,60,1,39.146025,-84.538375,840390610048,AirNow preliminary observations
07/16/26,390810017,Steubenville,PM2.5-24hr,UG/M3,117.1,24,Ohio EPA-DAPC,194,3,40.366452,-80.615691,840390810017,AirNow preliminary observations
07/16/26,390850007,Painesville,PM2.5-24hr,UG/M3,103.7,24,Ohio EPA-DAPC,185,3,41.726811,-81.242156,840390850007,AirNow preliminary observations
07/16/26,390870012,ODOT Ironton,PM2.5-24hr,UG/M3,13.2,24,Ohio EPA-DAPC,59,1,38.508114,-82.659301,840390870012,AirNow preliminary observations
07/16/26,390950024,Erie,PM2.5-24hr,UG/M3,347.8,24,Ohio EPA-DAPC,545,5,41.644067,-83.54625,840390950024,AirNow preliminary observations
07/16/26,390951003,Eastside Pump St,PM2.5-24hr,UG/M3,387.8,24,Ohio EPA-DAPC,624,5,41.7194,-83.475,840390951003,AirNow preliminary observations
07/16/26,391030004,Chippewa,PM2.5-24hr,UG/M3,199.3,24,Ohio EPA-DAPC,274,4,41.0604,-81.9239,840391030004,AirNow preliminary observations
07/16/26,391130038,Sinclair,PM2.5-24hr,UG/M3,14.8,24,Ohio EPA-DAPC,62,1,39.758235,-84.197375,840391130038,AirNow preliminary observations
07/16/26,391351001,Preble NCore,PM2.5-24hr,UG/M3,13.4,24,Ohio EPA-DAPC,59,1,39.83562,-84.72049,840391351001,AirNow preliminary observations
07/16/26,391450013,Portsmouth Water Treatment Plant,PM2.5-24hr,UG/M3,16.1,24,Ohio EPA-DAPC,64,1,38.754595,-82.917,840391450013,AirNow preliminary observations
07/16/26,391510020,Canton,PM2.5-24hr,UG/M3,157.5,24,Ohio EPA-DAPC,233,4,40.800717,-81.373,840391510020,AirNow preliminary observations
07/16/26,391530017,East HS,PM2.5-24hr,UG/M3,148.4,24,Ohio EPA-DAPC,224,4,41.063526,-81.468956,840391530017,AirNow preliminary observations
07/16/26,391550014,Laird Eng Bldg,PM2.5-24hr,UG/M3,154.7,24,Ohio EPA-DAPC,230,4,41.23172,-80.80116,840391550014,AirNow preliminary observations
07/16/26,391650007,Lebanon,PM2.5-24hr,UG/M3,12.1,24,Ohio EPA-DAPC,57,1,39.42689,-84.20077,840391650007,AirNow preliminary observations
07/16/26,400270049,Moore,PM2.5-24hr,UG/M3,11.2,24,Oklahoma Department of Environmental Quality,55,1,35.32,-97.4883,840400270049,AirNow preliminary observations
07/16/26,400430860,Seiling,PM2.5-24hr,UG/M3,6.5,24,Oklahoma Department of Environmental Quality,37,0,36.1589,-98.9353,840400430860,AirNow preliminary observations
07/16/26,400710604,Ponca City,PM2.5-24hr,UG/M3,11.1,24,Oklahoma Department of Environmental Quality,55,1,36.697189,-97.081278,840400710604,AirNow preliminary observations
07/16/26,401090097,Near Road OKC,PM2.5-24hr,UG/M3,11.4,24,Oklahoma Department of Environmental Quality,55,1,35.502968,-97.577674,840401090097,AirNow preliminary observations
07/16/26,401091037,North OKC,PM2.5-24hr,UG/M3,9.0,24,Oklahoma Department of Environmental Quality,50,0,35.614131,-97.475083,840401091037,AirNow preliminary observations
07/16/26,401430174,Glenpool,PM2.5-24hr,UG/M3,10.0,24,Oklahoma Department of Environmental Quality,53,1,35.9525,-96.0033,840401430174,AirNow preliminary observations
07/16/26,401431127,Tulsa,PM2.5-24hr,UG/M3,10.0,24,Oklahoma Department of Environmental Quality,53,1,36.206699,-95.976402,840401431127,AirNow preliminary observations
07/16/26,420010001,Arendtsville,PM2.5-24hr,UG/M3,63.6,24,Pennsylvania Dept. of Environmental Protection,157,3,39.9233,-77.3081,840420010001,AirNow preliminary observations
07/16/26,420030008,Lawrenceville,PM2.5-24hr,UG/M3,116.1,24,Allegheny County,193,3,40.4656,-79.9611,840420030008,AirNow preliminary observations
07/16/26,420030064,Liberty (SAHS),PM2.5-24hr,UG/M3,108.5,24,Allegheny County,188,3,40.323761,-79.868151,840420030064,AirNow preliminary observations
07/16/26,420030067,South Fayette,PM2.5-24hr,UG/M3,91.3,24,Allegheny County,176,3,40.381901,-80.1856,840420030067,AirNow preliminary observations
07/16/26,420031008,Harrison Township,PM2.5-24hr,UG/M3,128.6,24,Allegheny County,204,4,40.617488,-79.727664,840420031008,AirNow preliminary observations
07/16/26,420031376,Parkway East (Near Road),PM2.5-24hr,UG/M3,111.2,24,Allegheny County,190,3,40.437431,-79.863572,840420031376,AirNow preliminary observations
07/16/26,420050001,Kittanning,PM2.5-24hr,UG/M3,158.1,24,Pennsylvania Dept. of Environmental Protection,233,4,40.8142,-79.565,840420050001,AirNow preliminary observations
07/16/26,420070014,Beaver Falls,PM2.5-24hr,UG/M3,132.2,24,Pennsylvania Dept. of Environmental Protection,208,4,40.747799,-80.316704,840420070014,AirNow preliminary observations
07/16/26,420110011,Reading Airport,PM2.5-24hr,UG/M3,110.3,24,Pennsylvania Dept. of Environmental Protection,189,3,40.3833,-75.9686,840420110011,AirNow preliminary observations
07/16/26,420130801,Altoona,PM2.5-24hr,UG/M3,108.2,24,Pennsylvania Dept. of Environmental Protection,188,3,40.515,-78.3889,840420130801,AirNow preliminary observations
07/16/26,420150011,Towanda,PM2.5-24hr,UG/M3,110.2,24,Pennsylvania Dept. of Environmental Protection,189,3,41.705226,-76.512726,840420150011,AirNow preliminary observations
07/16/26,420210011,Johnstown,PM2.5-24hr,UG/M3,112.3,24,Pennsylvania Dept. of Environmental Protection,191,3,40.3097,-78.9158,840420210011,AirNow preliminary observations
07/16/26,420270100,State College,PM2.5-24hr,UG/M3,139.6,24,Pennsylvania Dept. of Environmental Protection,215,4,40.8114,-77.8769,840420270100,AirNow preliminary observations
07/16/26,420290100,New Garden,PM2.5-24hr,UG/M3,86.6,24,Pennsylvania Dept. of Environmental Protection,173,3,39.8344,-75.7678,840420290100,AirNow preliminary observations
07/16/26,420334000,Moshannon,PM2.5-24hr,UG/M3,158.8,24,Pennsylvania Dept. of Environmental Protection,234,4,41.1175,-78.5261,840420334000,AirNow preliminary observations
07/16/26,420410101,Carlisle,PM2.5-24hr,UG/M3,110.7,24,Pennsylvania Dept. of Environmental Protection,190,3,40.2464,-77.1867,840420410101,AirNow preliminary observations
07/16/26,420430401,Harrisburg,PM2.5-24hr,UG/M3,107.3,24,Pennsylvania Dept. of Environmental Protection,187,3,40.246992,-76.846988,840420430401,AirNow preliminary observations
07/16/26,420450002,Chester,PM2.5-24hr,UG/M3,116.8,24,Pennsylvania Dept. of Environmental Protection,194,3,39.8356,-75.3725,840420450002,AirNow preliminary observations
07/16/26,420450109,Marcus Hook,PM2.5-24hr,UG/M3,87.3,24,Pennsylvania Dept. of Environmental Protection,173,3,39.818715,-75.413973,840420450109,AirNow preliminary observations
07/16/26,420490003,Erie,PM2.5-24hr,UG/M3,139.5,24,Pennsylvania Dept. of Environmental Protection,215,4,42.1428,-80.0372,840420490003,AirNow preliminary observations
07/16/26,420590002,Holbrook,PM2.5-24hr,UG/M3,19.4,24,Pennsylvania Dept. of Environmental Protection,70,1,39.82,-80.2897,840420590002,AirNow preliminary observations
07/16/26,420630004,Strongstown,PM2.5-24hr,UG/M3,125.3,24,Pennsylvania Dept. of Environmental Protection,200,3,40.5633,-78.92,840420630004,AirNow preliminary observations
07/16/26,420692006,Scranton,PM2.5-24hr,UG/M3,80.4,24,Pennsylvania Dept. of Environmental Protection,168,3,41.4428,-75.6231,840420692006,AirNow preliminary observations
07/16/26,420710007,Lancaster,PM2.5-24hr,UG/M3,86.8,24,Pennsylvania Dept. of Environmental Protection,173,3,40.0467,-76.2833,840420710007,AirNow preliminary observations
07/16/26,420710012,Lancaster DW,PM2.5-24hr,UG/M3,92.2,24,Pennsylvania Dept. of Environmental Protection,177,3,40.0439,-76.1125,840420710012,AirNow preliminary observations
07/16/26,420850100,Farrell,PM2.5-24hr,UG/M3,128.7,24,Pennsylvania Dept. of Environmental Protection,204,4,41.215,-80.485,840420850100,AirNow preliminary observations
07/16/26,420890002,Swiftwater,PM2.5-24hr,UG/M3,123.5,24,Pennsylvania Dept. of Environmental Protection,199,3,41.083099,-75.3283,840420890002,AirNow preliminary observations
07/16/26,420910013,Norristown,PM2.5-24hr,UG/M3,104.6,24,Pennsylvania Dept. of Environmental Protection,185,3,40.1122,-75.3092,840420910013,AirNow preliminary observations
07/16/26,420950025,Freemansburg,PM2.5-24hr,UG/M3,132.0,24,Pennsylvania Dept. of Environmental Protection,207,4,40.6281,-75.3411,840420950025,AirNow preliminary observations
07/16/26,421010004,LABP,PM2.5-24hr,UG/M3,119.0,24,Philadelphia Air Management Services,196,3,40.00892,-75.09777,840421010004,AirNow preliminary observations
07/16/26,421010048,NEW,PM2.5-24hr,UG/M3,105.0,24,Philadelphia Air Management Services,186,3,39.991389,-75.080833,840421010048,AirNow preliminary observations
07/16/26,421010055,RIT,PM2.5-24hr,UG/M3,94.9,24,Philadelphia Air Management Services,179,3,39.922516,-75.186783,840421010055,AirNow preliminary observations
07/16/26,421010057,FAB,PM2.5-24hr,UG/M3,126.1,24,Philadelphia Air Management Services,202,4,39.9603,-75.1424,840421010057,AirNow preliminary observations
07/16/26,421010075,TOR,PM2.5-24hr,UG/M3,98.0,24,Philadelphia Air Management Services,181,3,40.054171,-74.985166,840421010075,AirNow preliminary observations
07/16/26,421010076,MON,PM2.5-24hr,UG/M3,138.7,24,Philadelphia Air Management Services,214,4,39.988842,-75.207205,840421010076,AirNow preliminary observations
07/16/26,421250005,Charleroi,PM2.5-24hr,UG/M3,69.6,24,Pennsylvania Dept. of Environmental Protection,161,3,40.1469,-79.9033,840421250005,AirNow preliminary observations
07/16/26,421255001,Florence,PM2.5-24hr,UG/M3,87.5,24,Pennsylvania Dept. of Environmental Protection,173,3,40.4447,-80.42,840421255001,AirNow preliminary observations
07/16/26,421255200,Houston,PM2.5-24hr,UG/M3,86.0,24,Pennsylvania Dept. of Environmental Protection,172,3,40.269,-80.244,840421255200,AirNow preliminary observations
07/16/26,421290008,Greensburg,PM2.5-24hr,UG/M3,111.7,24,Pennsylvania Dept. of Environmental Protection,190,3,40.3053,-79.5061,840421290008,AirNow preliminary observations
07/16/26,421330008,York,PM2.5-24hr,UG/M3,92.1,24,Pennsylvania Dept. of Environmental Protection,177,3,39.9653,-76.6994,840421330008,AirNow preliminary observations
07/16/26,440030002,W Greenwich,PM2.5-24hr,UG/M3,31.2,24,Rhode Island Dept. of Environmental Management,92,1,41.615,-71.7197,840440030002,AirNow preliminary observations
07/16/26,440070022,CCRI Providence,PM2.5-24hr,UG/M3,17.5,24,Rhode Island Dept. of Environmental Management,67,1,41.807523,-71.41392,840440070022,AirNow preliminary observations
07/16/26,440071010,E Providence,PM2.5-24hr,UG/M3,15.4,24,Rhode Island Dept. of Environmental Management,63,1,41.840302,-71.361702,840440071010,AirNow preliminary observations
07/16/26,440090007,Narragansett,PM2.5-24hr,UG/M3,31.8,24,Rhode Island Dept. of Environmental Management,93,1,41.4942,-71.4219,840440090007,AirNow preliminary observations
07/16/26,460110003,Research Farm,PM2.5-24hr,UG/M3,10.5,24,South Dakota Department of Agriculture and Natural Resources,54,1,44.348604,-96.807299,840460110003,AirNow preliminary observations
07/16/26,460290002,Watertown,PM2.5-24hr,UG/M3,11.7,24,South Dakota Department of Agriculture and Natural Resources,56,1,44.89965,-97.128802,840460290002,AirNow preliminary observations
07/16/26,470090011,MARYVILL,PM2.5-24hr,UG/M3,7.3,24,Tennessee Air Pollution Control Div.,41,0,35.7683,-83.9422,840470090011,AirNow preliminary observations
07/16/26,470090101,Look Rock - GSMNP,PM2.5-24hr,UG/M3,7.1,24,National Park Service,39,0,35.63346,-83.94158,840470090101,AirNow preliminary observations
07/16/26,470370023,LOCKELAND,PM2.5-24hr,UG/M3,5.3,24,Davidson County PCD,29,0,36.1767,-86.7386,840470370023,AirNow preliminary observations
07/16/26,470450004,DYERSBURG,PM2.5-24hr,UG/M3,4.1,24,Tennessee Air Pollution Control Div.,23,0,36.0528,-89.3819,840470450004,AirNow preliminary observations
07/16/26,470654002,Siskin Dr,PM2.5-24hr,UG/M3,7.3,24,Chattanooga-Hamilton County Air Pollution Control Bureau,41,0,35.051006,-85.292867,840470654002,AirNow preliminary observations
07/16/26,470931013,AIR LAB,PM2.5-24hr,UG/M3,8.5,24,Knox County Dept. of Air Quality Management ,47,0,35.9803,-83.9306,840470931013,AirNow preliminary observations
07/16/26,470931020,SPRINGHILL,PM2.5-24hr,UG/M3,8.8,24,Knox County Dept. of Air Quality Management ,49,0,36.0183,-83.8761,840470931020,AirNow preliminary observations
07/16/26,471050109,LOUDONMS,PM2.5-24hr,UG/M3,6.0,24,Tennessee Air Pollution Control Div.,33,0,35.7197,-84.3417,840471050109,AirNow preliminary observations
07/16/26,471071002,ATHENS,PM2.5-24hr,UG/M3,6.1,24,Tennessee Air Pollution Control Div.,34,0,35.4511,-84.5992,840471071002,AirNow preliminary observations
07/16/26,471192007,Columbia,PM2.5-24hr,UG/M3,4.1,24,Tennessee Air Pollution Control Div.,23,0,35.65188,-87.0096,840471192007,AirNow preliminary observations
07/16/26,471450004,Harriman,PM2.5-24hr,UG/M3,4.5,24,Tennessee Air Pollution Control Div.,25,0,35.9386,-84.5439,840471450004,AirNow preliminary observations
07/16/26,471570075,SHELBY FARMS,PM2.5-24hr,UG/M3,8.1,24,Shelby County Health Department,45,0,35.151588,-89.85022,840471570075,AirNow preliminary observations
07/16/26,471631007,Kingsport,PM2.5-24hr,UG/M3,7.7,24,Tennessee Air Pollution Control Div.,43,0,36.5408,-82.5217,840471631007,AirNow preliminary observations
07/16/26,471650007,HVILLE,PM2.5-24hr,UG/M3,5.7,24,Tennessee Air Pollution Control Div.,32,0,36.2975,-86.6525,840471650007,AirNow preliminary observations
07/16/26,500030004,Bennington,PM2.5-24hr,UG/M3,35.1,24,Vermont Air Quality & Climate Division,99,1,42.887501,-73.249702,840500030004,AirNow preliminary observations
07/16/26,500070007,Underhill,PM2.5-24hr,UG/M3,10.8,24,Vermont Air Quality & Climate Division,54,1,44.528389,-72.868973,840500070007,AirNow preliminary observations
07/16/26,500210002,Rutland,PM2.5-24hr,UG/M3,18.6,24,Vermont Air Quality & Climate Division,69,1,43.608528,-72.98246,840500210002,AirNow preliminary observations
07/16/26,510030001,Albemarle HS,PM2.5-24hr,UG/M3,12.4,24,Virginia Dept. of Environmental Quality,57,1,38.07657,-78.50397,840510030001,AirNow preliminary observations
07/16/26,510360002,SHIRLEY PLANTATION,PM2.5-24hr,UG/M3,13.1,24,Virginia Dept. of Environmental Quality,58,1,37.34438,-77.25925,840510360002,AirNow preliminary observations
07/16/26,510410004,BEACH ROAD,PM2.5-24hr,UG/M3,12.2,24,Virginia Dept. of Environmental Quality,57,1,37.35748,-77.59355,840510410004,AirNow preliminary observations
07/16/26,510590030,FRANCONIA,PM2.5-24hr,UG/M3,16.5,24,Virginia Dept. of Environmental Quality,65,1,38.77335,-77.10468,840510590030,AirNow preliminary observations
07/16/26,510690010,REST - LESTER BUILDING SYSTEMS,PM2.5-24hr,UG/M3,31.0,24,Virginia Dept. of Environmental Quality,92,1,39.28102,-78.08157,840510690010,AirNow preliminary observations
07/16/26,510870014,MATH & SCIENCE CTR,PM2.5-24hr,UG/M3,13.0,24,Virginia Dept. of Environmental Quality,58,1,37.55652,-77.40027,840510870014,AirNow preliminary observations
07/16/26,511071005,ASHBURN,PM2.5-24hr,UG/M3,24.4,24,Virginia Dept. of Environmental Quality,80,1,39.02473,-77.48925,840511071005,AirNow preliminary observations
07/16/26,511130003,Shenandoah NP,PM2.5-24hr,UG/M3,10.8,24,Virginia Dept. of Environmental Quality,54,1,38.5231,-78.4347,840511130003,AirNow preliminary observations
07/16/26,511611004,VINTON - Herman Horn ES,PM2.5-24hr,UG/M3,13.6,24,Virginia Dept. of Environmental Quality,60,1,37.28342,-79.88452,840511611004,AirNow preliminary observations
07/16/26,511650003,Rockingham,PM2.5-24hr,UG/M3,13.1,24,Virginia Dept. of Environmental Quality,58,1,38.47753,-78.81952,840511650003,AirNow preliminary observations
07/16/26,516500008,HAMPTON - NASA,PM2.5-24hr,UG/M3,14.2,24,Virginia Dept. of Environmental Quality,61,1,37.10373,-76.38702,840516500008,AirNow preliminary observations
07/16/26,517100024,NORFOLK - NOAA,PM2.5-24hr,UG/M3,12.7,24,Virginia Dept. of Environmental Quality,58,1,36.85555,-76.30135,840517100024,AirNow preliminary observations
07/16/26,540290009,WEIRTON,PM2.5-24hr,UG/M3,111.9,24,West Virginia Division of Air Quality,191,3,40.42735,-80.59253,840540290009,AirNow preliminary observations
07/16/26,540390020,CHARLESTON,PM2.5-24hr,UG/M3,16.7,24,West Virginia Division of Air Quality,65,1,38.346258,-81.621161,840540390020,AirNow preliminary observations
07/16/26,540511002,MOUNDSVILLE,PM2.5-24hr,UG/M3,35.1,24,West Virginia Division of Air Quality,99,1,39.9158,-80.7342,840540511002,AirNow preliminary observations
07/16/26,550030010,Bad River Tribal School,PM2.5-24hr,UG/M3,378.3,24,Wisconsin Dept. of Natural Resources,605,5,46.6144,-90.6986,840550030010,AirNow preliminary observations
07/16/26,550090005,Green Bay East High,PM2.5-24hr,UG/M3,261.2,24,Wisconsin Dept. of Natural Resources,372,5,44.5167,-87.9939,840550090005,AirNow preliminary observations
07/16/26,550250041,Madison East,PM2.5-24hr,UG/M3,187.7,24,Wisconsin Dept. of Natural Resources,263,4,43.1008,-89.3572,840550250041,AirNow preliminary observations
07/16/26,550270001,Horicon Wildlife Area,PM2.5-24hr,UG/M3,238.6,24,Wisconsin Dept. of Natural Resources,327,5,43.46611,-88.621109,840550270001,AirNow preliminary observations
07/16/26,550350014,Eau Claire,PM2.5-24hr,UG/M3,133.9,24,Wisconsin Dept. of Natural Resources,209,4,44.761398,-91.413002,840550350014,AirNow preliminary observations
07/16/26,550410007,Potawatomi,PM2.5-24hr,UG/M3,288.2,24,Wisconsin Dept. of Natural Resources,426,5,45.5639,-88.81,840550410007,AirNow preliminary observations
07/16/26,550430009,Potosi,PM2.5-24hr,UG/M3,17.8,24,Wisconsin Dept. of Natural Resources,67,1,42.692131,-90.696373,840550430009,AirNow preliminary observations
07/16/26,550590019,Chiwaukee,PM2.5-24hr,UG/M3,278.5,24,Wisconsin Dept. of Natural Resources,407,5,42.5047,-87.8111,840550590019,AirNow preliminary observations
07/16/26,550730012,Lake Dubay,PM2.5-24hr,UG/M3,227.3,24,Wisconsin Dept. of Natural Resources,305,5,44.7072,-89.7697,840550730012,AirNow preliminary observations
07/16/26,550790056,Milwaukee College Ave-Near Road,PM2.5-24hr,UG/M3,251.0,24,Wisconsin Dept. of Natural Resources,352,5,42.93257,-87.93434,840550790056,AirNow preliminary observations
07/16/26,550870009,Appleton AAL,PM2.5-24hr,UG/M3,237.2,24,Wisconsin Dept. of Natural Resources,324,5,44.3069,-88.3956,840550870009,AirNow preliminary observations
07/16/26,550890009,Harrington Beach,PM2.5-24hr,UG/M3,252.6,24,Wisconsin Dept. of Natural Resources,355,5,43.4981,-87.81,840550890009,AirNow preliminary observations
07/16/26,551110007,Devils Lake,PM2.5-24hr,UG/M3,216.0,24,Wisconsin Dept. of Natural Resources,291,4,43.4356,-89.6803,840551110007,AirNow preliminary observations
07/16/26,551330027,Waukesha-Cleveland Ave,PM2.5-24hr,UG/M3,282.3,24,Wisconsin Dept. of Natural Resources,414,5,43.0203,-88.215,840551330027,AirNow preliminary observations
07/16/26,840100010003,Dover,PM2.5-24hr,UG/M3,67.0,24,Delaware Dept. of Natural Resources and Environment,159,3,39.155,-75.518056,840100010003,AirNow preliminary observations
07/16/26,840100031012,Newark,PM2.5-24hr,UG/M3,98.5,24,Delaware Dept. of Natural Resources and Environment,181,3,39.691962,-75.761299,840100031012,AirNow preliminary observations
07/16/26,840110010053,King Greenleaf Rec Center,PM2.5-24hr,UG/M3,25.1,24,District of Columbia - Department of Energy and Environment,81,1,38.875161,-77.012816,840110010053,AirNow preliminary observations
07/16/26,840110010055,Bald Eagle,PM2.5-24hr,UG/M3,21.1,24,District of Columbia - Department of Energy and Environment,73,1,38.81853,-77.01039,840110010055,AirNow preliminary observations
07/16/26,840170190006,Champaign,PM2.5-24hr,UG/M3,12.6,24,Illinois EPA,58,1,40.12306,-88.24017,840170190006,AirNow preliminary observations
07/16/26,840170310052,CHI_MAYFAIR,PM2.5-24hr,UG/M3,275.4,24,Illinois EPA,400,5,41.96548,-87.74992,840170310052,AirNow preliminary observations
07/16/26,840170310119,Kingery Near-road #1,PM2.5-24hr,UG/M3,186.8,24,Illinois EPA,262,4,41.578603,-87.557392,840170310119,AirNow preliminary observations
07/16/26,840170311016,McCook,PM2.5-24hr,UG/M3,234.8,24,Illinois EPA,320,5,41.80117,-87.83194,840170311016,AirNow preliminary observations
07/16/26,840170313301,Summit,PM2.5-24hr,UG/M3,241.0,24,Illinois EPA,332,5,41.78276,-87.80537,840170313301,AirNow preliminary observations
07/16/26,840170890007,Aurora,PM2.5-24hr,UG/M3,148.2,24,Illinois EPA,223,4,41.78471,-88.2422,840170890007,AirNow preliminary observations
07/16/26,840170890124,Elgin_DMV,PM2.5-24hr,UG/M3,287.3,24,Illinois EPA,424,5,42.02131,-88.28298,840170890124,AirNow preliminary observations
07/16/26,840171190024,Granite City Gateway,PM2.5-24hr,UG/M3,10.8,24,Illinois EPA,54,1,38.70063,-90.14476,840171190024,AirNow preliminary observations
07/16/26,840171190120,Alton,PM2.5-24hr,UG/M3,11.2,24,Illinois EPA,55,1,38.901316,-90.146211,840171190120,AirNow preliminary observations
07/16/26,840172010118,Rockford,PM2.5-24hr,UG/M3,176.2,24,Illinois EPA,251,4,42.267002,-89.08917,840172010118,AirNow preliminary observations
07/16/26,840180030015,Ft Wayne - Coliseum,PM2.5-24hr,UG/M3,77.6,24,Indiana Dept. of Environmental Management,166,3,41.08184,-85.08834,840180030015,AirNow preliminary observations
07/16/26,840180190010,Jeffersonville - Bates-Bowyer Av,PM2.5-24hr,UG/M3,5.4,24,Indiana Dept. of Environmental Management,30,0,38.288191,-85.741337,840180190010,AirNow preliminary observations
07/16/26,840180350006,Muncie Central HS,PM2.5-24hr,UG/M3,23.3,24,Indiana Dept. of Environmental Management,77,1,40.1995,-85.38791,840180350006,AirNow preliminary observations
07/16/26,840180372001,Jasper - Post Office,PM2.5-24hr,UG/M3,5.5,24,Indiana Dept. of Environmental Management,31,0,38.391799,-86.929668,840180372001,AirNow preliminary observations
07/16/26,840180430008,New Albany - 4H Road,PM2.5-24hr,UG/M3,2.4,24,Indiana Dept. of Environmental Management,13,0,38.3178,-85.8333,840180430008,AirNow preliminary observations
07/16/26,840180890034,East Chicago - Marina,PM2.5-24hr,UG/M3,202.2,24,Indiana Dept. of Environmental Management,277,4,41.653446,-87.435435,840180890034,AirNow preliminary observations
07/16/26,840181470011,Dale - Wallace St,PM2.5-24hr,UG/M3,7.0,24,Indiana Dept. of Environmental Management,39,0,38.1701,-86.98721,840181470011,AirNow preliminary observations
07/16/26,840181630024,Evansville-Oak Hill,PM2.5-24hr,UG/M3,6.4,24,Indiana Dept. of Environmental Management,36,0,37.98852,-87.53141,840181630024,AirNow preliminary observations
07/16/26,840191130042,MCKINLEY STEAM,PM2.5-24hr,UG/M3,10.3,24,Linn Co. Public Health ,53,1,41.98088,-91.65391,840191130042,AirNow preliminary observations
07/16/26,840191531427,EAST HIGH,PM2.5-24hr,UG/M3,14.8,24,Polk Co. Air Quality Division,62,1,41.59975,-93.5995,840191531427,AirNow preliminary observations
07/16/26,840191535885,PUBLIC WORKS,PM2.5-24hr,UG/M3,10.9,24,Polk Co. Air Quality Division,54,1,41.667032,-93.599221,840191535885,AirNow preliminary observations
07/16/26,840191870013,"Ft. Dodge, Day Park",PM2.5-24hr,UG/M3,12.3,24,Iowa DNR,57,1,42.505,-94.177,840191870013,AirNow preliminary observations
07/16/26,840210470007,Pennyrile Forest,PM2.5-24hr,UG/M3,5.4,24,Kentucky DEP,30,0,37.05778,-87.65,840210470007,AirNow preliminary observations
07/16/26,840210590015,Owensboro,PM2.5-24hr,UG/M3,7.3,24,Kentucky DEP,41,0,37.77167,-87.05581,840210590015,AirNow preliminary observations
07/16/26,840210930007,Freeman Lake,PM2.5-24hr,UG/M3,4.8,24,Kentucky DEP,27,0,37.71451,-85.87082,840210930007,AirNow preliminary observations
07/16/26,840211451027,Paducah Transit,PM2.5-24hr,UG/M3,4.3,24,Kentucky DEP,24,0,37.08725,-88.60802,840211451027,AirNow preliminary observations
07/16/26,840230050015,Portland Tukey's Bridge,PM2.5-24hr,UG/M3,12.7,24,Maine Dept. of Environmental Protection,58,1,43.678,-70.2561,840230050015,AirNow preliminary observations
07/16/26,840230056606,Portland Ocean Gateway,PM2.5-24hr,UG/M3,10.2,24,Maine Dept. of Environmental Protection,53,1,43.66079,-70.24557,840230056606,AirNow preliminary observations
07/16/26,840230110016,Augusta LSS,PM2.5-24hr,UG/M3,7.4,24,Maine Dept. of Environmental Protection,41,0,44.3123,-69.7867,840230110016,AirNow preliminary observations
07/16/26,840230290033,Sipayik,PM2.5-24hr,UG/M3,5.2,24,Maine Dept. of Environmental Protection,29,0,44.963459,-67.060476,840230290033,AirNow preliminary observations
07/16/26,840240396431,Princess Anne,PM2.5-24hr,UG/M3,15.4,24,Maryland Department of the Environment,63,1,38.176541,-75.701489,840240396431,AirNow preliminary observations
07/16/26,840245105253,Lake Montebello,PM2.5-24hr,UG/M3,44.8,24,Maryland Department of the Environment,124,2,39.33746,-76.58905,840245105253,AirNow preliminary observations
07/16/26,840250030008,Pittsfield,PM2.5-24hr,UG/M3,37.5,24,Massachusetts Dept. of Environmental Protection,106,2,42.452299,-73.239648,840250030008,AirNow preliminary observations
07/16/26,840250092007,Saugus,PM2.5-24hr,UG/M3,17.9,24,Massachusetts Dept. of Environmental Protection,67,1,42.44472,-70.988889,840250092007,AirNow preliminary observations
07/16/26,840250095006,Haverhill,PM2.5-24hr,UG/M3,14.5,24,Massachusetts Dept. of Environmental Protection,61,1,42.78479,-71.10702,840250095006,AirNow preliminary observations
07/16/26,840250154003,Belchertown,PM2.5-24hr,UG/M3,28.6,24,Massachusetts Dept. of Environmental Protection,87,1,42.27809,-72.35207,840250154003,AirNow preliminary observations
07/16/26,840250170010,Chelmsford - Manning Rd,PM2.5-24hr,UG/M3,18.3,24,Massachusetts Dept. of Environmental Protection,68,1,42.612113,-71.307519,840250170010,AirNow preliminary observations
07/16/26,840250170011,Framingham,PM2.5-24hr,UG/M3,19.6,24,Massachusetts Dept. of Environmental Protection,71,1,42.26381,-71.40565,840250170011,AirNow preliminary observations
07/16/26,840250212005,Weymouth,PM2.5-24hr,UG/M3,17.6,24,Massachusetts Dept. of Environmental Protection,67,1,42.241229,-70.963346,840250212005,AirNow preliminary observations
07/16/26,840250250045,Boston - Chinatown,PM2.5-24hr,UG/M3,21.9,24,Massachusetts Dept. of Environmental Protection,75,1,42.349954,-71.059194,840250250045,AirNow preliminary observations
07/16/26,840250251004,Chelsea,PM2.5-24hr,UG/M3,18.8,24,Massachusetts Dept. of Environmental Protection,69,1,42.387222,-71.026111,840250251004,AirNow preliminary observations
07/16/26,840260490022,Flint,PM2.5-24hr,UG/M3,246.8,24,"Michigan Department of Environment, Great Lakes, and Energy",343,5,43.09174,-83.64775,840260490022,AirNow preliminary observations
07/16/26,840260810023,Grand Rapids - Near Roadway,PM2.5-24hr,UG/M3,213.1,24,"Michigan Department of Environment, Great Lakes, and Energy",288,4,42.88537,-85.67977,840260810023,AirNow preliminary observations
07/16/26,840261030013,Negaunee Twp.,PM2.5-24hr,UG/M3,385.1,24,"Michigan Department of Environment, Great Lakes, and Energy",619,5,46.51793,-87.52125,840261030013,AirNow preliminary observations
07/16/26,840270135510,Mankato - RosaParksElementary,PM2.5-24hr,UG/M3,14.1,24,Minnesota Pollution Control Agency,60,1,44.13619,-93.98103,840270135510,AirNow preliminary observations
07/16/26,840270532006,St. Louis Park,PM2.5-24hr,UG/M3,143.9,24,Minnesota Pollution Control Agency,219,4,44.948,-93.34313,840270532006,AirNow preliminary observations
07/16/26,840271153061,Lake Lena,PM2.5-24hr,UG/M3,245.2,24,Minnesota Pollution Control Agency,340,5,46.01156,-92.47841,840271153061,AirNow preliminary observations
07/16/26,840290950043,Linden Hills,PM2.5-24hr,UG/M3,10.5,24,Missouri Department of Natural Resources,54,1,38.94079,-94.5785,840290950043,AirNow preliminary observations
07/16/26,840310550052,92nd and Berry,PM2.5-24hr,UG/M3,7.9,24,Douglas County Health Department (Omaha),44,0,41.19805,-96.05655,840310550052,AirNow preliminary observations
07/16/26,840310670005,Homestead NHP,PM2.5-24hr,UG/M3,9.2,24,Nebraska Department of Environment and Energy,51,1,40.28506,-96.82431,840310670005,AirNow preliminary observations
07/16/26,840310790005,Grand Island DOT,PM2.5-24hr,UG/M3,8.2,24,Nebraska Department of Environment and Energy,46,0,40.918333,-98.378889,840310790005,AirNow preliminary observations
07/16/26,840311770002,Blair,PM2.5-24hr,UG/M3,6.4,24,Douglas County Health Department (Omaha),36,0,41.550658,-96.146622,840311770002,AirNow preliminary observations
07/16/26,840330012008,Laconia Main St,PM2.5-24hr,UG/M3,8.5,24,New Hampshire Dept. of Environmental Services,47,0,43.52496,-71.46633,840330012008,AirNow preliminary observations
07/16/26,840340011006,Atlantic City PM,PM2.5-24hr,UG/M3,49.1,24,New Jersey Dept. of Environmental Protection,134,2,39.36326,-74.431,840340011006,AirNow preliminary observations
07/16/26,840340130017,Newark Chestnut,PM2.5-24hr,UG/M3,66.6,24,New Jersey Dept. of Environmental Protection,159,3,40.72736,-74.17447,840340130017,AirNow preliminary observations
07/16/26,840340170008,Union City High School,PM2.5-24hr,UG/M3,64.1,24,New Jersey Dept. of Environmental Protection,157,3,40.770908,-74.036218,840340170008,AirNow preliminary observations
07/16/26,840340210008,Trenton,PM2.5-24hr,UG/M3,88.2,24,New Jersey Dept. of Environmental Protection,174,3,40.222421,-74.763167,840340210008,AirNow preliminary observations
07/16/26,840340292002,Toms River,PM2.5-24hr,UG/M3,49.9,24,New Jersey Dept. of Environmental Protection,136,2,39.994908,-74.170447,840340292002,AirNow preliminary observations
07/16/26,840340310005,Paterson,PM2.5-24hr,UG/M3,68.5,24,New Jersey Dept. of Environmental Protection,160,3,40.918381,-74.168092,840340310005,AirNow preliminary observations
07/16/26,840360850055,Port Richmond,PM2.5-24hr,UG/M3,90.1,24,New York Dept. of Environmental Conservation,175,3,40.63306,-74.137156,840360850055,AirNow preliminary observations
07/16/26,840371190048,Friendship Park,PM2.5-24hr,UG/M3,10.5,24,Mecklenburg County Air Quality,54,1,35.281791,-80.851473,840371190048,AirNow preliminary observations
07/16/26,840390090003,Gifford,PM2.5-24hr,UG/M3,11.8,24,Ohio EPA-DAPC,56,1,39.442165,-81.908827,840390090003,AirNow preliminary observations
07/16/26,840390170015,Ohio Bell,PM2.5-24hr,UG/M3,20.0,24,Ohio EPA-DAPC,71,1,39.49072,-84.36374,840390170015,AirNow preliminary observations
07/16/26,840390170022,BPG,PM2.5-24hr,UG/M3,18.4,24,Ohio EPA-DAPC,68,1,39.478686,-84.397112,840390170022,AirNow preliminary observations
07/16/26,84039035CICM,CLEANinCLE MMS,PM2.5-24hr,UG/M3,182.8,24,Ohio EPA-DAPC,258,4,41.44539,-81.53874,84039035CICM,AirNow preliminary observations
07/16/26,840390490041,Finland Elem,PM2.5-24hr,UG/M3,35.7,24,Ohio EPA-DAPC,101,2,39.91998,-83.04087,840390490041,AirNow preliminary observations
07/16/26,840390610014,Carthage,PM2.5-24hr,UG/M3,15.1,24,Ohio EPA-DAPC,62,1,39.194331,-84.478974,840390610014,AirNow preliminary observations
07/16/26,840390610042,Lower Price Hill,PM2.5-24hr,UG/M3,13.9,24,Ohio EPA-DAPC,60,1,39.10492,-84.55117,840390610042,AirNow preliminary observations
07/16/26,840390950026,RAPS,PM2.5-24hr,UG/M3,367.4,24,Ohio EPA-DAPC,584,5,41.62057,-83.64226,840390950026,AirNow preliminary observations
07/16/26,840390990015,Youngstown State,PM2.5-24hr,UG/M3,129.6,24,Ohio EPA-DAPC,205,4,41.106182,-80.640576,840390990015,AirNow preliminary observations
07/16/26,840391450015,East Haverhill,PM2.5-24hr,UG/M3,15.0,24,Ohio EPA-DAPC,62,1,38.59246,-82.80677,840391450015,AirNow preliminary observations
07/16/26,840391510017,Canton Fire St8,PM2.5-24hr,UG/M3,169.5,24,Ohio EPA-DAPC,245,4,40.786803,-81.394153,840391510017,AirNow preliminary observations
07/16/26,840401311169,Tulsa Near Road,PM2.5-24hr,UG/M3,9.6,24,Oklahoma Department of Environmental Quality,52,1,36.1629,-95.79683,840401311169,AirNow preliminary observations
07/16/26,840420030002,Avalon,PM2.5-24hr,UG/M3,126.7,24,Allegheny County,202,4,40.50084,-80.066488,840420030002,AirNow preliminary observations
07/16/26,840420031301,North Braddock,PM2.5-24hr,UG/M3,104.6,24,Allegheny County,185,3,40.402267,-79.860942,840420031301,AirNow preliminary observations
07/16/26,840420033007,Clairton,PM2.5-24hr,UG/M3,91.2,24,Allegheny County,176,3,40.294381,-79.885303,840420033007,AirNow preliminary observations
07/16/26,840420070008,Fort McIntosh,PM2.5-24hr,UG/M3,126.8,24,Pennsylvania Dept. of Environmental Protection,202,4,40.691857,-80.299211,840420070008,AirNow preliminary observations
07/16/26,840420510524,Uniontown,PM2.5-24hr,UG/M3,45.9,24,Pennsylvania Dept. of Environmental Protection,127,2,39.917663,-79.805499,840420510524,AirNow preliminary observations
07/16/26,840420550003,Chambersburg,PM2.5-24hr,UG/M3,83.2,24,Pennsylvania Dept. of Environmental Protection,170,3,39.94416,-77.64413,840420550003,AirNow preliminary observations
07/16/26,840420750101,Lebanon,PM2.5-24hr,UG/M3,125.0,24,Pennsylvania Dept. of Environmental Protection,200,3,40.338516,-76.394788,840420750101,AirNow preliminary observations
07/16/26,840420810419,Salladasburg,PM2.5-24hr,UG/M3,129.4,24,Pennsylvania Dept. of Environmental Protection,205,4,41.266192,-77.230933,840420810419,AirNow preliminary observations
07/16/26,840421150215,New Milford,PM2.5-24hr,UG/M3,52.6,24,Pennsylvania Dept. of Environmental Protection,143,2,41.867336,-75.686602,840421150215,AirNow preliminary observations
07/16/26,840421230004,Warren Overlook,PM2.5-24hr,UG/M3,129.1,24,Pennsylvania Dept. of Environmental Protection,205,4,41.843722,-79.172889,840421230004,AirNow preliminary observations
07/16/26,840421310010,Tunkhannock,PM2.5-24hr,UG/M3,76.7,24,Pennsylvania Dept. of Environmental Protection,166,3,41.605244,-75.95774,840421310010,AirNow preliminary observations
07/16/26,840440070026,Vernon Street,PM2.5-24hr,UG/M3,13.7,24,Rhode Island Dept. of Environmental Management,60,1,41.874683,-71.379936,840440070026,AirNow preliminary observations
07/16/26,840440070040,Near Road,PM2.5-24hr,UG/M3,20.5,24,Rhode Island Dept. of Environmental Management,72,1,41.771987,-71.427881,840440070040,AirNow preliminary observations
07/16/26,840460130004,Aberdeen,PM2.5-24hr,UG/M3,6.2,24,South Dakota Department of Agriculture and Natural Resources,34,0,45.468596,-98.494061,840460130004,AirNow preliminary observations
07/16/26,840460270001,Vermillion,PM2.5-24hr,UG/M3,6.6,24,South Dakota Department of Agriculture and Natural Resources,37,0,42.789453,-96.903867,840460270001,AirNow preliminary observations
07/16/26,840460990009,SF-USD,PM2.5-24hr,UG/M3,10.1,24,South Dakota Department of Agriculture and Natural Resources,53,1,43.59901,-96.78331,840460990009,AirNow preliminary observations
07/16/26,840470931017,Rule,PM2.5-24hr,UG/M3,6.6,24,Knox County Dept. of Air Quality Management ,37,0,35.97773,-83.9504,840470931017,AirNow preliminary observations
07/16/26,840470990003,Loretto,PM2.5-24hr,UG/M3,4.2,24,Tennessee Air Pollution Control Div.,24,0,35.116866,-87.419726,840470990003,AirNow preliminary observations
07/16/26,840471130010,Jackson,PM2.5-24hr,UG/M3,6.8,24,Tennessee Air Pollution Control Div.,38,0,35.705338,-88.81959,840471130010,AirNow preliminary observations
07/16/26,840471252001,Clarksville,PM2.5-24hr,UG/M3,4.5,24,Tennessee Air Pollution Control Div.,25,0,36.611411,-87.384666,840471252001,AirNow preliminary observations
07/16/26,840471410006,Cookeville CC,PM2.5-24hr,UG/M3,3.7,24,Tennessee Air Pollution Control Div.,21,0,36.16304,-85.52908,840471410006,AirNow preliminary observations
07/16/26,840510590031,Northern VA Near Road,PM2.5-24hr,UG/M3,17.2,24,Virginia Dept. of Environmental Quality,66,1,38.7684,-77.18347,840510590031,AirNow preliminary observations
07/16/26,840510870015,Piedmont Regional Office,PM2.5-24hr,UG/M3,12.4,24,Virginia Dept. of Environmental Quality,57,1,37.67138,-77.56777,840510870015,AirNow preliminary observations
07/16/26,840515200006,Bristol,PM2.5-24hr,UG/M3,9.3,24,Virginia Dept. of Environmental Quality,51,1,36.64249,-82.10738,840515200006,AirNow preliminary observations
07/16/26,840517600025,Richmond City Near Road,PM2.5-24hr,UG/M3,11.6,24,Virginia Dept. of Environmental Quality,56,1,37.59088,-77.46925,840517600025,AirNow preliminary observations
07/16/26,840517750011,Salem,PM2.5-24hr,UG/M3,15.2,24,Virginia Dept. of Environmental Quality,62,1,37.29788,-80.08101,840517750011,AirNow preliminary observations
07/16/26,840518100008,Tidewater Regional Office,PM2.5-24hr,UG/M3,15.8,24,Virginia Dept. of Environmental Quality,63,1,36.84188,-76.18123,840518100008,AirNow preliminary observations
07/16/26,840540090011,"MARLAND HTS, WEIRTON",PM2.5-24hr,UG/M3,102.2,24,West Virginia Division of Air Quality,184,3,40.39458,-80.61202,840540090011,AirNow preliminary observations
07/16/26,840550250047,Madison University Ave,PM2.5-24hr,UG/M3,173.1,24,Wisconsin Dept. of Natural Resources,248,4,43.07378,-89.43595,840550250047,AirNow preliminary observations
07/16/26,840550532002,Ho-Chunk Nation-Black River Falls,PM2.5-24hr,UG/M3,151.7,24,Wisconsin Dept. of Natural Resources,227,4,44.33466,-90.7868,840550532002,AirNow preliminary observations
07/16/26,840550812001,Ho-Chunk Nation-Tomah,PM2.5-24hr,UG/M3,166.0,24,Wisconsin Dept. of Natural Resources,241,4,44.02086,-90.40161,840550812001,AirNow preliminary observations
07/16/26,840TT3830001,WTN1,PM2.5-24hr,UG/M3,14.9,24,Winnebago Tribe of Nebraska,62,1,42.24286,-96.47593,840TT3830001,AirNow preliminary observations
07/16/26,840TT3830002,WTN2,PM2.5-24hr,UG/M3,12.2,24,Winnebago Tribe of Nebraska,57,1,42.26582,-96.53307,840TT3830002,AirNow preliminary observations
07/16/26,CC0011002,FIREHALL-LABRADORCITY2,PM2.5-24hr,UG/M3,0.6,24,Newfoundland & Labrador DEC,3,0,52.94548,-66.910245,124CC0011002,AirNow preliminary observations
07/16/26,CC0040104,FREDERICTON-NEEDHAM ST.,PM2.5-24hr,UG/M3,5.1,24,Canada-New Brunswick1,28,0,45.957344,-66.645562,124CC0040104,AirNow preliminary observations
07/16/26,CC0040203,FOREST HILLS,PM2.5-24hr,UG/M3,6.0,24,Canada-New Brunswick1,33,0,45.308778,-66.008333,124CC0040203,AirNow preliminary observations
07/16/26,CC0040207,SAINT JOHN WEST,PM2.5-24hr,UG/M3,6.1,24,Canada-New Brunswick1,34,0,45.25315,-66.079931,124CC0040207,AirNow preliminary observations
07/16/26,CC0040901,ST ANDREWS,PM2.5-24hr,UG/M3,5.1,24,Canada-New Brunswick1,28,0,45.086944,-67.073889,124CC0040901,AirNow preliminary observations
07/16/26,CC0041302,BATHURST,PM2.5-24hr,UG/M3,6.7,24,Canada-New Brunswick1,37,0,47.609528,-65.633528,124CC0041302,AirNow preliminary observations
07/16/26,CC0041501,EDMUNDSTON QUEEN ST.,PM2.5-24hr,UG/M3,6.0,24,Canada-New Brunswick1,33,0,47.363195,-68.322302,124CC0041501,AirNow preliminary observations
07/16/26,CC0050103,Saint-Jean-Baptiste,PM2.5-24hr,UG/M3,6.4,24,Canada-Quebec2,36,0,45.641026,-73.499682,124CC0050103,AirNow preliminary observations
07/16/26,CC0050126,Sainte-Anne-de-Bellevue,PM2.5-24hr,UG/M3,7.5,24,Canada-Quebec2,42,0,45.426509,-73.928944,124CC0050126,AirNow preliminary observations
07/16/26,CC0050129,Riviere-des-Prairies,PM2.5-24hr,UG/M3,5.9,24,Canada-Quebec2,33,0,45.651722,-73.573896,124CC0050129,AirNow preliminary observations
07/16/26,CC0050134,Molson,PM2.5-24hr,UG/M3,7.5,24,Canada-Quebec2,42,0,45.542767,-73.572039,124CC0050134,AirNow preliminary observations
07/16/26,CC0050135,Caserne 17,PM2.5-24hr,UG/M3,6.6,24,Canada-Quebec2,37,0,45.593325,-73.637328,124CC0050135,AirNow preliminary observations
07/16/26,CC0050136,St-Dominique,PM2.5-24hr,UG/M3,7.5,24,Canada-Quebec2,42,0,45.512189,-73.566872,124CC0050136,AirNow preliminary observations
07/16/26,CC0050138,York-Roberval,PM2.5-24hr,UG/M3,8.6,24,Canada-Quebec2,48,0,45.464611,-73.582583,124CC0050138,AirNow preliminary observations
07/16/26,TT9209004,Miami,PM2.5-24hr,UG/M3,14.6,24,Quapaw Nation,61,1,36.922222,-94.83889,840TT9209004,AirNow preliminary observations
07/17/26,000050113,Laval - Chomedey,PM2.5-24hr,UG/M3,4.8,24,Canada-Quebec1,27,0,45.5472,-73.7472,124000050113,AirNow preliminary observations
07/17/26,000050119,Longueuil,PM2.5-24hr,UG/M3,5.5,24,Canada-Quebec1,31,0,45.5231,-73.4939,124000050119,AirNow preliminary observations
07/17/26,000050122,Brossard - Parc Sorbonne,PM2.5-24hr,UG/M3,5.6,24,Canada-Quebec1,31,0,45.44866,-73.468631,124000050122,AirNow preliminary observations
07/17/26,000050137,Terrebonne - Parc Vaillant,PM2.5-24hr,UG/M3,4.7,24,Canada-Quebec1,27,0,45.70476,-73.65776,124000050137,AirNow preliminary observations
07/17/26,000050204,Gatineau - Hull,PM2.5-24hr,UG/M3,5.1,24,Canada-Quebec1,28,0,45.4369,-75.7261,124000050204,AirNow preliminary observations
07/17/26,000050308,Quebec - Vieux-Limoilou,PM2.5-24hr,UG/M3,7.5,24,Canada-Quebec1,42,0,46.8214,-71.2208,124000050308,AirNow preliminary observations
07/17/26,000050310,Quebec - College St-Charles Garnier,PM2.5-24hr,UG/M3,4.9,24,Canada-Quebec1,27,0,46.7969,-71.2461,124000050310,AirNow preliminary observations
07/17/26,000050311,Quebec - Ecole Les Primeveres,PM2.5-24hr,UG/M3,9.4,24,Canada-Quebec1,52,1,46.77417,-71.36972,124000050311,AirNow preliminary observations
07/17/26,000050504,Saguenay - UQAC,PM2.5-24hr,UG/M3,5.1,24,Canada-Quebec1,28,0,48.4153,-71.0528,124000050504,AirNow preliminary observations
07/17/26,000050604,Rouyn-Noranda - Parc Tremblay,PM2.5-24hr,UG/M3,4.3,24,Canada-Quebec1,24,0,48.2344,-78.9833,124000050604,AirNow preliminary observations
07/17/26,000050803,Trois-Rivieres - Ecole MEES,PM2.5-24hr,UG/M3,4.9,24,Canada-Quebec1,27,0,46.357175,-72.546187,124000050803,AirNow preliminary observations
07/17/26,000051201,Shawinigan - Saint-Marc,PM2.5-24hr,UG/M3,6.0,24,Canada-Quebec1,34,0,46.5544,-72.7361,124000051201,AirNow preliminary observations
07/17/26,000051501,Saint-Zephirin-de-Courval,PM2.5-24hr,UG/M3,4.3,24,Canada-Quebec1,24,0,46.0419,-72.66,124000051501,AirNow preliminary observations
07/17/26,000052001,Charette,PM2.5-24hr,UG/M3,5.1,24,Canada-Quebec1,28,0,46.4425,-72.8928,124000052001,AirNow preliminary observations
07/17/26,000052301,Saint-Faustin-Lac-Carre,PM2.5-24hr,UG/M3,5.5,24,Canada-Quebec1,31,0,46.035,-74.4819,124000052301,AirNow preliminary observations
07/17/26,000052401,Parc de la Gatineau - La Peche,PM2.5-24hr,UG/M3,4.5,24,Canada-Quebec1,25,0,45.6222,-76.0178,124000052401,AirNow preliminary observations
07/17/26,000052701,Temiscaming,PM2.5-24hr,UG/M3,4.3,24,Canada-Quebec1,24,0,46.72139,-79.0997,124000052701,AirNow preliminary observations
07/17/26,000052801,Auclair,PM2.5-24hr,UG/M3,3.0,24,Canada-Quebec1,17,0,47.73333,-68.7072,124000052801,AirNow preliminary observations
07/17/26,000053201,Res. Faun. Ashuapmushuan - Pemonka,PM2.5-24hr,UG/M3,5.0,24,Canada-Quebec1,28,0,48.8183,-72.7428,124000053201,AirNow preliminary observations
07/17/26,000053301,Deschambault,PM2.5-24hr,UG/M3,4.6,24,Canada-Quebec1,26,0,46.6822,-71.9678,124000053301,AirNow preliminary observations
07/17/26,000053801,Tingwick,PM2.5-24hr,UG/M3,4.5,24,Canada-Quebec1,25,0,45.9075,-71.9492,124000053801,AirNow preliminary observations
07/17/26,000054201,Chapais,PM2.5-24hr,UG/M3,5.8,24,Canadian Air and Precipitation Monitoring Network,32,0,49.8222,-74.9764,124000054201,AirNow preliminary observations
07/17/26,000054401,Saint-Anicet,PM2.5-24hr,UG/M3,5.6,24,Canada-Quebec1,31,0,45.1167,-74.2833,124000054401,AirNow preliminary observations
07/17/26,000054703,Becancour,PM2.5-24hr,UG/M3,4.6,24,Canada-Quebec1,26,0,46.35,-72.4333,124000054703,AirNow preliminary observations
07/17/26,000054901,La Patrie - Ditton,PM2.5-24hr,UG/M3,3.6,24,Canada-Quebec1,20,0,45.3733,-71.2514,124000054901,AirNow preliminary observations
07/17/26,000055001,Mont-Saint-Michel,PM2.5-24hr,UG/M3,4.4,24,Canada-Quebec1,24,0,46.7686,-75.4319,124000055001,AirNow preliminary observations
07/17/26,000055101,Senneterre,PM2.5-24hr,UG/M3,3.9,24,Canada-Quebec1,22,0,48.4325,-77.1997,124000055101,AirNow preliminary observations
07/17/26,000055301,Saint-Jean-sur-Richelieu - L'Acadie,PM2.5-24hr,UG/M3,4.4,24,Canada-Quebec1,24,0,45.29417,-73.3489,124000055301,AirNow preliminary observations
07/17/26,000055401,Trois-Rivieres - Cap-de-la-Madelaine,PM2.5-24hr,UG/M3,4.8,24,Canada-Quebec1,27,0,46.362425,-72.510042,124000055401,AirNow preliminary observations
07/17/26,000055702,Levis - Parc Georges Maranda,PM2.5-24hr,UG/M3,4.2,24,Canada-Quebec1,23,0,46.80238,-71.16834,124000055702,AirNow preliminary observations
07/17/26,000060104,Ottawa Downtown,PM2.5-24hr,UG/M3,5.2,24,Ontario Ministry of the Environment,29,0,45.434333,-75.67599,124000060104,AirNow preliminary observations
07/17/26,000060204,Windsor Downtown,PM2.5-24hr,UG/M3,191.2,24,Ontario Ministry of the Environment,266,4,42.315778,-83.043667,124000060204,AirNow preliminary observations
07/17/26,000060211,Windsor West,PM2.5-24hr,UG/M3,201.9,24,Ontario Ministry of the Environment,277,4,42.292886,-83.073139,124000060211,AirNow preliminary observations
07/17/26,000060304,Kingston,PM2.5-24hr,UG/M3,4.3,24,Ontario Ministry of the Environment,24,0,44.219953,-76.521143,124000060304,AirNow preliminary observations
07/17/26,000060410,Toronto East,PM2.5-24hr,UG/M3,37.1,24,Ontario Ministry of the Environment,105,2,43.747917,-79.274056,124000060410,AirNow preliminary observations
07/17/26,000060515,Hamilton West,PM2.5-24hr,UG/M3,139.3,24,Ontario Ministry of the Environment,215,4,43.257444,-79.90775,124000060515,AirNow preliminary observations
07/17/26,000060610,Sudbury,PM2.5-24hr,UG/M3,7.1,24,Ontario Ministry of the Environment,39,0,46.492002,-81.003099,124000060610,AirNow preliminary observations
07/17/26,000060709,Sault Ste Marie,PM2.5-24hr,UG/M3,63.8,24,Ontario Ministry of the Environment,157,3,46.533194,-84.309917,124000060709,AirNow preliminary observations
07/17/26,000060904,London,PM2.5-24hr,UG/M3,200.4,24,Ontario Ministry of the Environment,275,4,42.974485,-81.200813,124000060904,AirNow preliminary observations
07/17/26,000061009,Sarnia,PM2.5-24hr,UG/M3,188.6,24,Ontario Ministry of the Environment,264,4,42.990263,-82.395341,124000061009,AirNow preliminary observations
07/17/26,000061104,Peterborough,PM2.5-24hr,UG/M3,4.6,24,Ontario Ministry of the Environment,26,0,44.301848,-78.346384,124000061104,AirNow preliminary observations
07/17/26,000061201,Cornwall,PM2.5-24hr,UG/M3,6.0,24,Ontario Ministry of the Environment,33,0,45.017976,-74.735339,124000061201,AirNow preliminary observations
07/17/26,000061302,St. Catharines,PM2.5-24hr,UG/M3,102.6,24,Ontario Ministry of the Environment,184,3,43.160056,-79.23475,124000061302,AirNow preliminary observations
07/17/26,000061402,Brantford,PM2.5-24hr,UG/M3,171.4,24,Ontario Ministry of the Environment,246,4,43.138611,-80.292639,124000061402,AirNow preliminary observations
07/17/26,000061502,Kitchener,PM2.5-24hr,UG/M3,161.7,24,Ontario Ministry of the Environment,237,4,43.443833,-80.503806,124000061502,AirNow preliminary observations
07/17/26,000061802,Guelph,PM2.5-24hr,UG/M3,155.1,24,Ontario Ministry of the Environment,230,4,43.551611,-80.264167,124000061802,AirNow preliminary observations
07/17/26,000062001,North Bay,PM2.5-24hr,UG/M3,6.0,24,Ontario Ministry of the Environment,33,0,46.32255,-79.449444,124000062001,AirNow preliminary observations
07/17/26,000062501,Tiverton,PM2.5-24hr,UG/M3,143.8,24,Ontario Ministry of the Environment,219,4,44.314472,-81.549722,124000062501,AirNow preliminary observations
07/17/26,000063001,Burlington,PM2.5-24hr,UG/M3,103.5,24,Ontario Ministry of the Environment,185,3,43.314603,-79.80277,124000063001,AirNow preliminary observations
07/17/26,000063301,Dorset,PM2.5-24hr,UG/M3,6.5,24,Ontario Ministry of the Environment,36,0,45.224278,-78.932944,124000063301,AirNow preliminary observations
07/17/26,000063701,Grand Bend,PM2.5-24hr,UG/M3,201.4,24,Ontario Ministry of the Environment,276,4,43.333083,-81.742889,124000063701,AirNow preliminary observations
07/17/26,000064401,Egbert,PM2.5-24hr,UG/M3,76.0,24,Canadian Air and Precipitation Monitoring Network,165,3,44.2325,-79.7814,124000064401,AirNow preliminary observations
07/17/26,000065001,Barrie,PM2.5-24hr,UG/M3,64.6,24,Ontario Ministry of the Environment,157,3,44.382338,-79.702446,124000065001,AirNow preliminary observations
07/17/26,000065201,Parry Sound,PM2.5-24hr,UG/M3,17.1,24,Ontario Ministry of the Environment,66,1,45.338261,-80.039269,124000065201,AirNow preliminary observations
07/17/26,000065301,Port Stanley,PM2.5-24hr,UG/M3,233.5,24,Ontario Ministry of the Environment,317,5,42.672127,-81.162948,124000065301,AirNow preliminary observations
07/17/26,000065401,Belleville,PM2.5-24hr,UG/M3,4.4,24,Ontario Ministry of the Environment,24,0,44.150528,-77.3955,124000065401,AirNow preliminary observations
07/17/26,000065801,Chatham,PM2.5-24hr,UG/M3,158.5,24,Ontario Ministry of the Environment,234,4,42.403964,-82.208306,124000065801,AirNow preliminary observations
07/17/26,000066101,Bonner Lake,PM2.5-24hr,UG/M3,27.1,24,Canadian Air and Precipitation Monitoring Network,85,1,49.3864,-82.1214,124000066101,AirNow preliminary observations
07/17/26,050350005,MARION,PM2.5-24hr,UG/M3,18.2,24,Arkansas Department of Environmental Quality,68,1,35.197156,-90.193178,840050350005,AirNow preliminary observations
07/17/26,051430005,SPRNGDLE,PM2.5-24hr,UG/M3,17.4,24,Arkansas Department of Environmental Quality,66,1,36.179705,-94.11663,840051430005,AirNow preliminary observations
07/17/26,090010010,Bridgeport,PM2.5-24hr,UG/M3,32.8,24,Connecticut Dept. of Energy and Environmental Protection,95,1,41.171398,-73.195297,840090010010,AirNow preliminary observations
07/17/26,090011123,Danbury,PM2.5-24hr,UG/M3,33.5,24,Connecticut Dept. of Energy and Environmental Protection,96,1,41.4014,-73.4447,840090011123,AirNow preliminary observations
07/17/26,090030025,Hartford,PM2.5-24hr,UG/M3,20.2,24,Connecticut Dept. of Energy and Environmental Protection,72,1,41.771444,-72.679923,840090030025,AirNow preliminary observations
07/17/26,090031003,East Hartford,PM2.5-24hr,UG/M3,18.4,24,Connecticut Dept. of Energy and Environmental Protection,68,1,41.7847,-72.6297,840090031003,AirNow preliminary observations
07/17/26,090050005,Cornwall,PM2.5-24hr,UG/M3,15.1,24,Connecticut Dept. of Energy and Environmental Protection,62,1,41.833099,-73.303299,840090050005,AirNow preliminary observations
07/17/26,090092123,Waterbury,PM2.5-24hr,UG/M3,29.3,24,Connecticut Dept. of Energy and Environmental Protection,89,1,41.5503,-73.0442,840090092123,AirNow preliminary observations
07/17/26,090110124,Groton,PM2.5-24hr,UG/M3,26.9,24,Connecticut Dept. of Energy and Environmental Protection,84,1,41.3536,-72.0789,840090110124,AirNow preliminary observations
07/17/26,100010002,KILLENS,PM2.5-24hr,UG/M3,147.6,24,Delaware Dept. of Natural Resources and Environment,223,4,38.986672,-75.5568,840100010002,AirNow preliminary observations
07/17/26,100031003,RIVER ROAD PARK; BELLEFONTE,PM2.5-24hr,UG/M3,137.9,24,Delaware Dept. of Natural Resources and Environment,213,4,39.7611,-75.4919,840100031003,AirNow preliminary observations
07/17/26,100031007,LUMS 2,PM2.5-24hr,UG/M3,117.9,24,Delaware Dept. of Natural Resources and Environment,195,3,39.5513,-75.732,840100031007,AirNow preliminary observations
07/17/26,100031008,Rte 9 Del. City,PM2.5-24hr,UG/M3,121.0,24,Delaware Dept. of Natural Resources and Environment,197,3,39.57768,-75.6036,840100031008,AirNow preliminary observations
07/17/26,100032004,MLK,PM2.5-24hr,UG/M3,122.1,24,Delaware Dept. of Natural Resources and Environment,198,3,39.739444,-75.558056,840100032004,AirNow preliminary observations
07/17/26,100051002,SEAFORD,PM2.5-24hr,UG/M3,91.4,24,Delaware Dept. of Natural Resources and Environment,176,3,38.6539,-75.6106,840100051002,AirNow preliminary observations
07/17/26,110010041,RIVER_Terrace,PM2.5-24hr,UG/M3,99.4,24,District of Columbia - Department of Energy and Environment,182,3,38.895683,-76.958089,840110010041,AirNow preliminary observations
07/17/26,110010043,McMillan Reservoir,PM2.5-24hr,UG/M3,108.6,24,District of Columbia - Department of Energy and Environment,188,3,38.921848,-77.013176,840110010043,AirNow preliminary observations
07/17/26,110010051,DCNearRoad,PM2.5-24hr,UG/M3,101.4,24,District of Columbia - Department of Energy and Environment,183,3,38.894749,-76.953427,840110010051,AirNow preliminary observations
07/17/26,124000050314,Quebec - Charlesbourg,PM2.5-24hr,UG/M3,4.7,24,Canada-Quebec1,26,0,46.8615,-71.2572,124000050314,AirNow preliminary observations
07/17/26,124000050405,Sherbrooke - Parc Sylvie-Daigle,PM2.5-24hr,UG/M3,4.5,24,Canada-Quebec1,25,0,45.41436,-71.88269,124000050405,AirNow preliminary observations
07/17/26,124000050702,Sept-Iles,PM2.5-24hr,UG/M3,2.3,24,Canada-Quebec1,13,0,50.21627,-66.3852,124000050702,AirNow preliminary observations
07/17/26,124000050902,Saguenay - Parc Powell,PM2.5-24hr,UG/M3,5.4,24,Canada-Quebec1,30,0,48.43417,-71.185,124000050902,AirNow preliminary observations
07/17/26,124000051111,Drummondville - Stade Jacques-Desautels,PM2.5-24hr,UG/M3,4.9,24,Canada-Quebec1,27,0,45.8713,-72.50318,124000051111,AirNow preliminary observations
07/17/26,124000051801,St-Joseph-de-Sorel - Ecole Martel,PM2.5-24hr,UG/M3,9.6,24,Canada-Quebec1,52,1,46.045,-73.12972,124000051801,AirNow preliminary observations
07/17/26,124000053703,Saint-Georges,PM2.5-24hr,UG/M3,4.5,24,Canada-Quebec1,25,0,46.12219,-70.65206,124000053703,AirNow preliminary observations
07/17/26,124000055801,Granby - Parc Poitevin,PM2.5-24hr,UG/M3,5.3,24,Canada-Quebec1,29,0,45.41864,-72.73067,124000055801,AirNow preliminary observations
07/17/26,124000056001,Radisson,PM2.5-24hr,UG/M3,3.4,24,Canada-Quebec1,19,0,53.69218,-77.74102,124000056001,AirNow preliminary observations
07/17/26,124000060430,Toronto West,PM2.5-24hr,UG/M3,62.4,24,Ontario Ministry of the Environment,156,3,43.709444,-79.5435,124000060430,AirNow preliminary observations
07/17/26,124000060434,Misssissauga,PM2.5-24hr,UG/M3,76.7,24,Ontario Ministry of the Environment,166,3,43.546174,-79.658797,124000060434,AirNow preliminary observations
07/17/26,124000060440,Toronto North,PM2.5-24hr,UG/M3,63.1,24,Ontario Ministry of the Environment,156,3,43.78047,-79.467372,124000060440,AirNow preliminary observations
07/17/26,124000060445,Toronto Downtown,PM2.5-24hr,UG/M3,48.9,24,Ontario Ministry of the Environment,134,2,43.645451,-79.3891,124000060445,AirNow preliminary observations
07/17/26,124000060450,Brampton,PM2.5-24hr,UG/M3,97.9,24,Ontario Ministry of the Environment,181,3,43.669911,-79.766589,124000060450,AirNow preliminary observations
07/17/26,124000060521,Hamilton Mountain,PM2.5-24hr,UG/M3,136.2,24,Ontario Ministry of the Environment,212,4,43.24132,-79.889328,124000060521,AirNow preliminary observations
07/17/26,124000061603,Oakville,PM2.5-24hr,UG/M3,98.9,24,Ontario Ministry of the Environment,181,3,43.486917,-79.702278,124000061603,AirNow preliminary observations
07/17/26,124000065101,Newmarket,PM2.5-24hr,UG/M3,74.5,24,Ontario Ministry of the Environment,164,3,44.044306,-79.48325,124000065101,AirNow preliminary observations
07/17/26,124000067001,Milton,PM2.5-24hr,UG/M3,119.9,24,Ontario Ministry of the Environment,196,3,43.52965,-79.862449,124000067001,AirNow preliminary observations
07/17/26,124CC0041601,Miramichi,PM2.5-24hr,UG/M3,1.7,24,Canada-New Brunswick1,9,0,47.02567,-65.52049,124CC0041601,AirNow preliminary observations
07/17/26,170191001,BONDVILLE,PM2.5-24hr,UG/M3,9.1,24,Illinois EPA,51,1,40.052241,-88.372549,840170191001,AirNow preliminary observations
07/17/26,170310001,ALSIP,PM2.5-24hr,UG/M3,120.7,24,Illinois EPA,197,3,41.6708,-87.7325,840170310001,AirNow preliminary observations
07/17/26,170310022,CHI_WASH,PM2.5-24hr,UG/M3,107.6,24,Illinois EPA,188,3,41.6878,-87.5389,840170310022,AirNow preliminary observations
07/17/26,170310057,CHI_SP,PM2.5-24hr,UG/M3,116.8,24,Illinois EPA,194,3,41.9136,-87.7239,840170310057,AirNow preliminary observations
07/17/26,170310076,CHI_COM,PM2.5-24hr,UG/M3,97.1,24,Illinois EPA,180,3,41.7547,-87.7136,840170310076,AirNow preliminary observations
07/17/26,170313103,SCHILPRK,PM2.5-24hr,UG/M3,121.6,24,Illinois EPA,197,3,41.965,-87.8761,840170313103,AirNow preliminary observations
07/17/26,170314007,DESPLNS,PM2.5-24hr,UG/M3,111.7,24,Illinois EPA,190,3,42.0603,-87.8631,840170314007,AirNow preliminary observations
07/17/26,170314201,NORTHBRK,PM2.5-24hr,UG/M3,144.7,24,Illinois EPA,220,4,42.1406,-87.7994,840170314201,AirNow preliminary observations
07/17/26,170316005,Cicero Liberty,PM2.5-24hr,UG/M3,101.2,24,Illinois EPA,183,3,41.864329,-87.748826,840170316005,AirNow preliminary observations
07/17/26,170434002,Naperville,PM2.5-24hr,UG/M3,142.9,24,Illinois EPA,218,4,41.7714,-88.1522,840170434002,AirNow preliminary observations
07/17/26,170650002,KNIGHT_P,PM2.5-24hr,UG/M3,9.8,24,Illinois EPA,52,1,38.088902,-88.625,840170650002,AirNow preliminary observations
07/17/26,170830117,JERSEYVL,PM2.5-24hr,UG/M3,8.1,24,Illinois EPA,45,0,39.101439,-90.344494,840170830117,AirNow preliminary observations
07/17/26,171110001,CARY,PM2.5-24hr,UG/M3,102.1,24,Illinois EPA,184,3,42.2211,-88.2411,840171110001,AirNow preliminary observations
07/17/26,171132003,NORMAL,PM2.5-24hr,UG/M3,8.8,24,Illinois EPA,49,0,40.5169,-88.9975,840171132003,AirNow preliminary observations
07/17/26,171150013,DECATUR,PM2.5-24hr,UG/M3,10.6,24,Illinois EPA,54,1,39.8669,-88.9256,840171150013,AirNow preliminary observations
07/17/26,171191007,Granite City Fire Station,PM2.5-24hr,UG/M3,10.4,24,Illinois EPA,53,1,38.7045,-90.1397,840171191007,AirNow preliminary observations
07/17/26,171193007,Wood_River,PM2.5-24hr,UG/M3,10.9,24,Illinois EPA,54,1,38.8606,-90.1058,840171193007,AirNow preliminary observations
07/17/26,171430037,PEORIA_J,PM2.5-24hr,UG/M3,14.5,24,Illinois EPA,61,1,40.6978,-89.5889,840171430037,AirNow preliminary observations
07/17/26,171570001,HOUSTON,PM2.5-24hr,UG/M3,7.7,24,Illinois EPA,43,0,38.1761,-89.7883,840171570001,AirNow preliminary observations
07/17/26,171613002,ROCK_IS,PM2.5-24hr,UG/M3,11.0,24,Illinois EPA,55,1,41.5144,-90.5172,840171613002,AirNow preliminary observations
07/17/26,171630010,East St. Louis,PM2.5-24hr,UG/M3,10.0,24,Illinois EPA,53,1,38.611893,-90.160614,840171630010,AirNow preliminary observations
07/17/26,171670012,Springfield Ag,PM2.5-24hr,UG/M3,9.9,24,Illinois EPA,52,1,39.831921,-89.644164,840171670012,AirNow preliminary observations
07/17/26,171971002,Joliet,PM2.5-24hr,UG/M3,116.0,24,Illinois EPA,193,3,41.526885,-88.116474,840171971002,AirNow preliminary observations
07/17/26,171971011,BRAIDWD,PM2.5-24hr,UG/M3,105.8,24,Illinois EPA,186,3,41.2222,-88.1906,840171971011,AirNow preliminary observations
07/17/26,180050008,Columbus - Rocky Ford Rd,PM2.5-24hr,UG/M3,6.4,24,Indiana Dept. of Environmental Management,36,0,39.237457,-85.891332,840180050008,AirNow preliminary observations
07/17/26,180390008,Elkhart-Prairie St.,PM2.5-24hr,UG/M3,152.4,24,Indiana Dept. of Environmental Management,228,4,41.657155,-85.968446,840180390008,AirNow preliminary observations
07/17/26,180550001,Plummer,PM2.5-24hr,UG/M3,5.0,24,Indiana Dept. of Environmental Management,28,0,38.985556,-86.99,840180550001,AirNow preliminary observations
07/17/26,180570007,Fishers,PM2.5-24hr,UG/M3,11.2,24,Indiana Dept. of Environmental Management,55,1,39.960884,-85.939546,840180570007,AirNow preliminary observations
07/17/26,180650003,Mechanicsburg,PM2.5-24hr,UG/M3,21.5,24,Indiana Dept. of Environmental Management,74,1,40.009544,-85.52347,840180650003,AirNow preliminary observations
07/17/26,180670004,Kokomo - E. Vaile Ave.,PM2.5-24hr,UG/M3,26.0,24,Indiana Dept. of Environmental Management,82,1,40.481347,-86.109688,840180670004,AirNow preliminary observations
07/17/26,180890022,Gary-IITRI,PM2.5-24hr,UG/M3,104.0,24,Indiana Dept. of Environmental Management,185,3,41.606563,-87.305015,840180890022,AirNow preliminary observations
07/17/26,180890036,Hammond-167th St,PM2.5-24hr,UG/M3,98.6,24,Indiana Dept. of Environmental Management,181,3,41.594427,-87.495044,840180890036,AirNow preliminary observations
07/17/26,180950011,Anderson-Eastside Elem. Sch,PM2.5-24hr,UG/M3,20.4,24,Indiana Dept. of Environmental Management,72,1,40.12569,-85.652127,840180950011,AirNow preliminary observations
07/17/26,180970078,Indpls-Washington Park,PM2.5-24hr,UG/M3,9.5,24,Indiana Dept. of Environmental Management,52,1,39.810833,-86.114444,840180970078,AirNow preliminary observations
07/17/26,180970081,Indpls-W.18th St,PM2.5-24hr,UG/M3,9.3,24,Indiana Dept. of Environmental Management,51,1,39.788889,-86.214722,840180970081,AirNow preliminary observations
07/17/26,180970087,Indpls - I-70 E,PM2.5-24hr,UG/M3,12.1,24,Indiana Dept. of Environmental Management,57,1,39.787933,-86.13088,840180970087,AirNow preliminary observations
07/17/26,181050003,Bloomington - Binford,PM2.5-24hr,UG/M3,6.0,24,Indiana Dept. of Environmental Management,33,0,39.159372,-86.504747,840181050003,AirNow preliminary observations
07/17/26,181270024,Ogden Dunes,PM2.5-24hr,UG/M3,120.7,24,Indiana Dept. of Environmental Management,197,3,41.617814,-87.199533,840181270024,AirNow preliminary observations
07/17/26,181410015,South Bend-Shields Dr,PM2.5-24hr,UG/M3,150.8,24,Indiana Dept. of Environmental Management,226,4,41.696667,-86.214722,840181410015,AirNow preliminary observations
07/17/26,181570008,Lafayette-Greenbush St,PM2.5-24hr,UG/M3,17.4,24,Indiana Dept. of Environmental Management,66,1,40.431667,-86.8525,840181570008,AirNow preliminary observations
07/17/26,181630021,Evansville-Buena Vista,PM2.5-24hr,UG/M3,6.7,24,Indiana Dept. of Environmental Management,37,0,38.01325,-87.577923,840181630021,AirNow preliminary observations
07/17/26,181670018,Terre Haute-Lafayette Ave,PM2.5-24hr,UG/M3,7.5,24,Indiana Dept. of Environmental Management,42,0,39.485987,-87.401312,840181670018,AirNow preliminary observations
07/17/26,181830003,Larwill,PM2.5-24hr,UG/M3,149.7,24,Indiana Dept. of Environmental Management,225,4,41.169722,-85.629444,840181830003,AirNow preliminary observations
07/17/26,190130009,"Waterloo, Water Tower",PM2.5-24hr,UG/M3,9.3,24,Iowa DNR,51,1,42.5014,-92.315804,840190130009,AirNow preliminary observations
07/17/26,190450019,"Clinton, Chancy Park",PM2.5-24hr,UG/M3,12.9,24,Iowa DNR,58,1,41.823101,-90.211899,840190450019,AirNow preliminary observations
07/17/26,191032001,"Iowa City, Hoover School",PM2.5-24hr,UG/M3,12.0,24,Iowa DNR,56,1,41.658195,-91.503471,840191032001,AirNow preliminary observations
07/17/26,191130040,PUBLIC HEALTH,PM2.5-24hr,UG/M3,10.5,24,Linn Co. Public Health ,54,1,41.9767,-91.6878,840191130040,AirNow preliminary observations
07/17/26,191370002,Viking Lake State Park,PM2.5-24hr,UG/M3,8.6,24,Iowa DNR,48,0,40.970001,-95.044998,840191370002,AirNow preliminary observations
07/17/26,191390019,"Muscatine, High School East Campus",PM2.5-24hr,UG/M3,7.3,24,Iowa DNR,41,0,41.4014,-91.0684,840191390019,AirNow preliminary observations
07/17/26,191471002,"Emmetsburg, ILCC",PM2.5-24hr,UG/M3,8.1,24,Iowa DNR,45,0,43.123299,-94.693298,840191471002,AirNow preliminary observations
07/17/26,191530030,CARPENTER,PM2.5-24hr,UG/M3,9.9,24,Polk Co. Air Quality Division,52,1,41.6031,-93.643303,840191530030,AirNow preliminary observations
07/17/26,191630015,"Davenport, 10th & Vine",PM2.5-24hr,UG/M3,9.5,24,Iowa DNR,52,1,41.529999,-90.587502,840191630015,AirNow preliminary observations
07/17/26,191770006,Lake Sugema,PM2.5-24hr,UG/M3,10.5,24,Iowa DNR,54,1,40.693298,-92.006104,840191770006,AirNow preliminary observations
07/17/26,200910010,Heritage Park,PM2.5-24hr,UG/M3,8.7,24,Kansas Dept. of Health and Environment,48,0,38.8386,-94.7464,840200910010,AirNow preliminary observations
07/17/26,201330003,Chanute,PM2.5-24hr,UG/M3,11.5,24,Kansas Dept. of Health and Environment,55,1,37.67696,-95.47594,840201330003,AirNow preliminary observations
07/17/26,201730010,WHlthDpt,PM2.5-24hr,UG/M3,10.2,24,Kansas Dept. of Health and Environment,53,1,37.7011,-97.3139,840201730010,AirNow preliminary observations
07/17/26,201770013,KNI-Topeka,PM2.5-24hr,UG/M3,10.3,24,Kansas Dept. of Health and Environment,53,1,39.0242,-95.7114,840201770013,AirNow preliminary observations
07/17/26,201910002,PECK,PM2.5-24hr,UG/M3,8.8,24,Kansas Dept. of Health and Environment,49,0,37.4769,-97.3664,840201910002,AirNow preliminary observations
07/17/26,201950001,Cedar Bluff,PM2.5-24hr,UG/M3,4.8,24,Kansas Dept. of Health and Environment,27,0,38.7703,-99.7636,840201950001,AirNow preliminary observations
07/17/26,202090021,WY/KC,PM2.5-24hr,UG/M3,8.9,24,Kansas Dept. of Health and Environment,49,0,39.1175,-94.6356,840202090021,AirNow preliminary observations
07/17/26,210130002,MIDAIR,PM2.5-24hr,UG/M3,6.5,24,Kentucky DEP,36,0,36.6081,-83.7369,840210130002,AirNow preliminary observations
07/17/26,210190017,FIVCO,PM2.5-24hr,UG/M3,11.9,24,Kentucky DEP,56,1,38.4592,-82.6339,840210190017,AirNow preliminary observations
07/17/26,210373002,NKU,PM2.5-24hr,UG/M3,9.1,24,Kentucky DEP,51,1,39.0217,-84.4744,840210373002,AirNow preliminary observations
07/17/26,210430500,GRAYSON,PM2.5-24hr,UG/M3,12.0,24,Kentucky DEP,56,1,38.2383,-82.9883,840210430500,AirNow preliminary observations
07/17/26,210670012,NEWTWN,PM2.5-24hr,UG/M3,5.2,24,Kentucky DEP,29,0,38.065,-84.5,840210670012,AirNow preliminary observations
07/17/26,211110051,WATSON,PM2.5-24hr,UG/M3,7.7,24,Louisville Metro Air Pollution Control District ,43,0,38.0608,-85.8961,840211110051,AirNow preliminary observations
07/17/26,211110067,Cannons Lane,PM2.5-24hr,UG/M3,6.0,24,Louisville Metro Air Pollution Control District ,33,0,38.2286,-85.6544,840211110067,AirNow preliminary observations
07/17/26,211110075,Near Road,PM2.5-24hr,UG/M3,6.5,24,Louisville Metro Air Pollution Control District ,36,0,38.1935,-85.7121,840211110075,AirNow preliminary observations
07/17/26,211110080,Carrithers Middle School,PM2.5-24hr,UG/M3,6.1,24,Louisville Metro Air Pollution Control District ,34,0,38.1825,-85.5744,840211110080,AirNow preliminary observations
07/17/26,211111041,Algonquin Parkway,PM2.5-24hr,UG/M3,8.5,24,Louisville Metro Air Pollution Control District ,47,0,38.23158,-85.82675,840211111041,AirNow preliminary observations
07/17/26,211130001,NICHVILL,PM2.5-24hr,UG/M3,5.1,24,Kentucky DEP,28,0,37.8933,-84.5892,840211130001,AirNow preliminary observations
07/17/26,211930003,HAZ2,PM2.5-24hr,UG/M3,5.6,24,Kentucky DEP,31,0,37.2831,-83.2203,840211930003,AirNow preliminary observations
07/17/26,211950002,PIKE2001,PM2.5-24hr,UG/M3,9.5,24,Kentucky DEP,52,1,37.4828,-82.5353,840211950002,AirNow preliminary observations
07/17/26,211990003,SOMERST,PM2.5-24hr,UG/M3,5.1,24,Kentucky DEP,28,0,37.097801,-84.611702,840211990003,AirNow preliminary observations
07/17/26,212270009,Smiths Grove,PM2.5-24hr,UG/M3,4.9,24,Kentucky DEP,27,0,37.04926,-86.21487,840212270009,AirNow preliminary observations
07/17/26,230010011,Lewiston,PM2.5-24hr,UG/M3,3.9,24,Maine Dept. of Environmental Protection,22,0,44.089355,-70.214134,840230010011,AirNow preliminary observations
07/17/26,230030014,Madawaska PSB,PM2.5-24hr,UG/M3,4.1,24,Maine Dept. of Environmental Protection,23,0,47.3553,-68.3211,840230030014,AirNow preliminary observations
07/17/26,230031011,Presque Isle Riverside,PM2.5-24hr,UG/M3,4.4,24,Maine Dept. of Environmental Protection,24,0,46.682299,-68.016195,840230031011,AirNow preliminary observations
07/17/26,230090103,Acadia NP - McFarland,PM2.5-24hr,UG/M3,3.0,24,Maine Dept. of Environmental Protection,17,0,44.377048,-68.260902,840230090103,AirNow preliminary observations
07/17/26,230190017,Bangor MSS,PM2.5-24hr,UG/M3,2.9,24,Maine Dept. of Environmental Protection,16,0,44.817398,-68.772762,840230190017,AirNow preliminary observations
07/17/26,240051007,Padonia,PM2.5-24hr,UG/M3,113.7,24,Maryland Department of the Environment,192,3,39.462002,-76.631599,840240051007,AirNow preliminary observations
07/17/26,240150003,Fair Hill,PM2.5-24hr,UG/M3,98.2,24,Maryland Department of the Environment,181,3,39.701099,-75.860001,840240150003,AirNow preliminary observations
07/17/26,240190004,Horn Point,PM2.5-24hr,UG/M3,93.0,24,Maryland Department of the Environment,177,3,38.5876,-76.1408,840240190004,AirNow preliminary observations
07/17/26,240230002,Piney Run,PM2.5-24hr,UG/M3,146.8,24,Maryland Department of the Environment,222,4,39.705799,-79.011902,840240230002,AirNow preliminary observations
07/17/26,240251001,Edgewood,PM2.5-24hr,UG/M3,114.0,24,Maryland Department of the Environment,192,3,39.41,-76.2967,840240251001,AirNow preliminary observations
07/17/26,240270006,Howard County Near Road,PM2.5-24hr,UG/M3,111.9,24,Maryland Department of the Environment,191,3,39.143197,-76.846192,840240270006,AirNow preliminary observations
07/17/26,240290002,Millington,PM2.5-24hr,UG/M3,95.1,24,Maryland Department of the Environment,179,3,39.305199,-75.797203,840240290002,AirNow preliminary observations
07/17/26,240313001,Rockville,PM2.5-24hr,UG/M3,110.6,24,Maryland Department of the Environment,190,3,39.114399,-77.106903,840240313001,AirNow preliminary observations
07/17/26,240330030,HU-Beltsville,PM2.5-24hr,UG/M3,121.1,24,Maryland Department of the Environment,197,3,39.055302,-76.878304,840240330030,AirNow preliminary observations
07/17/26,240430009,Hagerstown,PM2.5-24hr,UG/M3,143.7,24,Maryland Department of the Environment,219,4,39.565601,-77.721901,840240430009,AirNow preliminary observations
07/17/26,250036001,North Adams,PM2.5-24hr,UG/M3,12.0,24,Massachusetts Dept. of Environmental Protection,56,1,42.702223,-73.110414,840250036001,AirNow preliminary observations
07/17/26,250051004,Fall River,PM2.5-24hr,UG/M3,14.4,24,Massachusetts Dept. of Environmental Protection,61,1,41.6833,-71.169701,840250051004,AirNow preliminary observations
07/17/26,250092006,Lynn,PM2.5-24hr,UG/M3,7.9,24,Massachusetts Dept. of Environmental Protection,44,0,42.474701,-70.971901,840250092006,AirNow preliminary observations
07/17/26,250112005,Greenfield,PM2.5-24hr,UG/M3,12.0,24,Massachusetts Dept. of Environmental Protection,56,1,42.605816,-72.596689,840250112005,AirNow preliminary observations
07/17/26,250130008,Chicopee,PM2.5-24hr,UG/M3,15.0,24,Massachusetts Dept. of Environmental Protection,62,1,42.194401,-72.555603,840250130008,AirNow preliminary observations
07/17/26,250130018,Springfield,PM2.5-24hr,UG/M3,18.3,24,Massachusetts Dept. of Environmental Protection,68,1,42.120248,-72.58499,840250130018,AirNow preliminary observations
07/17/26,250230005,Brockton,PM2.5-24hr,UG/M3,16.8,24,Massachusetts Dept. of Environmental Protection,65,1,42.065119,-71.012686,840250230005,AirNow preliminary observations
07/17/26,250250002,Boston - Kenmore Sq,PM2.5-24hr,UG/M3,10.1,24,Massachusetts Dept. of Environmental Protection,53,1,42.3489,-71.097702,840250250002,AirNow preliminary observations
07/17/26,250250042,Boston - Roxbury,PM2.5-24hr,UG/M3,9.3,24,Massachusetts Dept. of Environmental Protection,51,1,42.329399,-71.082497,840250250042,AirNow preliminary observations
07/17/26,250250044,Boston - Von Hillern St,PM2.5-24hr,UG/M3,10.0,24,Massachusetts Dept. of Environmental Protection,53,1,42.325197,-71.056056,840250250044,AirNow preliminary observations
07/17/26,250270023,Worcester - Summer St,PM2.5-24hr,UG/M3,12.1,24,Massachusetts Dept. of Environmental Protection,57,1,42.263901,-71.794701,840250270023,AirNow preliminary observations
07/17/26,250270024,Uxbridge,PM2.5-24hr,UG/M3,14.7,24,Massachusetts Dept. of Environmental Protection,61,1,42.0997,-71.62,840250270024,AirNow preliminary observations
07/17/26,260050003,Holland,PM2.5-24hr,UG/M3,149.5,24,"Michigan Department of Environment, Great Lakes, and Energy",225,4,42.767799,-86.148598,840260050003,AirNow preliminary observations
07/17/26,260170014,Bay City,PM2.5-24hr,UG/M3,203.1,24,"Michigan Department of Environment, Great Lakes, and Energy",278,4,43.5714,-83.8908,840260170014,AirNow preliminary observations
07/17/26,260650018,Lansing,PM2.5-24hr,UG/M3,213.3,24,"Michigan Department of Environment, Great Lakes, and Energy",288,4,42.76138,-84.562867,840260650018,AirNow preliminary observations
07/17/26,260770008,Kalamazoo,PM2.5-24hr,UG/M3,179.0,24,"Michigan Department of Environment, Great Lakes, and Energy",254,4,42.2781,-85.5419,840260770008,AirNow preliminary observations
07/17/26,260810020,Grand Rapids - Monroe,PM2.5-24hr,UG/M3,205.9,24,"Michigan Department of Environment, Great Lakes, and Energy",281,4,42.984699,-85.671097,840260810020,AirNow preliminary observations
07/17/26,260910007,Tecumseh,PM2.5-24hr,UG/M3,208.9,24,"Michigan Department of Environment, Great Lakes, and Energy",284,4,41.995602,-83.946701,840260910007,AirNow preliminary observations
07/17/26,260990009,New Haven,PM2.5-24hr,UG/M3,186.6,24,"Michigan Department of Environment, Great Lakes, and Energy",262,4,42.7314,-82.7936,840260990009,AirNow preliminary observations
07/17/26,261010922,Little River Band-Manistee,PM2.5-24hr,UG/M3,184.6,24,"Michigan Department of Environment, Great Lakes, and Energy",260,4,44.3069,-86.2428,840261010922,AirNow preliminary observations
07/17/26,261130001,Houghton Lake,PM2.5-24hr,UG/M3,151.2,24,"Michigan Department of Environment, Great Lakes, and Energy",226,4,44.3106,-84.891899,840261130001,AirNow preliminary observations
07/17/26,261250001,Oak Park,PM2.5-24hr,UG/M3,205.5,24,"Michigan Department of Environment, Great Lakes, and Energy",280,4,42.4631,-83.183296,840261250001,AirNow preliminary observations
07/17/26,261390005,Jenison,PM2.5-24hr,UG/M3,198.7,24,"Michigan Department of Environment, Great Lakes, and Energy",274,4,42.894402,-85.852798,840261390005,AirNow preliminary observations
07/17/26,261470005,Port Huron,PM2.5-24hr,UG/M3,182.4,24,"Michigan Department of Environment, Great Lakes, and Energy",257,4,42.9533,-82.4564,840261470005,AirNow preliminary observations
07/17/26,261530001,Seney,PM2.5-24hr,UG/M3,117.7,24,"Michigan Department of Environment, Great Lakes, and Energy",195,3,46.2889,-85.9503,840261530001,AirNow preliminary observations
07/17/26,261610008,Ypsilanti,PM2.5-24hr,UG/M3,207.0,24,"Michigan Department of Environment, Great Lakes, and Energy",282,4,42.24,-83.5997,840261610008,AirNow preliminary observations
07/17/26,261630001,Allen Park,PM2.5-24hr,UG/M3,189.0,24,"Michigan Department of Environment, Great Lakes, and Energy",264,4,42.2283,-83.2092,840261630001,AirNow preliminary observations
07/17/26,261630015,Detroit-Southwest,PM2.5-24hr,UG/M3,200.0,24,"Michigan Department of Environment, Great Lakes, and Energy",275,4,42.3042,-83.1072,840261630015,AirNow preliminary observations
07/17/26,261630019,Detroit-E7 Mile,PM2.5-24hr,UG/M3,176.6,24,"Michigan Department of Environment, Great Lakes, and Energy",252,4,42.430801,-83.000801,840261630019,AirNow preliminary observations
07/17/26,261630033,Dearborn,PM2.5-24hr,UG/M3,198.3,24,"Michigan Department of Environment, Great Lakes, and Energy",273,4,42.3075,-83.15,840261630033,AirNow preliminary observations
07/17/26,261630093,Eliza Howell - Near Roadway,PM2.5-24hr,UG/M3,155.0,24,"Michigan Department of Environment, Great Lakes, and Energy",230,4,42.38599,-83.266319,840261630093,AirNow preliminary observations
07/17/26,261630097,Detroit-NMH48217,PM2.5-24hr,UG/M3,194.7,24,"Michigan Department of Environment, Great Lakes, and Energy",270,4,42.261669,-83.157893,840261630097,AirNow preliminary observations
07/17/26,261630098,Detroit-DP4th,PM2.5-24hr,UG/M3,192.1,24,"Michigan Department of Environment, Great Lakes, and Energy",267,4,42.312158,-83.091943,840261630098,AirNow preliminary observations
07/17/26,261630099,Detroit-Trinity,PM2.5-24hr,UG/M3,195.6,24,"Michigan Department of Environment, Great Lakes, and Energy",270,4,42.295824,-83.129431,840261630099,AirNow preliminary observations
07/17/26,261630100,Detroit-Military Park,PM2.5-24hr,UG/M3,181.9,24,"Michigan Department of Environment, Great Lakes, and Energy",257,4,42.312078,-83.103469,840261630100,AirNow preliminary observations
07/17/26,270031002,Blaine,PM2.5-24hr,UG/M3,13.5,24,Minnesota Pollution Control Agency,59,1,45.1425,-93.2139,840270031002,AirNow preliminary observations
07/17/26,270052013,Detroit Lakes,PM2.5-24hr,UG/M3,23.9,24,Minnesota Pollution Control Agency,79,1,46.8511,-95.8467,840270052013,AirNow preliminary observations
07/17/26,270072304,Red Lake Nation Hospital,PM2.5-24hr,UG/M3,37.5,24,Minnesota Pollution Control Agency,106,2,47.878159,-95.029172,840270072304,AirNow preliminary observations
07/17/26,270177417,Fond du Lac,PM2.5-24hr,UG/M3,156.1,24,Minnesota Pollution Control Agency,231,4,46.713694,-92.511722,840270177417,AirNow preliminary observations
07/17/26,270213410,Leech Lake Nation: Cass Lake,PM2.5-24hr,UG/M3,52.6,24,Minnesota Pollution Control Agency,143,2,47.38443,-94.60166,840270213410,AirNow preliminary observations
07/17/26,270317810,Grand Portage,PM2.5-24hr,UG/M3,141.7,24,Minnesota Pollution Control Agency,217,4,47.9721,-89.6908,840270317810,AirNow preliminary observations
07/17/26,270353204,Brainerd,PM2.5-24hr,UG/M3,46.4,24,Minnesota Pollution Control Agency,128,2,46.3944,-94.1433,840270353204,AirNow preliminary observations
07/17/26,270370470,Apple Valley,PM2.5-24hr,UG/M3,12.9,24,Minnesota Pollution Control Agency,58,1,44.7383,-93.2372,840270370470,AirNow preliminary observations
07/17/26,270370480,Lakeville - Near Road,PM2.5-24hr,UG/M3,10.2,24,Minnesota Pollution Control Agency,53,1,44.706123,-93.285803,840270370480,AirNow preliminary observations
07/17/26,270530909,Minneapolis - Lowry Ave,PM2.5-24hr,UG/M3,15.0,24,Minnesota Pollution Control Agency,62,1,45.012102,-93.276699,840270530909,AirNow preliminary observations
07/17/26,270530910,Minneapolis - Pacific St,PM2.5-24hr,UG/M3,15.5,24,Minnesota Pollution Control Agency,63,1,45.008297,-93.277041,840270530910,AirNow preliminary observations
07/17/26,270530962,Minneapolis - Near Road,PM2.5-24hr,UG/M3,12.2,24,Minnesota Pollution Control Agency,57,1,44.9653,-93.2551,840270530962,AirNow preliminary observations
07/17/26,270531904,Minneapolis - East Phillips Community,PM2.5-24hr,UG/M3,13.7,24,Minnesota Pollution Control Agency,60,1,44.95208,-93.24428,840270531904,AirNow preliminary observations
07/17/26,270750005,Ely,PM2.5-24hr,UG/M3,147.6,24,Minnesota Pollution Control Agency,223,4,47.9464,-91.4953,840270750005,AirNow preliminary observations
07/17/26,271095008,Rochester,PM2.5-24hr,UG/M3,11.9,24,Minnesota Pollution Control Agency,56,1,43.9947,-92.4497,840271095008,AirNow preliminary observations
07/17/26,271230871,St. Paul-Harding H.S.,PM2.5-24hr,UG/M3,14.1,24,Minnesota Pollution Control Agency,60,1,44.9594,-93.0356,840271230871,AirNow preliminary observations
07/17/26,271377001,Virginia,PM2.5-24hr,UG/M3,220.3,24,Minnesota Pollution Control Agency,295,4,47.5212,-92.5393,840271377001,AirNow preliminary observations
07/17/26,271377550,Duluth-WDSE,PM2.5-24hr,UG/M3,195.3,24,Minnesota Pollution Control Agency,270,4,46.8183,-92.0892,840271377550,AirNow preliminary observations
07/17/26,271377554,West Duluth,PM2.5-24hr,UG/M3,225.7,24,Minnesota Pollution Control Agency,301,5,46.743889,-92.166946,840271377554,AirNow preliminary observations
07/17/26,271390505,Shakopee,PM2.5-24hr,UG/M3,12.4,24,Minnesota Pollution Control Agency,57,1,44.789398,-93.512497,840271390505,AirNow preliminary observations
07/17/26,271453052,St. Cloud,PM2.5-24hr,UG/M3,17.4,24,Minnesota Pollution Control Agency,66,1,45.55,-94.1333,840271453052,AirNow preliminary observations
07/17/26,271713201,St. Michael,PM2.5-24hr,UG/M3,15.4,24,Minnesota Pollution Control Agency,63,1,45.2108,-93.6686,840271713201,AirNow preliminary observations
07/17/26,290210005,St. Joseph,PM2.5-24hr,UG/M3,8.9,24,Missouri Department of Natural Resources,49,0,39.741667,-94.858333,840290210005,AirNow preliminary observations
07/17/26,290370003,RG_South,PM2.5-24hr,UG/M3,7.6,24,Missouri Department of Natural Resources,42,0,38.75961,-94.57983,840290370003,AirNow preliminary observations
07/17/26,290390001,El Do Springs,PM2.5-24hr,UG/M3,11.9,24,Missouri Department of Natural Resources,56,1,37.70097,-94.03474,840290390001,AirNow preliminary observations
07/17/26,290470005,Liberty,PM2.5-24hr,UG/M3,6.4,24,Missouri Department of Natural Resources,36,0,39.303056,-94.376389,840290470005,AirNow preliminary observations
07/17/26,290770036,Hillcrest HS,PM2.5-24hr,UG/M3,12.5,24,Missouri Department of Natural Resources,57,1,37.256069,-93.299692,840290770036,AirNow preliminary observations
07/17/26,290950034,Troost,PM2.5-24hr,UG/M3,7.3,24,Missouri Department of Natural Resources,41,0,39.10465,-94.57055,840290950034,AirNow preliminary observations
07/17/26,290990019,Arnold West,PM2.5-24hr,UG/M3,8.7,24,Missouri Department of Natural Resources,48,0,38.448581,-90.398436,840290990019,AirNow preliminary observations
07/17/26,291893001,Ladue,PM2.5-24hr,UG/M3,7.6,24,Missouri Department of Natural Resources,42,0,38.650259,-90.350463,840291893001,AirNow preliminary observations
07/17/26,295100007,South Broadway,PM2.5-24hr,UG/M3,9.2,24,Missouri Department of Natural Resources,51,1,38.5425,-90.263611,840295100007,AirNow preliminary observations
07/17/26,295100085,Blair Street,PM2.5-24hr,UG/M3,10.7,24,Missouri Department of Natural Resources,54,1,38.656449,-90.198548,840295100085,AirNow preliminary observations
07/17/26,295100093,Branch Street,PM2.5-24hr,UG/M3,11.1,24,Missouri Department of Natural Resources,55,1,38.65643,-90.18977,840295100093,AirNow preliminary observations
07/17/26,295100094,Forest Park,PM2.5-24hr,UG/M3,8.9,24,Missouri Department of Natural Resources,49,0,38.631057,-90.281144,840295100094,AirNow preliminary observations
07/17/26,310550019,NCORE,PM2.5-24hr,UG/M3,8.3,24,Douglas County Health Department (Omaha),46,0,41.2474,-95.9731,840310550019,AirNow preliminary observations
07/17/26,311090022,LLCHD BAM,PM2.5-24hr,UG/M3,9.4,24,Lincoln-Lancaster County Health Department,52,1,40.812558,-96.675733,840311090022,AirNow preliminary observations
07/17/26,311530007,2912 Coffey,PM2.5-24hr,UG/M3,7.0,24,Douglas County Health Department (Omaha),39,0,41.133317,-95.956078,840311530007,AirNow preliminary observations
07/17/26,330050007,Keene,PM2.5-24hr,UG/M3,10.6,24,New Hampshire Dept. of Environmental Services,54,1,42.930521,-72.272332,840330050007,AirNow preliminary observations
07/17/26,330090010,Lebanon,PM2.5-24hr,UG/M3,4.9,24,New Hampshire Dept. of Environmental Services,27,0,43.629605,-72.309499,840330090010,AirNow preliminary observations
07/17/26,330115001,Miller State Park,PM2.5-24hr,UG/M3,8.1,24,New Hampshire Dept. of Environmental Services,45,0,42.86183,-71.878626,840330115001,AirNow preliminary observations
07/17/26,330150014,Portsmouth,PM2.5-24hr,UG/M3,6.0,24,New Hampshire Dept. of Environmental Services,33,0,43.075371,-70.748017,840330150014,AirNow preliminary observations
07/17/26,330150018,Londonderry - Moose Hill,PM2.5-24hr,UG/M3,8.4,24,New Hampshire Dept. of Environmental Services,47,0,42.862531,-71.38014,840330150018,AirNow preliminary observations
07/17/26,340010006,Brigantine,PM2.5-24hr,UG/M3,81.9,24,New Jersey Dept. of Environmental Protection,170,3,39.46487,-74.448738,840340010006,AirNow preliminary observations
07/17/26,340030010,Fort Lee Near Road,PM2.5-24hr,UG/M3,35.7,24,New Jersey Dept. of Environmental Protection,101,2,40.85355,-73.9661,840340030010,AirNow preliminary observations
07/17/26,340070010,South Camden,PM2.5-24hr,UG/M3,84.0,24,New Jersey Dept. of Environmental Protection,171,3,39.923969,-75.122314,840340070010,AirNow preliminary observations
07/17/26,340110007,Millville,PM2.5-24hr,UG/M3,62.8,24,New Jersey Dept. of Environmental Protection,156,3,39.422272,-75.0252,840340110007,AirNow preliminary observations
07/17/26,340150002,Clarksboro,PM2.5-24hr,UG/M3,86.7,24,New Jersey Dept. of Environmental Protection,173,3,39.800339,-75.21212,840340150002,AirNow preliminary observations
07/17/26,340171003,Jersey City FH,PM2.5-24hr,UG/M3,38.6,24,New Jersey Dept. of Environmental Protection,109,2,40.725452,-74.052292,840340171003,AirNow preliminary observations
07/17/26,340190001,Flemington,PM2.5-24hr,UG/M3,63.1,24,New Jersey Dept. of Environmental Protection,156,3,40.515251,-74.806755,840340190001,AirNow preliminary observations
07/17/26,340210005,Rider University,PM2.5-24hr,UG/M3,67.7,24,New Jersey Dept. of Environmental Protection,160,3,40.283092,-74.742645,840340210005,AirNow preliminary observations
07/17/26,340230011,Rutgers University,PM2.5-24hr,UG/M3,55.3,24,New Jersey Dept. of Environmental Protection,150,2,40.462181,-74.429436,840340230011,AirNow preliminary observations
07/17/26,340273001,Chester,PM2.5-24hr,UG/M3,42.9,24,New Jersey Dept. of Environmental Protection,119,2,40.787628,-74.6763,840340273001,AirNow preliminary observations
07/17/26,340390004,Elizabeth Trailer,PM2.5-24hr,UG/M3,43.4,24,New Jersey Dept. of Environmental Protection,120,2,40.641441,-74.208366,840340390004,AirNow preliminary observations
07/17/26,340392003,Rahway PM,PM2.5-24hr,UG/M3,44.7,24,New Jersey Dept. of Environmental Protection,124,2,40.603943,-74.276176,840340392003,AirNow preliminary observations
07/17/26,340410007,Columbia,PM2.5-24hr,UG/M3,39.9,24,New Jersey Dept. of Environmental Protection,112,2,40.924606,-75.067825,840340410007,AirNow preliminary observations
07/17/26,360010005,Albany,PM2.5-24hr,UG/M3,12.7,24,New York Dept. of Environmental Conservation,58,1,42.6425,-73.7547,840360010005,AirNow preliminary observations
07/17/26,360050110,Bronx - IS52,PM2.5-24hr,UG/M3,44.1,24,New York Dept. of Environmental Conservation,122,2,40.816101,-73.902199,840360050110,AirNow preliminary observations
07/17/26,360050112,Bronx - IS74,PM2.5-24hr,UG/M3,46.8,24,New York Dept. of Environmental Conservation,129,2,40.814701,-73.886703,840360050112,AirNow preliminary observations
07/17/26,360290005,Buffalo,PM2.5-24hr,UG/M3,79.4,24,New York Dept. of Environmental Conservation,168,3,42.8781,-78.8094,840360290005,AirNow preliminary observations
07/17/26,360310003,Whiteface Mtn,PM2.5-24hr,UG/M3,5.2,24,New York Dept. of Environmental Conservation,29,0,44.39308,-73.8589,840360310003,AirNow preliminary observations
07/17/26,360470052,Bklyn - PS 314,PM2.5-24hr,UG/M3,57.0,24,New York Dept. of Environmental Conservation,152,3,40.641819,-74.018707,840360470052,AirNow preliminary observations
07/17/26,360470118,Bklyn - PS274,PM2.5-24hr,UG/M3,54.3,24,New York Dept. of Environmental Conservation,147,2,40.694401,-73.928596,840360470118,AirNow preliminary observations
07/17/26,360550015,Rochester Near-road,PM2.5-24hr,UG/M3,16.7,24,New York Dept. of Environmental Conservation,65,1,43.145021,-77.557608,840360550015,AirNow preliminary observations
07/17/26,360551007,Rochester,PM2.5-24hr,UG/M3,16.7,24,New York Dept. of Environmental Conservation,65,1,43.1461,-77.5481,840360551007,AirNow preliminary observations
07/17/26,360610115,Manhattan/IS143,PM2.5-24hr,UG/M3,35.9,24,New York Dept. of Environmental Conservation,102,2,40.8492,-73.9319,840360610115,AirNow preliminary observations
07/17/26,360610135,CCNY,PM2.5-24hr,UG/M3,51.0,24,New York Dept. of Environmental Conservation,139,2,40.8197,-73.9481,840360610135,AirNow preliminary observations
07/17/26,360671015,E Syracuse,PM2.5-24hr,UG/M3,26.3,24,New York Dept. of Environmental Conservation,83,1,43.0528,-76.0597,840360671015,AirNow preliminary observations
07/17/26,360710002,Newburgh,PM2.5-24hr,UG/M3,27.7,24,New York Dept. of Environmental Conservation,86,1,41.4994,-74.0097,840360710002,AirNow preliminary observations
07/17/26,360810120,Maspeth,PM2.5-24hr,UG/M3,37.5,24,New York Dept. of Environmental Conservation,106,2,40.7269,-73.8933,840360810120,AirNow preliminary observations
07/17/26,360810124,Queens,PM2.5-24hr,UG/M3,52.9,24,New York Dept. of Environmental Conservation,144,2,40.7375,-73.8244,840360810124,AirNow preliminary observations
07/17/26,360810125,Queens Near-road,PM2.5-24hr,UG/M3,47.7,24,New York Dept. of Environmental Conservation,131,2,40.739264,-73.817694,840360810125,AirNow preliminary observations
07/17/26,360850111,Fresh Kills,PM2.5-24hr,UG/M3,61.4,24,New York Dept. of Environmental Conservation,155,3,40.5802,-74.1994,840360850111,AirNow preliminary observations
07/17/26,360870005,Rockland Cty,PM2.5-24hr,UG/M3,26.8,24,New York Dept. of Environmental Conservation,84,1,41.182079,-74.028191,840360870005,AirNow preliminary observations
07/17/26,361010003,Pinnacle State Park,PM2.5-24hr,UG/M3,42.6,24,New York Dept. of Environmental Conservation,118,2,42.0972,-77.2103,840361010003,AirNow preliminary observations
07/17/26,361030009,Holtsville,PM2.5-24hr,UG/M3,43.5,24,New York Dept. of Environmental Conservation,121,2,40.8278,-73.0575,840361030009,AirNow preliminary observations
07/17/26,361192004,White Plains,PM2.5-24hr,UG/M3,26.7,24,New York Dept. of Environmental Conservation,84,1,41.0522,-73.7642,840361192004,AirNow preliminary observations
07/17/26,370210034,BDED,PM2.5-24hr,UG/M3,8.1,24,North Carolina DEQ - Division of Air Quality,45,0,35.60662,-82.582551,840370210034,AirNow preliminary observations
07/17/26,370350004,HICKORY,PM2.5-24hr,UG/M3,12.0,24,North Carolina DEQ - Division of Air Quality,56,1,35.728889,-81.365556,840370350004,AirNow preliminary observations
07/17/26,370570002,LWATTOWR,PM2.5-24hr,UG/M3,17.2,24,North Carolina DEQ - Division of Air Quality,66,1,35.8145,-80.2627,840370570002,AirNow preliminary observations
07/17/26,370630015,Durham Armory,PM2.5-24hr,UG/M3,11.3,24,North Carolina DEQ - Division of Air Quality,55,1,36.032955,-78.904037,840370630015,AirNow preliminary observations
07/17/26,370630099,Burdens Creek,PM2.5-24hr,UG/M3,18.3,24,EPA Office of State Air Partnerships,68,1,35.889402,-78.8747,840370630099,AirNow preliminary observations
07/17/26,370650099,LEGGETT,PM2.5-24hr,UG/M3,16.6,24,North Carolina DEQ - Division of Air Quality,65,1,35.988278,-77.5843,840370650099,AirNow preliminary observations
07/17/26,370670022,Hattie Avenue,PM2.5-24hr,UG/M3,22.8,24,Forsyth County Office of Environmental Assistance and Protection,77,1,36.110927,-80.224435,840370670022,AirNow preliminary observations
07/17/26,370670030,Clemmons Middle,PM2.5-24hr,UG/M3,20.0,24,Forsyth County Office of Environmental Assistance and Protection,71,1,36.025979,-80.342254,840370670030,AirNow preliminary observations
07/17/26,370810013,MENDNHAL,PM2.5-24hr,UG/M3,19.5,24,North Carolina DEQ - Division of Air Quality,70,1,36.109006,-79.802314,840370810013,AirNow preliminary observations
07/17/26,371010002,JOHNSTON,PM2.5-24hr,UG/M3,19.8,24,North Carolina DEQ - Division of Air Quality,71,1,35.59095,-78.4622,840371010002,AirNow preliminary observations
07/17/26,371190041,Garinger,PM2.5-24hr,UG/M3,13.3,24,Mecklenburg County Air Quality,59,1,35.2411,-80.7831,840371190041,AirNow preliminary observations
07/17/26,371190045,Remount,PM2.5-24hr,UG/M3,15.6,24,Mecklenburg County Air Quality,63,1,35.213171,-80.874084,840371190045,AirNow preliminary observations
07/17/26,371210004,Spruce Pine,PM2.5-24hr,UG/M3,9.9,24,North Carolina DEQ - Division of Air Quality,52,1,35.912487,-82.062082,840371210004,AirNow preliminary observations
07/17/26,371230001,Candor FRO,PM2.5-24hr,UG/M3,18.2,24,North Carolina DEQ - Division of Air Quality,68,1,35.263165,-79.836636,840371230001,AirNow preliminary observations
07/17/26,371310003,Northampton,PM2.5-24hr,UG/M3,58.2,24,North Carolina DEQ - Division of Air Quality,153,3,36.511708,-77.655389,840371310003,AirNow preliminary observations
07/17/26,371470006,PITTAGCT,PM2.5-24hr,UG/M3,15.9,24,North Carolina DEQ - Division of Air Quality,64,1,35.641276,-77.360126,840371470006,AirNow preliminary observations
07/17/26,371590021,ROCKWELL,PM2.5-24hr,UG/M3,16.0,24,North Carolina DEQ - Division of Air Quality,64,1,35.551868,-80.395039,840371590021,AirNow preliminary observations
07/17/26,371730002,BRYSON,PM2.5-24hr,UG/M3,4.2,24,North Carolina DEQ - Division of Air Quality,23,0,35.434767,-83.442133,840371730002,AirNow preliminary observations
07/17/26,371830014,Millbrook NCore,PM2.5-24hr,UG/M3,15.0,24,North Carolina DEQ - Division of Air Quality,62,1,35.856111,-78.574167,840371830014,AirNow preliminary observations
07/17/26,371830021,Triple Oak - Near Road,PM2.5-24hr,UG/M3,17.2,24,North Carolina DEQ - Division of Air Quality,66,1,35.8652,-78.8197,840371830021,AirNow preliminary observations
07/17/26,380171004,Fargo NW,PM2.5-24hr,UG/M3,45.0,24,North Dakota Department of Environmental Quality,124,2,46.933601,-96.854698,840380171004,AirNow preliminary observations
07/17/26,390030009,Lima,PM2.5-24hr,UG/M3,138.8,24,Ohio EPA-DAPC,214,4,40.771,-84.0539,840390030009,AirNow preliminary observations
07/17/26,390230005,Springfield Fire St1,PM2.5-24hr,UG/M3,137.1,24,Ohio EPA-DAPC,212,4,39.92882,-83.80949,840390230005,AirNow preliminary observations
07/17/26,390350034,District 6,PM2.5-24hr,UG/M3,154.6,24,Ohio EPA-DAPC,230,4,41.55523,-81.575256,840390350034,AirNow preliminary observations
07/17/26,390350038,St Theodosius,PM2.5-24hr,UG/M3,170.8,24,Ohio EPA-DAPC,246,4,41.477011,-81.682383,840390350038,AirNow preliminary observations
07/17/26,390350045,Cleveland Fire St13,PM2.5-24hr,UG/M3,182.0,24,Ohio EPA-DAPC,257,4,41.471782,-81.656792,840390350045,AirNow preliminary observations
07/17/26,390350060,GT Craig NCore PAMS,PM2.5-24hr,UG/M3,167.2,24,Ohio EPA-DAPC,242,4,41.492191,-81.678552,840390350060,AirNow preliminary observations
07/17/26,390350065,Harvard Yards,PM2.5-24hr,UG/M3,175.7,24,Ohio EPA-DAPC,251,4,41.446682,-81.662419,840390350065,AirNow preliminary observations
07/17/26,390350073,Cleveland Near Road,PM2.5-24hr,UG/M3,167.2,24,Ohio EPA-DAPC,242,4,41.4409,-81.4949,840390350073,AirNow preliminary observations
07/17/26,390490029,New Albany,PM2.5-24hr,UG/M3,132.1,24,Ohio EPA-DAPC,208,4,40.0845,-82.81552,840390490029,AirNow preliminary observations
07/17/26,390490034,Fairgrounds,PM2.5-24hr,UG/M3,156.7,24,Ohio EPA-DAPC,232,4,40.002734,-82.994404,840390490034,AirNow preliminary observations
07/17/26,390490038,Smoky Row Near Road,PM2.5-24hr,UG/M3,153.7,24,Ohio EPA-DAPC,229,4,40.11109,-83.065376,840390490038,AirNow preliminary observations
07/17/26,390490081,Maple Canyon,PM2.5-24hr,UG/M3,190.8,24,Ohio EPA-DAPC,266,4,40.087807,-82.959585,840390490081,AirNow preliminary observations
07/17/26,390610006,Sycamore,PM2.5-24hr,UG/M3,13.3,24,Ohio EPA-DAPC,59,1,39.2787,-84.36612,840390610006,AirNow preliminary observations
07/17/26,390610010,Colerain,PM2.5-24hr,UG/M3,7.6,24,Ohio EPA-DAPC,42,0,39.21494,-84.69086,840390610010,AirNow preliminary observations
07/17/26,390610040,Taft NCore PAMS,PM2.5-24hr,UG/M3,13.6,24,Ohio EPA-DAPC,59,1,39.12886,-84.50404,840390610040,AirNow preliminary observations
07/17/26,390610048,Cincinnati Near Road,PM2.5-24hr,UG/M3,13.7,24,Ohio EPA-DAPC,60,1,39.146025,-84.538375,840390610048,AirNow preliminary observations
07/17/26,390810017,Steubenville,PM2.5-24hr,UG/M3,233.6,24,Ohio EPA-DAPC,317,5,40.366452,-80.615691,840390810017,AirNow preliminary observations
07/17/26,390850007,Painesville,PM2.5-24hr,UG/M3,75.7,24,Ohio EPA-DAPC,165,3,41.726811,-81.242156,840390850007,AirNow preliminary observations
07/17/26,390870012,ODOT Ironton,PM2.5-24hr,UG/M3,15.4,24,Ohio EPA-DAPC,63,1,38.508114,-82.659301,840390870012,AirNow preliminary observations
07/17/26,390950024,Erie,PM2.5-24hr,UG/M3,197.9,24,Ohio EPA-DAPC,273,4,41.644067,-83.54625,840390950024,AirNow preliminary observations
07/17/26,390951003,Eastside Pump St,PM2.5-24hr,UG/M3,192.8,24,Ohio EPA-DAPC,268,4,41.7194,-83.475,840390951003,AirNow preliminary observations
07/17/26,391030004,Chippewa,PM2.5-24hr,UG/M3,224.0,24,Ohio EPA-DAPC,299,4,41.0604,-81.9239,840391030004,AirNow preliminary observations
07/17/26,391130038,Sinclair,PM2.5-24hr,UG/M3,99.3,24,Ohio EPA-DAPC,182,3,39.758235,-84.197375,840391130038,AirNow preliminary observations
07/17/26,391351001,Preble NCore,PM2.5-24hr,UG/M3,39.8,24,Ohio EPA-DAPC,112,2,39.83562,-84.72049,840391351001,AirNow preliminary observations
07/17/26,391450013,Portsmouth Water Treatment Plant,PM2.5-24hr,UG/M3,21.2,24,Ohio EPA-DAPC,74,1,38.754595,-82.917,840391450013,AirNow preliminary observations
07/17/26,391510020,Canton,PM2.5-24hr,UG/M3,192.7,24,Ohio EPA-DAPC,268,4,40.800717,-81.373,840391510020,AirNow preliminary observations
07/17/26,391530017,East HS,PM2.5-24hr,UG/M3,164.2,24,Ohio EPA-DAPC,239,4,41.063526,-81.468956,840391530017,AirNow preliminary observations
07/17/26,391550014,Laird Eng Bldg,PM2.5-24hr,UG/M3,158.6,24,Ohio EPA-DAPC,234,4,41.23172,-80.80116,840391550014,AirNow preliminary observations
07/17/26,391650007,Lebanon,PM2.5-24hr,UG/M3,23.4,24,Ohio EPA-DAPC,78,1,39.42689,-84.20077,840391650007,AirNow preliminary observations
07/17/26,400270049,Moore,PM2.5-24hr,UG/M3,10.2,24,Oklahoma Department of Environmental Quality,53,1,35.32,-97.4883,840400270049,AirNow preliminary observations
07/17/26,400430860,Seiling,PM2.5-24hr,UG/M3,8.7,24,Oklahoma Department of Environmental Quality,48,0,36.1589,-98.9353,840400430860,AirNow preliminary observations
07/17/26,400710604,Ponca City,PM2.5-24hr,UG/M3,10.1,24,Oklahoma Department of Environmental Quality,53,1,36.697189,-97.081278,840400710604,AirNow preliminary observations
07/17/26,401090097,Near Road OKC,PM2.5-24hr,UG/M3,11.5,24,Oklahoma Department of Environmental Quality,55,1,35.502968,-97.577674,840401090097,AirNow preliminary observations
07/17/26,401091037,North OKC,PM2.5-24hr,UG/M3,8.4,24,Oklahoma Department of Environmental Quality,47,0,35.614131,-97.475083,840401091037,AirNow preliminary observations
07/17/26,401359021,ROLAND,PM2.5-24hr,UG/M3,10.0,24,Cherokee Nation,53,1,35.408138,-94.524414,840401359021,AirNow preliminary observations
07/17/26,401430174,Glenpool,PM2.5-24hr,UG/M3,13.6,24,Oklahoma Department of Environmental Quality,59,1,35.9525,-96.0033,840401430174,AirNow preliminary observations
07/17/26,401431127,Tulsa,PM2.5-24hr,UG/M3,13.8,24,Oklahoma Department of Environmental Quality,60,1,36.206699,-95.976402,840401431127,AirNow preliminary observations
07/17/26,420010001,Arendtsville,PM2.5-24hr,UG/M3,139.8,24,Pennsylvania Dept. of Environmental Protection,215,4,39.9233,-77.3081,840420010001,AirNow preliminary observations
07/17/26,420030008,Lawrenceville,PM2.5-24hr,UG/M3,173.3,24,Allegheny County,248,4,40.4656,-79.9611,840420030008,AirNow preliminary observations
07/17/26,420030064,Liberty (SAHS),PM2.5-24hr,UG/M3,176.2,24,Allegheny County,251,4,40.323761,-79.868151,840420030064,AirNow preliminary observations
07/17/26,420030067,South Fayette,PM2.5-24hr,UG/M3,165.3,24,Allegheny County,240,4,40.381901,-80.1856,840420030067,AirNow preliminary observations
07/17/26,420031008,Harrison Township,PM2.5-24hr,UG/M3,165.0,24,Allegheny County,240,4,40.617488,-79.727664,840420031008,AirNow preliminary observations
07/17/26,420031376,Parkway East (Near Road),PM2.5-24hr,UG/M3,158.5,24,Allegheny County,234,4,40.437431,-79.863572,840420031376,AirNow preliminary observations
07/17/26,420050001,Kittanning,PM2.5-24hr,UG/M3,161.6,24,Pennsylvania Dept. of Environmental Protection,237,4,40.8142,-79.565,840420050001,AirNow preliminary observations
07/17/26,420070014,Beaver Falls,PM2.5-24hr,UG/M3,148.6,24,Pennsylvania Dept. of Environmental Protection,224,4,40.747799,-80.316704,840420070014,AirNow preliminary observations
07/17/26,420110011,Reading Airport,PM2.5-24hr,UG/M3,99.1,24,Pennsylvania Dept. of Environmental Protection,182,3,40.3833,-75.9686,840420110011,AirNow preliminary observations
07/17/26,420130801,Altoona,PM2.5-24hr,UG/M3,124.2,24,Pennsylvania Dept. of Environmental Protection,199,3,40.515,-78.3889,840420130801,AirNow preliminary observations
07/17/26,420150011,Towanda,PM2.5-24hr,UG/M3,43.6,24,Pennsylvania Dept. of Environmental Protection,121,2,41.705226,-76.512726,840420150011,AirNow preliminary observations
07/17/26,420210011,Johnstown,PM2.5-24hr,UG/M3,155.8,24,Pennsylvania Dept. of Environmental Protection,231,4,40.3097,-78.9158,840420210011,AirNow preliminary observations
07/17/26,420270100,State College,PM2.5-24hr,UG/M3,121.0,24,Pennsylvania Dept. of Environmental Protection,197,3,40.8114,-77.8769,840420270100,AirNow preliminary observations
07/17/26,420290100,New Garden,PM2.5-24hr,UG/M3,117.6,24,Pennsylvania Dept. of Environmental Protection,195,3,39.8344,-75.7678,840420290100,AirNow preliminary observations
07/17/26,420334000,Moshannon,PM2.5-24hr,UG/M3,111.3,24,Pennsylvania Dept. of Environmental Protection,190,3,41.1175,-78.5261,840420334000,AirNow preliminary observations
07/17/26,420410101,Carlisle,PM2.5-24hr,UG/M3,148.8,24,Pennsylvania Dept. of Environmental Protection,224,4,40.2464,-77.1867,840420410101,AirNow preliminary observations
07/17/26,420430401,Harrisburg,PM2.5-24hr,UG/M3,148.0,24,Pennsylvania Dept. of Environmental Protection,223,4,40.246992,-76.846988,840420430401,AirNow preliminary observations
07/17/26,420450002,Chester,PM2.5-24hr,UG/M3,151.2,24,Pennsylvania Dept. of Environmental Protection,226,4,39.8356,-75.3725,840420450002,AirNow preliminary observations
07/17/26,420450109,Marcus Hook,PM2.5-24hr,UG/M3,121.5,24,Pennsylvania Dept. of Environmental Protection,197,3,39.818715,-75.413973,840420450109,AirNow preliminary observations
07/17/26,420490003,Erie,PM2.5-24hr,UG/M3,175.3,24,Pennsylvania Dept. of Environmental Protection,250,4,42.1428,-80.0372,840420490003,AirNow preliminary observations
07/17/26,420590002,Holbrook,PM2.5-24hr,UG/M3,167.7,24,Pennsylvania Dept. of Environmental Protection,243,4,39.82,-80.2897,840420590002,AirNow preliminary observations
07/17/26,420630004,Strongstown,PM2.5-24hr,UG/M3,144.7,24,Pennsylvania Dept. of Environmental Protection,220,4,40.5633,-78.92,840420630004,AirNow preliminary observations
07/17/26,420692006,Scranton,PM2.5-24hr,UG/M3,44.2,24,Pennsylvania Dept. of Environmental Protection,123,2,41.4428,-75.6231,840420692006,AirNow preliminary observations
07/17/26,420710007,Lancaster,PM2.5-24hr,UG/M3,140.8,24,Pennsylvania Dept. of Environmental Protection,216,4,40.0467,-76.2833,840420710007,AirNow preliminary observations
07/17/26,420710012,Lancaster DW,PM2.5-24hr,UG/M3,120.0,24,Pennsylvania Dept. of Environmental Protection,196,3,40.0439,-76.1125,840420710012,AirNow preliminary observations
07/17/26,420770004,Allentown,PM2.5-24hr,UG/M3,70.8,24,Pennsylvania Dept. of Environmental Protection,162,3,40.6119,-75.4325,840420770004,AirNow preliminary observations
07/17/26,420850100,Farrell,PM2.5-24hr,UG/M3,138.8,24,Pennsylvania Dept. of Environmental Protection,214,4,41.215,-80.485,840420850100,AirNow preliminary observations
07/17/26,420890002,Swiftwater,PM2.5-24hr,UG/M3,46.0,24,Pennsylvania Dept. of Environmental Protection,127,2,41.083099,-75.3283,840420890002,AirNow preliminary observations
07/17/26,420910013,Norristown,PM2.5-24hr,UG/M3,124.0,24,Pennsylvania Dept. of Environmental Protection,199,3,40.1122,-75.3092,840420910013,AirNow preliminary observations
07/17/26,420950025,Freemansburg,PM2.5-24hr,UG/M3,71.1,24,Pennsylvania Dept. of Environmental Protection,162,3,40.6281,-75.3411,840420950025,AirNow preliminary observations
07/17/26,421010004,LABP,PM2.5-24hr,UG/M3,123.8,24,Philadelphia Air Management Services,199,3,40.00892,-75.09777,840421010004,AirNow preliminary observations
07/17/26,421010048,NEW,PM2.5-24hr,UG/M3,111.0,24,Philadelphia Air Management Services,190,3,39.991389,-75.080833,840421010048,AirNow preliminary observations
07/17/26,421010055,RIT,PM2.5-24hr,UG/M3,104.2,24,Philadelphia Air Management Services,185,3,39.922516,-75.186783,840421010055,AirNow preliminary observations
07/17/26,421010057,FAB,PM2.5-24hr,UG/M3,140.0,24,Philadelphia Air Management Services,215,4,39.9603,-75.1424,840421010057,AirNow preliminary observations
07/17/26,421010075,TOR,PM2.5-24hr,UG/M3,100.4,24,Philadelphia Air Management Services,182,3,40.054171,-74.985166,840421010075,AirNow preliminary observations
07/17/26,421010076,MON,PM2.5-24hr,UG/M3,169.3,24,Philadelphia Air Management Services,244,4,39.988842,-75.207205,840421010076,AirNow preliminary observations
07/17/26,421174000,Tioga County,PM2.5-24hr,UG/M3,45.3,24,Pennsylvania Dept. of Environmental Protection,125,2,41.6447,-76.9392,840421174000,AirNow preliminary observations
07/17/26,421250005,Charleroi,PM2.5-24hr,UG/M3,160.4,24,Pennsylvania Dept. of Environmental Protection,236,4,40.1469,-79.9033,840421250005,AirNow preliminary observations
07/17/26,421255001,Florence,PM2.5-24hr,UG/M3,159.5,24,Pennsylvania Dept. of Environmental Protection,235,4,40.4447,-80.42,840421255001,AirNow preliminary observations
07/17/26,421255200,Houston,PM2.5-24hr,UG/M3,185.9,24,Pennsylvania Dept. of Environmental Protection,261,4,40.269,-80.244,840421255200,AirNow preliminary observations
07/17/26,421290008,Greensburg,PM2.5-24hr,UG/M3,158.4,24,Pennsylvania Dept. of Environmental Protection,234,4,40.3053,-79.5061,840421290008,AirNow preliminary observations
07/17/26,421330008,York,PM2.5-24hr,UG/M3,177.9,24,Pennsylvania Dept. of Environmental Protection,253,4,39.9653,-76.6994,840421330008,AirNow preliminary observations
07/17/26,440030002,W Greenwich,PM2.5-24hr,UG/M3,13.2,24,Rhode Island Dept. of Environmental Management,59,1,41.615,-71.7197,840440030002,AirNow preliminary observations
07/17/26,440070022,CCRI Providence,PM2.5-24hr,UG/M3,11.0,24,Rhode Island Dept. of Environmental Management,55,1,41.807523,-71.41392,840440070022,AirNow preliminary observations
07/17/26,440071010,E Providence,PM2.5-24hr,UG/M3,11.1,24,Rhode Island Dept. of Environmental Management,55,1,41.840302,-71.361702,840440071010,AirNow preliminary observations
07/17/26,440090007,Narragansett,PM2.5-24hr,UG/M3,11.9,24,Rhode Island Dept. of Environmental Management,56,1,41.4942,-71.4219,840440090007,AirNow preliminary observations
07/17/26,460110003,Research Farm,PM2.5-24hr,UG/M3,15.0,24,South Dakota Department of Agriculture and Natural Resources,62,1,44.348604,-96.807299,840460110003,AirNow preliminary observations
07/17/26,460290002,Watertown,PM2.5-24hr,UG/M3,18.8,24,South Dakota Department of Agriculture and Natural Resources,69,1,44.89965,-97.128802,840460290002,AirNow preliminary observations
07/17/26,470090011,MARYVILL,PM2.5-24hr,UG/M3,6.4,24,Tennessee Air Pollution Control Div.,36,0,35.7683,-83.9422,840470090011,AirNow preliminary observations
07/17/26,470090101,Look Rock - GSMNP,PM2.5-24hr,UG/M3,6.1,24,National Park Service,34,0,35.63346,-83.94158,840470090101,AirNow preliminary observations
07/17/26,470370023,LOCKELAND,PM2.5-24hr,UG/M3,6.1,24,Davidson County PCD,34,0,36.1767,-86.7386,840470370023,AirNow preliminary observations
07/17/26,470450004,DYERSBURG,PM2.5-24hr,UG/M3,8.4,24,Tennessee Air Pollution Control Div.,47,0,36.0528,-89.3819,840470450004,AirNow preliminary observations
07/17/26,470654002,Siskin Dr,PM2.5-24hr,UG/M3,6.6,24,Chattanooga-Hamilton County Air Pollution Control Bureau,37,0,35.051006,-85.292867,840470654002,AirNow preliminary observations
07/17/26,470931013,AIR LAB,PM2.5-24hr,UG/M3,6.6,24,Knox County Dept. of Air Quality Management ,37,0,35.9803,-83.9306,840470931013,AirNow preliminary observations
07/17/26,470931020,SPRINGHILL,PM2.5-24hr,UG/M3,7.9,24,Knox County Dept. of Air Quality Management ,44,0,36.0183,-83.8761,840470931020,AirNow preliminary observations
07/17/26,471050109,LOUDONMS,PM2.5-24hr,UG/M3,5.4,24,Tennessee Air Pollution Control Div.,30,0,35.7197,-84.3417,840471050109,AirNow preliminary observations
07/17/26,471071002,ATHENS,PM2.5-24hr,UG/M3,6.8,24,Tennessee Air Pollution Control Div.,38,0,35.4511,-84.5992,840471071002,AirNow preliminary observations
07/17/26,471192007,Columbia,PM2.5-24hr,UG/M3,4.1,24,Tennessee Air Pollution Control Div.,23,0,35.65188,-87.0096,840471192007,AirNow preliminary observations
07/17/26,471450004,Harriman,PM2.5-24hr,UG/M3,5.2,24,Tennessee Air Pollution Control Div.,29,0,35.9386,-84.5439,840471450004,AirNow preliminary observations
07/17/26,471570075,SHELBY FARMS,PM2.5-24hr,UG/M3,15.6,24,Shelby County Health Department,63,1,35.151588,-89.85022,840471570075,AirNow preliminary observations
07/17/26,471631007,Kingsport,PM2.5-24hr,UG/M3,9.7,24,Tennessee Air Pollution Control Div.,52,1,36.5408,-82.5217,840471631007,AirNow preliminary observations
07/17/26,471650007,HVILLE,PM2.5-24hr,UG/M3,7.1,24,Tennessee Air Pollution Control Div.,39,0,36.2975,-86.6525,840471650007,AirNow preliminary observations
07/17/26,500030004,Bennington,PM2.5-24hr,UG/M3,11.3,24,Vermont Air Quality & Climate Division,55,1,42.887501,-73.249702,840500030004,AirNow preliminary observations
07/17/26,500070007,Underhill,PM2.5-24hr,UG/M3,4.5,24,Vermont Air Quality & Climate Division,25,0,44.528389,-72.868973,840500070007,AirNow preliminary observations
07/17/26,500210002,Rutland,PM2.5-24hr,UG/M3,9.1,24,Vermont Air Quality & Climate Division,51,1,43.608528,-72.98246,840500210002,AirNow preliminary observations
07/17/26,510030001,Albemarle HS,PM2.5-24hr,UG/M3,105.6,24,Virginia Dept. of Environmental Quality,186,3,38.07657,-78.50397,840510030001,AirNow preliminary observations
07/17/26,510360002,SHIRLEY PLANTATION,PM2.5-24hr,UG/M3,93.5,24,Virginia Dept. of Environmental Quality,178,3,37.34438,-77.25925,840510360002,AirNow preliminary observations
07/17/26,510410004,BEACH ROAD,PM2.5-24hr,UG/M3,105.0,24,Virginia Dept. of Environmental Quality,186,3,37.35748,-77.59355,840510410004,AirNow preliminary observations
07/17/26,510590030,FRANCONIA,PM2.5-24hr,UG/M3,143.5,24,Virginia Dept. of Environmental Quality,219,4,38.77335,-77.10468,840510590030,AirNow preliminary observations
07/17/26,510690010,REST - LESTER BUILDING SYSTEMS,PM2.5-24hr,UG/M3,169.9,24,Virginia Dept. of Environmental Quality,245,4,39.28102,-78.08157,840510690010,AirNow preliminary observations
07/17/26,510870014,MATH & SCIENCE CTR,PM2.5-24hr,UG/M3,105.2,24,Virginia Dept. of Environmental Quality,186,3,37.55652,-77.40027,840510870014,AirNow preliminary observations
07/17/26,511071005,ASHBURN,PM2.5-24hr,UG/M3,170.8,24,Virginia Dept. of Environmental Quality,246,4,39.02473,-77.48925,840511071005,AirNow preliminary observations
07/17/26,511130003,Shenandoah NP,PM2.5-24hr,UG/M3,113.3,24,Virginia Dept. of Environmental Quality,192,3,38.5231,-78.4347,840511130003,AirNow preliminary observations
07/17/26,511611004,VINTON - Herman Horn ES,PM2.5-24hr,UG/M3,56.5,24,Virginia Dept. of Environmental Quality,152,3,37.28342,-79.88452,840511611004,AirNow preliminary observations
07/17/26,511650003,Rockingham,PM2.5-24hr,UG/M3,45.2,24,Virginia Dept. of Environmental Quality,125,2,38.47753,-78.81952,840511650003,AirNow preliminary observations
07/17/26,516500008,HAMPTON - NASA,PM2.5-24hr,UG/M3,71.0,24,Virginia Dept. of Environmental Quality,162,3,37.10373,-76.38702,840516500008,AirNow preliminary observations
07/17/26,517100024,NORFOLK - NOAA,PM2.5-24hr,UG/M3,58.6,24,Virginia Dept. of Environmental Quality,153,3,36.85555,-76.30135,840517100024,AirNow preliminary observations
07/17/26,540290009,WEIRTON,PM2.5-24hr,UG/M3,201.4,24,West Virginia Division of Air Quality,276,4,40.42735,-80.59253,840540290009,AirNow preliminary observations
07/17/26,540390020,CHARLESTON,PM2.5-24hr,UG/M3,19.5,24,West Virginia Division of Air Quality,70,1,38.346258,-81.621161,840540390020,AirNow preliminary observations
07/17/26,540511002,MOUNDSVILLE,PM2.5-24hr,UG/M3,171.1,24,West Virginia Division of Air Quality,246,4,39.9158,-80.7342,840540511002,AirNow preliminary observations
07/17/26,550030010,Bad River Tribal School,PM2.5-24hr,UG/M3,195.6,24,Wisconsin Dept. of Natural Resources,270,4,46.6144,-90.6986,840550030010,AirNow preliminary observations
07/17/26,550090005,Green Bay East High,PM2.5-24hr,UG/M3,146.1,24,Wisconsin Dept. of Natural Resources,221,4,44.5167,-87.9939,840550090005,AirNow preliminary observations
07/17/26,550250041,Madison East,PM2.5-24hr,UG/M3,94.7,24,Wisconsin Dept. of Natural Resources,178,3,43.1008,-89.3572,840550250041,AirNow preliminary observations
07/17/26,550270001,Horicon Wildlife Area,PM2.5-24hr,UG/M3,117.9,24,Wisconsin Dept. of Natural Resources,195,3,43.46611,-88.621109,840550270001,AirNow preliminary observations
07/17/26,550350014,Eau Claire,PM2.5-24hr,UG/M3,17.1,24,Wisconsin Dept. of Natural Resources,66,1,44.761398,-91.413002,840550350014,AirNow preliminary observations
07/17/26,550410007,Potawatomi,PM2.5-24hr,UG/M3,134.6,24,Wisconsin Dept. of Natural Resources,210,4,45.5639,-88.81,840550410007,AirNow preliminary observations
07/17/26,550430009,Potosi,PM2.5-24hr,UG/M3,31.0,24,Wisconsin Dept. of Natural Resources,92,1,42.692131,-90.696373,840550430009,AirNow preliminary observations
07/17/26,550590019,Chiwaukee,PM2.5-24hr,UG/M3,117.8,24,Wisconsin Dept. of Natural Resources,195,3,42.5047,-87.8111,840550590019,AirNow preliminary observations
07/17/26,550730012,Lake Dubay,PM2.5-24hr,UG/M3,89.1,24,Wisconsin Dept. of Natural Resources,175,3,44.7072,-89.7697,840550730012,AirNow preliminary observations
07/17/26,550790056,Milwaukee College Ave-Near Road,PM2.5-24hr,UG/M3,119.1,24,Wisconsin Dept. of Natural Resources,196,3,42.93257,-87.93434,840550790056,AirNow preliminary observations
07/17/26,550870009,Appleton AAL,PM2.5-24hr,UG/M3,139.1,24,Wisconsin Dept. of Natural Resources,214,4,44.3069,-88.3956,840550870009,AirNow preliminary observations
07/17/26,550890009,Harrington Beach,PM2.5-24hr,UG/M3,176.7,24,Wisconsin Dept. of Natural Resources,252,4,43.4981,-87.81,840550890009,AirNow preliminary observations
07/17/26,551110007,Devils Lake,PM2.5-24hr,UG/M3,104.3,24,Wisconsin Dept. of Natural Resources,185,3,43.4356,-89.6803,840551110007,AirNow preliminary observations
07/17/26,551330027,Waukesha-Cleveland Ave,PM2.5-24hr,UG/M3,121.7,24,Wisconsin Dept. of Natural Resources,197,3,43.0203,-88.215,840551330027,AirNow preliminary observations
07/17/26,840100010003,Dover,PM2.5-24hr,UG/M3,130.3,24,Delaware Dept. of Natural Resources and Environment,206,4,39.155,-75.518056,840100010003,AirNow preliminary observations
07/17/26,840100031012,Newark,PM2.5-24hr,UG/M3,151.7,24,Delaware Dept. of Natural Resources and Environment,227,4,39.691962,-75.761299,840100031012,AirNow preliminary observations
07/17/26,840110010053,King Greenleaf Rec Center,PM2.5-24hr,UG/M3,110.6,24,District of Columbia - Department of Energy and Environment,190,3,38.875161,-77.012816,840110010053,AirNow preliminary observations
07/17/26,840110010055,Bald Eagle,PM2.5-24hr,UG/M3,104.2,24,District of Columbia - Department of Energy and Environment,185,3,38.81853,-77.01039,840110010055,AirNow preliminary observations
07/17/26,840170190006,Champaign,PM2.5-24hr,UG/M3,10.7,24,Illinois EPA,54,1,40.12306,-88.24017,840170190006,AirNow preliminary observations
07/17/26,840170310052,CHI_MAYFAIR,PM2.5-24hr,UG/M3,118.9,24,Illinois EPA,195,3,41.96548,-87.74992,840170310052,AirNow preliminary observations
07/17/26,840170310119,Kingery Near-road #1,PM2.5-24hr,UG/M3,98.6,24,Illinois EPA,181,3,41.578603,-87.557392,840170310119,AirNow preliminary observations
07/17/26,840170311016,McCook,PM2.5-24hr,UG/M3,104.7,24,Illinois EPA,185,3,41.80117,-87.83194,840170311016,AirNow preliminary observations
07/17/26,840170313301,Summit,PM2.5-24hr,UG/M3,110.3,24,Illinois EPA,189,3,41.78276,-87.80537,840170313301,AirNow preliminary observations
07/17/26,840170890007,Aurora,PM2.5-24hr,UG/M3,130.9,24,Illinois EPA,206,4,41.78471,-88.2422,840170890007,AirNow preliminary observations
07/17/26,840170890124,Elgin_DMV,PM2.5-24hr,UG/M3,128.0,24,Illinois EPA,204,4,42.02131,-88.28298,840170890124,AirNow preliminary observations
07/17/26,840171190024,Granite City Gateway,PM2.5-24hr,UG/M3,12.1,24,Illinois EPA,57,1,38.70063,-90.14476,840171190024,AirNow preliminary observations
07/17/26,840171190120,Alton,PM2.5-24hr,UG/M3,12.7,24,Illinois EPA,58,1,38.901316,-90.146211,840171190120,AirNow preliminary observations
07/17/26,840172010118,Rockford,PM2.5-24hr,UG/M3,131.5,24,Illinois EPA,207,4,42.267002,-89.08917,840172010118,AirNow preliminary observations
07/17/26,840180030015,Ft Wayne - Coliseum,PM2.5-24hr,UG/M3,161.6,24,Indiana Dept. of Environmental Management,237,4,41.08184,-85.08834,840180030015,AirNow preliminary observations
07/17/26,840180190010,Jeffersonville - Bates-Bowyer Av,PM2.5-24hr,UG/M3,5.7,24,Indiana Dept. of Environmental Management,32,0,38.288191,-85.741337,840180190010,AirNow preliminary observations
07/17/26,840180350006,Muncie Central HS,PM2.5-24hr,UG/M3,30.6,24,Indiana Dept. of Environmental Management,91,1,40.1995,-85.38791,840180350006,AirNow preliminary observations
07/17/26,840180372001,Jasper - Post Office,PM2.5-24hr,UG/M3,6.7,24,Indiana Dept. of Environmental Management,37,0,38.391799,-86.929668,840180372001,AirNow preliminary observations
07/17/26,840180430008,New Albany - 4H Road,PM2.5-24hr,UG/M3,4.9,24,Indiana Dept. of Environmental Management,27,0,38.3178,-85.8333,840180430008,AirNow preliminary observations
07/17/26,840180890034,East Chicago - Marina,PM2.5-24hr,UG/M3,99.9,24,Indiana Dept. of Environmental Management,182,3,41.653446,-87.435435,840180890034,AirNow preliminary observations
07/17/26,840180910011,Michigan City - Marsh Elementary,PM2.5-24hr,UG/M3,143.9,24,Indiana Dept. of Environmental Management,219,4,41.70694,-86.89111,840180910011,AirNow preliminary observations
07/17/26,840181470011,Dale - Wallace St,PM2.5-24hr,UG/M3,7.4,24,Indiana Dept. of Environmental Management,41,0,38.1701,-86.98721,840181470011,AirNow preliminary observations
07/17/26,840181630024,Evansville-Oak Hill,PM2.5-24hr,UG/M3,8.2,24,Indiana Dept. of Environmental Management,46,0,37.98852,-87.53141,840181630024,AirNow preliminary observations
07/17/26,840191130042,MCKINLEY STEAM,PM2.5-24hr,UG/M3,10.7,24,Linn Co. Public Health ,54,1,41.98088,-91.65391,840191130042,AirNow preliminary observations
07/17/26,840191531427,EAST HIGH,PM2.5-24hr,UG/M3,11.6,24,Polk Co. Air Quality Division,56,1,41.59975,-93.5995,840191531427,AirNow preliminary observations
07/17/26,840191535885,PUBLIC WORKS,PM2.5-24hr,UG/M3,10.4,24,Polk Co. Air Quality Division,53,1,41.667032,-93.599221,840191535885,AirNow preliminary observations
07/17/26,840191870013,"Ft. Dodge, Day Park",PM2.5-24hr,UG/M3,11.5,24,Iowa DNR,55,1,42.505,-94.177,840191870013,AirNow preliminary observations
07/17/26,840210470007,Pennyrile Forest,PM2.5-24hr,UG/M3,5.6,24,Kentucky DEP,31,0,37.05778,-87.65,840210470007,AirNow preliminary observations
07/17/26,840210590015,Owensboro,PM2.5-24hr,UG/M3,7.3,24,Kentucky DEP,41,0,37.77167,-87.05581,840210590015,AirNow preliminary observations
07/17/26,840210930007,Freeman Lake,PM2.5-24hr,UG/M3,5.3,24,Kentucky DEP,29,0,37.71451,-85.87082,840210930007,AirNow preliminary observations
07/17/26,840211451027,Paducah Transit,PM2.5-24hr,UG/M3,6.0,24,Kentucky DEP,33,0,37.08725,-88.60802,840211451027,AirNow preliminary observations
07/17/26,840230050015,Portland Tukey's Bridge,PM2.5-24hr,UG/M3,5.3,24,Maine Dept. of Environmental Protection,29,0,43.678,-70.2561,840230050015,AirNow preliminary observations
07/17/26,840230056606,Portland Ocean Gateway,PM2.5-24hr,UG/M3,4.3,24,Maine Dept. of Environmental Protection,24,0,43.66079,-70.24557,840230056606,AirNow preliminary observations
07/17/26,840230110016,Augusta LSS,PM2.5-24hr,UG/M3,3.5,24,Maine Dept. of Environmental Protection,19,0,44.3123,-69.7867,840230110016,AirNow preliminary observations
07/17/26,840230290033,Sipayik,PM2.5-24hr,UG/M3,2.8,24,Maine Dept. of Environmental Protection,16,0,44.963459,-67.060476,840230290033,AirNow preliminary observations
07/17/26,840240396431,Princess Anne,PM2.5-24hr,UG/M3,84.1,24,Maryland Department of the Environment,171,3,38.176541,-75.701489,840240396431,AirNow preliminary observations
07/17/26,840245105253,Lake Montebello,PM2.5-24hr,UG/M3,114.7,24,Maryland Department of the Environment,192,3,39.33746,-76.58905,840245105253,AirNow preliminary observations
07/17/26,840250030008,Pittsfield,PM2.5-24hr,UG/M3,17.1,24,Massachusetts Dept. of Environmental Protection,66,1,42.452299,-73.239648,840250030008,AirNow preliminary observations
07/17/26,840250092007,Saugus,PM2.5-24hr,UG/M3,8.6,24,Massachusetts Dept. of Environmental Protection,48,0,42.44472,-70.988889,840250092007,AirNow preliminary observations
07/17/26,840250095006,Haverhill,PM2.5-24hr,UG/M3,8.5,24,Massachusetts Dept. of Environmental Protection,47,0,42.78479,-71.10702,840250095006,AirNow preliminary observations
07/17/26,840250154003,Belchertown,PM2.5-24hr,UG/M3,13.3,24,Massachusetts Dept. of Environmental Protection,59,1,42.27809,-72.35207,840250154003,AirNow preliminary observations
07/17/26,840250170010,Chelmsford - Manning Rd,PM2.5-24hr,UG/M3,8.7,24,Massachusetts Dept. of Environmental Protection,48,0,42.612113,-71.307519,840250170010,AirNow preliminary observations
07/17/26,840250170011,Framingham,PM2.5-24hr,UG/M3,12.0,24,Massachusetts Dept. of Environmental Protection,57,1,42.26381,-71.40565,840250170011,AirNow preliminary observations
07/17/26,840250212005,Weymouth,PM2.5-24hr,UG/M3,9.8,24,Massachusetts Dept. of Environmental Protection,52,1,42.241229,-70.963346,840250212005,AirNow preliminary observations
07/17/26,840250250045,Boston - Chinatown,PM2.5-24hr,UG/M3,11.0,24,Massachusetts Dept. of Environmental Protection,55,1,42.349954,-71.059194,840250250045,AirNow preliminary observations
07/17/26,840250251004,Chelsea,PM2.5-24hr,UG/M3,8.9,24,Massachusetts Dept. of Environmental Protection,49,0,42.387222,-71.026111,840250251004,AirNow preliminary observations
07/17/26,840260490022,Flint,PM2.5-24hr,UG/M3,157.0,24,"Michigan Department of Environment, Great Lakes, and Energy",232,4,43.09174,-83.64775,840260490022,AirNow preliminary observations
07/17/26,840260810023,Grand Rapids - Near Roadway,PM2.5-24hr,UG/M3,158.2,24,"Michigan Department of Environment, Great Lakes, and Energy",233,4,42.88537,-85.67977,840260810023,AirNow preliminary observations
07/17/26,840261030013,Negaunee Twp.,PM2.5-24hr,UG/M3,165.5,24,"Michigan Department of Environment, Great Lakes, and Energy",241,4,46.51793,-87.52125,840261030013,AirNow preliminary observations
07/17/26,840270135510,Mankato - RosaParksElementary,PM2.5-24hr,UG/M3,12.9,24,Minnesota Pollution Control Agency,58,1,44.13619,-93.98103,840270135510,AirNow preliminary observations
07/17/26,840270532006,St. Louis Park,PM2.5-24hr,UG/M3,13.7,24,Minnesota Pollution Control Agency,60,1,44.948,-93.34313,840270532006,AirNow preliminary observations
07/17/26,840271153061,Lake Lena,PM2.5-24hr,UG/M3,96.3,24,Minnesota Pollution Control Agency,180,3,46.01156,-92.47841,840271153061,AirNow preliminary observations
07/17/26,840290950043,Linden Hills,PM2.5-24hr,UG/M3,8.3,24,Missouri Department of Natural Resources,46,0,38.94079,-94.5785,840290950043,AirNow preliminary observations
07/17/26,840310550052,92nd and Berry,PM2.5-24hr,UG/M3,6.9,24,Douglas County Health Department (Omaha),38,0,41.19805,-96.05655,840310550052,AirNow preliminary observations
07/17/26,840310670005,Homestead NHP,PM2.5-24hr,UG/M3,9.3,24,Nebraska Department of Environment and Energy,51,1,40.28506,-96.82431,840310670005,AirNow preliminary observations
07/17/26,840310790005,Grand Island DOT,PM2.5-24hr,UG/M3,6.3,24,Nebraska Department of Environment and Energy,35,0,40.918333,-98.378889,840310790005,AirNow preliminary observations
07/17/26,840311770002,Blair,PM2.5-24hr,UG/M3,5.8,24,Douglas County Health Department (Omaha),32,0,41.550658,-96.146622,840311770002,AirNow preliminary observations
07/17/26,840330012008,Laconia Main St,PM2.5-24hr,UG/M3,2.9,24,New Hampshire Dept. of Environmental Services,16,0,43.52496,-71.46633,840330012008,AirNow preliminary observations
07/17/26,840340011006,Atlantic City PM,PM2.5-24hr,UG/M3,82.7,24,New Jersey Dept. of Environmental Protection,170,3,39.36326,-74.431,840340011006,AirNow preliminary observations
07/17/26,840340130017,Newark Chestnut,PM2.5-24hr,UG/M3,35.8,24,New Jersey Dept. of Environmental Protection,102,2,40.72736,-74.17447,840340130017,AirNow preliminary observations
07/17/26,840340170008,Union City High School,PM2.5-24hr,UG/M3,35.1,24,New Jersey Dept. of Environmental Protection,99,1,40.770908,-74.036218,840340170008,AirNow preliminary observations
07/17/26,840340210008,Trenton,PM2.5-24hr,UG/M3,61.9,24,New Jersey Dept. of Environmental Protection,155,3,40.222421,-74.763167,840340210008,AirNow preliminary observations
07/17/26,840340292002,Toms River,PM2.5-24hr,UG/M3,63.2,24,New Jersey Dept. of Environmental Protection,156,3,39.994908,-74.170447,840340292002,AirNow preliminary observations
07/17/26,840340310005,Paterson,PM2.5-24hr,UG/M3,34.6,24,New Jersey Dept. of Environmental Protection,99,1,40.918381,-74.168092,840340310005,AirNow preliminary observations
07/17/26,840360850055,Port Richmond,PM2.5-24hr,UG/M3,47.0,24,New York Dept. of Environmental Conservation,129,2,40.63306,-74.137156,840360850055,AirNow preliminary observations
07/17/26,840371190048,Friendship Park,PM2.5-24hr,UG/M3,14.6,24,Mecklenburg County Air Quality,61,1,35.281791,-80.851473,840371190048,AirNow preliminary observations
07/17/26,840390090003,Gifford,PM2.5-24hr,UG/M3,133.3,24,Ohio EPA-DAPC,209,4,39.442165,-81.908827,840390090003,AirNow preliminary observations
07/17/26,840390170015,Ohio Bell,PM2.5-24hr,UG/M3,36.7,24,Ohio EPA-DAPC,104,2,39.49072,-84.36374,840390170015,AirNow preliminary observations
07/17/26,840390170022,BPG,PM2.5-24hr,UG/M3,30.3,24,Ohio EPA-DAPC,90,1,39.478686,-84.397112,840390170022,AirNow preliminary observations
07/17/26,84039035CICM,CLEANinCLE MMS,PM2.5-24hr,UG/M3,168.5,24,Ohio EPA-DAPC,244,4,41.44539,-81.53874,84039035CICM,AirNow preliminary observations
07/17/26,840390490041,Finland Elem,PM2.5-24hr,UG/M3,197.2,24,Ohio EPA-DAPC,272,4,39.91998,-83.04087,840390490041,AirNow preliminary observations
07/17/26,840390610014,Carthage,PM2.5-24hr,UG/M3,13.9,24,Ohio EPA-DAPC,60,1,39.194331,-84.478974,840390610014,AirNow preliminary observations
07/17/26,840390610042,Lower Price Hill,PM2.5-24hr,UG/M3,11.9,24,Ohio EPA-DAPC,56,1,39.10492,-84.55117,840390610042,AirNow preliminary observations
07/17/26,840390950026,RAPS,PM2.5-24hr,UG/M3,240.7,24,Ohio EPA-DAPC,331,5,41.62057,-83.64226,840390950026,AirNow preliminary observations
07/17/26,840390990015,Youngstown State,PM2.5-24hr,UG/M3,136.4,24,Ohio EPA-DAPC,212,4,41.106182,-80.640576,840390990015,AirNow preliminary observations
07/17/26,840391450015,East Haverhill,PM2.5-24hr,UG/M3,19.1,24,Ohio EPA-DAPC,70,1,38.59246,-82.80677,840391450015,AirNow preliminary observations
07/17/26,840391510017,Canton Fire St8,PM2.5-24hr,UG/M3,210.8,24,Ohio EPA-DAPC,286,4,40.786803,-81.394153,840391510017,AirNow preliminary observations
07/17/26,840401311169,Tulsa Near Road,PM2.5-24hr,UG/M3,12.1,24,Oklahoma Department of Environmental Quality,57,1,36.1629,-95.79683,840401311169,AirNow preliminary observations
07/17/26,840420030002,Avalon,PM2.5-24hr,UG/M3,177.6,24,Allegheny County,253,4,40.50084,-80.066488,840420030002,AirNow preliminary observations
07/17/26,840420031301,North Braddock,PM2.5-24hr,UG/M3,152.9,24,Allegheny County,228,4,40.402267,-79.860942,840420031301,AirNow preliminary observations
07/17/26,840420033007,Clairton,PM2.5-24hr,UG/M3,153.0,24,Allegheny County,228,4,40.294381,-79.885303,840420033007,AirNow preliminary observations
07/17/26,840420070008,Fort McIntosh,PM2.5-24hr,UG/M3,149.5,24,Pennsylvania Dept. of Environmental Protection,225,4,40.691857,-80.299211,840420070008,AirNow preliminary observations
07/17/26,840420510524,Uniontown,PM2.5-24hr,UG/M3,190.4,24,Pennsylvania Dept. of Environmental Protection,265,4,39.917663,-79.805499,840420510524,AirNow preliminary observations
07/17/26,840420550003,Chambersburg,PM2.5-24hr,UG/M3,164.4,24,Pennsylvania Dept. of Environmental Protection,240,4,39.94416,-77.64413,840420550003,AirNow preliminary observations
07/17/26,840420750101,Lebanon,PM2.5-24hr,UG/M3,137.0,24,Pennsylvania Dept. of Environmental Protection,212,4,40.338516,-76.394788,840420750101,AirNow preliminary observations
07/17/26,840420810419,Salladasburg,PM2.5-24hr,UG/M3,44.7,24,Pennsylvania Dept. of Environmental Protection,124,2,41.266192,-77.230933,840420810419,AirNow preliminary observations
07/17/26,840421150215,New Milford,PM2.5-24hr,UG/M3,36.7,24,Pennsylvania Dept. of Environmental Protection,104,2,41.867336,-75.686602,840421150215,AirNow preliminary observations
07/17/26,840421230004,Warren Overlook,PM2.5-24hr,UG/M3,108.7,24,Pennsylvania Dept. of Environmental Protection,188,3,41.843722,-79.172889,840421230004,AirNow preliminary observations
07/17/26,840421310010,Tunkhannock,PM2.5-24hr,UG/M3,39.9,24,Pennsylvania Dept. of Environmental Protection,112,2,41.605244,-75.95774,840421310010,AirNow preliminary observations
07/17/26,840440070026,Vernon Street,PM2.5-24hr,UG/M3,10.5,24,Rhode Island Dept. of Environmental Management,54,1,41.874683,-71.379936,840440070026,AirNow preliminary observations
07/17/26,840440070040,Near Road,PM2.5-24hr,UG/M3,13.7,24,Rhode Island Dept. of Environmental Management,60,1,41.771987,-71.427881,840440070040,AirNow preliminary observations
07/17/26,840460130004,Aberdeen,PM2.5-24hr,UG/M3,10.8,24,South Dakota Department of Agriculture and Natural Resources,54,1,45.468596,-98.494061,840460130004,AirNow preliminary observations
07/17/26,840460270001,Vermillion,PM2.5-24hr,UG/M3,5.2,24,South Dakota Department of Agriculture and Natural Resources,29,0,42.789453,-96.903867,840460270001,AirNow preliminary observations
07/17/26,840460990009,SF-USD,PM2.5-24hr,UG/M3,9.4,24,South Dakota Department of Agriculture and Natural Resources,52,1,43.59901,-96.78331,840460990009,AirNow preliminary observations
07/17/26,840470931017,Rule,PM2.5-24hr,UG/M3,5.6,24,Knox County Dept. of Air Quality Management ,31,0,35.97773,-83.9504,840470931017,AirNow preliminary observations
07/17/26,840470990003,Loretto,PM2.5-24hr,UG/M3,4.6,24,Tennessee Air Pollution Control Div.,26,0,35.116866,-87.419726,840470990003,AirNow preliminary observations
07/17/26,840471130010,Jackson,PM2.5-24hr,UG/M3,12.7,24,Tennessee Air Pollution Control Div.,58,1,35.705338,-88.81959,840471130010,AirNow preliminary observations
07/17/26,840471252001,Clarksville,PM2.5-24hr,UG/M3,5.4,24,Tennessee Air Pollution Control Div.,30,0,36.611411,-87.384666,840471252001,AirNow preliminary observations
07/17/26,840471410006,Cookeville CC,PM2.5-24hr,UG/M3,4.0,24,Tennessee Air Pollution Control Div.,22,0,36.16304,-85.52908,840471410006,AirNow preliminary observations
07/17/26,840510590031,Northern VA Near Road,PM2.5-24hr,UG/M3,159.1,24,Virginia Dept. of Environmental Quality,234,4,38.7684,-77.18347,840510590031,AirNow preliminary observations
07/17/26,840510870015,Piedmont Regional Office,PM2.5-24hr,UG/M3,109.6,24,Virginia Dept. of Environmental Quality,189,3,37.67138,-77.56777,840510870015,AirNow preliminary observations
07/17/26,840515200006,Bristol,PM2.5-24hr,UG/M3,12.7,24,Virginia Dept. of Environmental Quality,58,1,36.64249,-82.10738,840515200006,AirNow preliminary observations
07/17/26,840517600025,Richmond City Near Road,PM2.5-24hr,UG/M3,99.5,24,Virginia Dept. of Environmental Quality,182,3,37.59088,-77.46925,840517600025,AirNow preliminary observations
07/17/26,840517750011,Salem,PM2.5-24hr,UG/M3,45.9,24,Virginia Dept. of Environmental Quality,127,2,37.29788,-80.08101,840517750011,AirNow preliminary observations
07/17/26,840518100008,Tidewater Regional Office,PM2.5-24hr,UG/M3,61.4,24,Virginia Dept. of Environmental Quality,155,3,36.84188,-76.18123,840518100008,AirNow preliminary observations
07/17/26,840540090011,"MARLAND HTS, WEIRTON",PM2.5-24hr,UG/M3,192.5,24,West Virginia Division of Air Quality,267,4,40.39458,-80.61202,840540090011,AirNow preliminary observations
07/17/26,840550250047,Madison University Ave,PM2.5-24hr,UG/M3,92.4,24,Wisconsin Dept. of Natural Resources,177,3,43.07378,-89.43595,840550250047,AirNow preliminary observations
07/17/26,840550532002,Ho-Chunk Nation-Black River Falls,PM2.5-24hr,UG/M3,36.4,24,Wisconsin Dept. of Natural Resources,103,2,44.33466,-90.7868,840550532002,AirNow preliminary observations
07/17/26,840550812001,Ho-Chunk Nation-Tomah,PM2.5-24hr,UG/M3,70.2,24,Wisconsin Dept. of Natural Resources,161,3,44.02086,-90.40161,840550812001,AirNow preliminary observations
07/17/26,840TT3830001,WTN1,PM2.5-24hr,UG/M3,12.7,24,Winnebago Tribe of Nebraska,58,1,42.24286,-96.47593,840TT3830001,AirNow preliminary observations
07/17/26,840TT3830002,WTN2,PM2.5-24hr,UG/M3,10.4,24,Winnebago Tribe of Nebraska,53,1,42.26582,-96.53307,840TT3830002,AirNow preliminary observations
07/17/26,CC0011002,FIREHALL-LABRADORCITY2,PM2.5-24hr,UG/M3,1.6,24,Newfoundland & Labrador DEC,9,0,52.94548,-66.910245,124CC0011002,AirNow preliminary observations
07/17/26,CC0040104,FREDERICTON-NEEDHAM ST.,PM2.5-24hr,UG/M3,2.7,24,Canada-New Brunswick1,15,0,45.957344,-66.645562,124CC0040104,AirNow preliminary observations
07/17/26,CC0040203,FOREST HILLS,PM2.5-24hr,UG/M3,2.7,24,Canada-New Brunswick1,15,0,45.308778,-66.008333,124CC0040203,AirNow preliminary observations
07/17/26,CC0040207,SAINT JOHN WEST,PM2.5-24hr,UG/M3,5.2,24,Canada-New Brunswick1,29,0,45.25315,-66.079931,124CC0040207,AirNow preliminary observations
07/17/26,CC0040209,CASTLE ST. SAINT JO,PM2.5-24hr,UG/M3,2.6,24,Canada-New Brunswick1,14,0,45.280278,-66.056111,124CC0040209,AirNow preliminary observations
07/17/26,CC0040901,ST ANDREWS,PM2.5-24hr,UG/M3,2.3,24,Canada-New Brunswick1,13,0,45.086944,-67.073889,124CC0040901,AirNow preliminary observations
07/17/26,CC0041302,BATHURST,PM2.5-24hr,UG/M3,2.8,24,Canada-New Brunswick1,16,0,47.609528,-65.633528,124CC0041302,AirNow preliminary observations
07/17/26,CC0041501,EDMUNDSTON QUEEN ST.,PM2.5-24hr,UG/M3,3.9,24,Canada-New Brunswick1,22,0,47.363195,-68.322302,124CC0041501,AirNow preliminary observations
07/17/26,CC0050103,Saint-Jean-Baptiste,PM2.5-24hr,UG/M3,5.7,24,Canada-Quebec2,32,0,45.641026,-73.499682,124CC0050103,AirNow preliminary observations
07/17/26,CC0050126,Sainte-Anne-de-Bellevue,PM2.5-24hr,UG/M3,4.9,24,Canada-Quebec2,27,0,45.426509,-73.928944,124CC0050126,AirNow preliminary observations
07/17/26,CC0050129,Riviere-des-Prairies,PM2.5-24hr,UG/M3,4.9,24,Canada-Quebec2,27,0,45.651722,-73.573896,124CC0050129,AirNow preliminary observations
07/17/26,CC0050134,Molson,PM2.5-24hr,UG/M3,5.5,24,Canada-Quebec2,31,0,45.542767,-73.572039,124CC0050134,AirNow preliminary observations
07/17/26,CC0050135,Caserne 17,PM2.5-24hr,UG/M3,4.8,24,Canada-Quebec2,27,0,45.593325,-73.637328,124CC0050135,AirNow preliminary observations
07/17/26,CC0050136,St-Dominique,PM2.5-24hr,UG/M3,5.5,24,Canada-Quebec2,31,0,45.512189,-73.566872,124CC0050136,AirNow preliminary observations
07/17/26,CC0050138,York-Roberval,PM2.5-24hr,UG/M3,5.7,24,Canada-Quebec2,32,0,45.464611,-73.582583,124CC0050138,AirNow preliminary observations
07/17/26,TT9209004,Miami,PM2.5-24hr,UG/M3,17.7,24,Quapaw Nation,67,1,36.922222,-94.83889,840TT9209004,AirNow preliminary observations
07/18/26,000050113,Laval - Chomedey,PM2.5-24hr,UG/M3,16.9,24,Canada-Quebec1,66,1,45.5472,-73.7472,124000050113,AirNow preliminary observations
07/18/26,000050119,Longueuil,PM2.5-24hr,UG/M3,21.6,24,Canada-Quebec1,74,1,45.5231,-73.4939,124000050119,AirNow preliminary observations
07/18/26,000050122,Brossard - Parc Sorbonne,PM2.5-24hr,UG/M3,21.2,24,Canada-Quebec1,74,1,45.44866,-73.468631,124000050122,AirNow preliminary observations
07/18/26,000050137,Terrebonne - Parc Vaillant,PM2.5-24hr,UG/M3,13.2,24,Canada-Quebec1,59,1,45.70476,-73.65776,124000050137,AirNow preliminary observations
07/18/26,000050204,Gatineau - Hull,PM2.5-24hr,UG/M3,17.6,24,Canada-Quebec1,67,1,45.4369,-75.7261,124000050204,AirNow preliminary observations
07/18/26,000050308,Quebec - Vieux-Limoilou,PM2.5-24hr,UG/M3,18.9,24,Canada-Quebec1,69,1,46.8214,-71.2208,124000050308,AirNow preliminary observations
07/18/26,000050310,Quebec - College St-Charles Garnier,PM2.5-24hr,UG/M3,14.6,24,Canada-Quebec1,61,1,46.7969,-71.2461,124000050310,AirNow preliminary observations
07/18/26,000050311,Quebec - Ecole Les Primeveres,PM2.5-24hr,UG/M3,16.2,24,Canada-Quebec1,64,1,46.77417,-71.36972,124000050311,AirNow preliminary observations
07/18/26,000050504,Saguenay - UQAC,PM2.5-24hr,UG/M3,5.1,24,Canada-Quebec1,28,0,48.4153,-71.0528,124000050504,AirNow preliminary observations
07/18/26,000050604,Rouyn-Noranda - Parc Tremblay,PM2.5-24hr,UG/M3,12.4,24,Canada-Quebec1,57,1,48.2344,-78.9833,124000050604,AirNow preliminary observations
07/18/26,000050803,Trois-Rivieres - Ecole MEES,PM2.5-24hr,UG/M3,10.8,24,Canada-Quebec1,54,1,46.357175,-72.546187,124000050803,AirNow preliminary observations
07/18/26,000051201,Shawinigan - Saint-Marc,PM2.5-24hr,UG/M3,9.1,24,Canada-Quebec1,51,1,46.5544,-72.7361,124000051201,AirNow preliminary observations
07/18/26,000051501,Saint-Zephirin-de-Courval,PM2.5-24hr,UG/M3,16.9,24,Canada-Quebec1,66,1,46.0419,-72.66,124000051501,AirNow preliminary observations
07/18/26,000052001,Charette,PM2.5-24hr,UG/M3,7.7,24,Canada-Quebec1,43,0,46.4425,-72.8928,124000052001,AirNow preliminary observations
07/18/26,000052301,Saint-Faustin-Lac-Carre,PM2.5-24hr,UG/M3,19.8,24,Canada-Quebec1,71,1,46.035,-74.4819,124000052301,AirNow preliminary observations
07/18/26,000052401,Parc de la Gatineau - La Peche,PM2.5-24hr,UG/M3,19.9,24,Canada-Quebec1,71,1,45.6222,-76.0178,124000052401,AirNow preliminary observations
07/18/26,000052701,Temiscaming,PM2.5-24hr,UG/M3,38.8,24,Canada-Quebec1,109,2,46.72139,-79.0997,124000052701,AirNow preliminary observations
07/18/26,000052801,Auclair,PM2.5-24hr,UG/M3,4.3,24,Canada-Quebec1,24,0,47.73333,-68.7072,124000052801,AirNow preliminary observations
07/18/26,000053201,Res. Faun. Ashuapmushuan - Pemonka,PM2.5-24hr,UG/M3,5.9,24,Canada-Quebec1,33,0,48.8183,-72.7428,124000053201,AirNow preliminary observations
07/18/26,000053301,Deschambault,PM2.5-24hr,UG/M3,11.8,24,Canada-Quebec1,56,1,46.6822,-71.9678,124000053301,AirNow preliminary observations
07/18/26,000053801,Tingwick,PM2.5-24hr,UG/M3,18.5,24,Canada-Quebec1,69,1,45.9075,-71.9492,124000053801,AirNow preliminary observations
07/18/26,000054201,Chapais,PM2.5-24hr,UG/M3,13.5,24,Canadian Air and Precipitation Monitoring Network,59,1,49.8222,-74.9764,124000054201,AirNow preliminary observations
07/18/26,000054401,Saint-Anicet,PM2.5-24hr,UG/M3,24.7,24,Canada-Quebec1,80,1,45.1167,-74.2833,124000054401,AirNow preliminary observations
07/18/26,000054703,Becancour,PM2.5-24hr,UG/M3,9.0,24,Canada-Quebec1,50,0,46.35,-72.4333,124000054703,AirNow preliminary observations
07/18/26,000054901,La Patrie - Ditton,PM2.5-24hr,UG/M3,17.1,24,Canada-Quebec1,66,1,45.3733,-71.2514,124000054901,AirNow preliminary observations
07/18/26,000055001,Mont-Saint-Michel,PM2.5-24hr,UG/M3,13.6,24,Canada-Quebec1,59,1,46.7686,-75.4319,124000055001,AirNow preliminary observations
07/18/26,000055101,Senneterre,PM2.5-24hr,UG/M3,11.5,24,Canada-Quebec1,55,1,48.4325,-77.1997,124000055101,AirNow preliminary observations
07/18/26,000055301,Saint-Jean-sur-Richelieu - L'Acadie,PM2.5-24hr,UG/M3,13.0,24,Canada-Quebec1,58,1,45.29417,-73.3489,124000055301,AirNow preliminary observations
07/18/26,000055401,Trois-Rivieres - Cap-de-la-Madelaine,PM2.5-24hr,UG/M3,9.7,24,Canada-Quebec1,52,1,46.362425,-72.510042,124000055401,AirNow preliminary observations
07/18/26,000060104,Ottawa Downtown,PM2.5-24hr,UG/M3,19.9,24,Ontario Ministry of the Environment,71,1,45.434333,-75.67599,124000060104,AirNow preliminary observations
07/18/26,000060204,Windsor Downtown,PM2.5-24hr,UG/M3,24.4,24,Ontario Ministry of the Environment,80,1,42.315778,-83.043667,124000060204,AirNow preliminary observations
07/18/26,000060211,Windsor West,PM2.5-24hr,UG/M3,26.3,24,Ontario Ministry of the Environment,83,1,42.292886,-83.073139,124000060211,AirNow preliminary observations
07/18/26,000060304,Kingston,PM2.5-24hr,UG/M3,22.5,24,Ontario Ministry of the Environment,76,1,44.219953,-76.521143,124000060304,AirNow preliminary observations
07/18/26,000060410,Toronto East,PM2.5-24hr,UG/M3,55.3,24,Ontario Ministry of the Environment,150,2,43.747917,-79.274056,124000060410,AirNow preliminary observations
07/18/26,000060515,Hamilton West,PM2.5-24hr,UG/M3,59.6,24,Ontario Ministry of the Environment,154,3,43.257444,-79.90775,124000060515,AirNow preliminary observations
07/18/26,000060610,Sudbury,PM2.5-24hr,UG/M3,46.8,24,Ontario Ministry of the Environment,129,2,46.492002,-81.003099,124000060610,AirNow preliminary observations
07/18/26,000060709,Sault Ste Marie,PM2.5-24hr,UG/M3,71.3,24,Ontario Ministry of the Environment,162,3,46.533194,-84.309917,124000060709,AirNow preliminary observations
07/18/26,000060904,London,PM2.5-24hr,UG/M3,39.9,24,Ontario Ministry of the Environment,112,2,42.974485,-81.200813,124000060904,AirNow preliminary observations
07/18/26,000061009,Sarnia,PM2.5-24hr,UG/M3,47.0,24,Ontario Ministry of the Environment,129,2,42.990263,-82.395341,124000061009,AirNow preliminary observations
07/18/26,000061104,Peterborough,PM2.5-24hr,UG/M3,19.2,24,Ontario Ministry of the Environment,70,1,44.301848,-78.346384,124000061104,AirNow preliminary observations
07/18/26,000061201,Cornwall,PM2.5-24hr,UG/M3,25.0,24,Ontario Ministry of the Environment,81,1,45.017976,-74.735339,124000061201,AirNow preliminary observations
07/18/26,000061302,St. Catharines,PM2.5-24hr,UG/M3,51.1,24,Ontario Ministry of the Environment,139,2,43.160056,-79.23475,124000061302,AirNow preliminary observations
07/18/26,000061402,Brantford,PM2.5-24hr,UG/M3,52.7,24,Ontario Ministry of the Environment,143,2,43.138611,-80.292639,124000061402,AirNow preliminary observations
07/18/26,000061502,Kitchener,PM2.5-24hr,UG/M3,53.0,24,Ontario Ministry of the Environment,144,2,43.443833,-80.503806,124000061502,AirNow preliminary observations
07/18/26,000061802,Guelph,PM2.5-24hr,UG/M3,56.6,24,Ontario Ministry of the Environment,152,3,43.551611,-80.264167,124000061802,AirNow preliminary observations
07/18/26,000062001,North Bay,PM2.5-24hr,UG/M3,46.3,24,Ontario Ministry of the Environment,128,2,46.32255,-79.449444,124000062001,AirNow preliminary observations
07/18/26,000062501,Tiverton,PM2.5-24hr,UG/M3,57.5,24,Ontario Ministry of the Environment,152,3,44.314472,-81.549722,124000062501,AirNow preliminary observations
07/18/26,000063001,Burlington,PM2.5-24hr,UG/M3,59.3,24,Ontario Ministry of the Environment,154,3,43.314603,-79.80277,124000063001,AirNow preliminary observations
07/18/26,000063301,Dorset,PM2.5-24hr,UG/M3,38.0,24,Ontario Ministry of the Environment,107,2,45.224278,-78.932944,124000063301,AirNow preliminary observations
07/18/26,000063701,Grand Bend,PM2.5-24hr,UG/M3,45.5,24,Ontario Ministry of the Environment,126,2,43.333083,-81.742889,124000063701,AirNow preliminary observations
07/18/26,000064401,Egbert,PM2.5-24hr,UG/M3,53.1,24,Canadian Air and Precipitation Monitoring Network,144,2,44.2325,-79.7814,124000064401,AirNow preliminary observations
07/18/26,000065001,Barrie,PM2.5-24hr,UG/M3,54.0,24,Ontario Ministry of the Environment,147,2,44.382338,-79.702446,124000065001,AirNow preliminary observations
07/18/26,000065201,Parry Sound,PM2.5-24hr,UG/M3,47.5,24,Ontario Ministry of the Environment,131,2,45.338261,-80.039269,124000065201,AirNow preliminary observations
07/18/26,000065301,Port Stanley,PM2.5-24hr,UG/M3,42.0,24,Ontario Ministry of the Environment,117,2,42.672127,-81.162948,124000065301,AirNow preliminary observations
07/18/26,000065401,Belleville,PM2.5-24hr,UG/M3,19.7,24,Ontario Ministry of the Environment,71,1,44.150528,-77.3955,124000065401,AirNow preliminary observations
07/18/26,000065801,Chatham,PM2.5-24hr,UG/M3,24.9,24,Ontario Ministry of the Environment,80,1,42.403964,-82.208306,124000065801,AirNow preliminary observations
07/18/26,000066101,Bonner Lake,PM2.5-24hr,UG/M3,38.5,24,Canadian Air and Precipitation Monitoring Network,108,2,49.3864,-82.1214,124000066101,AirNow preliminary observations
07/18/26,050350005,MARION,PM2.5-24hr,UG/M3,18.9,24,Arkansas Department of Environmental Quality,69,1,35.197156,-90.193178,840050350005,AirNow preliminary observations
07/18/26,051430005,SPRNGDLE,PM2.5-24hr,UG/M3,18.5,24,Arkansas Department of Environmental Quality,69,1,36.179705,-94.11663,840051430005,AirNow preliminary observations
07/18/26,090010010,Bridgeport,PM2.5-24hr,UG/M3,58.1,24,Connecticut Dept. of Energy and Environmental Protection,153,3,41.171398,-73.195297,840090010010,AirNow preliminary observations
07/18/26,090011123,Danbury,PM2.5-24hr,UG/M3,46.4,24,Connecticut Dept. of Energy and Environmental Protection,128,2,41.4014,-73.4447,840090011123,AirNow preliminary observations
07/18/26,090030025,Hartford,PM2.5-24hr,UG/M3,53.4,24,Connecticut Dept. of Energy and Environmental Protection,145,2,41.771444,-72.679923,840090030025,AirNow preliminary observations
07/18/26,090031003,East Hartford,PM2.5-24hr,UG/M3,48.2,24,Connecticut Dept. of Energy and Environmental Protection,132,2,41.7847,-72.6297,840090031003,AirNow preliminary observations
07/18/26,090050005,Cornwall,PM2.5-24hr,UG/M3,45.1,24,Connecticut Dept. of Energy and Environmental Protection,125,2,41.833099,-73.303299,840090050005,AirNow preliminary observations
07/18/26,090090027,New Haven,PM2.5-24hr,UG/M3,52.8,24,Connecticut Dept. of Energy and Environmental Protection,144,2,41.301288,-72.902685,840090090027,AirNow preliminary observations
07/18/26,090092123,Waterbury,PM2.5-24hr,UG/M3,43.0,24,Connecticut Dept. of Energy and Environmental Protection,119,2,41.5503,-73.0442,840090092123,AirNow preliminary observations
07/18/26,090110124,Groton,PM2.5-24hr,UG/M3,42.8,24,Connecticut Dept. of Energy and Environmental Protection,119,2,41.3536,-72.0789,840090110124,AirNow preliminary observations
07/18/26,100010002,KILLENS,PM2.5-24hr,UG/M3,56.0,24,Delaware Dept. of Natural Resources and Environment,151,3,38.986672,-75.5568,840100010002,AirNow preliminary observations
07/18/26,100031003,RIVER ROAD PARK; BELLEFONTE,PM2.5-24hr,UG/M3,58.0,24,Delaware Dept. of Natural Resources and Environment,153,3,39.7611,-75.4919,840100031003,AirNow preliminary observations
07/18/26,100031007,LUMS 2,PM2.5-24hr,UG/M3,44.1,24,Delaware Dept. of Natural Resources and Environment,122,2,39.5513,-75.732,840100031007,AirNow preliminary observations
07/18/26,100031008,Rte 9 Del. City,PM2.5-24hr,UG/M3,48.9,24,Delaware Dept. of Natural Resources and Environment,134,2,39.57768,-75.6036,840100031008,AirNow preliminary observations
07/18/26,100032004,MLK,PM2.5-24hr,UG/M3,48.8,24,Delaware Dept. of Natural Resources and Environment,134,2,39.739444,-75.558056,840100032004,AirNow preliminary observations
07/18/26,100051002,SEAFORD,PM2.5-24hr,UG/M3,40.1,24,Delaware Dept. of Natural Resources and Environment,112,2,38.6539,-75.6106,840100051002,AirNow preliminary observations
07/18/26,110010041,RIVER_Terrace,PM2.5-24hr,UG/M3,40.1,24,District of Columbia - Department of Energy and Environment,112,2,38.895683,-76.958089,840110010041,AirNow preliminary observations
07/18/26,110010043,McMillan Reservoir,PM2.5-24hr,UG/M3,45.4,24,District of Columbia - Department of Energy and Environment,125,2,38.921848,-77.013176,840110010043,AirNow preliminary observations
07/18/26,110010051,DCNearRoad,PM2.5-24hr,UG/M3,42.1,24,District of Columbia - Department of Energy and Environment,117,2,38.894749,-76.953427,840110010051,AirNow preliminary observations
07/18/26,124000050314,Quebec - Charlesbourg,PM2.5-24hr,UG/M3,12.8,24,Canada-Quebec1,58,1,46.8615,-71.2572,124000050314,AirNow preliminary observations
07/18/26,124000050405,Sherbrooke - Parc Sylvie-Daigle,PM2.5-24hr,UG/M3,19.4,24,Canada-Quebec1,70,1,45.41436,-71.88269,124000050405,AirNow preliminary observations
07/18/26,124000050702,Sept-Iles,PM2.5-24hr,UG/M3,6.7,24,Canada-Quebec1,37,0,50.21627,-66.3852,124000050702,AirNow preliminary observations
07/18/26,124000050902,Saguenay - Parc Powell,PM2.5-24hr,UG/M3,5.9,24,Canada-Quebec1,33,0,48.43417,-71.185,124000050902,AirNow preliminary observations
07/18/26,124000051111,Drummondville - Stade Jacques-Desautels,PM2.5-24hr,UG/M3,19.2,24,Canada-Quebec1,70,1,45.8713,-72.50318,124000051111,AirNow preliminary observations
07/18/26,124000051801,St-Joseph-de-Sorel - Ecole Martel,PM2.5-24hr,UG/M3,13.7,24,Canada-Quebec1,60,1,46.045,-73.12972,124000051801,AirNow preliminary observations
07/18/26,124000053703,Saint-Georges,PM2.5-24hr,UG/M3,15.1,24,Canada-Quebec1,62,1,46.12219,-70.65206,124000053703,AirNow preliminary observations
07/18/26,124000055801,Granby - Parc Poitevin,PM2.5-24hr,UG/M3,25.5,24,Canada-Quebec1,82,1,45.41864,-72.73067,124000055801,AirNow preliminary observations
07/18/26,124000056001,Radisson,PM2.5-24hr,UG/M3,3.2,24,Canada-Quebec1,18,0,53.69218,-77.74102,124000056001,AirNow preliminary observations
07/18/26,124000060430,Toronto West,PM2.5-24hr,UG/M3,50.4,24,Ontario Ministry of the Environment,138,2,43.709444,-79.5435,124000060430,AirNow preliminary observations
07/18/26,124000060434,Misssissauga,PM2.5-24hr,UG/M3,47.3,24,Ontario Ministry of the Environment,130,2,43.546174,-79.658797,124000060434,AirNow preliminary observations
07/18/26,124000060440,Toronto North,PM2.5-24hr,UG/M3,53.1,24,Ontario Ministry of the Environment,144,2,43.78047,-79.467372,124000060440,AirNow preliminary observations
07/18/26,124000060445,Toronto Downtown,PM2.5-24hr,UG/M3,63.0,24,Ontario Ministry of the Environment,156,3,43.645451,-79.3891,124000060445,AirNow preliminary observations
07/18/26,124000060450,Brampton,PM2.5-24hr,UG/M3,54.6,24,Ontario Ministry of the Environment,148,2,43.669911,-79.766589,124000060450,AirNow preliminary observations
07/18/26,124000060521,Hamilton Mountain,PM2.5-24hr,UG/M3,58.9,24,Ontario Ministry of the Environment,153,3,43.24132,-79.889328,124000060521,AirNow preliminary observations
07/18/26,124000061603,Oakville,PM2.5-24hr,UG/M3,57.7,24,Ontario Ministry of the Environment,153,3,43.486917,-79.702278,124000061603,AirNow preliminary observations
07/18/26,124000065101,Newmarket,PM2.5-24hr,UG/M3,50.9,24,Ontario Ministry of the Environment,139,2,44.044306,-79.48325,124000065101,AirNow preliminary observations
07/18/26,124000067001,Milton,PM2.5-24hr,UG/M3,62.1,24,Ontario Ministry of the Environment,156,3,43.52965,-79.862449,124000067001,AirNow preliminary observations
07/18/26,124CC0041601,Miramichi,PM2.5-24hr,UG/M3,4.5,24,Canada-New Brunswick1,25,0,47.02567,-65.52049,124CC0041601,AirNow preliminary observations
07/18/26,170191001,BONDVILLE,PM2.5-24hr,UG/M3,7.7,24,Illinois EPA,43,0,40.052241,-88.372549,840170191001,AirNow preliminary observations
07/18/26,170310001,ALSIP,PM2.5-24hr,UG/M3,38.9,24,Illinois EPA,109,2,41.6708,-87.7325,840170310001,AirNow preliminary observations
07/18/26,170310022,CHI_WASH,PM2.5-24hr,UG/M3,33.6,24,Illinois EPA,97,1,41.6878,-87.5389,840170310022,AirNow preliminary observations
07/18/26,170310057,CHI_SP,PM2.5-24hr,UG/M3,35.8,24,Illinois EPA,102,2,41.9136,-87.7239,840170310057,AirNow preliminary observations
07/18/26,170310076,CHI_COM,PM2.5-24hr,UG/M3,32.3,24,Illinois EPA,94,1,41.7547,-87.7136,840170310076,AirNow preliminary observations
07/18/26,170313103,SCHILPRK,PM2.5-24hr,UG/M3,37.5,24,Illinois EPA,106,2,41.965,-87.8761,840170313103,AirNow preliminary observations
07/18/26,170314007,DESPLNS,PM2.5-24hr,UG/M3,34.0,24,Illinois EPA,97,1,42.0603,-87.8631,840170314007,AirNow preliminary observations
07/18/26,170314201,NORTHBRK,PM2.5-24hr,UG/M3,42.2,24,Illinois EPA,117,2,42.1406,-87.7994,840170314201,AirNow preliminary observations
07/18/26,170316005,Cicero Liberty,PM2.5-24hr,UG/M3,32.7,24,Illinois EPA,95,1,41.864329,-87.748826,840170316005,AirNow preliminary observations
07/18/26,170434002,Naperville,PM2.5-24hr,UG/M3,34.6,24,Illinois EPA,99,1,41.7714,-88.1522,840170434002,AirNow preliminary observations
07/18/26,170650002,KNIGHT_P,PM2.5-24hr,UG/M3,11.5,24,Illinois EPA,55,1,38.088902,-88.625,840170650002,AirNow preliminary observations
07/18/26,170830117,JERSEYVL,PM2.5-24hr,UG/M3,10.5,24,Illinois EPA,54,1,39.101439,-90.344494,840170830117,AirNow preliminary observations
07/18/26,171110001,CARY,PM2.5-24hr,UG/M3,34.2,24,Illinois EPA,98,1,42.2211,-88.2411,840171110001,AirNow preliminary observations
07/18/26,171132003,NORMAL,PM2.5-24hr,UG/M3,8.5,24,Illinois EPA,47,0,40.5169,-88.9975,840171132003,AirNow preliminary observations
07/18/26,171150013,DECATUR,PM2.5-24hr,UG/M3,9.0,24,Illinois EPA,50,0,39.8669,-88.9256,840171150013,AirNow preliminary observations
07/18/26,171191007,Granite City Fire Station,PM2.5-24hr,UG/M3,11.4,24,Illinois EPA,55,1,38.7045,-90.1397,840171191007,AirNow preliminary observations
07/18/26,171193007,Wood_River,PM2.5-24hr,UG/M3,12.3,24,Illinois EPA,57,1,38.8606,-90.1058,840171193007,AirNow preliminary observations
07/18/26,171430037,PEORIA_J,PM2.5-24hr,UG/M3,10.4,24,Illinois EPA,53,1,40.6978,-89.5889,840171430037,AirNow preliminary observations
07/18/26,171570001,HOUSTON,PM2.5-24hr,UG/M3,11.0,24,Illinois EPA,55,1,38.1761,-89.7883,840171570001,AirNow preliminary observations
07/18/26,171613002,ROCK_IS,PM2.5-24hr,UG/M3,14.3,24,Illinois EPA,61,1,41.5144,-90.5172,840171613002,AirNow preliminary observations
07/18/26,171630010,East St. Louis,PM2.5-24hr,UG/M3,11.7,24,Illinois EPA,56,1,38.611893,-90.160614,840171630010,AirNow preliminary observations
07/18/26,171670012,Springfield Ag,PM2.5-24hr,UG/M3,9.0,24,Illinois EPA,50,0,39.831921,-89.644164,840171670012,AirNow preliminary observations
07/18/26,171971002,Joliet,PM2.5-24hr,UG/M3,24.1,24,Illinois EPA,79,1,41.526885,-88.116474,840171971002,AirNow preliminary observations
07/18/26,171971011,BRAIDWD,PM2.5-24hr,UG/M3,15.7,24,Illinois EPA,63,1,41.2222,-88.1906,840171971011,AirNow preliminary observations
07/18/26,180050008,Columbus - Rocky Ford Rd,PM2.5-24hr,UG/M3,8.0,24,Indiana Dept. of Environmental Management,45,0,39.237457,-85.891332,840180050008,AirNow preliminary observations
07/18/26,180390008,Elkhart-Prairie St.,PM2.5-24hr,UG/M3,26.9,24,Indiana Dept. of Environmental Management,84,1,41.657155,-85.968446,840180390008,AirNow preliminary observations
07/18/26,180550001,Plummer,PM2.5-24hr,UG/M3,7.5,24,Indiana Dept. of Environmental Management,42,0,38.985556,-86.99,840180550001,AirNow preliminary observations
07/18/26,180570007,Fishers,PM2.5-24hr,UG/M3,9.1,24,Indiana Dept. of Environmental Management,51,1,39.960884,-85.939546,840180570007,AirNow preliminary observations
07/18/26,180650003,Mechanicsburg,PM2.5-24hr,UG/M3,7.3,24,Indiana Dept. of Environmental Management,41,0,40.009544,-85.52347,840180650003,AirNow preliminary observations
07/18/26,180670004,Kokomo - E. Vaile Ave.,PM2.5-24hr,UG/M3,5.7,24,Indiana Dept. of Environmental Management,32,0,40.481347,-86.109688,840180670004,AirNow preliminary observations
07/18/26,180890022,Gary-IITRI,PM2.5-24hr,UG/M3,25.6,24,Indiana Dept. of Environmental Management,82,1,41.606563,-87.305015,840180890022,AirNow preliminary observations
07/18/26,180890036,Hammond-167th St,PM2.5-24hr,UG/M3,30.8,24,Indiana Dept. of Environmental Management,91,1,41.594427,-87.495044,840180890036,AirNow preliminary observations
07/18/26,180950011,Anderson-Eastside Elem. Sch,PM2.5-24hr,UG/M3,6.2,24,Indiana Dept. of Environmental Management,34,0,40.12569,-85.652127,840180950011,AirNow preliminary observations
07/18/26,180970078,Indpls-Washington Park,PM2.5-24hr,UG/M3,6.7,24,Indiana Dept. of Environmental Management,37,0,39.810833,-86.114444,840180970078,AirNow preliminary observations
07/18/26,180970081,Indpls-W.18th St,PM2.5-24hr,UG/M3,7.3,24,Indiana Dept. of Environmental Management,41,0,39.788889,-86.214722,840180970081,AirNow preliminary observations
07/18/26,180970087,Indpls - I-70 E,PM2.5-24hr,UG/M3,7.1,24,Indiana Dept. of Environmental Management,39,0,39.787933,-86.13088,840180970087,AirNow preliminary observations
07/18/26,181050003,Bloomington - Binford,PM2.5-24hr,UG/M3,9.3,24,Indiana Dept. of Environmental Management,51,1,39.159372,-86.504747,840181050003,AirNow preliminary observations
07/18/26,181270024,Ogden Dunes,PM2.5-24hr,UG/M3,32.1,24,Indiana Dept. of Environmental Management,94,1,41.617814,-87.199533,840181270024,AirNow preliminary observations
07/18/26,181410015,South Bend-Shields Dr,PM2.5-24hr,UG/M3,30.3,24,Indiana Dept. of Environmental Management,90,1,41.696667,-86.214722,840181410015,AirNow preliminary observations
07/18/26,181570008,Lafayette-Greenbush St,PM2.5-24hr,UG/M3,4.9,24,Indiana Dept. of Environmental Management,27,0,40.431667,-86.8525,840181570008,AirNow preliminary observations
07/18/26,181630021,Evansville-Buena Vista,PM2.5-24hr,UG/M3,10.5,24,Indiana Dept. of Environmental Management,54,1,38.01325,-87.577923,840181630021,AirNow preliminary observations
07/18/26,181670018,Terre Haute-Lafayette Ave,PM2.5-24hr,UG/M3,9.7,24,Indiana Dept. of Environmental Management,52,1,39.485987,-87.401312,840181670018,AirNow preliminary observations
07/18/26,181830003,Larwill,PM2.5-24hr,UG/M3,17.5,24,Indiana Dept. of Environmental Management,67,1,41.169722,-85.629444,840181830003,AirNow preliminary observations
07/18/26,190130009,"Waterloo, Water Tower",PM2.5-24hr,UG/M3,11.2,24,Iowa DNR,55,1,42.5014,-92.315804,840190130009,AirNow preliminary observations
07/18/26,190450019,"Clinton, Chancy Park",PM2.5-24hr,UG/M3,13.5,24,Iowa DNR,59,1,41.823101,-90.211899,840190450019,AirNow preliminary observations
07/18/26,191032001,"Iowa City, Hoover School",PM2.5-24hr,UG/M3,13.7,24,Iowa DNR,60,1,41.658195,-91.503471,840191032001,AirNow preliminary observations
07/18/26,191130040,PUBLIC HEALTH,PM2.5-24hr,UG/M3,13.5,24,Linn Co. Public Health ,59,1,41.9767,-91.6878,840191130040,AirNow preliminary observations
07/18/26,191370002,Viking Lake State Park,PM2.5-24hr,UG/M3,8.4,24,Iowa DNR,47,0,40.970001,-95.044998,840191370002,AirNow preliminary observations
07/18/26,191471002,"Emmetsburg, ILCC",PM2.5-24hr,UG/M3,18.4,24,Iowa DNR,68,1,43.123299,-94.693298,840191471002,AirNow preliminary observations
07/18/26,191530030,CARPENTER,PM2.5-24hr,UG/M3,12.5,24,Polk Co. Air Quality Division,57,1,41.6031,-93.643303,840191530030,AirNow preliminary observations
07/18/26,191630015,"Davenport, 10th & Vine",PM2.5-24hr,UG/M3,13.2,24,Iowa DNR,59,1,41.529999,-90.587502,840191630015,AirNow preliminary observations
07/18/26,191770006,Lake Sugema,PM2.5-24hr,UG/M3,12.0,24,Iowa DNR,56,1,40.693298,-92.006104,840191770006,AirNow preliminary observations
07/18/26,200910010,Heritage Park,PM2.5-24hr,UG/M3,9.8,24,Kansas Dept. of Health and Environment,52,1,38.8386,-94.7464,840200910010,AirNow preliminary observations
07/18/26,201330003,Chanute,PM2.5-24hr,UG/M3,13.3,24,Kansas Dept. of Health and Environment,59,1,37.67696,-95.47594,840201330003,AirNow preliminary observations
07/18/26,201730010,WHlthDpt,PM2.5-24hr,UG/M3,11.2,24,Kansas Dept. of Health and Environment,55,1,37.7011,-97.3139,840201730010,AirNow preliminary observations
07/18/26,201770013,KNI-Topeka,PM2.5-24hr,UG/M3,8.4,24,Kansas Dept. of Health and Environment,47,0,39.0242,-95.7114,840201770013,AirNow preliminary observations
07/18/26,201910002,PECK,PM2.5-24hr,UG/M3,10.5,24,Kansas Dept. of Health and Environment,54,1,37.4769,-97.3664,840201910002,AirNow preliminary observations
07/18/26,201950001,Cedar Bluff,PM2.5-24hr,UG/M3,4.9,24,Kansas Dept. of Health and Environment,27,0,38.7703,-99.7636,840201950001,AirNow preliminary observations
07/18/26,202090021,WY/KC,PM2.5-24hr,UG/M3,10.2,24,Kansas Dept. of Health and Environment,53,1,39.1175,-94.6356,840202090021,AirNow preliminary observations
07/18/26,210130002,MIDAIR,PM2.5-24hr,UG/M3,6.8,24,Kentucky DEP,38,0,36.6081,-83.7369,840210130002,AirNow preliminary observations
07/18/26,210190017,FIVCO,PM2.5-24hr,UG/M3,5.4,24,Kentucky DEP,30,0,38.4592,-82.6339,840210190017,AirNow preliminary observations
07/18/26,210373002,NKU,PM2.5-24hr,UG/M3,6.5,24,Kentucky DEP,36,0,39.0217,-84.4744,840210373002,AirNow preliminary observations
07/18/26,210430500,GRAYSON,PM2.5-24hr,UG/M3,5.7,24,Kentucky DEP,32,0,38.2383,-82.9883,840210430500,AirNow preliminary observations
07/18/26,210670012,NEWTWN,PM2.5-24hr,UG/M3,6.7,24,Kentucky DEP,37,0,38.065,-84.5,840210670012,AirNow preliminary observations
07/18/26,211110051,WATSON,PM2.5-24hr,UG/M3,10.3,24,Louisville Metro Air Pollution Control District ,53,1,38.0608,-85.8961,840211110051,AirNow preliminary observations
07/18/26,211110067,Cannons Lane,PM2.5-24hr,UG/M3,8.0,24,Louisville Metro Air Pollution Control District ,44,0,38.2286,-85.6544,840211110067,AirNow preliminary observations
07/18/26,211110075,Near Road,PM2.5-24hr,UG/M3,8.1,24,Louisville Metro Air Pollution Control District ,45,0,38.1935,-85.7121,840211110075,AirNow preliminary observations
07/18/26,211110080,Carrithers Middle School,PM2.5-24hr,UG/M3,8.0,24,Louisville Metro Air Pollution Control District ,44,0,38.1825,-85.5744,840211110080,AirNow preliminary observations
07/18/26,211111041,Algonquin Parkway,PM2.5-24hr,UG/M3,9.5,24,Louisville Metro Air Pollution Control District ,52,1,38.23158,-85.82675,840211111041,AirNow preliminary observations
07/18/26,211130001,NICHVILL,PM2.5-24hr,UG/M3,6.5,24,Kentucky DEP,36,0,37.8933,-84.5892,840211130001,AirNow preliminary observations
07/18/26,211930003,HAZ2,PM2.5-24hr,UG/M3,5.2,24,Kentucky DEP,29,0,37.2831,-83.2203,840211930003,AirNow preliminary observations
07/18/26,211950002,PIKE2001,PM2.5-24hr,UG/M3,5.3,24,Kentucky DEP,29,0,37.4828,-82.5353,840211950002,AirNow preliminary observations
07/18/26,211990003,SOMERST,PM2.5-24hr,UG/M3,6.6,24,Kentucky DEP,37,0,37.097801,-84.611702,840211990003,AirNow preliminary observations
07/18/26,212270009,Smiths Grove,PM2.5-24hr,UG/M3,8.3,24,Kentucky DEP,46,0,37.04926,-86.21487,840212270009,AirNow preliminary observations
07/18/26,230010011,Lewiston,PM2.5-24hr,UG/M3,20.4,24,Maine Dept. of Environmental Protection,72,1,44.089355,-70.214134,840230010011,AirNow preliminary observations
07/18/26,230030014,Madawaska PSB,PM2.5-24hr,UG/M3,5.4,24,Maine Dept. of Environmental Protection,30,0,47.3553,-68.3211,840230030014,AirNow preliminary observations
07/18/26,230031011,Presque Isle Riverside,PM2.5-24hr,UG/M3,6.6,24,Maine Dept. of Environmental Protection,37,0,46.682299,-68.016195,840230031011,AirNow preliminary observations
07/18/26,230090103,Acadia NP - McFarland,PM2.5-24hr,UG/M3,12.3,24,Maine Dept. of Environmental Protection,57,1,44.377048,-68.260902,840230090103,AirNow preliminary observations
07/18/26,230172011,Rumford,PM2.5-24hr,UG/M3,14.4,24,Maine Dept. of Environmental Protection,61,1,44.5514,-70.5463,840230172011,AirNow preliminary observations
07/18/26,230190017,Bangor MSS,PM2.5-24hr,UG/M3,14.5,24,Maine Dept. of Environmental Protection,61,1,44.817398,-68.772762,840230190017,AirNow preliminary observations
07/18/26,240051007,Padonia,PM2.5-24hr,UG/M3,49.5,24,Maryland Department of the Environment,135,2,39.462002,-76.631599,840240051007,AirNow preliminary observations
07/18/26,240150003,Fair Hill,PM2.5-24hr,UG/M3,41.1,24,Maryland Department of the Environment,115,2,39.701099,-75.860001,840240150003,AirNow preliminary observations
07/18/26,240190004,Horn Point,PM2.5-24hr,UG/M3,35.0,24,Maryland Department of the Environment,99,1,38.5876,-76.1408,840240190004,AirNow preliminary observations
07/18/26,240230002,Piney Run,PM2.5-24hr,UG/M3,34.2,24,Maryland Department of the Environment,98,1,39.705799,-79.011902,840240230002,AirNow preliminary observations
07/18/26,240251001,Edgewood,PM2.5-24hr,UG/M3,43.9,24,Maryland Department of the Environment,122,2,39.41,-76.2967,840240251001,AirNow preliminary observations
07/18/26,240270006,Howard County Near Road,PM2.5-24hr,UG/M3,43.5,24,Maryland Department of the Environment,121,2,39.143197,-76.846192,840240270006,AirNow preliminary observations
07/18/26,240290002,Millington,PM2.5-24hr,UG/M3,33.0,24,Maryland Department of the Environment,96,1,39.305199,-75.797203,840240290002,AirNow preliminary observations
07/18/26,240313001,Rockville,PM2.5-24hr,UG/M3,42.0,24,Maryland Department of the Environment,117,2,39.114399,-77.106903,840240313001,AirNow preliminary observations
07/18/26,240330030,HU-Beltsville,PM2.5-24hr,UG/M3,48.2,24,Maryland Department of the Environment,132,2,39.055302,-76.878304,840240330030,AirNow preliminary observations
07/18/26,240430009,Hagerstown,PM2.5-24hr,UG/M3,53.5,24,Maryland Department of the Environment,145,2,39.565601,-77.721901,840240430009,AirNow preliminary observations
07/18/26,250036001,North Adams,PM2.5-24hr,UG/M3,32.9,24,Massachusetts Dept. of Environmental Protection,95,1,42.702223,-73.110414,840250036001,AirNow preliminary observations
07/18/26,250051004,Fall River,PM2.5-24hr,UG/M3,32.8,24,Massachusetts Dept. of Environmental Protection,95,1,41.6833,-71.169701,840250051004,AirNow preliminary observations
07/18/26,250092006,Lynn,PM2.5-24hr,UG/M3,38.2,24,Massachusetts Dept. of Environmental Protection,108,2,42.474701,-70.971901,840250092006,AirNow preliminary observations
07/18/26,250112005,Greenfield,PM2.5-24hr,UG/M3,43.2,24,Massachusetts Dept. of Environmental Protection,120,2,42.605816,-72.596689,840250112005,AirNow preliminary observations
07/18/26,250130008,Chicopee,PM2.5-24hr,UG/M3,41.3,24,Massachusetts Dept. of Environmental Protection,115,2,42.194401,-72.555603,840250130008,AirNow preliminary observations
07/18/26,250130018,Springfield,PM2.5-24hr,UG/M3,48.1,24,Massachusetts Dept. of Environmental Protection,132,2,42.120248,-72.58499,840250130018,AirNow preliminary observations
07/18/26,250230005,Brockton,PM2.5-24hr,UG/M3,43.1,24,Massachusetts Dept. of Environmental Protection,120,2,42.065119,-71.012686,840250230005,AirNow preliminary observations
07/18/26,250250002,Boston - Kenmore Sq,PM2.5-24hr,UG/M3,42.2,24,Massachusetts Dept. of Environmental Protection,117,2,42.3489,-71.097702,840250250002,AirNow preliminary observations
07/18/26,250250042,Boston - Roxbury,PM2.5-24hr,UG/M3,37.3,24,Massachusetts Dept. of Environmental Protection,105,2,42.329399,-71.082497,840250250042,AirNow preliminary observations
07/18/26,250250044,Boston - Von Hillern St,PM2.5-24hr,UG/M3,38.7,24,Massachusetts Dept. of Environmental Protection,109,2,42.325197,-71.056056,840250250044,AirNow preliminary observations
07/18/26,250270023,Worcester - Summer St,PM2.5-24hr,UG/M3,41.5,24,Massachusetts Dept. of Environmental Protection,116,2,42.263901,-71.794701,840250270023,AirNow preliminary observations
07/18/26,250270024,Uxbridge,PM2.5-24hr,UG/M3,41.6,24,Massachusetts Dept. of Environmental Protection,116,2,42.0997,-71.62,840250270024,AirNow preliminary observations
07/18/26,260050003,Holland,PM2.5-24hr,UG/M3,31.2,24,"Michigan Department of Environment, Great Lakes, and Energy",92,1,42.767799,-86.148598,840260050003,AirNow preliminary observations
07/18/26,260170014,Bay City,PM2.5-24hr,UG/M3,33.2,24,"Michigan Department of Environment, Great Lakes, and Energy",96,1,43.5714,-83.8908,840260170014,AirNow preliminary observations
07/18/26,260650018,Lansing,PM2.5-24hr,UG/M3,28.8,24,"Michigan Department of Environment, Great Lakes, and Energy",88,1,42.76138,-84.562867,840260650018,AirNow preliminary observations
07/18/26,260770008,Kalamazoo,PM2.5-24hr,UG/M3,31.6,24,"Michigan Department of Environment, Great Lakes, and Energy",93,1,42.2781,-85.5419,840260770008,AirNow preliminary observations
07/18/26,260810020,Grand Rapids - Monroe,PM2.5-24hr,UG/M3,40.0,24,"Michigan Department of Environment, Great Lakes, and Energy",112,2,42.984699,-85.671097,840260810020,AirNow preliminary observations
07/18/26,260910007,Tecumseh,PM2.5-24hr,UG/M3,20.6,24,"Michigan Department of Environment, Great Lakes, and Energy",73,1,41.995602,-83.946701,840260910007,AirNow preliminary observations
07/18/26,260990009,New Haven,PM2.5-24hr,UG/M3,39.6,24,"Michigan Department of Environment, Great Lakes, and Energy",111,2,42.7314,-82.7936,840260990009,AirNow preliminary observations
07/18/26,261010922,Little River Band-Manistee,PM2.5-24hr,UG/M3,57.6,24,"Michigan Department of Environment, Great Lakes, and Energy",152,3,44.3069,-86.2428,840261010922,AirNow preliminary observations
07/18/26,261130001,Houghton Lake,PM2.5-24hr,UG/M3,51.7,24,"Michigan Department of Environment, Great Lakes, and Energy",141,2,44.3106,-84.891899,840261130001,AirNow preliminary observations
07/18/26,261250001,Oak Park,PM2.5-24hr,UG/M3,30.6,24,"Michigan Department of Environment, Great Lakes, and Energy",91,1,42.4631,-83.183296,840261250001,AirNow preliminary observations
07/18/26,261390005,Jenison,PM2.5-24hr,UG/M3,39.9,24,"Michigan Department of Environment, Great Lakes, and Energy",112,2,42.894402,-85.852798,840261390005,AirNow preliminary observations
07/18/26,261470005,Port Huron,PM2.5-24hr,UG/M3,46.6,24,"Michigan Department of Environment, Great Lakes, and Energy",128,2,42.9533,-82.4564,840261470005,AirNow preliminary observations
07/18/26,261530001,Seney,PM2.5-24hr,UG/M3,123.0,24,"Michigan Department of Environment, Great Lakes, and Energy",198,3,46.2889,-85.9503,840261530001,AirNow preliminary observations
07/18/26,261610008,Ypsilanti,PM2.5-24hr,UG/M3,26.3,24,"Michigan Department of Environment, Great Lakes, and Energy",83,1,42.24,-83.5997,840261610008,AirNow preliminary observations
07/18/26,261630001,Allen Park,PM2.5-24hr,UG/M3,22.1,24,"Michigan Department of Environment, Great Lakes, and Energy",75,1,42.2283,-83.2092,840261630001,AirNow preliminary observations
07/18/26,261630015,Detroit-Southwest,PM2.5-24hr,UG/M3,26.2,24,"Michigan Department of Environment, Great Lakes, and Energy",83,1,42.3042,-83.1072,840261630015,AirNow preliminary observations
07/18/26,261630019,Detroit-E7 Mile,PM2.5-24hr,UG/M3,24.5,24,"Michigan Department of Environment, Great Lakes, and Energy",80,1,42.430801,-83.000801,840261630019,AirNow preliminary observations
07/18/26,261630033,Dearborn,PM2.5-24hr,UG/M3,25.0,24,"Michigan Department of Environment, Great Lakes, and Energy",81,1,42.3075,-83.15,840261630033,AirNow preliminary observations
07/18/26,261630093,Eliza Howell - Near Roadway,PM2.5-24hr,UG/M3,21.5,24,"Michigan Department of Environment, Great Lakes, and Energy",74,1,42.38599,-83.266319,840261630093,AirNow preliminary observations
07/18/26,261630097,Detroit-NMH48217,PM2.5-24hr,UG/M3,24.2,24,"Michigan Department of Environment, Great Lakes, and Energy",79,1,42.261669,-83.157893,840261630097,AirNow preliminary observations
07/18/26,261630098,Detroit-DP4th,PM2.5-24hr,UG/M3,25.6,24,"Michigan Department of Environment, Great Lakes, and Energy",82,1,42.312158,-83.091943,840261630098,AirNow preliminary observations
07/18/26,261630099,Detroit-Trinity,PM2.5-24hr,UG/M3,25.1,24,"Michigan Department of Environment, Great Lakes, and Energy",81,1,42.295824,-83.129431,840261630099,AirNow preliminary observations
07/18/26,261630100,Detroit-Military Park,PM2.5-24hr,UG/M3,24.2,24,"Michigan Department of Environment, Great Lakes, and Energy",79,1,42.312078,-83.103469,840261630100,AirNow preliminary observations
07/18/26,270031002,Blaine,PM2.5-24hr,UG/M3,16.0,24,Minnesota Pollution Control Agency,64,1,45.1425,-93.2139,840270031002,AirNow preliminary observations
07/18/26,270052013,Detroit Lakes,PM2.5-24hr,UG/M3,11.7,24,Minnesota Pollution Control Agency,56,1,46.8511,-95.8467,840270052013,AirNow preliminary observations
07/18/26,270072304,Red Lake Nation Hospital,PM2.5-24hr,UG/M3,13.9,24,Minnesota Pollution Control Agency,60,1,47.878159,-95.029172,840270072304,AirNow preliminary observations
07/18/26,270177417,Fond du Lac,PM2.5-24hr,UG/M3,23.5,24,Minnesota Pollution Control Agency,78,1,46.713694,-92.511722,840270177417,AirNow preliminary observations
07/18/26,270213410,Leech Lake Nation: Cass Lake,PM2.5-24hr,UG/M3,11.1,24,Minnesota Pollution Control Agency,55,1,47.38443,-94.60166,840270213410,AirNow preliminary observations
07/18/26,270317810,Grand Portage,PM2.5-24hr,UG/M3,170.6,24,Minnesota Pollution Control Agency,246,4,47.9721,-89.6908,840270317810,AirNow preliminary observations
07/18/26,270353204,Brainerd,PM2.5-24hr,UG/M3,11.0,24,Minnesota Pollution Control Agency,55,1,46.3944,-94.1433,840270353204,AirNow preliminary observations
07/18/26,270370470,Apple Valley,PM2.5-24hr,UG/M3,18.7,24,Minnesota Pollution Control Agency,69,1,44.7383,-93.2372,840270370470,AirNow preliminary observations
07/18/26,270370480,Lakeville - Near Road,PM2.5-24hr,UG/M3,16.3,24,Minnesota Pollution Control Agency,64,1,44.706123,-93.285803,840270370480,AirNow preliminary observations
07/18/26,270530909,Minneapolis - Lowry Ave,PM2.5-24hr,UG/M3,17.8,24,Minnesota Pollution Control Agency,67,1,45.012102,-93.276699,840270530909,AirNow preliminary observations
07/18/26,270530910,Minneapolis - Pacific St,PM2.5-24hr,UG/M3,18.0,24,Minnesota Pollution Control Agency,68,1,45.008297,-93.277041,840270530910,AirNow preliminary observations
07/18/26,270530962,Minneapolis - Near Road,PM2.5-24hr,UG/M3,16.4,24,Minnesota Pollution Control Agency,65,1,44.9653,-93.2551,840270530962,AirNow preliminary observations
07/18/26,270531904,Minneapolis - East Phillips Community,PM2.5-24hr,UG/M3,16.7,24,Minnesota Pollution Control Agency,65,1,44.95208,-93.24428,840270531904,AirNow preliminary observations
07/18/26,270750005,Ely,PM2.5-24hr,UG/M3,87.4,24,Minnesota Pollution Control Agency,173,3,47.9464,-91.4953,840270750005,AirNow preliminary observations
07/18/26,271095008,Rochester,PM2.5-24hr,UG/M3,19.9,24,Minnesota Pollution Control Agency,71,1,43.9947,-92.4497,840271095008,AirNow preliminary observations
07/18/26,271230871,St. Paul-Harding H.S.,PM2.5-24hr,UG/M3,16.8,24,Minnesota Pollution Control Agency,65,1,44.9594,-93.0356,840271230871,AirNow preliminary observations
07/18/26,271377001,Virginia,PM2.5-24hr,UG/M3,28.2,24,Minnesota Pollution Control Agency,87,1,47.5212,-92.5393,840271377001,AirNow preliminary observations
07/18/26,271377550,Duluth-WDSE,PM2.5-24hr,UG/M3,38.1,24,Minnesota Pollution Control Agency,107,2,46.8183,-92.0892,840271377550,AirNow preliminary observations
07/18/26,271377554,West Duluth,PM2.5-24hr,UG/M3,43.4,24,Minnesota Pollution Control Agency,120,2,46.743889,-92.166946,840271377554,AirNow preliminary observations
07/18/26,271390505,Shakopee,PM2.5-24hr,UG/M3,16.6,24,Minnesota Pollution Control Agency,65,1,44.789398,-93.512497,840271390505,AirNow preliminary observations
07/18/26,271453052,St. Cloud,PM2.5-24hr,UG/M3,11.3,24,Minnesota Pollution Control Agency,55,1,45.55,-94.1333,840271453052,AirNow preliminary observations
07/18/26,271713201,St. Michael,PM2.5-24hr,UG/M3,14.0,24,Minnesota Pollution Control Agency,60,1,45.2108,-93.6686,840271713201,AirNow preliminary observations
07/18/26,290210005,St. Joseph,PM2.5-24hr,UG/M3,7.7,24,Missouri Department of Natural Resources,43,0,39.741667,-94.858333,840290210005,AirNow preliminary observations
07/18/26,290370003,RG_South,PM2.5-24hr,UG/M3,8.0,24,Missouri Department of Natural Resources,44,0,38.75961,-94.57983,840290370003,AirNow preliminary observations
07/18/26,290390001,El Do Springs,PM2.5-24hr,UG/M3,12.4,24,Missouri Department of Natural Resources,57,1,37.70097,-94.03474,840290390001,AirNow preliminary observations
07/18/26,290470005,Liberty,PM2.5-24hr,UG/M3,8.0,24,Missouri Department of Natural Resources,44,0,39.303056,-94.376389,840290470005,AirNow preliminary observations
07/18/26,290770036,Hillcrest HS,PM2.5-24hr,UG/M3,12.9,24,Missouri Department of Natural Resources,58,1,37.256069,-93.299692,840290770036,AirNow preliminary observations
07/18/26,290950034,Troost,PM2.5-24hr,UG/M3,8.8,24,Missouri Department of Natural Resources,49,0,39.10465,-94.57055,840290950034,AirNow preliminary observations
07/18/26,290990019,Arnold West,PM2.5-24hr,UG/M3,10.0,24,Missouri Department of Natural Resources,53,1,38.448581,-90.398436,840290990019,AirNow preliminary observations
07/18/26,291893001,Ladue,PM2.5-24hr,UG/M3,8.8,24,Missouri Department of Natural Resources,49,0,38.650259,-90.350463,840291893001,AirNow preliminary observations
07/18/26,295100007,South Broadway,PM2.5-24hr,UG/M3,11.1,24,Missouri Department of Natural Resources,55,1,38.5425,-90.263611,840295100007,AirNow preliminary observations
07/18/26,295100085,Blair Street,PM2.5-24hr,UG/M3,10.0,24,Missouri Department of Natural Resources,53,1,38.656449,-90.198548,840295100085,AirNow preliminary observations
07/18/26,295100093,Branch Street,PM2.5-24hr,UG/M3,13.3,24,Missouri Department of Natural Resources,59,1,38.65643,-90.18977,840295100093,AirNow preliminary observations
07/18/26,295100094,Forest Park,PM2.5-24hr,UG/M3,10.0,24,Missouri Department of Natural Resources,53,1,38.631057,-90.281144,840295100094,AirNow preliminary observations
07/18/26,310550019,NCORE,PM2.5-24hr,UG/M3,10.3,24,Douglas County Health Department (Omaha),53,1,41.2474,-95.9731,840310550019,AirNow preliminary observations
07/18/26,311090022,LLCHD BAM,PM2.5-24hr,UG/M3,9.0,24,Lincoln-Lancaster County Health Department,50,0,40.812558,-96.675733,840311090022,AirNow preliminary observations
07/18/26,311530007,2912 Coffey,PM2.5-24hr,UG/M3,6.4,24,Douglas County Health Department (Omaha),36,0,41.133317,-95.956078,840311530007,AirNow preliminary observations
07/18/26,330050007,Keene,PM2.5-24hr,UG/M3,36.5,24,New Hampshire Dept. of Environmental Services,103,2,42.930521,-72.272332,840330050007,AirNow preliminary observations
07/18/26,330090010,Lebanon,PM2.5-24hr,UG/M3,24.8,24,New Hampshire Dept. of Environmental Services,80,1,43.629605,-72.309499,840330090010,AirNow preliminary observations
07/18/26,330115001,Miller State Park,PM2.5-24hr,UG/M3,30.6,24,New Hampshire Dept. of Environmental Services,91,1,42.86183,-71.878626,840330115001,AirNow preliminary observations
07/18/26,330150014,Portsmouth,PM2.5-24hr,UG/M3,32.2,24,New Hampshire Dept. of Environmental Services,94,1,43.075371,-70.748017,840330150014,AirNow preliminary observations
07/18/26,330150018,Londonderry - Moose Hill,PM2.5-24hr,UG/M3,38.0,24,New Hampshire Dept. of Environmental Services,107,2,42.862531,-71.38014,840330150018,AirNow preliminary observations
07/18/26,340010006,Brigantine,PM2.5-24hr,UG/M3,47.2,24,New Jersey Dept. of Environmental Protection,130,2,39.46487,-74.448738,840340010006,AirNow preliminary observations
07/18/26,340030010,Fort Lee Near Road,PM2.5-24hr,UG/M3,50.1,24,New Jersey Dept. of Environmental Protection,137,2,40.85355,-73.9661,840340030010,AirNow preliminary observations
07/18/26,340070010,South Camden,PM2.5-24hr,UG/M3,49.1,24,New Jersey Dept. of Environmental Protection,134,2,39.923969,-75.122314,840340070010,AirNow preliminary observations
07/18/26,340110007,Millville,PM2.5-24hr,UG/M3,32.4,24,New Jersey Dept. of Environmental Protection,94,1,39.422272,-75.0252,840340110007,AirNow preliminary observations
07/18/26,340150002,Clarksboro,PM2.5-24hr,UG/M3,45.3,24,New Jersey Dept. of Environmental Protection,125,2,39.800339,-75.21212,840340150002,AirNow preliminary observations
07/18/26,340171003,Jersey City FH,PM2.5-24hr,UG/M3,47.6,24,New Jersey Dept. of Environmental Protection,131,2,40.725452,-74.052292,840340171003,AirNow preliminary observations
07/18/26,340210005,Rider University,PM2.5-24hr,UG/M3,44.5,24,New Jersey Dept. of Environmental Protection,123,2,40.283092,-74.742645,840340210005,AirNow preliminary observations
07/18/26,340273001,Chester,PM2.5-24hr,UG/M3,52.5,24,New Jersey Dept. of Environmental Protection,143,2,40.787628,-74.6763,840340273001,AirNow preliminary observations
07/18/26,340390004,Elizabeth Trailer,PM2.5-24hr,UG/M3,50.9,24,New Jersey Dept. of Environmental Protection,139,2,40.641441,-74.208366,840340390004,AirNow preliminary observations
07/18/26,340392003,Rahway PM,PM2.5-24hr,UG/M3,49.9,24,New Jersey Dept. of Environmental Protection,136,2,40.603943,-74.276176,840340392003,AirNow preliminary observations
07/18/26,340410007,Columbia,PM2.5-24hr,UG/M3,41.3,24,New Jersey Dept. of Environmental Protection,115,2,40.924606,-75.067825,840340410007,AirNow preliminary observations
07/18/26,360010005,Albany,PM2.5-24hr,UG/M3,33.0,24,New York Dept. of Environmental Conservation,96,1,42.6425,-73.7547,840360010005,AirNow preliminary observations
07/18/26,360050110,Bronx - IS52,PM2.5-24hr,UG/M3,55.8,24,New York Dept. of Environmental Conservation,151,3,40.816101,-73.902199,840360050110,AirNow preliminary observations
07/18/26,360050112,Bronx - IS74,PM2.5-24hr,UG/M3,61.6,24,New York Dept. of Environmental Conservation,155,3,40.814701,-73.886703,840360050112,AirNow preliminary observations
07/18/26,360290005,Buffalo,PM2.5-24hr,UG/M3,57.4,24,New York Dept. of Environmental Conservation,152,3,42.8781,-78.8094,840360290005,AirNow preliminary observations
07/18/26,360310003,Whiteface Mtn,PM2.5-24hr,UG/M3,27.3,24,New York Dept. of Environmental Conservation,85,1,44.39308,-73.8589,840360310003,AirNow preliminary observations
07/18/26,360470052,Bklyn - PS 314,PM2.5-24hr,UG/M3,59.2,24,New York Dept. of Environmental Conservation,154,3,40.641819,-74.018707,840360470052,AirNow preliminary observations
07/18/26,360550015,Rochester Near-road,PM2.5-24hr,UG/M3,43.0,24,New York Dept. of Environmental Conservation,119,2,43.145021,-77.557608,840360550015,AirNow preliminary observations
07/18/26,360551007,Rochester,PM2.5-24hr,UG/M3,36.1,24,New York Dept. of Environmental Conservation,102,2,43.1461,-77.5481,840360551007,AirNow preliminary observations
07/18/26,360610115,Manhattan/IS143,PM2.5-24hr,UG/M3,49.1,24,New York Dept. of Environmental Conservation,134,2,40.8492,-73.9319,840360610115,AirNow preliminary observations
07/18/26,360610135,CCNY,PM2.5-24hr,UG/M3,60.1,24,New York Dept. of Environmental Conservation,154,3,40.8197,-73.9481,840360610135,AirNow preliminary observations
07/18/26,360652001,Utica,PM2.5-24hr,UG/M3,24.7,24,New York Dept. of Environmental Conservation,80,1,43.0994,-75.225,840360652001,AirNow preliminary observations
07/18/26,360671015,E Syracuse,PM2.5-24hr,UG/M3,30.7,24,New York Dept. of Environmental Conservation,91,1,43.0528,-76.0597,840360671015,AirNow preliminary observations
07/18/26,360710002,Newburgh,PM2.5-24hr,UG/M3,25.1,24,New York Dept. of Environmental Conservation,81,1,41.4994,-74.0097,840360710002,AirNow preliminary observations
07/18/26,360810120,Maspeth,PM2.5-24hr,UG/M3,47.7,24,New York Dept. of Environmental Conservation,131,2,40.7269,-73.8933,840360810120,AirNow preliminary observations
07/18/26,360810124,Queens,PM2.5-24hr,UG/M3,65.4,24,New York Dept. of Environmental Conservation,158,3,40.7375,-73.8244,840360810124,AirNow preliminary observations
07/18/26,360810125,Queens Near-road,PM2.5-24hr,UG/M3,59.1,24,New York Dept. of Environmental Conservation,154,3,40.739264,-73.817694,840360810125,AirNow preliminary observations
07/18/26,360850111,Fresh Kills,PM2.5-24hr,UG/M3,63.9,24,New York Dept. of Environmental Conservation,157,3,40.5802,-74.1994,840360850111,AirNow preliminary observations
07/18/26,360870005,Rockland Cty,PM2.5-24hr,UG/M3,37.0,24,New York Dept. of Environmental Conservation,105,2,41.182079,-74.028191,840360870005,AirNow preliminary observations
07/18/26,361030009,Holtsville,PM2.5-24hr,UG/M3,58.5,24,New York Dept. of Environmental Conservation,153,3,40.8278,-73.0575,840361030009,AirNow preliminary observations
07/18/26,361192004,White Plains,PM2.5-24hr,UG/M3,38.7,24,New York Dept. of Environmental Conservation,109,2,41.0522,-73.7642,840361192004,AirNow preliminary observations
07/18/26,370210034,BDED,PM2.5-24hr,UG/M3,6.2,24,North Carolina DEQ - Division of Air Quality,34,0,35.60662,-82.582551,840370210034,AirNow preliminary observations
07/18/26,370350004,HICKORY,PM2.5-24hr,UG/M3,11.5,24,North Carolina DEQ - Division of Air Quality,55,1,35.728889,-81.365556,840370350004,AirNow preliminary observations
07/18/26,370510009,W OWEN SCH,PM2.5-24hr,UG/M3,14.0,24,North Carolina DEQ - Division of Air Quality,60,1,35.041416,-78.953112,840370510009,AirNow preliminary observations
07/18/26,370570002,LWATTOWR,PM2.5-24hr,UG/M3,13.4,24,North Carolina DEQ - Division of Air Quality,59,1,35.8145,-80.2627,840370570002,AirNow preliminary observations
07/18/26,370630015,Durham Armory,PM2.5-24hr,UG/M3,5.7,24,North Carolina DEQ - Division of Air Quality,32,0,36.032955,-78.904037,840370630015,AirNow preliminary observations
07/18/26,370630099,Burdens Creek,PM2.5-24hr,UG/M3,10.3,24,EPA Office of State Air Partnerships,53,1,35.889402,-78.8747,840370630099,AirNow preliminary observations
07/18/26,370650099,LEGGETT,PM2.5-24hr,UG/M3,12.7,24,North Carolina DEQ - Division of Air Quality,58,1,35.988278,-77.5843,840370650099,AirNow preliminary observations
07/18/26,370670022,Hattie Avenue,PM2.5-24hr,UG/M3,23.7,24,Forsyth County Office of Environmental Assistance and Protection,78,1,36.110927,-80.224435,840370670022,AirNow preliminary observations
07/18/26,370670030,Clemmons Middle,PM2.5-24hr,UG/M3,21.0,24,Forsyth County Office of Environmental Assistance and Protection,73,1,36.025979,-80.342254,840370670030,AirNow preliminary observations
07/18/26,370810013,MENDNHAL,PM2.5-24hr,UG/M3,12.8,24,North Carolina DEQ - Division of Air Quality,58,1,36.109006,-79.802314,840370810013,AirNow preliminary observations
07/18/26,371010002,JOHNSTON,PM2.5-24hr,UG/M3,12.3,24,North Carolina DEQ - Division of Air Quality,57,1,35.59095,-78.4622,840371010002,AirNow preliminary observations
07/18/26,371190041,Garinger,PM2.5-24hr,UG/M3,8.6,24,Mecklenburg County Air Quality,48,0,35.2411,-80.7831,840371190041,AirNow preliminary observations
07/18/26,371190045,Remount,PM2.5-24hr,UG/M3,9.1,24,Mecklenburg County Air Quality,51,1,35.213171,-80.874084,840371190045,AirNow preliminary observations
07/18/26,371210004,Spruce Pine,PM2.5-24hr,UG/M3,7.7,24,North Carolina DEQ - Division of Air Quality,43,0,35.912487,-82.062082,840371210004,AirNow preliminary observations
07/18/26,371230001,Candor FRO,PM2.5-24hr,UG/M3,10.6,24,North Carolina DEQ - Division of Air Quality,54,1,35.263165,-79.836636,840371230001,AirNow preliminary observations
07/18/26,371310003,Northampton,PM2.5-24hr,UG/M3,17.2,24,North Carolina DEQ - Division of Air Quality,66,1,36.511708,-77.655389,840371310003,AirNow preliminary observations
07/18/26,371470006,PITTAGCT,PM2.5-24hr,UG/M3,11.8,24,North Carolina DEQ - Division of Air Quality,56,1,35.641276,-77.360126,840371470006,AirNow preliminary observations
07/18/26,371590021,ROCKWELL,PM2.5-24hr,UG/M3,11.6,24,North Carolina DEQ - Division of Air Quality,56,1,35.551868,-80.395039,840371590021,AirNow preliminary observations
07/18/26,371730002,BRYSON,PM2.5-24hr,UG/M3,4.4,24,North Carolina DEQ - Division of Air Quality,24,0,35.434767,-83.442133,840371730002,AirNow preliminary observations
07/18/26,371830014,Millbrook NCore,PM2.5-24hr,UG/M3,10.2,24,North Carolina DEQ - Division of Air Quality,53,1,35.856111,-78.574167,840371830014,AirNow preliminary observations
07/18/26,371830021,Triple Oak - Near Road,PM2.5-24hr,UG/M3,12.3,24,North Carolina DEQ - Division of Air Quality,57,1,35.8652,-78.8197,840371830021,AirNow preliminary observations
07/18/26,380171004,Fargo NW,PM2.5-24hr,UG/M3,11.8,24,North Dakota Department of Environmental Quality,56,1,46.933601,-96.854698,840380171004,AirNow preliminary observations
07/18/26,390030009,Lima,PM2.5-24hr,UG/M3,12.9,24,Ohio EPA-DAPC,58,1,40.771,-84.0539,840390030009,AirNow preliminary observations
07/18/26,390230005,Springfield Fire St1,PM2.5-24hr,UG/M3,7.2,24,Ohio EPA-DAPC,40,0,39.92882,-83.80949,840390230005,AirNow preliminary observations
07/18/26,390350034,District 6,PM2.5-24hr,UG/M3,34.0,24,Ohio EPA-DAPC,97,1,41.55523,-81.575256,840390350034,AirNow preliminary observations
07/18/26,390350038,St Theodosius,PM2.5-24hr,UG/M3,30.6,24,Ohio EPA-DAPC,91,1,41.477011,-81.682383,840390350038,AirNow preliminary observations
07/18/26,390350045,Cleveland Fire St13,PM2.5-24hr,UG/M3,41.1,24,Ohio EPA-DAPC,115,2,41.471782,-81.656792,840390350045,AirNow preliminary observations
07/18/26,390350060,GT Craig NCore PAMS,PM2.5-24hr,UG/M3,31.0,24,Ohio EPA-DAPC,92,1,41.492191,-81.678552,840390350060,AirNow preliminary observations
07/18/26,390350065,Harvard Yards,PM2.5-24hr,UG/M3,34.1,24,Ohio EPA-DAPC,98,1,41.446682,-81.662419,840390350065,AirNow preliminary observations
07/18/26,390350073,Cleveland Near Road,PM2.5-24hr,UG/M3,42.6,24,Ohio EPA-DAPC,118,2,41.4409,-81.4949,840390350073,AirNow preliminary observations
07/18/26,390490029,New Albany,PM2.5-24hr,UG/M3,10.0,24,Ohio EPA-DAPC,53,1,40.0845,-82.81552,840390490029,AirNow preliminary observations
07/18/26,390490034,Fairgrounds,PM2.5-24hr,UG/M3,6.2,24,Ohio EPA-DAPC,35,0,40.002734,-82.994404,840390490034,AirNow preliminary observations
07/18/26,390490038,Smoky Row Near Road,PM2.5-24hr,UG/M3,6.0,24,Ohio EPA-DAPC,33,0,40.11109,-83.065376,840390490038,AirNow preliminary observations
07/18/26,390490081,Maple Canyon,PM2.5-24hr,UG/M3,8.7,24,Ohio EPA-DAPC,48,0,40.087807,-82.959585,840390490081,AirNow preliminary observations
07/18/26,390610006,Sycamore,PM2.5-24hr,UG/M3,5.5,24,Ohio EPA-DAPC,31,0,39.2787,-84.36612,840390610006,AirNow preliminary observations
07/18/26,390610010,Colerain,PM2.5-24hr,UG/M3,3.1,24,Ohio EPA-DAPC,17,0,39.21494,-84.69086,840390610010,AirNow preliminary observations
07/18/26,390610040,Taft NCore PAMS,PM2.5-24hr,UG/M3,8.6,24,Ohio EPA-DAPC,48,0,39.12886,-84.50404,840390610040,AirNow preliminary observations
07/18/26,390610048,Cincinnati Near Road,PM2.5-24hr,UG/M3,11.5,24,Ohio EPA-DAPC,55,1,39.146025,-84.538375,840390610048,AirNow preliminary observations
07/18/26,390810017,Steubenville,PM2.5-24hr,UG/M3,62.4,24,Ohio EPA-DAPC,156,3,40.366452,-80.615691,840390810017,AirNow preliminary observations
07/18/26,390850007,Painesville,PM2.5-24hr,UG/M3,25.5,24,Ohio EPA-DAPC,82,1,41.726811,-81.242156,840390850007,AirNow preliminary observations
07/18/26,390870012,ODOT Ironton,PM2.5-24hr,UG/M3,6.6,24,Ohio EPA-DAPC,37,0,38.508114,-82.659301,840390870012,AirNow preliminary observations
07/18/26,390950024,Erie,PM2.5-24hr,UG/M3,18.3,24,Ohio EPA-DAPC,68,1,41.644067,-83.54625,840390950024,AirNow preliminary observations
07/18/26,390951003,Eastside Pump St,PM2.5-24hr,UG/M3,20.3,24,Ohio EPA-DAPC,72,1,41.7194,-83.475,840390951003,AirNow preliminary observations
07/18/26,391030004,Chippewa,PM2.5-24hr,UG/M3,21.1,24,Ohio EPA-DAPC,73,1,41.0604,-81.9239,840391030004,AirNow preliminary observations
07/18/26,391130038,Sinclair,PM2.5-24hr,UG/M3,7.1,24,Ohio EPA-DAPC,39,0,39.758235,-84.197375,840391130038,AirNow preliminary observations
07/18/26,391351001,Preble NCore,PM2.5-24hr,UG/M3,6.6,24,Ohio EPA-DAPC,37,0,39.83562,-84.72049,840391351001,AirNow preliminary observations
07/18/26,391450013,Portsmouth Water Treatment Plant,PM2.5-24hr,UG/M3,8.1,24,Ohio EPA-DAPC,45,0,38.754595,-82.917,840391450013,AirNow preliminary observations
07/18/26,391510020,Canton,PM2.5-24hr,UG/M3,26.1,24,Ohio EPA-DAPC,83,1,40.800717,-81.373,840391510020,AirNow preliminary observations
07/18/26,391530017,East HS,PM2.5-24hr,UG/M3,39.5,24,Ohio EPA-DAPC,111,2,41.063526,-81.468956,840391530017,AirNow preliminary observations
07/18/26,391550014,Laird Eng Bldg,PM2.5-24hr,UG/M3,48.3,24,Ohio EPA-DAPC,133,2,41.23172,-80.80116,840391550014,AirNow preliminary observations
07/18/26,391650007,Lebanon,PM2.5-24hr,UG/M3,6.1,24,Ohio EPA-DAPC,34,0,39.42689,-84.20077,840391650007,AirNow preliminary observations
07/18/26,400270049,Moore,PM2.5-24hr,UG/M3,16.9,24,Oklahoma Department of Environmental Quality,66,1,35.32,-97.4883,840400270049,AirNow preliminary observations
07/18/26,400430860,Seiling,PM2.5-24hr,UG/M3,11.3,24,Oklahoma Department of Environmental Quality,55,1,36.1589,-98.9353,840400430860,AirNow preliminary observations
07/18/26,400710604,Ponca City,PM2.5-24hr,UG/M3,15.0,24,Oklahoma Department of Environmental Quality,62,1,36.697189,-97.081278,840400710604,AirNow preliminary observations
07/18/26,401090097,Near Road OKC,PM2.5-24hr,UG/M3,16.8,24,Oklahoma Department of Environmental Quality,65,1,35.502968,-97.577674,840401090097,AirNow preliminary observations
07/18/26,401091037,North OKC,PM2.5-24hr,UG/M3,14.9,24,Oklahoma Department of Environmental Quality,62,1,35.614131,-97.475083,840401091037,AirNow preliminary observations
07/18/26,401359021,ROLAND,PM2.5-24hr,UG/M3,14.0,24,Cherokee Nation,60,1,35.408138,-94.524414,840401359021,AirNow preliminary observations
07/18/26,401430174,Glenpool,PM2.5-24hr,UG/M3,14.6,24,Oklahoma Department of Environmental Quality,61,1,35.9525,-96.0033,840401430174,AirNow preliminary observations
07/18/26,401431127,Tulsa,PM2.5-24hr,UG/M3,14.5,24,Oklahoma Department of Environmental Quality,61,1,36.206699,-95.976402,840401431127,AirNow preliminary observations
07/18/26,420010001,Arendtsville,PM2.5-24hr,UG/M3,60.6,24,Pennsylvania Dept. of Environmental Protection,155,3,39.9233,-77.3081,840420010001,AirNow preliminary observations
07/18/26,420030008,Lawrenceville,PM2.5-24hr,UG/M3,58.8,24,Allegheny County,153,3,40.4656,-79.9611,840420030008,AirNow preliminary observations
07/18/26,420030067,South Fayette,PM2.5-24hr,UG/M3,52.4,24,Allegheny County,143,2,40.381901,-80.1856,840420030067,AirNow preliminary observations
07/18/26,420031008,Harrison Township,PM2.5-24hr,UG/M3,56.3,24,Allegheny County,152,3,40.617488,-79.727664,840420031008,AirNow preliminary observations
07/18/26,420031376,Parkway East (Near Road),PM2.5-24hr,UG/M3,58.7,24,Allegheny County,153,3,40.437431,-79.863572,840420031376,AirNow preliminary observations
07/18/26,420050001,Kittanning,PM2.5-24hr,UG/M3,56.9,24,Pennsylvania Dept. of Environmental Protection,152,3,40.8142,-79.565,840420050001,AirNow preliminary observations
07/18/26,420070014,Beaver Falls,PM2.5-24hr,UG/M3,54.0,24,Pennsylvania Dept. of Environmental Protection,147,2,40.747799,-80.316704,840420070014,AirNow preliminary observations
07/18/26,420110011,Reading Airport,PM2.5-24hr,UG/M3,64.4,24,Pennsylvania Dept. of Environmental Protection,157,3,40.3833,-75.9686,840420110011,AirNow preliminary observations
07/18/26,420130801,Altoona,PM2.5-24hr,UG/M3,55.2,24,Pennsylvania Dept. of Environmental Protection,150,2,40.515,-78.3889,840420130801,AirNow preliminary observations
07/18/26,420150011,Towanda,PM2.5-24hr,UG/M3,45.0,24,Pennsylvania Dept. of Environmental Protection,124,2,41.705226,-76.512726,840420150011,AirNow preliminary observations
07/18/26,420210011,Johnstown,PM2.5-24hr,UG/M3,61.0,24,Pennsylvania Dept. of Environmental Protection,155,3,40.3097,-78.9158,840420210011,AirNow preliminary observations
07/18/26,420270100,State College,PM2.5-24hr,UG/M3,74.9,24,Pennsylvania Dept. of Environmental Protection,165,3,40.8114,-77.8769,840420270100,AirNow preliminary observations
07/18/26,420290100,New Garden,PM2.5-24hr,UG/M3,52.4,24,Pennsylvania Dept. of Environmental Protection,143,2,39.8344,-75.7678,840420290100,AirNow preliminary observations
07/18/26,420410101,Carlisle,PM2.5-24hr,UG/M3,86.8,24,Pennsylvania Dept. of Environmental Protection,173,3,40.2464,-77.1867,840420410101,AirNow preliminary observations
07/18/26,420430401,Harrisburg,PM2.5-24hr,UG/M3,78.4,24,Pennsylvania Dept. of Environmental Protection,167,3,40.246992,-76.846988,840420430401,AirNow preliminary observations
07/18/26,420431100,Hershey,PM2.5-24hr,UG/M3,82.0,24,Pennsylvania Dept. of Environmental Protection,170,3,40.2722,-76.6814,840420431100,AirNow preliminary observations
07/18/26,420450002,Chester,PM2.5-24hr,UG/M3,62.3,24,Pennsylvania Dept. of Environmental Protection,156,3,39.8356,-75.3725,840420450002,AirNow preliminary observations
07/18/26,420450109,Marcus Hook,PM2.5-24hr,UG/M3,47.7,24,Pennsylvania Dept. of Environmental Protection,131,2,39.818715,-75.413973,840420450109,AirNow preliminary observations
07/18/26,420490003,Erie,PM2.5-24hr,UG/M3,49.8,24,Pennsylvania Dept. of Environmental Protection,136,2,42.1428,-80.0372,840420490003,AirNow preliminary observations
07/18/26,420590002,Holbrook,PM2.5-24hr,UG/M3,47.1,24,Pennsylvania Dept. of Environmental Protection,130,2,39.82,-80.2897,840420590002,AirNow preliminary observations
07/18/26,420630004,Strongstown,PM2.5-24hr,UG/M3,46.1,24,Pennsylvania Dept. of Environmental Protection,127,2,40.5633,-78.92,840420630004,AirNow preliminary observations
07/18/26,420692006,Scranton,PM2.5-24hr,UG/M3,41.8,24,Pennsylvania Dept. of Environmental Protection,117,2,41.4428,-75.6231,840420692006,AirNow preliminary observations
07/18/26,420710007,Lancaster,PM2.5-24hr,UG/M3,68.7,24,Pennsylvania Dept. of Environmental Protection,160,3,40.0467,-76.2833,840420710007,AirNow preliminary observations
07/18/26,420710012,Lancaster DW,PM2.5-24hr,UG/M3,65.3,24,Pennsylvania Dept. of Environmental Protection,158,3,40.0439,-76.1125,840420710012,AirNow preliminary observations
07/18/26,420770004,Allentown,PM2.5-24hr,UG/M3,68.5,24,Pennsylvania Dept. of Environmental Protection,160,3,40.6119,-75.4325,840420770004,AirNow preliminary observations
07/18/26,420850100,Farrell,PM2.5-24hr,UG/M3,45.8,24,Pennsylvania Dept. of Environmental Protection,126,2,41.215,-80.485,840420850100,AirNow preliminary observations
07/18/26,420890002,Swiftwater,PM2.5-24hr,UG/M3,53.8,24,Pennsylvania Dept. of Environmental Protection,146,2,41.083099,-75.3283,840420890002,AirNow preliminary observations
07/18/26,420910013,Norristown,PM2.5-24hr,UG/M3,59.3,24,Pennsylvania Dept. of Environmental Protection,154,3,40.1122,-75.3092,840420910013,AirNow preliminary observations
07/18/26,420950025,Freemansburg,PM2.5-24hr,UG/M3,71.7,24,Pennsylvania Dept. of Environmental Protection,162,3,40.6281,-75.3411,840420950025,AirNow preliminary observations
07/18/26,421010004,LABP,PM2.5-24hr,UG/M3,65.0,24,Philadelphia Air Management Services,158,3,40.00892,-75.09777,840421010004,AirNow preliminary observations
07/18/26,421010048,NEW,PM2.5-24hr,UG/M3,58.5,24,Philadelphia Air Management Services,153,3,39.991389,-75.080833,840421010048,AirNow preliminary observations
07/18/26,421010055,RIT,PM2.5-24hr,UG/M3,49.1,24,Philadelphia Air Management Services,134,2,39.922516,-75.186783,840421010055,AirNow preliminary observations
07/18/26,421010057,FAB,PM2.5-24hr,UG/M3,68.5,24,Philadelphia Air Management Services,160,3,39.9603,-75.1424,840421010057,AirNow preliminary observations
07/18/26,421010075,TOR,PM2.5-24hr,UG/M3,56.9,24,Philadelphia Air Management Services,152,3,40.054171,-74.985166,840421010075,AirNow preliminary observations
07/18/26,421010076,MON,PM2.5-24hr,UG/M3,78.1,24,Philadelphia Air Management Services,167,3,39.988842,-75.207205,840421010076,AirNow preliminary observations
07/18/26,421174000,Tioga County,PM2.5-24hr,UG/M3,53.6,24,Pennsylvania Dept. of Environmental Protection,146,2,41.6447,-76.9392,840421174000,AirNow preliminary observations
07/18/26,421250005,Charleroi,PM2.5-24hr,UG/M3,48.7,24,Pennsylvania Dept. of Environmental Protection,134,2,40.1469,-79.9033,840421250005,AirNow preliminary observations
07/18/26,421255001,Florence,PM2.5-24hr,UG/M3,45.8,24,Pennsylvania Dept. of Environmental Protection,126,2,40.4447,-80.42,840421255001,AirNow preliminary observations
07/18/26,421255200,Houston,PM2.5-24hr,UG/M3,54.7,24,Pennsylvania Dept. of Environmental Protection,148,2,40.269,-80.244,840421255200,AirNow preliminary observations
07/18/26,421290008,Greensburg,PM2.5-24hr,UG/M3,40.5,24,Pennsylvania Dept. of Environmental Protection,113,2,40.3053,-79.5061,840421290008,AirNow preliminary observations
07/18/26,421330008,York,PM2.5-24hr,UG/M3,69.9,24,Pennsylvania Dept. of Environmental Protection,161,3,39.9653,-76.6994,840421330008,AirNow preliminary observations
07/18/26,440030002,W Greenwich,PM2.5-24hr,UG/M3,26.8,24,Rhode Island Dept. of Environmental Management,84,1,41.615,-71.7197,840440030002,AirNow preliminary observations
07/18/26,440070022,CCRI Providence,PM2.5-24hr,UG/M3,33.4,24,Rhode Island Dept. of Environmental Management,96,1,41.807523,-71.41392,840440070022,AirNow preliminary observations
07/18/26,440071010,E Providence,PM2.5-24hr,UG/M3,31.2,24,Rhode Island Dept. of Environmental Management,92,1,41.840302,-71.361702,840440071010,AirNow preliminary observations
07/18/26,440090007,Narragansett,PM2.5-24hr,UG/M3,25.2,24,Rhode Island Dept. of Environmental Management,81,1,41.4942,-71.4219,840440090007,AirNow preliminary observations
07/18/26,460110003,Research Farm,PM2.5-24hr,UG/M3,12.6,24,South Dakota Department of Agriculture and Natural Resources,58,1,44.348604,-96.807299,840460110003,AirNow preliminary observations
07/18/26,460290002,Watertown,PM2.5-24hr,UG/M3,9.2,24,South Dakota Department of Agriculture and Natural Resources,51,1,44.89965,-97.128802,840460290002,AirNow preliminary observations
07/18/26,470090011,MARYVILL,PM2.5-24hr,UG/M3,5.7,24,Tennessee Air Pollution Control Div.,32,0,35.7683,-83.9422,840470090011,AirNow preliminary observations
07/18/26,470090101,Look Rock - GSMNP,PM2.5-24hr,UG/M3,5.0,24,National Park Service,28,0,35.63346,-83.94158,840470090101,AirNow preliminary observations
07/18/26,470370023,LOCKELAND,PM2.5-24hr,UG/M3,9.0,24,Davidson County PCD,51,1,36.1767,-86.7386,840470370023,AirNow preliminary observations
07/18/26,470450004,DYERSBURG,PM2.5-24hr,UG/M3,10.2,24,Tennessee Air Pollution Control Div.,53,1,36.0528,-89.3819,840470450004,AirNow preliminary observations
07/18/26,470654002,Siskin Dr,PM2.5-24hr,UG/M3,8.1,24,Chattanooga-Hamilton County Air Pollution Control Bureau,45,0,35.051006,-85.292867,840470654002,AirNow preliminary observations
07/18/26,470931013,AIR LAB,PM2.5-24hr,UG/M3,7.1,24,Knox County Dept. of Air Quality Management ,39,0,35.9803,-83.9306,840470931013,AirNow preliminary observations
07/18/26,470931020,SPRINGHILL,PM2.5-24hr,UG/M3,8.5,24,Knox County Dept. of Air Quality Management ,47,0,36.0183,-83.8761,840470931020,AirNow preliminary observations
07/18/26,471050109,LOUDONMS,PM2.5-24hr,UG/M3,5.4,24,Tennessee Air Pollution Control Div.,30,0,35.7197,-84.3417,840471050109,AirNow preliminary observations
07/18/26,471071002,ATHENS,PM2.5-24hr,UG/M3,6.2,24,Tennessee Air Pollution Control Div.,34,0,35.4511,-84.5992,840471071002,AirNow preliminary observations
07/18/26,471192007,Columbia,PM2.5-24hr,UG/M3,7.3,24,Tennessee Air Pollution Control Div.,41,0,35.65188,-87.0096,840471192007,AirNow preliminary observations
07/18/26,471450004,Harriman,PM2.5-24hr,UG/M3,4.6,24,Tennessee Air Pollution Control Div.,26,0,35.9386,-84.5439,840471450004,AirNow preliminary observations
07/18/26,471570075,SHELBY FARMS,PM2.5-24hr,UG/M3,15.4,24,Shelby County Health Department,63,1,35.151588,-89.85022,840471570075,AirNow preliminary observations
07/18/26,471631007,Kingsport,PM2.5-24hr,UG/M3,5.2,24,Tennessee Air Pollution Control Div.,29,0,36.5408,-82.5217,840471631007,AirNow preliminary observations
07/18/26,471650007,HVILLE,PM2.5-24hr,UG/M3,9.6,24,Tennessee Air Pollution Control Div.,52,1,36.2975,-86.6525,840471650007,AirNow preliminary observations
07/18/26,500030004,Bennington,PM2.5-24hr,UG/M3,34.3,24,Vermont Air Quality & Climate Division,98,1,42.887501,-73.249702,840500030004,AirNow preliminary observations
07/18/26,500070007,Underhill,PM2.5-24hr,UG/M3,25.7,24,Vermont Air Quality & Climate Division,82,1,44.528389,-72.868973,840500070007,AirNow preliminary observations
07/18/26,500210002,Rutland,PM2.5-24hr,UG/M3,30.2,24,Vermont Air Quality & Climate Division,90,1,43.608528,-72.98246,840500210002,AirNow preliminary observations
07/18/26,510030001,Albemarle HS,PM2.5-24hr,UG/M3,69.3,24,Virginia Dept. of Environmental Quality,161,3,38.07657,-78.50397,840510030001,AirNow preliminary observations
07/18/26,510360002,SHIRLEY PLANTATION,PM2.5-24hr,UG/M3,27.2,24,Virginia Dept. of Environmental Quality,85,1,37.34438,-77.25925,840510360002,AirNow preliminary observations
07/18/26,510410004,BEACH ROAD,PM2.5-24hr,UG/M3,27.5,24,Virginia Dept. of Environmental Quality,85,1,37.35748,-77.59355,840510410004,AirNow preliminary observations
07/18/26,510590030,FRANCONIA,PM2.5-24hr,UG/M3,46.0,24,Virginia Dept. of Environmental Quality,127,2,38.77335,-77.10468,840510590030,AirNow preliminary observations
07/18/26,510690010,REST - LESTER BUILDING SYSTEMS,PM2.5-24hr,UG/M3,58.5,24,Virginia Dept. of Environmental Quality,153,3,39.28102,-78.08157,840510690010,AirNow preliminary observations
07/18/26,510870014,MATH & SCIENCE CTR,PM2.5-24hr,UG/M3,30.4,24,Virginia Dept. of Environmental Quality,91,1,37.55652,-77.40027,840510870014,AirNow preliminary observations
07/18/26,511071005,ASHBURN,PM2.5-24hr,UG/M3,58.1,24,Virginia Dept. of Environmental Quality,153,3,39.02473,-77.48925,840511071005,AirNow preliminary observations
07/18/26,511130003,Shenandoah NP,PM2.5-24hr,UG/M3,40.9,24,Virginia Dept. of Environmental Quality,114,2,38.5231,-78.4347,840511130003,AirNow preliminary observations
07/18/26,511611004,VINTON - Herman Horn ES,PM2.5-24hr,UG/M3,26.1,24,Virginia Dept. of Environmental Quality,83,1,37.28342,-79.88452,840511611004,AirNow preliminary observations
07/18/26,511650003,Rockingham,PM2.5-24hr,UG/M3,34.7,24,Virginia Dept. of Environmental Quality,99,1,38.47753,-78.81952,840511650003,AirNow preliminary observations
07/18/26,516500008,HAMPTON - NASA,PM2.5-24hr,UG/M3,23.2,24,Virginia Dept. of Environmental Quality,77,1,37.10373,-76.38702,840516500008,AirNow preliminary observations
07/18/26,517100024,NORFOLK - NOAA,PM2.5-24hr,UG/M3,17.0,24,Virginia Dept. of Environmental Quality,66,1,36.85555,-76.30135,840517100024,AirNow preliminary observations
07/18/26,540290009,WEIRTON,PM2.5-24hr,UG/M3,57.0,24,West Virginia Division of Air Quality,152,3,40.42735,-80.59253,840540290009,AirNow preliminary observations
07/18/26,540390020,CHARLESTON,PM2.5-24hr,UG/M3,8.3,24,West Virginia Division of Air Quality,46,0,38.346258,-81.621161,840540390020,AirNow preliminary observations
07/18/26,540511002,MOUNDSVILLE,PM2.5-24hr,UG/M3,50.5,24,West Virginia Division of Air Quality,138,2,39.9158,-80.7342,840540511002,AirNow preliminary observations
07/18/26,550030010,Bad River Tribal School,PM2.5-24hr,UG/M3,106.5,24,Wisconsin Dept. of Natural Resources,187,3,46.6144,-90.6986,840550030010,AirNow preliminary observations
07/18/26,550090005,Green Bay East High,PM2.5-24hr,UG/M3,91.5,24,Wisconsin Dept. of Natural Resources,176,3,44.5167,-87.9939,840550090005,AirNow preliminary observations
07/18/26,550250041,Madison East,PM2.5-24hr,UG/M3,28.2,24,Wisconsin Dept. of Natural Resources,87,1,43.1008,-89.3572,840550250041,AirNow preliminary observations
07/18/26,550270001,Horicon Wildlife Area,PM2.5-24hr,UG/M3,49.2,24,Wisconsin Dept. of Natural Resources,135,2,43.46611,-88.621109,840550270001,AirNow preliminary observations
07/18/26,550350014,Eau Claire,PM2.5-24hr,UG/M3,33.7,24,Wisconsin Dept. of Natural Resources,97,1,44.761398,-91.413002,840550350014,AirNow preliminary observations
07/18/26,550410007,Potawatomi,PM2.5-24hr,UG/M3,121.6,24,Wisconsin Dept. of Natural Resources,197,3,45.5639,-88.81,840550410007,AirNow preliminary observations
07/18/26,550430009,Potosi,PM2.5-24hr,UG/M3,14.4,24,Wisconsin Dept. of Natural Resources,61,1,42.692131,-90.696373,840550430009,AirNow preliminary observations
07/18/26,550590019,Chiwaukee,PM2.5-24hr,UG/M3,39.4,24,Wisconsin Dept. of Natural Resources,111,2,42.5047,-87.8111,840550590019,AirNow preliminary observations
07/18/26,550730012,Lake Dubay,PM2.5-24hr,UG/M3,67.0,24,Wisconsin Dept. of Natural Resources,159,3,44.7072,-89.7697,840550730012,AirNow preliminary observations
07/18/26,550790056,Milwaukee College Ave-Near Road,PM2.5-24hr,UG/M3,50.2,24,Wisconsin Dept. of Natural Resources,137,2,42.93257,-87.93434,840550790056,AirNow preliminary observations
07/18/26,550870009,Appleton AAL,PM2.5-24hr,UG/M3,79.2,24,Wisconsin Dept. of Natural Resources,168,3,44.3069,-88.3956,840550870009,AirNow preliminary observations
07/18/26,550890009,Harrington Beach,PM2.5-24hr,UG/M3,65.0,24,Wisconsin Dept. of Natural Resources,158,3,43.4981,-87.81,840550890009,AirNow preliminary observations
07/18/26,551110007,Devils Lake,PM2.5-24hr,UG/M3,27.4,24,Wisconsin Dept. of Natural Resources,85,1,43.4356,-89.6803,840551110007,AirNow preliminary observations
07/18/26,551330027,Waukesha-Cleveland Ave,PM2.5-24hr,UG/M3,52.7,24,Wisconsin Dept. of Natural Resources,143,2,43.0203,-88.215,840551330027,AirNow preliminary observations
07/18/26,840100010003,Dover,PM2.5-24hr,UG/M3,48.6,24,Delaware Dept. of Natural Resources and Environment,133,2,39.155,-75.518056,840100010003,AirNow preliminary observations
07/18/26,840100031012,Newark,PM2.5-24hr,UG/M3,63.2,24,Delaware Dept. of Natural Resources and Environment,156,3,39.691962,-75.761299,840100031012,AirNow preliminary observations
07/18/26,840110010053,King Greenleaf Rec Center,PM2.5-24hr,UG/M3,44.4,24,District of Columbia - Department of Energy and Environment,123,2,38.875161,-77.012816,840110010053,AirNow preliminary observations
07/18/26,840110010055,Bald Eagle,PM2.5-24hr,UG/M3,39.7,24,District of Columbia - Department of Energy and Environment,111,2,38.81853,-77.01039,840110010055,AirNow preliminary observations
07/18/26,840170190006,Champaign,PM2.5-24hr,UG/M3,8.8,24,Illinois EPA,49,0,40.12306,-88.24017,840170190006,AirNow preliminary observations
07/18/26,840170310052,CHI_MAYFAIR,PM2.5-24hr,UG/M3,37.0,24,Illinois EPA,105,2,41.96548,-87.74992,840170310052,AirNow preliminary observations
07/18/26,840170310119,Kingery Near-road #1,PM2.5-24hr,UG/M3,30.0,24,Illinois EPA,90,1,41.578603,-87.557392,840170310119,AirNow preliminary observations
07/18/26,840170311016,McCook,PM2.5-24hr,UG/M3,32.9,24,Illinois EPA,95,1,41.80117,-87.83194,840170311016,AirNow preliminary observations
07/18/26,840170313301,Summit,PM2.5-24hr,UG/M3,35.3,24,Illinois EPA,100,1,41.78276,-87.80537,840170313301,AirNow preliminary observations
07/18/26,840170890007,Aurora,PM2.5-24hr,UG/M3,28.0,24,Illinois EPA,86,1,41.78471,-88.2422,840170890007,AirNow preliminary observations
07/18/26,840170890124,Elgin_DMV,PM2.5-24hr,UG/M3,43.9,24,Illinois EPA,122,2,42.02131,-88.28298,840170890124,AirNow preliminary observations
07/18/26,840171190024,Granite City Gateway,PM2.5-24hr,UG/M3,13.0,24,Illinois EPA,58,1,38.70063,-90.14476,840171190024,AirNow preliminary observations
07/18/26,840171190120,Alton,PM2.5-24hr,UG/M3,14.2,24,Illinois EPA,61,1,38.901316,-90.146211,840171190120,AirNow preliminary observations
07/18/26,840172010118,Rockford,PM2.5-24hr,UG/M3,29.8,24,Illinois EPA,90,1,42.267002,-89.08917,840172010118,AirNow preliminary observations
07/18/26,840180030015,Ft Wayne - Coliseum,PM2.5-24hr,UG/M3,14.3,24,Indiana Dept. of Environmental Management,61,1,41.08184,-85.08834,840180030015,AirNow preliminary observations
07/18/26,840180190010,Jeffersonville - Bates-Bowyer Av,PM2.5-24hr,UG/M3,7.9,24,Indiana Dept. of Environmental Management,44,0,38.288191,-85.741337,840180190010,AirNow preliminary observations
07/18/26,840180350006,Muncie Central HS,PM2.5-24hr,UG/M3,6.4,24,Indiana Dept. of Environmental Management,36,0,40.1995,-85.38791,840180350006,AirNow preliminary observations
07/18/26,840180372001,Jasper - Post Office,PM2.5-24hr,UG/M3,9.6,24,Indiana Dept. of Environmental Management,52,1,38.391799,-86.929668,840180372001,AirNow preliminary observations
07/18/26,840180430008,New Albany - 4H Road,PM2.5-24hr,UG/M3,8.6,24,Indiana Dept. of Environmental Management,48,0,38.3178,-85.8333,840180430008,AirNow preliminary observations
07/18/26,840180890034,East Chicago - Marina,PM2.5-24hr,UG/M3,29.8,24,Indiana Dept. of Environmental Management,90,1,41.653446,-87.435435,840180890034,AirNow preliminary observations
07/18/26,840180910011,Michigan City - Marsh Elementary,PM2.5-24hr,UG/M3,36.9,24,Indiana Dept. of Environmental Management,104,2,41.70694,-86.89111,840180910011,AirNow preliminary observations
07/18/26,840181470011,Dale - Wallace St,PM2.5-24hr,UG/M3,9.9,24,Indiana Dept. of Environmental Management,52,1,38.1701,-86.98721,840181470011,AirNow preliminary observations
07/18/26,840181630024,Evansville-Oak Hill,PM2.5-24hr,UG/M3,11.1,24,Indiana Dept. of Environmental Management,55,1,37.98852,-87.53141,840181630024,AirNow preliminary observations
07/18/26,840191130042,MCKINLEY STEAM,PM2.5-24hr,UG/M3,13.6,24,Linn Co. Public Health ,59,1,41.98088,-91.65391,840191130042,AirNow preliminary observations
07/18/26,840191531427,EAST HIGH,PM2.5-24hr,UG/M3,13.8,24,Polk Co. Air Quality Division,60,1,41.59975,-93.5995,840191531427,AirNow preliminary observations
07/18/26,840191535885,PUBLIC WORKS,PM2.5-24hr,UG/M3,11.7,24,Polk Co. Air Quality Division,56,1,41.667032,-93.599221,840191535885,AirNow preliminary observations
07/18/26,840191870013,"Ft. Dodge, Day Park",PM2.5-24hr,UG/M3,20.2,24,Iowa DNR,72,1,42.505,-94.177,840191870013,AirNow preliminary observations
07/18/26,840210470007,Pennyrile Forest,PM2.5-24hr,UG/M3,9.8,24,Kentucky DEP,52,1,37.05778,-87.65,840210470007,AirNow preliminary observations
07/18/26,840210590015,Owensboro,PM2.5-24hr,UG/M3,11.7,24,Kentucky DEP,56,1,37.77167,-87.05581,840210590015,AirNow preliminary observations
07/18/26,840210930007,Freeman Lake,PM2.5-24hr,UG/M3,7.8,24,Kentucky DEP,43,0,37.71451,-85.87082,840210930007,AirNow preliminary observations
07/18/26,840211451027,Paducah Transit,PM2.5-24hr,UG/M3,8.7,24,Kentucky DEP,48,0,37.08725,-88.60802,840211451027,AirNow preliminary observations
07/18/26,840230050015,Portland Tukey's Bridge,PM2.5-24hr,UG/M3,38.2,24,Maine Dept. of Environmental Protection,108,2,43.678,-70.2561,840230050015,AirNow preliminary observations
07/18/26,840230056606,Portland Ocean Gateway,PM2.5-24hr,UG/M3,31.7,24,Maine Dept. of Environmental Protection,93,1,43.66079,-70.24557,840230056606,AirNow preliminary observations
07/18/26,840230110016,Augusta LSS,PM2.5-24hr,UG/M3,27.5,24,Maine Dept. of Environmental Protection,85,1,44.3123,-69.7867,840230110016,AirNow preliminary observations
07/18/26,840230290033,Sipayik,PM2.5-24hr,UG/M3,6.2,24,Maine Dept. of Environmental Protection,34,0,44.963459,-67.060476,840230290033,AirNow preliminary observations
07/18/26,840240396431,Princess Anne,PM2.5-24hr,UG/M3,34.0,24,Maryland Department of the Environment,97,1,38.176541,-75.701489,840240396431,AirNow preliminary observations
07/18/26,840245105253,Lake Montebello,PM2.5-24hr,UG/M3,50.3,24,Maryland Department of the Environment,137,2,39.33746,-76.58905,840245105253,AirNow preliminary observations
07/18/26,840250030008,Pittsfield,PM2.5-24hr,UG/M3,32.6,24,Massachusetts Dept. of Environmental Protection,95,1,42.452299,-73.239648,840250030008,AirNow preliminary observations
07/18/26,840250092007,Saugus,PM2.5-24hr,UG/M3,39.7,24,Massachusetts Dept. of Environmental Protection,111,2,42.44472,-70.988889,840250092007,AirNow preliminary observations
07/18/26,840250095006,Haverhill,PM2.5-24hr,UG/M3,41.3,24,Massachusetts Dept. of Environmental Protection,115,2,42.78479,-71.10702,840250095006,AirNow preliminary observations
07/18/26,840250154003,Belchertown,PM2.5-24hr,UG/M3,44.4,24,Massachusetts Dept. of Environmental Protection,123,2,42.27809,-72.35207,840250154003,AirNow preliminary observations
07/18/26,840250170010,Chelmsford - Manning Rd,PM2.5-24hr,UG/M3,43.7,24,Massachusetts Dept. of Environmental Protection,121,2,42.612113,-71.307519,840250170010,AirNow preliminary observations
07/18/26,840250170011,Framingham,PM2.5-24hr,UG/M3,40.8,24,Massachusetts Dept. of Environmental Protection,114,2,42.26381,-71.40565,840250170011,AirNow preliminary observations
07/18/26,840250212005,Weymouth,PM2.5-24hr,UG/M3,35.9,24,Massachusetts Dept. of Environmental Protection,102,2,42.241229,-70.963346,840250212005,AirNow preliminary observations
07/18/26,840250250045,Boston - Chinatown,PM2.5-24hr,UG/M3,43.8,24,Massachusetts Dept. of Environmental Protection,121,2,42.349954,-71.059194,840250250045,AirNow preliminary observations
07/18/26,840250251004,Chelsea,PM2.5-24hr,UG/M3,39.9,24,Massachusetts Dept. of Environmental Protection,112,2,42.387222,-71.026111,840250251004,AirNow preliminary observations
07/18/26,840260490022,Flint,PM2.5-24hr,UG/M3,32.6,24,"Michigan Department of Environment, Great Lakes, and Energy",95,1,43.09174,-83.64775,840260490022,AirNow preliminary observations
07/18/26,840260810023,Grand Rapids - Near Roadway,PM2.5-24hr,UG/M3,36.4,24,"Michigan Department of Environment, Great Lakes, and Energy",103,2,42.88537,-85.67977,840260810023,AirNow preliminary observations
07/18/26,840261030013,Negaunee Twp.,PM2.5-24hr,UG/M3,175.3,24,"Michigan Department of Environment, Great Lakes, and Energy",250,4,46.51793,-87.52125,840261030013,AirNow preliminary observations
07/18/26,840270135510,Mankato - RosaParksElementary,PM2.5-24hr,UG/M3,24.6,24,Minnesota Pollution Control Agency,80,1,44.13619,-93.98103,840270135510,AirNow preliminary observations
07/18/26,840270532006,St. Louis Park,PM2.5-24hr,UG/M3,16.4,24,Minnesota Pollution Control Agency,65,1,44.948,-93.34313,840270532006,AirNow preliminary observations
07/18/26,840271153061,Lake Lena,PM2.5-24hr,UG/M3,24.4,24,Minnesota Pollution Control Agency,80,1,46.01156,-92.47841,840271153061,AirNow preliminary observations
07/18/26,840290950043,Linden Hills,PM2.5-24hr,UG/M3,8.8,24,Missouri Department of Natural Resources,49,0,38.94079,-94.5785,840290950043,AirNow preliminary observations
07/18/26,840310550052,92nd and Berry,PM2.5-24hr,UG/M3,7.3,24,Douglas County Health Department (Omaha),41,0,41.19805,-96.05655,840310550052,AirNow preliminary observations
07/18/26,840310670005,Homestead NHP,PM2.5-24hr,UG/M3,8.5,24,Nebraska Department of Environment and Energy,47,0,40.28506,-96.82431,840310670005,AirNow preliminary observations
07/18/26,840310790005,Grand Island DOT,PM2.5-24hr,UG/M3,5.3,24,Nebraska Department of Environment and Energy,29,0,40.918333,-98.378889,840310790005,AirNow preliminary observations
07/18/26,840311770002,Blair,PM2.5-24hr,UG/M3,6.9,24,Douglas County Health Department (Omaha),38,0,41.550658,-96.146622,840311770002,AirNow preliminary observations
07/18/26,840330012008,Laconia Main St,PM2.5-24hr,UG/M3,26.1,24,New Hampshire Dept. of Environmental Services,83,1,43.52496,-71.46633,840330012008,AirNow preliminary observations
07/18/26,840340011006,Atlantic City PM,PM2.5-24hr,UG/M3,42.7,24,New Jersey Dept. of Environmental Protection,119,2,39.36326,-74.431,840340011006,AirNow preliminary observations
07/18/26,840340130017,Newark Chestnut,PM2.5-24hr,UG/M3,45.0,24,New Jersey Dept. of Environmental Protection,124,2,40.72736,-74.17447,840340130017,AirNow preliminary observations
07/18/26,840340170008,Union City High School,PM2.5-24hr,UG/M3,44.1,24,New Jersey Dept. of Environmental Protection,122,2,40.770908,-74.036218,840340170008,AirNow preliminary observations
07/18/26,840340210008,Trenton,PM2.5-24hr,UG/M3,51.0,24,New Jersey Dept. of Environmental Protection,139,2,40.222421,-74.763167,840340210008,AirNow preliminary observations
07/18/26,840340292002,Toms River,PM2.5-24hr,UG/M3,46.4,24,New Jersey Dept. of Environmental Protection,128,2,39.994908,-74.170447,840340292002,AirNow preliminary observations
07/18/26,840340310005,Paterson,PM2.5-24hr,UG/M3,38.6,24,New Jersey Dept. of Environmental Protection,109,2,40.918381,-74.168092,840340310005,AirNow preliminary observations
07/18/26,840360850055,Port Richmond,PM2.5-24hr,UG/M3,47.8,24,New York Dept. of Environmental Conservation,131,2,40.63306,-74.137156,840360850055,AirNow preliminary observations
07/18/26,840371190048,Friendship Park,PM2.5-24hr,UG/M3,9.5,24,Mecklenburg County Air Quality,52,1,35.281791,-80.851473,840371190048,AirNow preliminary observations
07/18/26,840390090003,Gifford,PM2.5-24hr,UG/M3,10.6,24,Ohio EPA-DAPC,54,1,39.442165,-81.908827,840390090003,AirNow preliminary observations
07/18/26,840390170015,Ohio Bell,PM2.5-24hr,UG/M3,10.8,24,Ohio EPA-DAPC,54,1,39.49072,-84.36374,840390170015,AirNow preliminary observations
07/18/26,840390170022,BPG,PM2.5-24hr,UG/M3,8.1,24,Ohio EPA-DAPC,45,0,39.478686,-84.397112,840390170022,AirNow preliminary observations
07/18/26,84039035CICM,CLEANinCLE MMS,PM2.5-24hr,UG/M3,37.2,24,Ohio EPA-DAPC,105,2,41.44539,-81.53874,84039035CICM,AirNow preliminary observations
07/18/26,840390490041,Finland Elem,PM2.5-24hr,UG/M3,8.1,24,Ohio EPA-DAPC,45,0,39.91998,-83.04087,840390490041,AirNow preliminary observations
07/18/26,840390610014,Carthage,PM2.5-24hr,UG/M3,8.2,24,Ohio EPA-DAPC,46,0,39.194331,-84.478974,840390610014,AirNow preliminary observations
07/18/26,840390610042,Lower Price Hill,PM2.5-24hr,UG/M3,7.8,24,Ohio EPA-DAPC,43,0,39.10492,-84.55117,840390610042,AirNow preliminary observations
07/18/26,840390950026,RAPS,PM2.5-24hr,UG/M3,25.5,24,Ohio EPA-DAPC,82,1,41.62057,-83.64226,840390950026,AirNow preliminary observations
07/18/26,840390990015,Youngstown State,PM2.5-24hr,UG/M3,38.6,24,Ohio EPA-DAPC,109,2,41.106182,-80.640576,840390990015,AirNow preliminary observations
07/18/26,840391450015,East Haverhill,PM2.5-24hr,UG/M3,8.4,24,Ohio EPA-DAPC,47,0,38.59246,-82.80677,840391450015,AirNow preliminary observations
07/18/26,840391510017,Canton Fire St8,PM2.5-24hr,UG/M3,28.0,24,Ohio EPA-DAPC,86,1,40.786803,-81.394153,840391510017,AirNow preliminary observations
07/18/26,840401311169,Tulsa Near Road,PM2.5-24hr,UG/M3,13.8,24,Oklahoma Department of Environmental Quality,60,1,36.1629,-95.79683,840401311169,AirNow preliminary observations
07/18/26,840420030002,Avalon,PM2.5-24hr,UG/M3,60.9,24,Allegheny County,155,3,40.50084,-80.066488,840420030002,AirNow preliminary observations
07/18/26,840420031301,North Braddock,PM2.5-24hr,UG/M3,57.3,24,Allegheny County,152,3,40.402267,-79.860942,840420031301,AirNow preliminary observations
07/18/26,840420033007,Clairton,PM2.5-24hr,UG/M3,49.1,24,Allegheny County,134,2,40.294381,-79.885303,840420033007,AirNow preliminary observations
07/18/26,840420070008,Fort McIntosh,PM2.5-24hr,UG/M3,52.2,24,Pennsylvania Dept. of Environmental Protection,142,2,40.691857,-80.299211,840420070008,AirNow preliminary observations
07/18/26,840420510524,Uniontown,PM2.5-24hr,UG/M3,40.2,24,Pennsylvania Dept. of Environmental Protection,113,2,39.917663,-79.805499,840420510524,AirNow preliminary observations
07/18/26,840420550003,Chambersburg,PM2.5-24hr,UG/M3,67.0,24,Pennsylvania Dept. of Environmental Protection,159,3,39.94416,-77.64413,840420550003,AirNow preliminary observations
07/18/26,840420750101,Lebanon,PM2.5-24hr,UG/M3,80.5,24,Pennsylvania Dept. of Environmental Protection,169,3,40.338516,-76.394788,840420750101,AirNow preliminary observations
07/18/26,840420810419,Salladasburg,PM2.5-24hr,UG/M3,36.6,24,Pennsylvania Dept. of Environmental Protection,104,2,41.266192,-77.230933,840420810419,AirNow preliminary observations
07/18/26,840421150215,New Milford,PM2.5-24hr,UG/M3,42.3,24,Pennsylvania Dept. of Environmental Protection,118,2,41.867336,-75.686602,840421150215,AirNow preliminary observations
07/18/26,840421230004,Warren Overlook,PM2.5-24hr,UG/M3,67.5,24,Pennsylvania Dept. of Environmental Protection,159,3,41.843722,-79.172889,840421230004,AirNow preliminary observations
07/18/26,840421310010,Tunkhannock,PM2.5-24hr,UG/M3,42.7,24,Pennsylvania Dept. of Environmental Protection,119,2,41.605244,-75.95774,840421310010,AirNow preliminary observations
07/18/26,840440070026,Vernon Street,PM2.5-24hr,UG/M3,31.7,24,Rhode Island Dept. of Environmental Management,93,1,41.874683,-71.379936,840440070026,AirNow preliminary observations
07/18/26,840440070040,Near Road,PM2.5-24hr,UG/M3,34.0,24,Rhode Island Dept. of Environmental Management,97,1,41.771987,-71.427881,840440070040,AirNow preliminary observations
07/18/26,840460130004,Aberdeen,PM2.5-24hr,UG/M3,5.2,24,South Dakota Department of Agriculture and Natural Resources,29,0,45.468596,-98.494061,840460130004,AirNow preliminary observations
07/18/26,840460270001,Vermillion,PM2.5-24hr,UG/M3,12.7,24,South Dakota Department of Agriculture and Natural Resources,58,1,42.789453,-96.903867,840460270001,AirNow preliminary observations
07/18/26,840460990009,SF-USD,PM2.5-24hr,UG/M3,14.9,24,South Dakota Department of Agriculture and Natural Resources,62,1,43.59901,-96.78331,840460990009,AirNow preliminary observations
07/18/26,840470931017,Rule,PM2.5-24hr,UG/M3,5.9,24,Knox County Dept. of Air Quality Management ,33,0,35.97773,-83.9504,840470931017,AirNow preliminary observations
07/18/26,840470990003,Loretto,PM2.5-24hr,UG/M3,7.9,24,Tennessee Air Pollution Control Div.,44,0,35.116866,-87.419726,840470990003,AirNow preliminary observations
07/18/26,840471130010,Jackson,PM2.5-24hr,UG/M3,13.1,24,Tennessee Air Pollution Control Div.,58,1,35.705338,-88.81959,840471130010,AirNow preliminary observations
07/18/26,840471252001,Clarksville,PM2.5-24hr,UG/M3,10.5,24,Tennessee Air Pollution Control Div.,54,1,36.611411,-87.384666,840471252001,AirNow preliminary observations
07/18/26,840471410006,Cookeville CC,PM2.5-24hr,UG/M3,7.4,24,Tennessee Air Pollution Control Div.,41,0,36.16304,-85.52908,840471410006,AirNow preliminary observations
07/18/26,840510590031,Northern VA Near Road,PM2.5-24hr,UG/M3,49.0,24,Virginia Dept. of Environmental Quality,134,2,38.7684,-77.18347,840510590031,AirNow preliminary observations
07/18/26,840510870015,Piedmont Regional Office,PM2.5-24hr,UG/M3,31.1,24,Virginia Dept. of Environmental Quality,92,1,37.67138,-77.56777,840510870015,AirNow preliminary observations
07/18/26,840515200006,Bristol,PM2.5-24hr,UG/M3,5.0,24,Virginia Dept. of Environmental Quality,28,0,36.64249,-82.10738,840515200006,AirNow preliminary observations
07/18/26,840517600025,Richmond City Near Road,PM2.5-24hr,UG/M3,27.4,24,Virginia Dept. of Environmental Quality,85,1,37.59088,-77.46925,840517600025,AirNow preliminary observations
07/18/26,840517750011,Salem,PM2.5-24hr,UG/M3,22.1,24,Virginia Dept. of Environmental Quality,75,1,37.29788,-80.08101,840517750011,AirNow preliminary observations
07/18/26,840518100008,Tidewater Regional Office,PM2.5-24hr,UG/M3,21.9,24,Virginia Dept. of Environmental Quality,75,1,36.84188,-76.18123,840518100008,AirNow preliminary observations
07/18/26,840540090011,"MARLAND HTS, WEIRTON",PM2.5-24hr,UG/M3,53.1,24,West Virginia Division of Air Quality,144,2,40.39458,-80.61202,840540090011,AirNow preliminary observations
07/18/26,840550250047,Madison University Ave,PM2.5-24hr,UG/M3,27.7,24,Wisconsin Dept. of Natural Resources,86,1,43.07378,-89.43595,840550250047,AirNow preliminary observations
07/18/26,840550532002,Ho-Chunk Nation-Black River Falls,PM2.5-24hr,UG/M3,36.6,24,Wisconsin Dept. of Natural Resources,104,2,44.33466,-90.7868,840550532002,AirNow preliminary observations
07/18/26,840550812001,Ho-Chunk Nation-Tomah,PM2.5-24hr,UG/M3,35.8,24,Wisconsin Dept. of Natural Resources,102,2,44.02086,-90.40161,840550812001,AirNow preliminary observations
07/18/26,840TT3830001,WTN1,PM2.5-24hr,UG/M3,16.0,24,Winnebago Tribe of Nebraska,64,1,42.24286,-96.47593,840TT3830001,AirNow preliminary observations
07/18/26,840TT3830002,WTN2,PM2.5-24hr,UG/M3,15.2,24,Winnebago Tribe of Nebraska,62,1,42.26582,-96.53307,840TT3830002,AirNow preliminary observations
07/18/26,CC0011002,FIREHALL-LABRADORCITY2,PM2.5-24hr,UG/M3,4.6,24,Newfoundland & Labrador DEC,26,0,52.94548,-66.910245,124CC0011002,AirNow preliminary observations
07/18/26,CC0040104,FREDERICTON-NEEDHAM ST.,PM2.5-24hr,UG/M3,5.4,24,Canada-New Brunswick1,30,0,45.957344,-66.645562,124CC0040104,AirNow preliminary observations
07/18/26,CC0040203,FOREST HILLS,PM2.5-24hr,UG/M3,6.2,24,Canada-New Brunswick1,34,0,45.308778,-66.008333,124CC0040203,AirNow preliminary observations
07/18/26,CC0040207,SAINT JOHN WEST,PM2.5-24hr,UG/M3,6.8,24,Canada-New Brunswick1,38,0,45.25315,-66.079931,124CC0040207,AirNow preliminary observations
07/18/26,CC0040209,CASTLE ST. SAINT JO,PM2.5-24hr,UG/M3,6.8,24,Canada-New Brunswick1,38,0,45.280278,-66.056111,124CC0040209,AirNow preliminary observations
07/18/26,CC0040901,ST ANDREWS,PM2.5-24hr,UG/M3,6.2,24,Canada-New Brunswick1,34,0,45.086944,-67.073889,124CC0040901,AirNow preliminary observations
07/18/26,CC0041302,BATHURST,PM2.5-24hr,UG/M3,5.0,24,Canada-New Brunswick1,28,0,47.609528,-65.633528,124CC0041302,AirNow preliminary observations
07/18/26,CC0041501,EDMUNDSTON QUEEN ST.,PM2.5-24hr,UG/M3,5.1,24,Canada-New Brunswick1,28,0,47.363195,-68.322302,124CC0041501,AirNow preliminary observations
07/18/26,CC0050103,Saint-Jean-Baptiste,PM2.5-24hr,UG/M3,19.7,24,Canada-Quebec2,71,1,45.641026,-73.499682,124CC0050103,AirNow preliminary observations
07/18/26,CC0050126,Sainte-Anne-de-Bellevue,PM2.5-24hr,UG/M3,15.5,24,Canada-Quebec2,63,1,45.426509,-73.928944,124CC0050126,AirNow preliminary observations
07/18/26,CC0050129,Riviere-des-Prairies,PM2.5-24hr,UG/M3,18.4,24,Canada-Quebec2,68,1,45.651722,-73.573896,124CC0050129,AirNow preliminary observations
07/18/26,CC0050134,Molson,PM2.5-24hr,UG/M3,21.0,24,Canada-Quebec2,73,1,45.542767,-73.572039,124CC0050134,AirNow preliminary observations
07/18/26,CC0050135,Caserne 17,PM2.5-24hr,UG/M3,18.7,24,Canada-Quebec2,69,1,45.593325,-73.637328,124CC0050135,AirNow preliminary observations
07/18/26,CC0050136,St-Dominique,PM2.5-24hr,UG/M3,21.0,24,Canada-Quebec2,73,1,45.512189,-73.566872,124CC0050136,AirNow preliminary observations
07/18/26,CC0050138,York-Roberval,PM2.5-24hr,UG/M3,20.8,24,Canada-Quebec2,73,1,45.464611,-73.582583,124CC0050138,AirNow preliminary observations
07/18/26,TT9209004,Miami,PM2.5-24hr,UG/M3,17.0,24,Quapaw Nation,66,1,36.922222,-94.83889,840TT9209004,AirNow preliminary observations
07/19/26,000050113,Laval - Chomedey,PM2.5-24hr,UG/M3,5.8,24,Canada-Quebec1,32,0,45.5472,-73.7472,124000050113,AirNow preliminary observations
07/19/26,000050119,Longueuil,PM2.5-24hr,UG/M3,5.8,24,Canada-Quebec1,32,0,45.5231,-73.4939,124000050119,AirNow preliminary observations
07/19/26,000050122,Brossard - Parc Sorbonne,PM2.5-24hr,UG/M3,6.4,24,Canada-Quebec1,36,0,45.44866,-73.468631,124000050122,AirNow preliminary observations
07/19/26,000050137,Terrebonne - Parc Vaillant,PM2.5-24hr,UG/M3,4.7,24,Canada-Quebec1,26,0,45.70476,-73.65776,124000050137,AirNow preliminary observations
07/19/26,000050204,Gatineau - Hull,PM2.5-24hr,UG/M3,5.5,24,Canada-Quebec1,31,0,45.4369,-75.7261,124000050204,AirNow preliminary observations
07/19/26,000050308,Quebec - Vieux-Limoilou,PM2.5-24hr,UG/M3,6.3,24,Canada-Quebec1,35,0,46.8214,-71.2208,124000050308,AirNow preliminary observations
07/19/26,000050310,Quebec - College St-Charles Garnier,PM2.5-24hr,UG/M3,4.9,24,Canada-Quebec1,27,0,46.7969,-71.2461,124000050310,AirNow preliminary observations
07/19/26,000050311,Quebec - Ecole Les Primeveres,PM2.5-24hr,UG/M3,5.2,24,Canada-Quebec1,29,0,46.77417,-71.36972,124000050311,AirNow preliminary observations
07/19/26,000050504,Saguenay - UQAC,PM2.5-24hr,UG/M3,3.2,24,Canada-Quebec1,18,0,48.4153,-71.0528,124000050504,AirNow preliminary observations
07/19/26,000050604,Rouyn-Noranda - Parc Tremblay,PM2.5-24hr,UG/M3,5.6,24,Canada-Quebec1,31,0,48.2344,-78.9833,124000050604,AirNow preliminary observations
07/19/26,000050803,Trois-Rivieres - Ecole MEES,PM2.5-24hr,UG/M3,4.3,24,Canada-Quebec1,24,0,46.357175,-72.546187,124000050803,AirNow preliminary observations
07/19/26,000051201,Shawinigan - Saint-Marc,PM2.5-24hr,UG/M3,4.5,24,Canada-Quebec1,25,0,46.5544,-72.7361,124000051201,AirNow preliminary observations
07/19/26,000051501,Saint-Zephirin-de-Courval,PM2.5-24hr,UG/M3,3.8,24,Canada-Quebec1,21,0,46.0419,-72.66,124000051501,AirNow preliminary observations
07/19/26,000052001,Charette,PM2.5-24hr,UG/M3,3.9,24,Canada-Quebec1,22,0,46.4425,-72.8928,124000052001,AirNow preliminary observations
07/19/26,000052301,Saint-Faustin-Lac-Carre,PM2.5-24hr,UG/M3,5.2,24,Canada-Quebec1,29,0,46.035,-74.4819,124000052301,AirNow preliminary observations
07/19/26,000052401,Parc de la Gatineau - La Peche,PM2.5-24hr,UG/M3,5.4,24,Canada-Quebec1,30,0,45.6222,-76.0178,124000052401,AirNow preliminary observations
07/19/26,000052701,Temiscaming,PM2.5-24hr,UG/M3,5.9,24,Canada-Quebec1,33,0,46.72139,-79.0997,124000052701,AirNow preliminary observations
07/19/26,000052801,Auclair,PM2.5-24hr,UG/M3,2.8,24,Canada-Quebec1,16,0,47.73333,-68.7072,124000052801,AirNow preliminary observations
07/19/26,000053201,Res. Faun. Ashuapmushuan - Pemonka,PM2.5-24hr,UG/M3,3.2,24,Canada-Quebec1,18,0,48.8183,-72.7428,124000053201,AirNow preliminary observations
07/19/26,000053301,Deschambault,PM2.5-24hr,UG/M3,4.0,24,Canada-Quebec1,22,0,46.6822,-71.9678,124000053301,AirNow preliminary observations
07/19/26,000053801,Tingwick,PM2.5-24hr,UG/M3,3.8,24,Canada-Quebec1,21,0,45.9075,-71.9492,124000053801,AirNow preliminary observations
07/19/26,000054201,Chapais,PM2.5-24hr,UG/M3,3.6,24,Canadian Air and Precipitation Monitoring Network,20,0,49.8222,-74.9764,124000054201,AirNow preliminary observations
07/19/26,000054401,Saint-Anicet,PM2.5-24hr,UG/M3,6.6,24,Canada-Quebec1,37,0,45.1167,-74.2833,124000054401,AirNow preliminary observations
07/19/26,000054703,Becancour,PM2.5-24hr,UG/M3,3.6,24,Canada-Quebec1,20,0,46.35,-72.4333,124000054703,AirNow preliminary observations
07/19/26,000054901,La Patrie - Ditton,PM2.5-24hr,UG/M3,4.2,24,Canada-Quebec1,23,0,45.3733,-71.2514,124000054901,AirNow preliminary observations
07/19/26,000055001,Mont-Saint-Michel,PM2.5-24hr,UG/M3,3.7,24,Canada-Quebec1,21,0,46.7686,-75.4319,124000055001,AirNow preliminary observations
07/19/26,000055101,Senneterre,PM2.5-24hr,UG/M3,3.4,24,Canada-Quebec1,19,0,48.4325,-77.1997,124000055101,AirNow preliminary observations
07/19/26,000055301,Saint-Jean-sur-Richelieu - L'Acadie,PM2.5-24hr,UG/M3,5.8,24,Canada-Quebec1,32,0,45.29417,-73.3489,124000055301,AirNow preliminary observations
07/19/26,000055401,Trois-Rivieres - Cap-de-la-Madelaine,PM2.5-24hr,UG/M3,3.6,24,Canada-Quebec1,20,0,46.362425,-72.510042,124000055401,AirNow preliminary observations
07/19/26,000060104,Ottawa Downtown,PM2.5-24hr,UG/M3,6.2,24,Ontario Ministry of the Environment,34,0,45.434333,-75.67599,124000060104,AirNow preliminary observations
07/19/26,000060204,Windsor Downtown,PM2.5-24hr,UG/M3,41.1,24,Ontario Ministry of the Environment,115,2,42.315778,-83.043667,124000060204,AirNow preliminary observations
07/19/26,000060211,Windsor West,PM2.5-24hr,UG/M3,43.0,24,Ontario Ministry of the Environment,119,2,42.292886,-83.073139,124000060211,AirNow preliminary observations
07/19/26,000060304,Kingston,PM2.5-24hr,UG/M3,7.6,24,Ontario Ministry of the Environment,42,0,44.219953,-76.521143,124000060304,AirNow preliminary observations
07/19/26,000060410,Toronto East,PM2.5-24hr,UG/M3,11.5,24,Ontario Ministry of the Environment,55,1,43.747917,-79.274056,124000060410,AirNow preliminary observations
07/19/26,000060515,Hamilton West,PM2.5-24hr,UG/M3,14.9,24,Ontario Ministry of the Environment,62,1,43.257444,-79.90775,124000060515,AirNow preliminary observations
07/19/26,000060610,Sudbury,PM2.5-24hr,UG/M3,4.2,24,Ontario Ministry of the Environment,23,0,46.492002,-81.003099,124000060610,AirNow preliminary observations
07/19/26,000060709,Sault Ste Marie,PM2.5-24hr,UG/M3,10.5,24,Ontario Ministry of the Environment,54,1,46.533194,-84.309917,124000060709,AirNow preliminary observations
07/19/26,000060904,London,PM2.5-24hr,UG/M3,27.4,24,Ontario Ministry of the Environment,85,1,42.974485,-81.200813,124000060904,AirNow preliminary observations
07/19/26,000061009,Sarnia,PM2.5-24hr,UG/M3,33.7,24,Ontario Ministry of the Environment,97,1,42.990263,-82.395341,124000061009,AirNow preliminary observations
07/19/26,000061104,Peterborough,PM2.5-24hr,UG/M3,7.2,24,Ontario Ministry of the Environment,40,0,44.301848,-78.346384,124000061104,AirNow preliminary observations
07/19/26,000061201,Cornwall,PM2.5-24hr,UG/M3,7.3,24,Ontario Ministry of the Environment,41,0,45.017976,-74.735339,124000061201,AirNow preliminary observations
07/19/26,000061302,St. Catharines,PM2.5-24hr,UG/M3,12.5,24,Ontario Ministry of the Environment,57,1,43.160056,-79.23475,124000061302,AirNow preliminary observations
07/19/26,000061402,Brantford,PM2.5-24hr,UG/M3,14.8,24,Ontario Ministry of the Environment,62,1,43.138611,-80.292639,124000061402,AirNow preliminary observations
07/19/26,000061502,Kitchener,PM2.5-24hr,UG/M3,14.5,24,Ontario Ministry of the Environment,61,1,43.443833,-80.503806,124000061502,AirNow preliminary observations
07/19/26,000061802,Guelph,PM2.5-24hr,UG/M3,15.2,24,Ontario Ministry of the Environment,62,1,43.551611,-80.264167,124000061802,AirNow preliminary observations
07/19/26,000062001,North Bay,PM2.5-24hr,UG/M3,5.2,24,Ontario Ministry of the Environment,29,0,46.32255,-79.449444,124000062001,AirNow preliminary observations
07/19/26,000062501,Tiverton,PM2.5-24hr,UG/M3,10.5,24,Ontario Ministry of the Environment,54,1,44.314472,-81.549722,124000062501,AirNow preliminary observations
07/19/26,000063001,Burlington,PM2.5-24hr,UG/M3,14.0,24,Ontario Ministry of the Environment,60,1,43.314603,-79.80277,124000063001,AirNow preliminary observations
07/19/26,000063301,Dorset,PM2.5-24hr,UG/M3,5.2,24,Ontario Ministry of the Environment,29,0,45.224278,-78.932944,124000063301,AirNow preliminary observations
07/19/26,000063701,Grand Bend,PM2.5-24hr,UG/M3,19.7,24,Ontario Ministry of the Environment,71,1,43.333083,-81.742889,124000063701,AirNow preliminary observations
07/19/26,000064401,Egbert,PM2.5-24hr,UG/M3,13.2,24,Canadian Air and Precipitation Monitoring Network,59,1,44.2325,-79.7814,124000064401,AirNow preliminary observations
07/19/26,000065001,Barrie,PM2.5-24hr,UG/M3,9.8,24,Ontario Ministry of the Environment,52,1,44.382338,-79.702446,124000065001,AirNow preliminary observations
07/19/26,000065201,Parry Sound,PM2.5-24hr,UG/M3,7.2,24,Ontario Ministry of the Environment,40,0,45.338261,-80.039269,124000065201,AirNow preliminary observations
07/19/26,000065301,Port Stanley,PM2.5-24hr,UG/M3,30.2,24,Ontario Ministry of the Environment,90,1,42.672127,-81.162948,124000065301,AirNow preliminary observations
07/19/26,000065401,Belleville,PM2.5-24hr,UG/M3,8.1,24,Ontario Ministry of the Environment,45,0,44.150528,-77.3955,124000065401,AirNow preliminary observations
07/19/26,000065801,Chatham,PM2.5-24hr,UG/M3,34.5,24,Ontario Ministry of the Environment,98,1,42.403964,-82.208306,124000065801,AirNow preliminary observations
07/19/26,000066101,Bonner Lake,PM2.5-24hr,UG/M3,8.0,24,Canadian Air and Precipitation Monitoring Network,44,0,49.3864,-82.1214,124000066101,AirNow preliminary observations
07/19/26,050350005,MARION,PM2.5-24hr,UG/M3,21.5,24,Arkansas Department of Environmental Quality,74,1,35.197156,-90.193178,840050350005,AirNow preliminary observations
07/19/26,051430005,SPRNGDLE,PM2.5-24hr,UG/M3,22.5,24,Arkansas Department of Environmental Quality,76,1,36.179705,-94.11663,840051430005,AirNow preliminary observations
07/19/26,090010010,Bridgeport,PM2.5-24hr,UG/M3,13.3,24,Connecticut Dept. of Energy and Environmental Protection,59,1,41.171398,-73.195297,840090010010,AirNow preliminary observations
07/19/26,090011123,Danbury,PM2.5-24hr,UG/M3,12.8,24,Connecticut Dept. of Energy and Environmental Protection,58,1,41.4014,-73.4447,840090011123,AirNow preliminary observations
07/19/26,090030025,Hartford,PM2.5-24hr,UG/M3,9.1,24,Connecticut Dept. of Energy and Environmental Protection,51,1,41.771444,-72.679923,840090030025,AirNow preliminary observations
07/19/26,090031003,East Hartford,PM2.5-24hr,UG/M3,8.4,24,Connecticut Dept. of Energy and Environmental Protection,47,0,41.7847,-72.6297,840090031003,AirNow preliminary observations
07/19/26,090050005,Cornwall,PM2.5-24hr,UG/M3,7.9,24,Connecticut Dept. of Energy and Environmental Protection,44,0,41.833099,-73.303299,840090050005,AirNow preliminary observations
07/19/26,090090027,New Haven,PM2.5-24hr,UG/M3,9.6,24,Connecticut Dept. of Energy and Environmental Protection,52,1,41.301288,-72.902685,840090090027,AirNow preliminary observations
07/19/26,090092123,Waterbury,PM2.5-24hr,UG/M3,9.1,24,Connecticut Dept. of Energy and Environmental Protection,51,1,41.5503,-73.0442,840090092123,AirNow preliminary observations
07/19/26,090110124,Groton,PM2.5-24hr,UG/M3,9.0,24,Connecticut Dept. of Energy and Environmental Protection,50,0,41.3536,-72.0789,840090110124,AirNow preliminary observations
07/19/26,100010002,KILLENS,PM2.5-24hr,UG/M3,24.8,24,Delaware Dept. of Natural Resources and Environment,80,1,38.986672,-75.5568,840100010002,AirNow preliminary observations
07/19/26,100031003,RIVER ROAD PARK; BELLEFONTE,PM2.5-24hr,UG/M3,19.4,24,Delaware Dept. of Natural Resources and Environment,70,1,39.7611,-75.4919,840100031003,AirNow preliminary observations
07/19/26,100031007,LUMS 2,PM2.5-24hr,UG/M3,17.1,24,Delaware Dept. of Natural Resources and Environment,66,1,39.5513,-75.732,840100031007,AirNow preliminary observations
07/19/26,100031008,Rte 9 Del. City,PM2.5-24hr,UG/M3,19.0,24,Delaware Dept. of Natural Resources and Environment,69,1,39.57768,-75.6036,840100031008,AirNow preliminary observations
07/19/26,100032004,MLK,PM2.5-24hr,UG/M3,17.8,24,Delaware Dept. of Natural Resources and Environment,67,1,39.739444,-75.558056,840100032004,AirNow preliminary observations
07/19/26,100051002,SEAFORD,PM2.5-24hr,UG/M3,19.2,24,Delaware Dept. of Natural Resources and Environment,70,1,38.6539,-75.6106,840100051002,AirNow preliminary observations
07/19/26,110010041,RIVER_Terrace,PM2.5-24hr,UG/M3,16.9,24,District of Columbia - Department of Energy and Environment,66,1,38.895683,-76.958089,840110010041,AirNow preliminary observations
07/19/26,110010043,McMillan Reservoir,PM2.5-24hr,UG/M3,20.4,24,District of Columbia - Department of Energy and Environment,72,1,38.921848,-77.013176,840110010043,AirNow preliminary observations
07/19/26,110010051,DCNearRoad,PM2.5-24hr,UG/M3,19.6,24,District of Columbia - Department of Energy and Environment,71,1,38.894749,-76.953427,840110010051,AirNow preliminary observations
07/19/26,124000050314,Quebec - Charlesbourg,PM2.5-24hr,UG/M3,4.6,24,Canada-Quebec1,26,0,46.8615,-71.2572,124000050314,AirNow preliminary observations
07/19/26,124000050405,Sherbrooke - Parc Sylvie-Daigle,PM2.5-24hr,UG/M3,4.2,24,Canada-Quebec1,23,0,45.41436,-71.88269,124000050405,AirNow preliminary observations
07/19/26,124000050702,Sept-Iles,PM2.5-24hr,UG/M3,3.2,24,Canada-Quebec1,18,0,50.21627,-66.3852,124000050702,AirNow preliminary observations
07/19/26,124000050902,Saguenay - Parc Powell,PM2.5-24hr,UG/M3,3.3,24,Canada-Quebec1,18,0,48.43417,-71.185,124000050902,AirNow preliminary observations
07/19/26,124000051111,Drummondville - Stade Jacques-Desautels,PM2.5-24hr,UG/M3,4.4,24,Canada-Quebec1,24,0,45.8713,-72.50318,124000051111,AirNow preliminary observations
07/19/26,124000051801,St-Joseph-de-Sorel - Ecole Martel,PM2.5-24hr,UG/M3,15.2,24,Canada-Quebec1,62,1,46.045,-73.12972,124000051801,AirNow preliminary observations
07/19/26,124000053703,Saint-Georges,PM2.5-24hr,UG/M3,5.2,24,Canada-Quebec1,29,0,46.12219,-70.65206,124000053703,AirNow preliminary observations
07/19/26,124000055801,Granby - Parc Poitevin,PM2.5-24hr,UG/M3,5.0,24,Canada-Quebec1,28,0,45.41864,-72.73067,124000055801,AirNow preliminary observations
07/19/26,124000056001,Radisson,PM2.5-24hr,UG/M3,2.0,24,Canada-Quebec1,11,0,53.69218,-77.74102,124000056001,AirNow preliminary observations
07/19/26,124000060430,Toronto West,PM2.5-24hr,UG/M3,13.0,24,Ontario Ministry of the Environment,58,1,43.709444,-79.5435,124000060430,AirNow preliminary observations
07/19/26,124000060434,Misssissauga,PM2.5-24hr,UG/M3,12.3,24,Ontario Ministry of the Environment,57,1,43.546174,-79.658797,124000060434,AirNow preliminary observations
07/19/26,124000060440,Toronto North,PM2.5-24hr,UG/M3,12.0,24,Ontario Ministry of the Environment,56,1,43.78047,-79.467372,124000060440,AirNow preliminary observations
07/19/26,124000060445,Toronto Downtown,PM2.5-24hr,UG/M3,13.2,24,Ontario Ministry of the Environment,59,1,43.645451,-79.3891,124000060445,AirNow preliminary observations
07/19/26,124000060450,Brampton,PM2.5-24hr,UG/M3,12.0,24,Ontario Ministry of the Environment,56,1,43.669911,-79.766589,124000060450,AirNow preliminary observations
07/19/26,124000060521,Hamilton Mountain,PM2.5-24hr,UG/M3,14.9,24,Ontario Ministry of the Environment,62,1,43.24132,-79.889328,124000060521,AirNow preliminary observations
07/19/26,124000061603,Oakville,PM2.5-24hr,UG/M3,14.5,24,Ontario Ministry of the Environment,61,1,43.486917,-79.702278,124000061603,AirNow preliminary observations
07/19/26,124000065101,Newmarket,PM2.5-24hr,UG/M3,10.5,24,Ontario Ministry of the Environment,54,1,44.044306,-79.48325,124000065101,AirNow preliminary observations
07/19/26,124000067001,Milton,PM2.5-24hr,UG/M3,15.4,24,Ontario Ministry of the Environment,63,1,43.52965,-79.862449,124000067001,AirNow preliminary observations
07/19/26,124CC0041601,Miramichi,PM2.5-24hr,UG/M3,4.5,24,Canada-New Brunswick1,25,0,47.02567,-65.52049,124CC0041601,AirNow preliminary observations
07/19/26,170191001,BONDVILLE,PM2.5-24hr,UG/M3,63.9,24,Illinois EPA,157,3,40.052241,-88.372549,840170191001,AirNow preliminary observations
07/19/26,170310001,ALSIP,PM2.5-24hr,UG/M3,63.8,24,Illinois EPA,157,3,41.6708,-87.7325,840170310001,AirNow preliminary observations
07/19/26,170310022,CHI_WASH,PM2.5-24hr,UG/M3,51.8,24,Illinois EPA,141,2,41.6878,-87.5389,840170310022,AirNow preliminary observations
07/19/26,170310057,CHI_SP,PM2.5-24hr,UG/M3,50.0,24,Illinois EPA,137,2,41.9136,-87.7239,840170310057,AirNow preliminary observations
07/19/26,170310076,CHI_COM,PM2.5-24hr,UG/M3,52.2,24,Illinois EPA,142,2,41.7547,-87.7136,840170310076,AirNow preliminary observations
07/19/26,170313103,SCHILPRK,PM2.5-24hr,UG/M3,52.0,24,Illinois EPA,142,2,41.965,-87.8761,840170313103,AirNow preliminary observations
07/19/26,170314007,DESPLNS,PM2.5-24hr,UG/M3,46.3,24,Illinois EPA,128,2,42.0603,-87.8631,840170314007,AirNow preliminary observations
07/19/26,170314201,NORTHBRK,PM2.5-24hr,UG/M3,52.8,24,Illinois EPA,144,2,42.1406,-87.7994,840170314201,AirNow preliminary observations
07/19/26,170316005,Cicero Liberty,PM2.5-24hr,UG/M3,47.9,24,Illinois EPA,132,2,41.864329,-87.748826,840170316005,AirNow preliminary observations
07/19/26,170434002,Naperville,PM2.5-24hr,UG/M3,56.7,24,Illinois EPA,152,3,41.7714,-88.1522,840170434002,AirNow preliminary observations
07/19/26,170650002,KNIGHT_P,PM2.5-24hr,UG/M3,7.6,24,Illinois EPA,42,0,38.088902,-88.625,840170650002,AirNow preliminary observations
07/19/26,170830117,JERSEYVL,PM2.5-24hr,UG/M3,17.5,24,Illinois EPA,67,1,39.101439,-90.344494,840170830117,AirNow preliminary observations
07/19/26,171110001,CARY,PM2.5-24hr,UG/M3,52.2,24,Illinois EPA,142,2,42.2211,-88.2411,840171110001,AirNow preliminary observations
07/19/26,171132003,NORMAL,PM2.5-24hr,UG/M3,64.3,24,Illinois EPA,157,3,40.5169,-88.9975,840171132003,AirNow preliminary observations
07/19/26,171150013,DECATUR,PM2.5-24hr,UG/M3,66.5,24,Illinois EPA,159,3,39.8669,-88.9256,840171150013,AirNow preliminary observations
07/19/26,171191007,Granite City Fire Station,PM2.5-24hr,UG/M3,17.7,24,Illinois EPA,67,1,38.7045,-90.1397,840171191007,AirNow preliminary observations
07/19/26,171193007,Wood_River,PM2.5-24hr,UG/M3,19.1,24,Illinois EPA,70,1,38.8606,-90.1058,840171193007,AirNow preliminary observations
07/19/26,171430037,PEORIA_J,PM2.5-24hr,UG/M3,74.7,24,Illinois EPA,164,3,40.6978,-89.5889,840171430037,AirNow preliminary observations
07/19/26,171570001,HOUSTON,PM2.5-24hr,UG/M3,8.3,24,Illinois EPA,46,0,38.1761,-89.7883,840171570001,AirNow preliminary observations
07/19/26,171613002,ROCK_IS,PM2.5-24hr,UG/M3,76.1,24,Illinois EPA,165,3,41.5144,-90.5172,840171613002,AirNow preliminary observations
07/19/26,171630010,East St. Louis,PM2.5-24hr,UG/M3,15.6,24,Illinois EPA,63,1,38.611893,-90.160614,840171630010,AirNow preliminary observations
07/19/26,171670012,Springfield Ag,PM2.5-24hr,UG/M3,54.0,24,Illinois EPA,147,2,39.831921,-89.644164,840171670012,AirNow preliminary observations
07/19/26,171971002,Joliet,PM2.5-24hr,UG/M3,51.0,24,Illinois EPA,139,2,41.526885,-88.116474,840171971002,AirNow preliminary observations
07/19/26,171971011,BRAIDWD,PM2.5-24hr,UG/M3,56.6,24,Illinois EPA,152,3,41.2222,-88.1906,840171971011,AirNow preliminary observations
07/19/26,180050008,Columbus - Rocky Ford Rd,PM2.5-24hr,UG/M3,32.9,24,Indiana Dept. of Environmental Management,95,1,39.237457,-85.891332,840180050008,AirNow preliminary observations
07/19/26,180390008,Elkhart-Prairie St.,PM2.5-24hr,UG/M3,44.3,24,Indiana Dept. of Environmental Management,123,2,41.657155,-85.968446,840180390008,AirNow preliminary observations
07/19/26,180550001,Plummer,PM2.5-24hr,UG/M3,26.8,24,Indiana Dept. of Environmental Management,84,1,38.985556,-86.99,840180550001,AirNow preliminary observations
07/19/26,180570007,Fishers,PM2.5-24hr,UG/M3,43.1,24,Indiana Dept. of Environmental Management,120,2,39.960884,-85.939546,840180570007,AirNow preliminary observations
07/19/26,180650003,Mechanicsburg,PM2.5-24hr,UG/M3,46.1,24,Indiana Dept. of Environmental Management,127,2,40.009544,-85.52347,840180650003,AirNow preliminary observations
07/19/26,180670004,Kokomo - E. Vaile Ave.,PM2.5-24hr,UG/M3,40.6,24,Indiana Dept. of Environmental Management,114,2,40.481347,-86.109688,840180670004,AirNow preliminary observations
07/19/26,180890022,Gary-IITRI,PM2.5-24hr,UG/M3,40.9,24,Indiana Dept. of Environmental Management,114,2,41.606563,-87.305015,840180890022,AirNow preliminary observations
07/19/26,180890036,Hammond-167th St,PM2.5-24hr,UG/M3,51.7,24,Indiana Dept. of Environmental Management,141,2,41.594427,-87.495044,840180890036,AirNow preliminary observations
07/19/26,180950011,Anderson-Eastside Elem. Sch,PM2.5-24hr,UG/M3,44.8,24,Indiana Dept. of Environmental Management,124,2,40.12569,-85.652127,840180950011,AirNow preliminary observations
07/19/26,180970078,Indpls-Washington Park,PM2.5-24hr,UG/M3,46.8,24,Indiana Dept. of Environmental Management,129,2,39.810833,-86.114444,840180970078,AirNow preliminary observations
07/19/26,180970081,Indpls-W.18th St,PM2.5-24hr,UG/M3,52.2,24,Indiana Dept. of Environmental Management,142,2,39.788889,-86.214722,840180970081,AirNow preliminary observations
07/19/26,180970087,Indpls - I-70 E,PM2.5-24hr,UG/M3,49.5,24,Indiana Dept. of Environmental Management,135,2,39.787933,-86.13088,840180970087,AirNow preliminary observations
07/19/26,181050003,Bloomington - Binford,PM2.5-24hr,UG/M3,38.3,24,Indiana Dept. of Environmental Management,108,2,39.159372,-86.504747,840181050003,AirNow preliminary observations
07/19/26,181270024,Ogden Dunes,PM2.5-24hr,UG/M3,53.7,24,Indiana Dept. of Environmental Management,146,2,41.617814,-87.199533,840181270024,AirNow preliminary observations
07/19/26,181410015,South Bend-Shields Dr,PM2.5-24hr,UG/M3,47.8,24,Indiana Dept. of Environmental Management,131,2,41.696667,-86.214722,840181410015,AirNow preliminary observations
07/19/26,181570008,Lafayette-Greenbush St,PM2.5-24hr,UG/M3,42.4,24,Indiana Dept. of Environmental Management,118,2,40.431667,-86.8525,840181570008,AirNow preliminary observations
07/19/26,181630021,Evansville-Buena Vista,PM2.5-24hr,UG/M3,12.9,24,Indiana Dept. of Environmental Management,58,1,38.01325,-87.577923,840181630021,AirNow preliminary observations
07/19/26,181670018,Terre Haute-Lafayette Ave,PM2.5-24hr,UG/M3,49.9,24,Indiana Dept. of Environmental Management,136,2,39.485987,-87.401312,840181670018,AirNow preliminary observations
07/19/26,181830003,Larwill,PM2.5-24hr,UG/M3,50.3,24,Indiana Dept. of Environmental Management,137,2,41.169722,-85.629444,840181830003,AirNow preliminary observations
07/19/26,190130009,"Waterloo, Water Tower",PM2.5-24hr,UG/M3,53.9,24,Iowa DNR,146,2,42.5014,-92.315804,840190130009,AirNow preliminary observations
07/19/26,190450019,"Clinton, Chancy Park",PM2.5-24hr,UG/M3,76.4,24,Iowa DNR,166,3,41.823101,-90.211899,840190450019,AirNow preliminary observations
07/19/26,191032001,"Iowa City, Hoover School",PM2.5-24hr,UG/M3,69.5,24,Iowa DNR,161,3,41.658195,-91.503471,840191032001,AirNow preliminary observations
07/19/26,191130040,PUBLIC HEALTH,PM2.5-24hr,UG/M3,66.7,24,Linn Co. Public Health ,159,3,41.9767,-91.6878,840191130040,AirNow preliminary observations
07/19/26,191370002,Viking Lake State Park,PM2.5-24hr,UG/M3,16.0,24,Iowa DNR,64,1,40.970001,-95.044998,840191370002,AirNow preliminary observations
07/19/26,191471002,"Emmetsburg, ILCC",PM2.5-24hr,UG/M3,13.8,24,Iowa DNR,60,1,43.123299,-94.693298,840191471002,AirNow preliminary observations
07/19/26,191530030,CARPENTER,PM2.5-24hr,UG/M3,19.3,24,Polk Co. Air Quality Division,70,1,41.6031,-93.643303,840191530030,AirNow preliminary observations
07/19/26,191630015,"Davenport, 10th & Vine",PM2.5-24hr,UG/M3,74.9,24,Iowa DNR,165,3,41.529999,-90.587502,840191630015,AirNow preliminary observations
07/19/26,191770006,Lake Sugema,PM2.5-24hr,UG/M3,33.8,24,Iowa DNR,97,1,40.693298,-92.006104,840191770006,AirNow preliminary observations
07/19/26,200910010,Heritage Park,PM2.5-24hr,UG/M3,9.4,24,Kansas Dept. of Health and Environment,52,1,38.8386,-94.7464,840200910010,AirNow preliminary observations
07/19/26,201330003,Chanute,PM2.5-24hr,UG/M3,14.9,24,Kansas Dept. of Health and Environment,62,1,37.67696,-95.47594,840201330003,AirNow preliminary observations
07/19/26,201730010,WHlthDpt,PM2.5-24hr,UG/M3,17.2,24,Kansas Dept. of Health and Environment,66,1,37.7011,-97.3139,840201730010,AirNow preliminary observations
07/19/26,201770013,KNI-Topeka,PM2.5-24hr,UG/M3,9.7,24,Kansas Dept. of Health and Environment,52,1,39.0242,-95.7114,840201770013,AirNow preliminary observations
07/19/26,201910002,PECK,PM2.5-24hr,UG/M3,14.9,24,Kansas Dept. of Health and Environment,62,1,37.4769,-97.3664,840201910002,AirNow preliminary observations
07/19/26,201950001,Cedar Bluff,PM2.5-24hr,UG/M3,7.3,24,Kansas Dept. of Health and Environment,41,0,38.7703,-99.7636,840201950001,AirNow preliminary observations
07/19/26,202090021,WY/KC,PM2.5-24hr,UG/M3,9.6,24,Kansas Dept. of Health and Environment,52,1,39.1175,-94.6356,840202090021,AirNow preliminary observations
07/19/26,210130002,MIDAIR,PM2.5-24hr,UG/M3,5.8,24,Kentucky DEP,32,0,36.6081,-83.7369,840210130002,AirNow preliminary observations
07/19/26,210190017,FIVCO,PM2.5-24hr,UG/M3,18.2,24,Kentucky DEP,68,1,38.4592,-82.6339,840210190017,AirNow preliminary observations
07/19/26,210373002,NKU,PM2.5-24hr,UG/M3,29.4,24,Kentucky DEP,89,1,39.0217,-84.4744,840210373002,AirNow preliminary observations
07/19/26,210430500,GRAYSON,PM2.5-24hr,UG/M3,16.6,24,Kentucky DEP,65,1,38.2383,-82.9883,840210430500,AirNow preliminary observations
07/19/26,210670012,NEWTWN,PM2.5-24hr,UG/M3,14.3,24,Kentucky DEP,61,1,38.065,-84.5,840210670012,AirNow preliminary observations
07/19/26,211110051,WATSON,PM2.5-24hr,UG/M3,11.8,24,Louisville Metro Air Pollution Control District ,56,1,38.0608,-85.8961,840211110051,AirNow preliminary observations
07/19/26,211110067,Cannons Lane,PM2.5-24hr,UG/M3,14.1,24,Louisville Metro Air Pollution Control District ,60,1,38.2286,-85.6544,840211110067,AirNow preliminary observations
07/19/26,211110075,Near Road,PM2.5-24hr,UG/M3,13.9,24,Louisville Metro Air Pollution Control District ,60,1,38.1935,-85.7121,840211110075,AirNow preliminary observations
07/19/26,211110080,Carrithers Middle School,PM2.5-24hr,UG/M3,14.5,24,Louisville Metro Air Pollution Control District ,61,1,38.1825,-85.5744,840211110080,AirNow preliminary observations
07/19/26,211111041,Algonquin Parkway,PM2.5-24hr,UG/M3,15.1,24,Louisville Metro Air Pollution Control District ,62,1,38.23158,-85.82675,840211111041,AirNow preliminary observations
07/19/26,211130001,NICHVILL,PM2.5-24hr,UG/M3,11.8,24,Kentucky DEP,56,1,37.8933,-84.5892,840211130001,AirNow preliminary observations
07/19/26,211930003,HAZ2,PM2.5-24hr,UG/M3,7.8,24,Kentucky DEP,43,0,37.2831,-83.2203,840211930003,AirNow preliminary observations
07/19/26,211950002,PIKE2001,PM2.5-24hr,UG/M3,8.6,24,Kentucky DEP,48,0,37.4828,-82.5353,840211950002,AirNow preliminary observations
07/19/26,211990003,SOMERST,PM2.5-24hr,UG/M3,6.0,24,Kentucky DEP,33,0,37.097801,-84.611702,840211990003,AirNow preliminary observations
07/19/26,212270009,Smiths Grove,PM2.5-24hr,UG/M3,7.0,24,Kentucky DEP,39,0,37.04926,-86.21487,840212270009,AirNow preliminary observations
07/19/26,230010011,Lewiston,PM2.5-24hr,UG/M3,8.7,24,Maine Dept. of Environmental Protection,48,0,44.089355,-70.214134,840230010011,AirNow preliminary observations
07/19/26,230030014,Madawaska PSB,PM2.5-24hr,UG/M3,4.2,24,Maine Dept. of Environmental Protection,23,0,47.3553,-68.3211,840230030014,AirNow preliminary observations
07/19/26,230031011,Presque Isle Riverside,PM2.5-24hr,UG/M3,6.9,24,Maine Dept. of Environmental Protection,38,0,46.682299,-68.016195,840230031011,AirNow preliminary observations
07/19/26,230090103,Acadia NP - McFarland,PM2.5-24hr,UG/M3,11.6,24,Maine Dept. of Environmental Protection,56,1,44.377048,-68.260902,840230090103,AirNow preliminary observations
07/19/26,230172011,Rumford,PM2.5-24hr,UG/M3,5.9,24,Maine Dept. of Environmental Protection,33,0,44.5514,-70.5463,840230172011,AirNow preliminary observations
07/19/26,230190017,Bangor MSS,PM2.5-24hr,UG/M3,12.9,24,Maine Dept. of Environmental Protection,58,1,44.817398,-68.772762,840230190017,AirNow preliminary observations
07/19/26,240051007,Padonia,PM2.5-24hr,UG/M3,16.7,24,Maryland Department of the Environment,65,1,39.462002,-76.631599,840240051007,AirNow preliminary observations
07/19/26,240150003,Fair Hill,PM2.5-24hr,UG/M3,15.0,24,Maryland Department of the Environment,62,1,39.701099,-75.860001,840240150003,AirNow preliminary observations
07/19/26,240190004,Horn Point,PM2.5-24hr,UG/M3,18.0,24,Maryland Department of the Environment,68,1,38.5876,-76.1408,840240190004,AirNow preliminary observations
07/19/26,240230002,Piney Run,PM2.5-24hr,UG/M3,22.2,24,Maryland Department of the Environment,75,1,39.705799,-79.011902,840240230002,AirNow preliminary observations
07/19/26,240251001,Edgewood,PM2.5-24hr,UG/M3,15.5,24,Maryland Department of the Environment,63,1,39.41,-76.2967,840240251001,AirNow preliminary observations
07/19/26,240270006,Howard County Near Road,PM2.5-24hr,UG/M3,16.2,24,Maryland Department of the Environment,64,1,39.143197,-76.846192,840240270006,AirNow preliminary observations
07/19/26,240290002,Millington,PM2.5-24hr,UG/M3,14.9,24,Maryland Department of the Environment,62,1,39.305199,-75.797203,840240290002,AirNow preliminary observations
07/19/26,240313001,Rockville,PM2.5-24hr,UG/M3,16.5,24,Maryland Department of the Environment,65,1,39.114399,-77.106903,840240313001,AirNow preliminary observations
07/19/26,240330030,HU-Beltsville,PM2.5-24hr,UG/M3,21.6,24,Maryland Department of the Environment,74,1,39.055302,-76.878304,840240330030,AirNow preliminary observations
07/19/26,240430009,Hagerstown,PM2.5-24hr,UG/M3,15.8,24,Maryland Department of the Environment,63,1,39.565601,-77.721901,840240430009,AirNow preliminary observations
07/19/26,250036001,North Adams,PM2.5-24hr,UG/M3,8.8,24,Massachusetts Dept. of Environmental Protection,49,0,42.702223,-73.110414,840250036001,AirNow preliminary observations
07/19/26,250051004,Fall River,PM2.5-24hr,UG/M3,7.2,24,Massachusetts Dept. of Environmental Protection,40,0,41.6833,-71.169701,840250051004,AirNow preliminary observations
07/19/26,250092006,Lynn,PM2.5-24hr,UG/M3,6.4,24,Massachusetts Dept. of Environmental Protection,36,0,42.474701,-70.971901,840250092006,AirNow preliminary observations
07/19/26,250112005,Greenfield,PM2.5-24hr,UG/M3,8.5,24,Massachusetts Dept. of Environmental Protection,48,0,42.605816,-72.596689,840250112005,AirNow preliminary observations
07/19/26,250130008,Chicopee,PM2.5-24hr,UG/M3,7.5,24,Massachusetts Dept. of Environmental Protection,42,0,42.194401,-72.555603,840250130008,AirNow preliminary observations
07/19/26,250130018,Springfield,PM2.5-24hr,UG/M3,8.9,24,Massachusetts Dept. of Environmental Protection,49,0,42.120248,-72.58499,840250130018,AirNow preliminary observations
07/19/26,250230005,Brockton,PM2.5-24hr,UG/M3,7.5,24,Massachusetts Dept. of Environmental Protection,42,0,42.065119,-71.012686,840250230005,AirNow preliminary observations
07/19/26,250250002,Boston - Kenmore Sq,PM2.5-24hr,UG/M3,6.5,24,Massachusetts Dept. of Environmental Protection,36,0,42.3489,-71.097702,840250250002,AirNow preliminary observations
07/19/26,250250042,Boston - Roxbury,PM2.5-24hr,UG/M3,5.9,24,Massachusetts Dept. of Environmental Protection,33,0,42.329399,-71.082497,840250250042,AirNow preliminary observations
07/19/26,250250044,Boston - Von Hillern St,PM2.5-24hr,UG/M3,6.4,24,Massachusetts Dept. of Environmental Protection,36,0,42.325197,-71.056056,840250250044,AirNow preliminary observations
07/19/26,250270023,Worcester - Summer St,PM2.5-24hr,UG/M3,7.0,24,Massachusetts Dept. of Environmental Protection,39,0,42.263901,-71.794701,840250270023,AirNow preliminary observations
07/19/26,250270024,Uxbridge,PM2.5-24hr,UG/M3,7.0,24,Massachusetts Dept. of Environmental Protection,39,0,42.0997,-71.62,840250270024,AirNow preliminary observations
07/19/26,260050003,Holland,PM2.5-24hr,UG/M3,47.5,24,"Michigan Department of Environment, Great Lakes, and Energy",131,2,42.767799,-86.148598,840260050003,AirNow preliminary observations
07/19/26,260170014,Bay City,PM2.5-24hr,UG/M3,37.1,24,"Michigan Department of Environment, Great Lakes, and Energy",105,2,43.5714,-83.8908,840260170014,AirNow preliminary observations
07/19/26,260650018,Lansing,PM2.5-24hr,UG/M3,35.7,24,"Michigan Department of Environment, Great Lakes, and Energy",101,2,42.76138,-84.562867,840260650018,AirNow preliminary observations
07/19/26,260770008,Kalamazoo,PM2.5-24hr,UG/M3,43.7,24,"Michigan Department of Environment, Great Lakes, and Energy",121,2,42.2781,-85.5419,840260770008,AirNow preliminary observations
07/19/26,260810020,Grand Rapids - Monroe,PM2.5-24hr,UG/M3,53.7,24,"Michigan Department of Environment, Great Lakes, and Energy",146,2,42.984699,-85.671097,840260810020,AirNow preliminary observations
07/19/26,260910007,Tecumseh,PM2.5-24hr,UG/M3,36.6,24,"Michigan Department of Environment, Great Lakes, and Energy",104,2,41.995602,-83.946701,840260910007,AirNow preliminary observations
07/19/26,260990009,New Haven,PM2.5-24hr,UG/M3,37.5,24,"Michigan Department of Environment, Great Lakes, and Energy",106,2,42.7314,-82.7936,840260990009,AirNow preliminary observations
07/19/26,261010922,Little River Band-Manistee,PM2.5-24hr,UG/M3,92.5,24,"Michigan Department of Environment, Great Lakes, and Energy",177,3,44.3069,-86.2428,840261010922,AirNow preliminary observations
07/19/26,261250001,Oak Park,PM2.5-24hr,UG/M3,38.1,24,"Michigan Department of Environment, Great Lakes, and Energy",107,2,42.4631,-83.183296,840261250001,AirNow preliminary observations
07/19/26,261390005,Jenison,PM2.5-24hr,UG/M3,57.1,24,"Michigan Department of Environment, Great Lakes, and Energy",152,3,42.894402,-85.852798,840261390005,AirNow preliminary observations
07/19/26,261470005,Port Huron,PM2.5-24hr,UG/M3,33.4,24,"Michigan Department of Environment, Great Lakes, and Energy",96,1,42.9533,-82.4564,840261470005,AirNow preliminary observations
07/19/26,261530001,Seney,PM2.5-24hr,UG/M3,69.0,24,"Michigan Department of Environment, Great Lakes, and Energy",160,3,46.2889,-85.9503,840261530001,AirNow preliminary observations
07/19/26,261610008,Ypsilanti,PM2.5-24hr,UG/M3,37.5,24,"Michigan Department of Environment, Great Lakes, and Energy",106,2,42.24,-83.5997,840261610008,AirNow preliminary observations
07/19/26,261630001,Allen Park,PM2.5-24hr,UG/M3,38.0,24,"Michigan Department of Environment, Great Lakes, and Energy",107,2,42.2283,-83.2092,840261630001,AirNow preliminary observations
07/19/26,261630015,Detroit-Southwest,PM2.5-24hr,UG/M3,41.4,24,"Michigan Department of Environment, Great Lakes, and Energy",116,2,42.3042,-83.1072,840261630015,AirNow preliminary observations
07/19/26,261630019,Detroit-E7 Mile,PM2.5-24hr,UG/M3,37.0,24,"Michigan Department of Environment, Great Lakes, and Energy",105,2,42.430801,-83.000801,840261630019,AirNow preliminary observations
07/19/26,261630033,Dearborn,PM2.5-24hr,UG/M3,39.1,24,"Michigan Department of Environment, Great Lakes, and Energy",110,2,42.3075,-83.15,840261630033,AirNow preliminary observations
07/19/26,261630093,Eliza Howell - Near Roadway,PM2.5-24hr,UG/M3,29.1,24,"Michigan Department of Environment, Great Lakes, and Energy",88,1,42.38599,-83.266319,840261630093,AirNow preliminary observations
07/19/26,261630097,Detroit-NMH48217,PM2.5-24hr,UG/M3,39.9,24,"Michigan Department of Environment, Great Lakes, and Energy",112,2,42.261669,-83.157893,840261630097,AirNow preliminary observations
07/19/26,261630098,Detroit-DP4th,PM2.5-24hr,UG/M3,40.7,24,"Michigan Department of Environment, Great Lakes, and Energy",114,2,42.312158,-83.091943,840261630098,AirNow preliminary observations
07/19/26,261630099,Detroit-Trinity,PM2.5-24hr,UG/M3,39.8,24,"Michigan Department of Environment, Great Lakes, and Energy",112,2,42.295824,-83.129431,840261630099,AirNow preliminary observations
07/19/26,261630100,Detroit-Military Park,PM2.5-24hr,UG/M3,38.7,24,"Michigan Department of Environment, Great Lakes, and Energy",109,2,42.312078,-83.103469,840261630100,AirNow preliminary observations
07/19/26,270031002,Blaine,PM2.5-24hr,UG/M3,40.2,24,Minnesota Pollution Control Agency,113,2,45.1425,-93.2139,840270031002,AirNow preliminary observations
07/19/26,270052013,Detroit Lakes,PM2.5-24hr,UG/M3,10.4,24,Minnesota Pollution Control Agency,53,1,46.8511,-95.8467,840270052013,AirNow preliminary observations
07/19/26,270072304,Red Lake Nation Hospital,PM2.5-24hr,UG/M3,11.0,24,Minnesota Pollution Control Agency,55,1,47.878159,-95.029172,840270072304,AirNow preliminary observations
07/19/26,270177417,Fond du Lac,PM2.5-24hr,UG/M3,23.8,24,Minnesota Pollution Control Agency,78,1,46.713694,-92.511722,840270177417,AirNow preliminary observations
07/19/26,270213410,Leech Lake Nation: Cass Lake,PM2.5-24hr,UG/M3,10.9,24,Minnesota Pollution Control Agency,54,1,47.38443,-94.60166,840270213410,AirNow preliminary observations
07/19/26,270317810,Grand Portage,PM2.5-24hr,UG/M3,86.9,24,Minnesota Pollution Control Agency,173,3,47.9721,-89.6908,840270317810,AirNow preliminary observations
07/19/26,270353204,Brainerd,PM2.5-24hr,UG/M3,13.7,24,Minnesota Pollution Control Agency,60,1,46.3944,-94.1433,840270353204,AirNow preliminary observations
07/19/26,270370470,Apple Valley,PM2.5-24hr,UG/M3,48.6,24,Minnesota Pollution Control Agency,133,2,44.7383,-93.2372,840270370470,AirNow preliminary observations
07/19/26,270370480,Lakeville - Near Road,PM2.5-24hr,UG/M3,41.9,24,Minnesota Pollution Control Agency,117,2,44.706123,-93.285803,840270370480,AirNow preliminary observations
07/19/26,270530909,Minneapolis - Lowry Ave,PM2.5-24hr,UG/M3,45.7,24,Minnesota Pollution Control Agency,126,2,45.012102,-93.276699,840270530909,AirNow preliminary observations
07/19/26,270530910,Minneapolis - Pacific St,PM2.5-24hr,UG/M3,46.6,24,Minnesota Pollution Control Agency,128,2,45.008297,-93.277041,840270530910,AirNow preliminary observations
07/19/26,270530962,Minneapolis - Near Road,PM2.5-24hr,UG/M3,41.0,24,Minnesota Pollution Control Agency,115,2,44.9653,-93.2551,840270530962,AirNow preliminary observations
07/19/26,270531904,Minneapolis - East Phillips Community,PM2.5-24hr,UG/M3,42.4,24,Minnesota Pollution Control Agency,118,2,44.95208,-93.24428,840270531904,AirNow preliminary observations
07/19/26,270750005,Ely,PM2.5-24hr,UG/M3,29.1,24,Minnesota Pollution Control Agency,88,1,47.9464,-91.4953,840270750005,AirNow preliminary observations
07/19/26,271095008,Rochester,PM2.5-24hr,UG/M3,57.9,24,Minnesota Pollution Control Agency,153,3,43.9947,-92.4497,840271095008,AirNow preliminary observations
07/19/26,271230871,St. Paul-Harding H.S.,PM2.5-24hr,UG/M3,43.2,24,Minnesota Pollution Control Agency,120,2,44.9594,-93.0356,840271230871,AirNow preliminary observations
07/19/26,271377001,Virginia,PM2.5-24hr,UG/M3,17.1,24,Minnesota Pollution Control Agency,66,1,47.5212,-92.5393,840271377001,AirNow preliminary observations
07/19/26,271377550,Duluth-WDSE,PM2.5-24hr,UG/M3,32.0,24,Minnesota Pollution Control Agency,94,1,46.8183,-92.0892,840271377550,AirNow preliminary observations
07/19/26,271377554,West Duluth,PM2.5-24hr,UG/M3,37.8,24,Minnesota Pollution Control Agency,107,2,46.743889,-92.166946,840271377554,AirNow preliminary observations
07/19/26,271390505,Shakopee,PM2.5-24hr,UG/M3,35.5,24,Minnesota Pollution Control Agency,101,2,44.789398,-93.512497,840271390505,AirNow preliminary observations
07/19/26,271453052,St. Cloud,PM2.5-24hr,UG/M3,17.1,24,Minnesota Pollution Control Agency,66,1,45.55,-94.1333,840271453052,AirNow preliminary observations
07/19/26,271713201,St. Michael,PM2.5-24hr,UG/M3,26.5,24,Minnesota Pollution Control Agency,83,1,45.2108,-93.6686,840271713201,AirNow preliminary observations
07/19/26,290210005,St. Joseph,PM2.5-24hr,UG/M3,7.9,24,Missouri Department of Natural Resources,44,0,39.741667,-94.858333,840290210005,AirNow preliminary observations
07/19/26,290370003,RG_South,PM2.5-24hr,UG/M3,8.7,24,Missouri Department of Natural Resources,48,0,38.75961,-94.57983,840290370003,AirNow preliminary observations
07/19/26,290390001,El Do Springs,PM2.5-24hr,UG/M3,12.8,24,Missouri Department of Natural Resources,58,1,37.70097,-94.03474,840290390001,AirNow preliminary observations
07/19/26,290470005,Liberty,PM2.5-24hr,UG/M3,5.5,24,Missouri Department of Natural Resources,31,0,39.303056,-94.376389,840290470005,AirNow preliminary observations
07/19/26,290770036,Hillcrest HS,PM2.5-24hr,UG/M3,14.4,24,Missouri Department of Natural Resources,61,1,37.256069,-93.299692,840290770036,AirNow preliminary observations
07/19/26,290950034,Troost,PM2.5-24hr,UG/M3,8.8,24,Missouri Department of Natural Resources,49,0,39.10465,-94.57055,840290950034,AirNow preliminary observations
07/19/26,290990019,Arnold West,PM2.5-24hr,UG/M3,7.6,24,Missouri Department of Natural Resources,42,0,38.448581,-90.398436,840290990019,AirNow preliminary observations
07/19/26,291893001,Ladue,PM2.5-24hr,UG/M3,12.0,24,Missouri Department of Natural Resources,56,1,38.650259,-90.350463,840291893001,AirNow preliminary observations
07/19/26,295100007,South Broadway,PM2.5-24hr,UG/M3,13.4,24,Missouri Department of Natural Resources,59,1,38.5425,-90.263611,840295100007,AirNow preliminary observations
07/19/26,295100085,Blair Street,PM2.5-24hr,UG/M3,15.4,24,Missouri Department of Natural Resources,63,1,38.656449,-90.198548,840295100085,AirNow preliminary observations
07/19/26,295100093,Branch Street,PM2.5-24hr,UG/M3,15.8,24,Missouri Department of Natural Resources,63,1,38.65643,-90.18977,840295100093,AirNow preliminary observations
07/19/26,295100094,Forest Park,PM2.5-24hr,UG/M3,12.9,24,Missouri Department of Natural Resources,58,1,38.631057,-90.281144,840295100094,AirNow preliminary observations
07/19/26,310550019,NCORE,PM2.5-24hr,UG/M3,13.1,24,Douglas County Health Department (Omaha),58,1,41.2474,-95.9731,840310550019,AirNow preliminary observations
07/19/26,311090022,LLCHD BAM,PM2.5-24hr,UG/M3,10.5,24,Lincoln-Lancaster County Health Department,54,1,40.812558,-96.675733,840311090022,AirNow preliminary observations
07/19/26,311530007,2912 Coffey,PM2.5-24hr,UG/M3,10.6,24,Douglas County Health Department (Omaha),54,1,41.133317,-95.956078,840311530007,AirNow preliminary observations
07/19/26,330050007,Keene,PM2.5-24hr,UG/M3,10.0,24,New Hampshire Dept. of Environmental Services,53,1,42.930521,-72.272332,840330050007,AirNow preliminary observations
07/19/26,330090010,Lebanon,PM2.5-24hr,UG/M3,5.7,24,New Hampshire Dept. of Environmental Services,32,0,43.629605,-72.309499,840330090010,AirNow preliminary observations
07/19/26,330115001,Miller State Park,PM2.5-24hr,UG/M3,6.1,24,New Hampshire Dept. of Environmental Services,34,0,42.86183,-71.878626,840330115001,AirNow preliminary observations
07/19/26,330150014,Portsmouth,PM2.5-24hr,UG/M3,9.9,24,New Hampshire Dept. of Environmental Services,52,1,43.075371,-70.748017,840330150014,AirNow preliminary observations
07/19/26,330150018,Londonderry - Moose Hill,PM2.5-24hr,UG/M3,8.6,24,New Hampshire Dept. of Environmental Services,48,0,42.862531,-71.38014,840330150018,AirNow preliminary observations
07/19/26,340010006,Brigantine,PM2.5-24hr,UG/M3,14.8,24,New Jersey Dept. of Environmental Protection,62,1,39.46487,-74.448738,840340010006,AirNow preliminary observations
07/19/26,340030010,Fort Lee Near Road,PM2.5-24hr,UG/M3,9.7,24,New Jersey Dept. of Environmental Protection,52,1,40.85355,-73.9661,840340030010,AirNow preliminary observations
07/19/26,340070010,South Camden,PM2.5-24hr,UG/M3,12.4,24,New Jersey Dept. of Environmental Protection,57,1,39.923969,-75.122314,840340070010,AirNow preliminary observations
07/19/26,340110007,Millville,PM2.5-24hr,UG/M3,9.4,24,New Jersey Dept. of Environmental Protection,52,1,39.422272,-75.0252,840340110007,AirNow preliminary observations
07/19/26,340150002,Clarksboro,PM2.5-24hr,UG/M3,11.8,24,New Jersey Dept. of Environmental Protection,56,1,39.800339,-75.21212,840340150002,AirNow preliminary observations
07/19/26,340171003,Jersey City FH,PM2.5-24hr,UG/M3,10.0,24,New Jersey Dept. of Environmental Protection,53,1,40.725452,-74.052292,840340171003,AirNow preliminary observations
07/19/26,340210005,Rider University,PM2.5-24hr,UG/M3,13.4,24,New Jersey Dept. of Environmental Protection,59,1,40.283092,-74.742645,840340210005,AirNow preliminary observations
07/19/26,340273001,Chester,PM2.5-24hr,UG/M3,10.2,24,New Jersey Dept. of Environmental Protection,53,1,40.787628,-74.6763,840340273001,AirNow preliminary observations
07/19/26,340390004,Elizabeth Trailer,PM2.5-24hr,UG/M3,10.3,24,New Jersey Dept. of Environmental Protection,53,1,40.641441,-74.208366,840340390004,AirNow preliminary observations
07/19/26,340392003,Rahway PM,PM2.5-24hr,UG/M3,9.6,24,New Jersey Dept. of Environmental Protection,52,1,40.603943,-74.276176,840340392003,AirNow preliminary observations
07/19/26,340410007,Columbia,PM2.5-24hr,UG/M3,9.4,24,New Jersey Dept. of Environmental Protection,52,1,40.924606,-75.067825,840340410007,AirNow preliminary observations
07/19/26,360010005,Albany,PM2.5-24hr,UG/M3,8.4,24,New York Dept. of Environmental Conservation,47,0,42.6425,-73.7547,840360010005,AirNow preliminary observations
07/19/26,360050110,Bronx - IS52,PM2.5-24hr,UG/M3,13.1,24,New York Dept. of Environmental Conservation,58,1,40.816101,-73.902199,840360050110,AirNow preliminary observations
07/19/26,360050112,Bronx - IS74,PM2.5-24hr,UG/M3,13.9,24,New York Dept. of Environmental Conservation,60,1,40.814701,-73.886703,840360050112,AirNow preliminary observations
07/19/26,360290005,Buffalo,PM2.5-24hr,UG/M3,10.4,24,New York Dept. of Environmental Conservation,53,1,42.8781,-78.8094,840360290005,AirNow preliminary observations
07/19/26,360310003,Whiteface Mtn,PM2.5-24hr,UG/M3,6.5,24,New York Dept. of Environmental Conservation,36,0,44.39308,-73.8589,840360310003,AirNow preliminary observations
07/19/26,360470052,Bklyn - PS 314,PM2.5-24hr,UG/M3,12.2,24,New York Dept. of Environmental Conservation,57,1,40.641819,-74.018707,840360470052,AirNow preliminary observations
07/19/26,360550015,Rochester Near-road,PM2.5-24hr,UG/M3,10.3,24,New York Dept. of Environmental Conservation,53,1,43.145021,-77.557608,840360550015,AirNow preliminary observations
07/19/26,360551007,Rochester,PM2.5-24hr,UG/M3,8.9,24,New York Dept. of Environmental Conservation,49,0,43.1461,-77.5481,840360551007,AirNow preliminary observations
07/19/26,360610115,Manhattan/IS143,PM2.5-24hr,UG/M3,5.5,24,New York Dept. of Environmental Conservation,31,0,40.8492,-73.9319,840360610115,AirNow preliminary observations
07/19/26,360610135,CCNY,PM2.5-24hr,UG/M3,13.8,24,New York Dept. of Environmental Conservation,60,1,40.8197,-73.9481,840360610135,AirNow preliminary observations
07/19/26,360652001,Utica,PM2.5-24hr,UG/M3,6.0,24,New York Dept. of Environmental Conservation,33,0,43.0994,-75.225,840360652001,AirNow preliminary observations
07/19/26,360671015,E Syracuse,PM2.5-24hr,UG/M3,8.4,24,New York Dept. of Environmental Conservation,47,0,43.0528,-76.0597,840360671015,AirNow preliminary observations
07/19/26,360710002,Newburgh,PM2.5-24hr,UG/M3,4.7,24,New York Dept. of Environmental Conservation,26,0,41.4994,-74.0097,840360710002,AirNow preliminary observations
07/19/26,360810120,Maspeth,PM2.5-24hr,UG/M3,8.5,24,New York Dept. of Environmental Conservation,48,0,40.7269,-73.8933,840360810120,AirNow preliminary observations
07/19/26,360810124,Queens,PM2.5-24hr,UG/M3,14.8,24,New York Dept. of Environmental Conservation,62,1,40.7375,-73.8244,840360810124,AirNow preliminary observations
07/19/26,360810125,Queens Near-road,PM2.5-24hr,UG/M3,13.7,24,New York Dept. of Environmental Conservation,60,1,40.739264,-73.817694,840360810125,AirNow preliminary observations
07/19/26,360850111,Fresh Kills,PM2.5-24hr,UG/M3,12.5,24,New York Dept. of Environmental Conservation,57,1,40.5802,-74.1994,840360850111,AirNow preliminary observations
07/19/26,360870005,Rockland Cty,PM2.5-24hr,UG/M3,5.9,24,New York Dept. of Environmental Conservation,33,0,41.182079,-74.028191,840360870005,AirNow preliminary observations
07/19/26,361010003,Pinnacle State Park,PM2.5-24hr,UG/M3,13.9,24,New York Dept. of Environmental Conservation,60,1,42.0972,-77.2103,840361010003,AirNow preliminary observations
07/19/26,361030009,Holtsville,PM2.5-24hr,UG/M3,15.4,24,New York Dept. of Environmental Conservation,63,1,40.8278,-73.0575,840361030009,AirNow preliminary observations
07/19/26,361192004,White Plains,PM2.5-24hr,UG/M3,5.6,24,New York Dept. of Environmental Conservation,31,0,41.0522,-73.7642,840361192004,AirNow preliminary observations
07/19/26,370210034,BDED,PM2.5-24hr,UG/M3,7.2,24,North Carolina DEQ - Division of Air Quality,40,0,35.60662,-82.582551,840370210034,AirNow preliminary observations
07/19/26,370350004,HICKORY,PM2.5-24hr,UG/M3,7.5,24,North Carolina DEQ - Division of Air Quality,42,0,35.728889,-81.365556,840370350004,AirNow preliminary observations
07/19/26,370510009,W OWEN SCH,PM2.5-24hr,UG/M3,9.7,24,North Carolina DEQ - Division of Air Quality,52,1,35.041416,-78.953112,840370510009,AirNow preliminary observations
07/19/26,370570002,LWATTOWR,PM2.5-24hr,UG/M3,7.7,24,North Carolina DEQ - Division of Air Quality,43,0,35.8145,-80.2627,840370570002,AirNow preliminary observations
07/19/26,370630015,Durham Armory,PM2.5-24hr,UG/M3,4.4,24,North Carolina DEQ - Division of Air Quality,24,0,36.032955,-78.904037,840370630015,AirNow preliminary observations
07/19/26,370630099,Burdens Creek,PM2.5-24hr,UG/M3,7.9,24,EPA Office of State Air Partnerships,44,0,35.889402,-78.8747,840370630099,AirNow preliminary observations
07/19/26,370650099,LEGGETT,PM2.5-24hr,UG/M3,9.5,24,North Carolina DEQ - Division of Air Quality,52,1,35.988278,-77.5843,840370650099,AirNow preliminary observations
07/19/26,370670022,Hattie Avenue,PM2.5-24hr,UG/M3,8.0,24,Forsyth County Office of Environmental Assistance and Protection,44,0,36.110927,-80.224435,840370670022,AirNow preliminary observations
07/19/26,370670030,Clemmons Middle,PM2.5-24hr,UG/M3,7.1,24,Forsyth County Office of Environmental Assistance and Protection,39,0,36.025979,-80.342254,840370670030,AirNow preliminary observations
07/19/26,370810013,MENDNHAL,PM2.5-24hr,UG/M3,8.6,24,North Carolina DEQ - Division of Air Quality,48,0,36.109006,-79.802314,840370810013,AirNow preliminary observations
07/19/26,371010002,JOHNSTON,PM2.5-24hr,UG/M3,9.9,24,North Carolina DEQ - Division of Air Quality,52,1,35.59095,-78.4622,840371010002,AirNow preliminary observations
07/19/26,371190041,Garinger,PM2.5-24hr,UG/M3,7.0,24,Mecklenburg County Air Quality,39,0,35.2411,-80.7831,840371190041,AirNow preliminary observations
07/19/26,371190045,Remount,PM2.5-24hr,UG/M3,8.6,24,Mecklenburg County Air Quality,48,0,35.213171,-80.874084,840371190045,AirNow preliminary observations
07/19/26,371210004,Spruce Pine,PM2.5-24hr,UG/M3,5.4,24,North Carolina DEQ - Division of Air Quality,30,0,35.912487,-82.062082,840371210004,AirNow preliminary observations
07/19/26,371230001,Candor FRO,PM2.5-24hr,UG/M3,9.0,24,North Carolina DEQ - Division of Air Quality,50,0,35.263165,-79.836636,840371230001,AirNow preliminary observations
07/19/26,371310003,Northampton,PM2.5-24hr,UG/M3,7.0,24,North Carolina DEQ - Division of Air Quality,39,0,36.511708,-77.655389,840371310003,AirNow preliminary observations
07/19/26,371470006,PITTAGCT,PM2.5-24hr,UG/M3,9.7,24,North Carolina DEQ - Division of Air Quality,52,1,35.641276,-77.360126,840371470006,AirNow preliminary observations
07/19/26,371590021,ROCKWELL,PM2.5-24hr,UG/M3,8.7,24,North Carolina DEQ - Division of Air Quality,48,0,35.551868,-80.395039,840371590021,AirNow preliminary observations
07/19/26,371730002,BRYSON,PM2.5-24hr,UG/M3,5.9,24,North Carolina DEQ - Division of Air Quality,33,0,35.434767,-83.442133,840371730002,AirNow preliminary observations
07/19/26,371830014,Millbrook NCore,PM2.5-24hr,UG/M3,6.9,24,North Carolina DEQ - Division of Air Quality,38,0,35.856111,-78.574167,840371830014,AirNow preliminary observations
07/19/26,371830021,Triple Oak - Near Road,PM2.5-24hr,UG/M3,8.8,24,North Carolina DEQ - Division of Air Quality,49,0,35.8652,-78.8197,840371830021,AirNow preliminary observations
07/19/26,380171004,Fargo NW,PM2.5-24hr,UG/M3,10.5,24,North Dakota Department of Environmental Quality,54,1,46.933601,-96.854698,840380171004,AirNow preliminary observations
07/19/26,390030009,Lima,PM2.5-24hr,UG/M3,33.8,24,Ohio EPA-DAPC,97,1,40.771,-84.0539,840390030009,AirNow preliminary observations
07/19/26,390230005,Springfield Fire St1,PM2.5-24hr,UG/M3,37.3,24,Ohio EPA-DAPC,105,2,39.92882,-83.80949,840390230005,AirNow preliminary observations
07/19/26,390350034,District 6,PM2.5-24hr,UG/M3,34.8,24,Ohio EPA-DAPC,99,1,41.55523,-81.575256,840390350034,AirNow preliminary observations
07/19/26,390350038,St Theodosius,PM2.5-24hr,UG/M3,36.4,24,Ohio EPA-DAPC,103,2,41.477011,-81.682383,840390350038,AirNow preliminary observations
07/19/26,390350045,Cleveland Fire St13,PM2.5-24hr,UG/M3,36.3,24,Ohio EPA-DAPC,103,2,41.471782,-81.656792,840390350045,AirNow preliminary observations
07/19/26,390350060,GT Craig NCore PAMS,PM2.5-24hr,UG/M3,36.6,24,Ohio EPA-DAPC,104,2,41.492191,-81.678552,840390350060,AirNow preliminary observations
07/19/26,390350065,Harvard Yards,PM2.5-24hr,UG/M3,36.9,24,Ohio EPA-DAPC,104,2,41.446682,-81.662419,840390350065,AirNow preliminary observations
07/19/26,390350073,Cleveland Near Road,PM2.5-24hr,UG/M3,33.6,24,Ohio EPA-DAPC,97,1,41.4409,-81.4949,840390350073,AirNow preliminary observations
07/19/26,390490029,New Albany,PM2.5-24hr,UG/M3,34.3,24,Ohio EPA-DAPC,98,1,40.0845,-82.81552,840390490029,AirNow preliminary observations
07/19/26,390490034,Fairgrounds,PM2.5-24hr,UG/M3,37.6,24,Ohio EPA-DAPC,106,2,40.002734,-82.994404,840390490034,AirNow preliminary observations
07/19/26,390490038,Smoky Row Near Road,PM2.5-24hr,UG/M3,35.5,24,Ohio EPA-DAPC,101,2,40.11109,-83.065376,840390490038,AirNow preliminary observations
07/19/26,390490081,Maple Canyon,PM2.5-24hr,UG/M3,42.9,24,Ohio EPA-DAPC,119,2,40.087807,-82.959585,840390490081,AirNow preliminary observations
07/19/26,390610006,Sycamore,PM2.5-24hr,UG/M3,30.3,24,Ohio EPA-DAPC,90,1,39.2787,-84.36612,840390610006,AirNow preliminary observations
07/19/26,390610010,Colerain,PM2.5-24hr,UG/M3,25.4,24,Ohio EPA-DAPC,81,1,39.21494,-84.69086,840390610010,AirNow preliminary observations
07/19/26,390610040,Taft NCore PAMS,PM2.5-24hr,UG/M3,37.7,24,Ohio EPA-DAPC,106,2,39.12886,-84.50404,840390610040,AirNow preliminary observations
07/19/26,390610048,Cincinnati Near Road,PM2.5-24hr,UG/M3,30.0,24,Ohio EPA-DAPC,90,1,39.146025,-84.538375,840390610048,AirNow preliminary observations
07/19/26,390810017,Steubenville,PM2.5-24hr,UG/M3,42.6,24,Ohio EPA-DAPC,118,2,40.366452,-80.615691,840390810017,AirNow preliminary observations
07/19/26,390850007,Painesville,PM2.5-24hr,UG/M3,18.0,24,Ohio EPA-DAPC,68,1,41.726811,-81.242156,840390850007,AirNow preliminary observations
07/19/26,390870012,ODOT Ironton,PM2.5-24hr,UG/M3,21.5,24,Ohio EPA-DAPC,74,1,38.508114,-82.659301,840390870012,AirNow preliminary observations
07/19/26,390950024,Erie,PM2.5-24hr,UG/M3,43.7,24,Ohio EPA-DAPC,121,2,41.644067,-83.54625,840390950024,AirNow preliminary observations
07/19/26,390951003,Eastside Pump St,PM2.5-24hr,UG/M3,41.7,24,Ohio EPA-DAPC,116,2,41.7194,-83.475,840390951003,AirNow preliminary observations
07/19/26,391030004,Chippewa,PM2.5-24hr,UG/M3,45.9,24,Ohio EPA-DAPC,127,2,41.0604,-81.9239,840391030004,AirNow preliminary observations
07/19/26,391130038,Sinclair,PM2.5-24hr,UG/M3,39.7,24,Ohio EPA-DAPC,111,2,39.758235,-84.197375,840391130038,AirNow preliminary observations
07/19/26,391351001,Preble NCore,PM2.5-24hr,UG/M3,38.6,24,Ohio EPA-DAPC,109,2,39.83562,-84.72049,840391351001,AirNow preliminary observations
07/19/26,391450013,Portsmouth Water Treatment Plant,PM2.5-24hr,UG/M3,27.6,24,Ohio EPA-DAPC,85,1,38.754595,-82.917,840391450013,AirNow preliminary observations
07/19/26,391510020,Canton,PM2.5-24hr,UG/M3,35.5,24,Ohio EPA-DAPC,101,2,40.800717,-81.373,840391510020,AirNow preliminary observations
07/19/26,391530017,East HS,PM2.5-24hr,UG/M3,35.4,24,Ohio EPA-DAPC,100,1,41.063526,-81.468956,840391530017,AirNow preliminary observations
07/19/26,391550014,Laird Eng Bldg,PM2.5-24hr,UG/M3,35.6,24,Ohio EPA-DAPC,101,2,41.23172,-80.80116,840391550014,AirNow preliminary observations
07/19/26,391650007,Lebanon,PM2.5-24hr,UG/M3,29.9,24,Ohio EPA-DAPC,90,1,39.42689,-84.20077,840391650007,AirNow preliminary observations
07/19/26,400270049,Moore,PM2.5-24hr,UG/M3,20.0,24,Oklahoma Department of Environmental Quality,71,1,35.32,-97.4883,840400270049,AirNow preliminary observations
07/19/26,400430860,Seiling,PM2.5-24hr,UG/M3,11.6,24,Oklahoma Department of Environmental Quality,56,1,36.1589,-98.9353,840400430860,AirNow preliminary observations
07/19/26,400710604,Ponca City,PM2.5-24hr,UG/M3,17.7,24,Oklahoma Department of Environmental Quality,67,1,36.697189,-97.081278,840400710604,AirNow preliminary observations
07/19/26,401090097,Near Road OKC,PM2.5-24hr,UG/M3,17.4,24,Oklahoma Department of Environmental Quality,66,1,35.502968,-97.577674,840401090097,AirNow preliminary observations
07/19/26,401091037,North OKC,PM2.5-24hr,UG/M3,16.7,24,Oklahoma Department of Environmental Quality,65,1,35.614131,-97.475083,840401091037,AirNow preliminary observations
07/19/26,401359021,ROLAND,PM2.5-24hr,UG/M3,15.2,24,Cherokee Nation,62,1,35.408138,-94.524414,840401359021,AirNow preliminary observations
07/19/26,401430174,Glenpool,PM2.5-24hr,UG/M3,18.6,24,Oklahoma Department of Environmental Quality,69,1,35.9525,-96.0033,840401430174,AirNow preliminary observations
07/19/26,401431127,Tulsa,PM2.5-24hr,UG/M3,20.1,24,Oklahoma Department of Environmental Quality,71,1,36.206699,-95.976402,840401431127,AirNow preliminary observations
07/19/26,420010001,Arendtsville,PM2.5-24hr,UG/M3,20.9,24,Pennsylvania Dept. of Environmental Protection,73,1,39.9233,-77.3081,840420010001,AirNow preliminary observations
07/19/26,420030008,Lawrenceville,PM2.5-24hr,UG/M3,35.5,24,Allegheny County,101,2,40.4656,-79.9611,840420030008,AirNow preliminary observations
07/19/26,420030067,South Fayette,PM2.5-24hr,UG/M3,34.0,24,Allegheny County,97,1,40.381901,-80.1856,840420030067,AirNow preliminary observations
07/19/26,420031008,Harrison Township,PM2.5-24hr,UG/M3,32.8,24,Allegheny County,95,1,40.617488,-79.727664,840420031008,AirNow preliminary observations
07/19/26,420031376,Parkway East (Near Road),PM2.5-24hr,UG/M3,32.5,24,Allegheny County,95,1,40.437431,-79.863572,840420031376,AirNow preliminary observations
07/19/26,420050001,Kittanning,PM2.5-24hr,UG/M3,33.1,24,Pennsylvania Dept. of Environmental Protection,96,1,40.8142,-79.565,840420050001,AirNow preliminary observations
07/19/26,420070014,Beaver Falls,PM2.5-24hr,UG/M3,37.4,24,Pennsylvania Dept. of Environmental Protection,106,2,40.747799,-80.316704,840420070014,AirNow preliminary observations
07/19/26,420110011,Reading Airport,PM2.5-24hr,UG/M3,15.9,24,Pennsylvania Dept. of Environmental Protection,64,1,40.3833,-75.9686,840420110011,AirNow preliminary observations
07/19/26,420130801,Altoona,PM2.5-24hr,UG/M3,23.0,24,Pennsylvania Dept. of Environmental Protection,77,1,40.515,-78.3889,840420130801,AirNow preliminary observations
07/19/26,420150011,Towanda,PM2.5-24hr,UG/M3,15.6,24,Pennsylvania Dept. of Environmental Protection,63,1,41.705226,-76.512726,840420150011,AirNow preliminary observations
07/19/26,420210011,Johnstown,PM2.5-24hr,UG/M3,28.0,24,Pennsylvania Dept. of Environmental Protection,86,1,40.3097,-78.9158,840420210011,AirNow preliminary observations
07/19/26,420270100,State College,PM2.5-24hr,UG/M3,22.2,24,Pennsylvania Dept. of Environmental Protection,75,1,40.8114,-77.8769,840420270100,AirNow preliminary observations
07/19/26,420290100,New Garden,PM2.5-24hr,UG/M3,17.4,24,Pennsylvania Dept. of Environmental Protection,66,1,39.8344,-75.7678,840420290100,AirNow preliminary observations
07/19/26,420410101,Carlisle,PM2.5-24hr,UG/M3,22.2,24,Pennsylvania Dept. of Environmental Protection,75,1,40.2464,-77.1867,840420410101,AirNow preliminary observations
07/19/26,420430401,Harrisburg,PM2.5-24hr,UG/M3,20.5,24,Pennsylvania Dept. of Environmental Protection,72,1,40.246992,-76.846988,840420430401,AirNow preliminary observations
07/19/26,420431100,Hershey,PM2.5-24hr,UG/M3,22.0,24,Pennsylvania Dept. of Environmental Protection,75,1,40.2722,-76.6814,840420431100,AirNow preliminary observations
07/19/26,420450002,Chester,PM2.5-24hr,UG/M3,20.2,24,Pennsylvania Dept. of Environmental Protection,72,1,39.8356,-75.3725,840420450002,AirNow preliminary observations
07/19/26,420450109,Marcus Hook,PM2.5-24hr,UG/M3,16.3,24,Pennsylvania Dept. of Environmental Protection,64,1,39.818715,-75.413973,840420450109,AirNow preliminary observations
07/19/26,420490003,Erie,PM2.5-24hr,UG/M3,24.8,24,Pennsylvania Dept. of Environmental Protection,80,1,42.1428,-80.0372,840420490003,AirNow preliminary observations
07/19/26,420590002,Holbrook,PM2.5-24hr,UG/M3,31.4,24,Pennsylvania Dept. of Environmental Protection,93,1,39.82,-80.2897,840420590002,AirNow preliminary observations
07/19/26,420630004,Strongstown,PM2.5-24hr,UG/M3,29.5,24,Pennsylvania Dept. of Environmental Protection,89,1,40.5633,-78.92,840420630004,AirNow preliminary observations
07/19/26,420692006,Scranton,PM2.5-24hr,UG/M3,14.5,24,Pennsylvania Dept. of Environmental Protection,61,1,41.4428,-75.6231,840420692006,AirNow preliminary observations
07/19/26,420710007,Lancaster,PM2.5-24hr,UG/M3,22.4,24,Pennsylvania Dept. of Environmental Protection,76,1,40.0467,-76.2833,840420710007,AirNow preliminary observations
07/19/26,420710012,Lancaster DW,PM2.5-24hr,UG/M3,18.6,24,Pennsylvania Dept. of Environmental Protection,69,1,40.0439,-76.1125,840420710012,AirNow preliminary observations
07/19/26,420770004,Allentown,PM2.5-24hr,UG/M3,13.6,24,Pennsylvania Dept. of Environmental Protection,59,1,40.6119,-75.4325,840420770004,AirNow preliminary observations
07/19/26,420850100,Farrell,PM2.5-24hr,UG/M3,29.5,24,Pennsylvania Dept. of Environmental Protection,89,1,41.215,-80.485,840420850100,AirNow preliminary observations
07/19/26,420890002,Swiftwater,PM2.5-24hr,UG/M3,15.1,24,Pennsylvania Dept. of Environmental Protection,62,1,41.083099,-75.3283,840420890002,AirNow preliminary observations
07/19/26,420910013,Norristown,PM2.5-24hr,UG/M3,14.2,24,Pennsylvania Dept. of Environmental Protection,61,1,40.1122,-75.3092,840420910013,AirNow preliminary observations
07/19/26,420950025,Freemansburg,PM2.5-24hr,UG/M3,12.6,24,Pennsylvania Dept. of Environmental Protection,58,1,40.6281,-75.3411,840420950025,AirNow preliminary observations
07/19/26,421010004,LABP,PM2.5-24hr,UG/M3,16.7,24,Philadelphia Air Management Services,65,1,40.00892,-75.09777,840421010004,AirNow preliminary observations
07/19/26,421010048,NEW,PM2.5-24hr,UG/M3,14.7,24,Philadelphia Air Management Services,61,1,39.991389,-75.080833,840421010048,AirNow preliminary observations
07/19/26,421010055,RIT,PM2.5-24hr,UG/M3,14.6,24,Philadelphia Air Management Services,61,1,39.922516,-75.186783,840421010055,AirNow preliminary observations
07/19/26,421010057,FAB,PM2.5-24hr,UG/M3,19.7,24,Philadelphia Air Management Services,71,1,39.9603,-75.1424,840421010057,AirNow preliminary observations
07/19/26,421010075,TOR,PM2.5-24hr,UG/M3,14.0,24,Philadelphia Air Management Services,60,1,40.054171,-74.985166,840421010075,AirNow preliminary observations
07/19/26,421010076,MON,PM2.5-24hr,UG/M3,23.9,24,Philadelphia Air Management Services,79,1,39.988842,-75.207205,840421010076,AirNow preliminary observations
07/19/26,421174000,Tioga County,PM2.5-24hr,UG/M3,17.5,24,Pennsylvania Dept. of Environmental Protection,67,1,41.6447,-76.9392,840421174000,AirNow preliminary observations
07/19/26,421250005,Charleroi,PM2.5-24hr,UG/M3,27.6,24,Pennsylvania Dept. of Environmental Protection,85,1,40.1469,-79.9033,840421250005,AirNow preliminary observations
07/19/26,421255001,Florence,PM2.5-24hr,UG/M3,33.2,24,Pennsylvania Dept. of Environmental Protection,96,1,40.4447,-80.42,840421255001,AirNow preliminary observations
07/19/26,421255200,Houston,PM2.5-24hr,UG/M3,31.8,24,Pennsylvania Dept. of Environmental Protection,93,1,40.269,-80.244,840421255200,AirNow preliminary observations
07/19/26,421290008,Greensburg,PM2.5-24hr,UG/M3,28.3,24,Pennsylvania Dept. of Environmental Protection,87,1,40.3053,-79.5061,840421290008,AirNow preliminary observations
07/19/26,421330008,York,PM2.5-24hr,UG/M3,20.9,24,Pennsylvania Dept. of Environmental Protection,73,1,39.9653,-76.6994,840421330008,AirNow preliminary observations
07/19/26,440030002,W Greenwich,PM2.5-24hr,UG/M3,5.7,24,Rhode Island Dept. of Environmental Management,32,0,41.615,-71.7197,840440030002,AirNow preliminary observations
07/19/26,440070022,CCRI Providence,PM2.5-24hr,UG/M3,4.4,24,Rhode Island Dept. of Environmental Management,24,0,41.807523,-71.41392,840440070022,AirNow preliminary observations
07/19/26,440071010,E Providence,PM2.5-24hr,UG/M3,4.0,24,Rhode Island Dept. of Environmental Management,22,0,41.840302,-71.361702,840440071010,AirNow preliminary observations
07/19/26,440090007,Narragansett,PM2.5-24hr,UG/M3,6.4,24,Rhode Island Dept. of Environmental Management,36,0,41.4942,-71.4219,840440090007,AirNow preliminary observations
07/19/26,460110003,Research Farm,PM2.5-24hr,UG/M3,9.6,24,South Dakota Department of Agriculture and Natural Resources,52,1,44.348604,-96.807299,840460110003,AirNow preliminary observations
07/19/26,460290002,Watertown,PM2.5-24hr,UG/M3,10.4,24,South Dakota Department of Agriculture and Natural Resources,53,1,44.89965,-97.128802,840460290002,AirNow preliminary observations
07/19/26,470090011,MARYVILL,PM2.5-24hr,UG/M3,7.6,24,Tennessee Air Pollution Control Div.,42,0,35.7683,-83.9422,840470090011,AirNow preliminary observations
07/19/26,470090101,Look Rock - GSMNP,PM2.5-24hr,UG/M3,9.1,24,National Park Service,51,1,35.63346,-83.94158,840470090101,AirNow preliminary observations
07/19/26,470370023,LOCKELAND,PM2.5-24hr,UG/M3,9.8,24,Davidson County PCD,52,1,36.1767,-86.7386,840470370023,AirNow preliminary observations
07/19/26,470450004,DYERSBURG,PM2.5-24hr,UG/M3,9.9,24,Tennessee Air Pollution Control Div.,52,1,36.0528,-89.3819,840470450004,AirNow preliminary observations
07/19/26,470654002,Siskin Dr,PM2.5-24hr,UG/M3,9.3,24,Chattanooga-Hamilton County Air Pollution Control Bureau,51,1,35.051006,-85.292867,840470654002,AirNow preliminary observations
07/19/26,470931013,AIR LAB,PM2.5-24hr,UG/M3,8.0,24,Knox County Dept. of Air Quality Management ,44,0,35.9803,-83.9306,840470931013,AirNow preliminary observations
07/19/26,470931020,SPRINGHILL,PM2.5-24hr,UG/M3,10.1,24,Knox County Dept. of Air Quality Management ,53,1,36.0183,-83.8761,840470931020,AirNow preliminary observations
07/19/26,471050109,LOUDONMS,PM2.5-24hr,UG/M3,5.5,24,Tennessee Air Pollution Control Div.,31,0,35.7197,-84.3417,840471050109,AirNow preliminary observations
07/19/26,471071002,ATHENS,PM2.5-24hr,UG/M3,7.4,24,Tennessee Air Pollution Control Div.,41,0,35.4511,-84.5992,840471071002,AirNow preliminary observations
07/19/26,471192007,Columbia,PM2.5-24hr,UG/M3,7.4,24,Tennessee Air Pollution Control Div.,41,0,35.65188,-87.0096,840471192007,AirNow preliminary observations
07/19/26,471450004,Harriman,PM2.5-24hr,UG/M3,4.6,24,Tennessee Air Pollution Control Div.,26,0,35.9386,-84.5439,840471450004,AirNow preliminary observations
07/19/26,471570075,SHELBY FARMS,PM2.5-24hr,UG/M3,17.6,24,Shelby County Health Department,67,1,35.151588,-89.85022,840471570075,AirNow preliminary observations
07/19/26,471631007,Kingsport,PM2.5-24hr,UG/M3,4.7,24,Tennessee Air Pollution Control Div.,26,0,36.5408,-82.5217,840471631007,AirNow preliminary observations
07/19/26,471650007,HVILLE,PM2.5-24hr,UG/M3,10.7,24,Tennessee Air Pollution Control Div.,54,1,36.2975,-86.6525,840471650007,AirNow preliminary observations
07/19/26,500030004,Bennington,PM2.5-24hr,UG/M3,6.1,24,Vermont Air Quality & Climate Division,34,0,42.887501,-73.249702,840500030004,AirNow preliminary observations
07/19/26,500070007,Underhill,PM2.5-24hr,UG/M3,5.9,24,Vermont Air Quality & Climate Division,33,0,44.528389,-72.868973,840500070007,AirNow preliminary observations
07/19/26,500210002,Rutland,PM2.5-24hr,UG/M3,6.2,24,Vermont Air Quality & Climate Division,34,0,43.608528,-72.98246,840500210002,AirNow preliminary observations
07/19/26,510030001,Albemarle HS,PM2.5-24hr,UG/M3,13.1,24,Virginia Dept. of Environmental Quality,58,1,38.07657,-78.50397,840510030001,AirNow preliminary observations
07/19/26,510360002,SHIRLEY PLANTATION,PM2.5-24hr,UG/M3,7.8,24,Virginia Dept. of Environmental Quality,43,0,37.34438,-77.25925,840510360002,AirNow preliminary observations
07/19/26,510410004,BEACH ROAD,PM2.5-24hr,UG/M3,7.5,24,Virginia Dept. of Environmental Quality,42,0,37.35748,-77.59355,840510410004,AirNow preliminary observations
07/19/26,510590030,FRANCONIA,PM2.5-24hr,UG/M3,20.5,24,Virginia Dept. of Environmental Quality,72,1,38.77335,-77.10468,840510590030,AirNow preliminary observations
07/19/26,510690010,REST - LESTER BUILDING SYSTEMS,PM2.5-24hr,UG/M3,24.8,24,Virginia Dept. of Environmental Quality,80,1,39.28102,-78.08157,840510690010,AirNow preliminary observations
07/19/26,510870014,MATH & SCIENCE CTR,PM2.5-24hr,UG/M3,7.6,24,Virginia Dept. of Environmental Quality,42,0,37.55652,-77.40027,840510870014,AirNow preliminary observations
07/19/26,511071005,ASHBURN,PM2.5-24hr,UG/M3,22.6,24,Virginia Dept. of Environmental Quality,76,1,39.02473,-77.48925,840511071005,AirNow preliminary observations
07/19/26,511130003,Shenandoah NP,PM2.5-24hr,UG/M3,16.4,24,Virginia Dept. of Environmental Quality,65,1,38.5231,-78.4347,840511130003,AirNow preliminary observations
07/19/26,511611004,VINTON - Herman Horn ES,PM2.5-24hr,UG/M3,7.5,24,Virginia Dept. of Environmental Quality,42,0,37.28342,-79.88452,840511611004,AirNow preliminary observations
07/19/26,511650003,Rockingham,PM2.5-24hr,UG/M3,17.5,24,Virginia Dept. of Environmental Quality,67,1,38.47753,-78.81952,840511650003,AirNow preliminary observations
07/19/26,516500008,HAMPTON - NASA,PM2.5-24hr,UG/M3,8.0,24,Virginia Dept. of Environmental Quality,44,0,37.10373,-76.38702,840516500008,AirNow preliminary observations
07/19/26,517100024,NORFOLK - NOAA,PM2.5-24hr,UG/M3,7.3,24,Virginia Dept. of Environmental Quality,41,0,36.85555,-76.30135,840517100024,AirNow preliminary observations
07/19/26,540290009,WEIRTON,PM2.5-24hr,UG/M3,40.8,24,West Virginia Division of Air Quality,114,2,40.42735,-80.59253,840540290009,AirNow preliminary observations
07/19/26,540390020,CHARLESTON,PM2.5-24hr,UG/M3,19.1,24,West Virginia Division of Air Quality,70,1,38.346258,-81.621161,840540390020,AirNow preliminary observations
07/19/26,540511002,MOUNDSVILLE,PM2.5-24hr,UG/M3,31.9,24,West Virginia Division of Air Quality,93,1,39.9158,-80.7342,840540511002,AirNow preliminary observations
07/19/26,550030010,Bad River Tribal School,PM2.5-24hr,UG/M3,94.9,24,Wisconsin Dept. of Natural Resources,179,3,46.6144,-90.6986,840550030010,AirNow preliminary observations
07/19/26,550090005,Green Bay East High,PM2.5-24hr,UG/M3,121.0,24,Wisconsin Dept. of Natural Resources,197,3,44.5167,-87.9939,840550090005,AirNow preliminary observations
07/19/26,550250041,Madison East,PM2.5-24hr,UG/M3,91.4,24,Wisconsin Dept. of Natural Resources,176,3,43.1008,-89.3572,840550250041,AirNow preliminary observations
07/19/26,550270001,Horicon Wildlife Area,PM2.5-24hr,UG/M3,109.3,24,Wisconsin Dept. of Natural Resources,189,3,43.46611,-88.621109,840550270001,AirNow preliminary observations
07/19/26,550350014,Eau Claire,PM2.5-24hr,UG/M3,104.1,24,Wisconsin Dept. of Natural Resources,185,3,44.761398,-91.413002,840550350014,AirNow preliminary observations
07/19/26,550410007,Potawatomi,PM2.5-24hr,UG/M3,139.0,24,Wisconsin Dept. of Natural Resources,214,4,45.5639,-88.81,840550410007,AirNow preliminary observations
07/19/26,550430009,Potosi,PM2.5-24hr,UG/M3,88.8,24,Wisconsin Dept. of Natural Resources,174,3,42.692131,-90.696373,840550430009,AirNow preliminary observations
07/19/26,550590019,Chiwaukee,PM2.5-24hr,UG/M3,48.4,24,Wisconsin Dept. of Natural Resources,133,2,42.5047,-87.8111,840550590019,AirNow preliminary observations
07/19/26,550730012,Lake Dubay,PM2.5-24hr,UG/M3,145.5,24,Wisconsin Dept. of Natural Resources,221,4,44.7072,-89.7697,840550730012,AirNow preliminary observations
07/19/26,550790056,Milwaukee College Ave-Near Road,PM2.5-24hr,UG/M3,59.3,24,Wisconsin Dept. of Natural Resources,154,3,42.93257,-87.93434,840550790056,AirNow preliminary observations
07/19/26,550870009,Appleton AAL,PM2.5-24hr,UG/M3,127.8,24,Wisconsin Dept. of Natural Resources,203,4,44.3069,-88.3956,840550870009,AirNow preliminary observations
07/19/26,550890009,Harrington Beach,PM2.5-24hr,UG/M3,111.7,24,Wisconsin Dept. of Natural Resources,190,3,43.4981,-87.81,840550890009,AirNow preliminary observations
07/19/26,551110007,Devils Lake,PM2.5-24hr,UG/M3,110.8,24,Wisconsin Dept. of Natural Resources,190,3,43.4356,-89.6803,840551110007,AirNow preliminary observations
07/19/26,551330027,Waukesha-Cleveland Ave,PM2.5-24hr,UG/M3,85.5,24,Wisconsin Dept. of Natural Resources,172,3,43.0203,-88.215,840551330027,AirNow preliminary observations
07/19/26,840100010003,Dover,PM2.5-24hr,UG/M3,21.0,24,Delaware Dept. of Natural Resources and Environment,73,1,39.155,-75.518056,840100010003,AirNow preliminary observations
07/19/26,840100031012,Newark,PM2.5-24hr,UG/M3,24.4,24,Delaware Dept. of Natural Resources and Environment,80,1,39.691962,-75.761299,840100031012,AirNow preliminary observations
07/19/26,840110010053,King Greenleaf Rec Center,PM2.5-24hr,UG/M3,19.4,24,District of Columbia - Department of Energy and Environment,70,1,38.875161,-77.012816,840110010053,AirNow preliminary observations
07/19/26,840110010055,Bald Eagle,PM2.5-24hr,UG/M3,17.5,24,District of Columbia - Department of Energy and Environment,67,1,38.81853,-77.01039,840110010055,AirNow preliminary observations
07/19/26,840170190006,Champaign,PM2.5-24hr,UG/M3,65.5,24,Illinois EPA,158,3,40.12306,-88.24017,840170190006,AirNow preliminary observations
07/19/26,840170310052,CHI_MAYFAIR,PM2.5-24hr,UG/M3,51.0,24,Illinois EPA,139,2,41.96548,-87.74992,840170310052,AirNow preliminary observations
07/19/26,840170310119,Kingery Near-road #1,PM2.5-24hr,UG/M3,51.9,24,Illinois EPA,141,2,41.578603,-87.557392,840170310119,AirNow preliminary observations
07/19/26,840170311016,McCook,PM2.5-24hr,UG/M3,50.7,24,Illinois EPA,138,2,41.80117,-87.83194,840170311016,AirNow preliminary observations
07/19/26,840170313301,Summit,PM2.5-24hr,UG/M3,52.4,24,Illinois EPA,143,2,41.78276,-87.80537,840170313301,AirNow preliminary observations
07/19/26,840170890007,Aurora,PM2.5-24hr,UG/M3,51.3,24,Illinois EPA,140,2,41.78471,-88.2422,840170890007,AirNow preliminary observations
07/19/26,840170890124,Elgin_DMV,PM2.5-24hr,UG/M3,72.6,24,Illinois EPA,163,3,42.02131,-88.28298,840170890124,AirNow preliminary observations
07/19/26,840171190024,Granite City Gateway,PM2.5-24hr,UG/M3,19.5,24,Illinois EPA,70,1,38.70063,-90.14476,840171190024,AirNow preliminary observations
07/19/26,840171190120,Alton,PM2.5-24hr,UG/M3,18.6,24,Illinois EPA,69,1,38.901316,-90.146211,840171190120,AirNow preliminary observations
07/19/26,840172010118,Rockford,PM2.5-24hr,UG/M3,71.2,24,Illinois EPA,162,3,42.267002,-89.08917,840172010118,AirNow preliminary observations
07/19/26,840180030015,Ft Wayne - Coliseum,PM2.5-24hr,UG/M3,43.9,24,Indiana Dept. of Environmental Management,122,2,41.08184,-85.08834,840180030015,AirNow preliminary observations
07/19/26,840180190010,Jeffersonville - Bates-Bowyer Av,PM2.5-24hr,UG/M3,13.9,24,Indiana Dept. of Environmental Management,60,1,38.288191,-85.741337,840180190010,AirNow preliminary observations
07/19/26,840180350006,Muncie Central HS,PM2.5-24hr,UG/M3,40.2,24,Indiana Dept. of Environmental Management,113,2,40.1995,-85.38791,840180350006,AirNow preliminary observations
07/19/26,840180372001,Jasper - Post Office,PM2.5-24hr,UG/M3,13.5,24,Indiana Dept. of Environmental Management,59,1,38.391799,-86.929668,840180372001,AirNow preliminary observations
07/19/26,840180430008,New Albany - 4H Road,PM2.5-24hr,UG/M3,12.5,24,Indiana Dept. of Environmental Management,57,1,38.3178,-85.8333,840180430008,AirNow preliminary observations
07/19/26,840180890034,East Chicago - Marina,PM2.5-24hr,UG/M3,47.1,24,Indiana Dept. of Environmental Management,130,2,41.653446,-87.435435,840180890034,AirNow preliminary observations
07/19/26,840180910011,Michigan City - Marsh Elementary,PM2.5-24hr,UG/M3,59.3,24,Indiana Dept. of Environmental Management,154,3,41.70694,-86.89111,840180910011,AirNow preliminary observations
07/19/26,840181470011,Dale - Wallace St,PM2.5-24hr,UG/M3,13.3,24,Indiana Dept. of Environmental Management,59,1,38.1701,-86.98721,840181470011,AirNow preliminary observations
07/19/26,840181630024,Evansville-Oak Hill,PM2.5-24hr,UG/M3,13.4,24,Indiana Dept. of Environmental Management,59,1,37.98852,-87.53141,840181630024,AirNow preliminary observations
07/19/26,840191130042,MCKINLEY STEAM,PM2.5-24hr,UG/M3,67.8,24,Linn Co. Public Health ,160,3,41.98088,-91.65391,840191130042,AirNow preliminary observations
07/19/26,840191531427,EAST HIGH,PM2.5-24hr,UG/M3,17.2,24,Polk Co. Air Quality Division,66,1,41.59975,-93.5995,840191531427,AirNow preliminary observations
07/19/26,840191535885,PUBLIC WORKS,PM2.5-24hr,UG/M3,18.7,24,Polk Co. Air Quality Division,69,1,41.667032,-93.599221,840191535885,AirNow preliminary observations
07/19/26,840191870013,"Ft. Dodge, Day Park",PM2.5-24hr,UG/M3,22.1,24,Iowa DNR,75,1,42.505,-94.177,840191870013,AirNow preliminary observations
07/19/26,840210470007,Pennyrile Forest,PM2.5-24hr,UG/M3,7.7,24,Kentucky DEP,43,0,37.05778,-87.65,840210470007,AirNow preliminary observations
07/19/26,840210590015,Owensboro,PM2.5-24hr,UG/M3,11.0,24,Kentucky DEP,55,1,37.77167,-87.05581,840210590015,AirNow preliminary observations
07/19/26,840210930007,Freeman Lake,PM2.5-24hr,UG/M3,6.3,24,Kentucky DEP,35,0,37.71451,-85.87082,840210930007,AirNow preliminary observations
07/19/26,840211451027,Paducah Transit,PM2.5-24hr,UG/M3,7.2,24,Kentucky DEP,40,0,37.08725,-88.60802,840211451027,AirNow preliminary observations
07/19/26,840230050015,Portland Tukey's Bridge,PM2.5-24hr,UG/M3,13.2,24,Maine Dept. of Environmental Protection,59,1,43.678,-70.2561,840230050015,AirNow preliminary observations
07/19/26,840230056606,Portland Ocean Gateway,PM2.5-24hr,UG/M3,11.9,24,Maine Dept. of Environmental Protection,56,1,43.66079,-70.24557,840230056606,AirNow preliminary observations
07/19/26,840230110016,Augusta LSS,PM2.5-24hr,UG/M3,10.5,24,Maine Dept. of Environmental Protection,54,1,44.3123,-69.7867,840230110016,AirNow preliminary observations
07/19/26,840230290033,Sipayik,PM2.5-24hr,UG/M3,11.0,24,Maine Dept. of Environmental Protection,55,1,44.963459,-67.060476,840230290033,AirNow preliminary observations
07/19/26,840240396431,Princess Anne,PM2.5-24hr,UG/M3,16.8,24,Maryland Department of the Environment,65,1,38.176541,-75.701489,840240396431,AirNow preliminary observations
07/19/26,840245105253,Lake Montebello,PM2.5-24hr,UG/M3,18.7,24,Maryland Department of the Environment,69,1,39.33746,-76.58905,840245105253,AirNow preliminary observations
07/19/26,840250030008,Pittsfield,PM2.5-24hr,UG/M3,7.6,24,Massachusetts Dept. of Environmental Protection,42,0,42.452299,-73.239648,840250030008,AirNow preliminary observations
07/19/26,840250092007,Saugus,PM2.5-24hr,UG/M3,7.0,24,Massachusetts Dept. of Environmental Protection,39,0,42.44472,-70.988889,840250092007,AirNow preliminary observations
07/19/26,840250095006,Haverhill,PM2.5-24hr,UG/M3,7.6,24,Massachusetts Dept. of Environmental Protection,42,0,42.78479,-71.10702,840250095006,AirNow preliminary observations
07/19/26,840250154003,Belchertown,PM2.5-24hr,UG/M3,8.4,24,Massachusetts Dept. of Environmental Protection,47,0,42.27809,-72.35207,840250154003,AirNow preliminary observations
07/19/26,840250170010,Chelmsford - Manning Rd,PM2.5-24hr,UG/M3,7.1,24,Massachusetts Dept. of Environmental Protection,39,0,42.612113,-71.307519,840250170010,AirNow preliminary observations
07/19/26,840250170011,Framingham,PM2.5-24hr,UG/M3,6.4,24,Massachusetts Dept. of Environmental Protection,36,0,42.26381,-71.40565,840250170011,AirNow preliminary observations
07/19/26,840250212005,Weymouth,PM2.5-24hr,UG/M3,5.7,24,Massachusetts Dept. of Environmental Protection,32,0,42.241229,-70.963346,840250212005,AirNow preliminary observations
07/19/26,840250250045,Boston - Chinatown,PM2.5-24hr,UG/M3,7.9,24,Massachusetts Dept. of Environmental Protection,44,0,42.349954,-71.059194,840250250045,AirNow preliminary observations
07/19/26,840250251004,Chelsea,PM2.5-24hr,UG/M3,6.4,24,Massachusetts Dept. of Environmental Protection,36,0,42.387222,-71.026111,840250251004,AirNow preliminary observations
07/19/26,840260490022,Flint,PM2.5-24hr,UG/M3,33.8,24,"Michigan Department of Environment, Great Lakes, and Energy",97,1,43.09174,-83.64775,840260490022,AirNow preliminary observations
07/19/26,840260810023,Grand Rapids - Near Roadway,PM2.5-24hr,UG/M3,47.2,24,"Michigan Department of Environment, Great Lakes, and Energy",130,2,42.88537,-85.67977,840260810023,AirNow preliminary observations
07/19/26,840261030013,Negaunee Twp.,PM2.5-24hr,UG/M3,135.0,24,"Michigan Department of Environment, Great Lakes, and Energy",210,4,46.51793,-87.52125,840261030013,AirNow preliminary observations
07/19/26,840270135510,Mankato - RosaParksElementary,PM2.5-24hr,UG/M3,30.8,24,Minnesota Pollution Control Agency,91,1,44.13619,-93.98103,840270135510,AirNow preliminary observations
07/19/26,840270532006,St. Louis Park,PM2.5-24hr,UG/M3,41.2,24,Minnesota Pollution Control Agency,115,2,44.948,-93.34313,840270532006,AirNow preliminary observations
07/19/26,840271153061,Lake Lena,PM2.5-24hr,UG/M3,44.2,24,Minnesota Pollution Control Agency,122,2,46.01156,-92.47841,840271153061,AirNow preliminary observations
07/19/26,840290950043,Linden Hills,PM2.5-24hr,UG/M3,7.4,24,Missouri Department of Natural Resources,41,0,38.94079,-94.5785,840290950043,AirNow preliminary observations
07/19/26,840310550052,92nd and Berry,PM2.5-24hr,UG/M3,10.9,24,Douglas County Health Department (Omaha),54,1,41.19805,-96.05655,840310550052,AirNow preliminary observations
07/19/26,840310670005,Homestead NHP,PM2.5-24hr,UG/M3,7.4,24,Nebraska Department of Environment and Energy,41,0,40.28506,-96.82431,840310670005,AirNow preliminary observations
07/19/26,840310790005,Grand Island DOT,PM2.5-24hr,UG/M3,5.6,24,Nebraska Department of Environment and Energy,31,0,40.918333,-98.378889,840310790005,AirNow preliminary observations
07/19/26,840311770002,Blair,PM2.5-24hr,UG/M3,11.8,24,Douglas County Health Department (Omaha),56,1,41.550658,-96.146622,840311770002,AirNow preliminary observations
07/19/26,840330012008,Laconia Main St,PM2.5-24hr,UG/M3,6.1,24,New Hampshire Dept. of Environmental Services,34,0,43.52496,-71.46633,840330012008,AirNow preliminary observations
07/19/26,840340011006,Atlantic City PM,PM2.5-24hr,UG/M3,15.9,24,New Jersey Dept. of Environmental Protection,64,1,39.36326,-74.431,840340011006,AirNow preliminary observations
07/19/26,840340130017,Newark Chestnut,PM2.5-24hr,UG/M3,9.0,24,New Jersey Dept. of Environmental Protection,50,0,40.72736,-74.17447,840340130017,AirNow preliminary observations
07/19/26,840340170008,Union City High School,PM2.5-24hr,UG/M3,8.7,24,New Jersey Dept. of Environmental Protection,48,0,40.770908,-74.036218,840340170008,AirNow preliminary observations
07/19/26,840340210008,Trenton,PM2.5-24hr,UG/M3,10.0,24,New Jersey Dept. of Environmental Protection,53,1,40.222421,-74.763167,840340210008,AirNow preliminary observations
07/19/26,840340292002,Toms River,PM2.5-24hr,UG/M3,10.0,24,New Jersey Dept. of Environmental Protection,53,1,39.994908,-74.170447,840340292002,AirNow preliminary observations
07/19/26,840340310005,Paterson,PM2.5-24hr,UG/M3,10.9,24,New Jersey Dept. of Environmental Protection,54,1,40.918381,-74.168092,840340310005,AirNow preliminary observations
07/19/26,840360850055,Port Richmond,PM2.5-24hr,UG/M3,4.8,24,New York Dept. of Environmental Conservation,27,0,40.63306,-74.137156,840360850055,AirNow preliminary observations
07/19/26,840371190048,Friendship Park,PM2.5-24hr,UG/M3,8.7,24,Mecklenburg County Air Quality,48,0,35.281791,-80.851473,840371190048,AirNow preliminary observations
07/19/26,840390090003,Gifford,PM2.5-24hr,UG/M3,33.3,24,Ohio EPA-DAPC,96,1,39.442165,-81.908827,840390090003,AirNow preliminary observations
07/19/26,840390170015,Ohio Bell,PM2.5-24hr,UG/M3,45.1,24,Ohio EPA-DAPC,125,2,39.49072,-84.36374,840390170015,AirNow preliminary observations
07/19/26,840390170022,BPG,PM2.5-24hr,UG/M3,44.4,24,Ohio EPA-DAPC,123,2,39.478686,-84.397112,840390170022,AirNow preliminary observations
07/19/26,84039035CICM,CLEANinCLE MMS,PM2.5-24hr,UG/M3,33.3,24,Ohio EPA-DAPC,96,1,41.44539,-81.53874,84039035CICM,AirNow preliminary observations
07/19/26,840390490041,Finland Elem,PM2.5-24hr,UG/M3,42.3,24,Ohio EPA-DAPC,118,2,39.91998,-83.04087,840390490041,AirNow preliminary observations
07/19/26,840390610014,Carthage,PM2.5-24hr,UG/M3,36.6,24,Ohio EPA-DAPC,104,2,39.194331,-84.478974,840390610014,AirNow preliminary observations
07/19/26,840390610042,Lower Price Hill,PM2.5-24hr,UG/M3,34.3,24,Ohio EPA-DAPC,98,1,39.10492,-84.55117,840390610042,AirNow preliminary observations
07/19/26,840390950026,RAPS,PM2.5-24hr,UG/M3,46.5,24,Ohio EPA-DAPC,128,2,41.62057,-83.64226,840390950026,AirNow preliminary observations
07/19/26,840390990015,Youngstown State,PM2.5-24hr,UG/M3,31.8,24,Ohio EPA-DAPC,93,1,41.106182,-80.640576,840390990015,AirNow preliminary observations
07/19/26,840391450015,East Haverhill,PM2.5-24hr,UG/M3,26.6,24,Ohio EPA-DAPC,84,1,38.59246,-82.80677,840391450015,AirNow preliminary observations
07/19/26,840391510017,Canton Fire St8,PM2.5-24hr,UG/M3,38.4,24,Ohio EPA-DAPC,108,2,40.786803,-81.394153,840391510017,AirNow preliminary observations
07/19/26,840401311169,Tulsa Near Road,PM2.5-24hr,UG/M3,18.8,24,Oklahoma Department of Environmental Quality,69,1,36.1629,-95.79683,840401311169,AirNow preliminary observations
07/19/26,840420030002,Avalon,PM2.5-24hr,UG/M3,36.0,24,Allegheny County,102,2,40.50084,-80.066488,840420030002,AirNow preliminary observations
07/19/26,840420031301,North Braddock,PM2.5-24hr,UG/M3,31.5,24,Allegheny County,93,1,40.402267,-79.860942,840420031301,AirNow preliminary observations
07/19/26,840420033007,Clairton,PM2.5-24hr,UG/M3,29.8,24,Allegheny County,90,1,40.294381,-79.885303,840420033007,AirNow preliminary observations
07/19/26,840420070008,Fort McIntosh,PM2.5-24hr,UG/M3,36.6,24,Pennsylvania Dept. of Environmental Protection,104,2,40.691857,-80.299211,840420070008,AirNow preliminary observations
07/19/26,840420510524,Uniontown,PM2.5-24hr,UG/M3,29.9,24,Pennsylvania Dept. of Environmental Protection,90,1,39.917663,-79.805499,840420510524,AirNow preliminary observations
07/19/26,840420550003,Chambersburg,PM2.5-24hr,UG/M3,22.8,24,Pennsylvania Dept. of Environmental Protection,77,1,39.94416,-77.64413,840420550003,AirNow preliminary observations
07/19/26,840420750101,Lebanon,PM2.5-24hr,UG/M3,18.3,24,Pennsylvania Dept. of Environmental Protection,68,1,40.338516,-76.394788,840420750101,AirNow preliminary observations
07/19/26,840420810419,Salladasburg,PM2.5-24hr,UG/M3,13.7,24,Pennsylvania Dept. of Environmental Protection,60,1,41.266192,-77.230933,840420810419,AirNow preliminary observations
07/19/26,840421150215,New Milford,PM2.5-24hr,UG/M3,11.2,24,Pennsylvania Dept. of Environmental Protection,55,1,41.867336,-75.686602,840421150215,AirNow preliminary observations
07/19/26,840421230004,Warren Overlook,PM2.5-24hr,UG/M3,27.0,24,Pennsylvania Dept. of Environmental Protection,84,1,41.843722,-79.172889,840421230004,AirNow preliminary observations
07/19/26,840421310010,Tunkhannock,PM2.5-24hr,UG/M3,12.2,24,Pennsylvania Dept. of Environmental Protection,57,1,41.605244,-75.95774,840421310010,AirNow preliminary observations
07/19/26,840440070026,Vernon Street,PM2.5-24hr,UG/M3,3.3,24,Rhode Island Dept. of Environmental Management,18,0,41.874683,-71.379936,840440070026,AirNow preliminary observations
07/19/26,840440070040,Near Road,PM2.5-24hr,UG/M3,6.7,24,Rhode Island Dept. of Environmental Management,37,0,41.771987,-71.427881,840440070040,AirNow preliminary observations
07/19/26,840460130004,Aberdeen,PM2.5-24hr,UG/M3,8.9,24,South Dakota Department of Agriculture and Natural Resources,49,0,45.468596,-98.494061,840460130004,AirNow preliminary observations
07/19/26,840460270001,Vermillion,PM2.5-24hr,UG/M3,10.4,24,South Dakota Department of Agriculture and Natural Resources,53,1,42.789453,-96.903867,840460270001,AirNow preliminary observations
07/19/26,840460990009,SF-USD,PM2.5-24hr,UG/M3,11.1,24,South Dakota Department of Agriculture and Natural Resources,55,1,43.59901,-96.78331,840460990009,AirNow preliminary observations
07/19/26,840470931017,Rule,PM2.5-24hr,UG/M3,7.2,24,Knox County Dept. of Air Quality Management ,40,0,35.97773,-83.9504,840470931017,AirNow preliminary observations
07/19/26,840470990003,Loretto,PM2.5-24hr,UG/M3,6.6,24,Tennessee Air Pollution Control Div.,37,0,35.116866,-87.419726,840470990003,AirNow preliminary observations
07/19/26,840471130010,Jackson,PM2.5-24hr,UG/M3,13.1,24,Tennessee Air Pollution Control Div.,58,1,35.705338,-88.81959,840471130010,AirNow preliminary observations
07/19/26,840471252001,Clarksville,PM2.5-24hr,UG/M3,8.4,24,Tennessee Air Pollution Control Div.,47,0,36.611411,-87.384666,840471252001,AirNow preliminary observations
07/19/26,840471410006,Cookeville CC,PM2.5-24hr,UG/M3,7.4,24,Tennessee Air Pollution Control Div.,41,0,36.16304,-85.52908,840471410006,AirNow preliminary observations
07/19/26,840510590031,Northern VA Near Road,PM2.5-24hr,UG/M3,21.3,24,Virginia Dept. of Environmental Quality,74,1,38.7684,-77.18347,840510590031,AirNow preliminary observations
07/19/26,840510870015,Piedmont Regional Office,PM2.5-24hr,UG/M3,7.4,24,Virginia Dept. of Environmental Quality,41,0,37.67138,-77.56777,840510870015,AirNow preliminary observations
07/19/26,840515200006,Bristol,PM2.5-24hr,UG/M3,6.4,24,Virginia Dept. of Environmental Quality,36,0,36.64249,-82.10738,840515200006,AirNow preliminary observations
07/19/26,840517600025,Richmond City Near Road,PM2.5-24hr,UG/M3,6.4,24,Virginia Dept. of Environmental Quality,36,0,37.59088,-77.46925,840517600025,AirNow preliminary observations
07/19/26,840517750011,Salem,PM2.5-24hr,UG/M3,7.7,24,Virginia Dept. of Environmental Quality,43,0,37.29788,-80.08101,840517750011,AirNow preliminary observations
07/19/26,840518100008,Tidewater Regional Office,PM2.5-24hr,UG/M3,8.7,24,Virginia Dept. of Environmental Quality,48,0,36.84188,-76.18123,840518100008,AirNow preliminary observations
07/19/26,840540090011,"MARLAND HTS, WEIRTON",PM2.5-24hr,UG/M3,37.1,24,West Virginia Division of Air Quality,105,2,40.39458,-80.61202,840540090011,AirNow preliminary observations
07/19/26,840550250047,Madison University Ave,PM2.5-24hr,UG/M3,94.1,24,Wisconsin Dept. of Natural Resources,178,3,43.07378,-89.43595,840550250047,AirNow preliminary observations
07/19/26,840550532002,Ho-Chunk Nation-Black River Falls,PM2.5-24hr,UG/M3,122.5,24,Wisconsin Dept. of Natural Resources,198,3,44.33466,-90.7868,840550532002,AirNow preliminary observations
07/19/26,840550812001,Ho-Chunk Nation-Tomah,PM2.5-24hr,UG/M3,138.4,24,Wisconsin Dept. of Natural Resources,214,4,44.02086,-90.40161,840550812001,AirNow preliminary observations
07/19/26,840TT3830001,WTN1,PM2.5-24hr,UG/M3,17.9,24,Winnebago Tribe of Nebraska,67,1,42.24286,-96.47593,840TT3830001,AirNow preliminary observations
07/19/26,840TT3830002,WTN2,PM2.5-24hr,UG/M3,17.6,24,Winnebago Tribe of Nebraska,67,1,42.26582,-96.53307,840TT3830002,AirNow preliminary observations
07/19/26,CC0011002,FIREHALL-LABRADORCITY2,PM2.5-24hr,UG/M3,3.9,24,Newfoundland & Labrador DEC,22,0,52.94548,-66.910245,124CC0011002,AirNow preliminary observations
07/19/26,CC0040104,FREDERICTON-NEEDHAM ST.,PM2.5-24hr,UG/M3,7.7,24,Canada-New Brunswick1,43,0,45.957344,-66.645562,124CC0040104,AirNow preliminary observations
07/19/26,CC0040203,FOREST HILLS,PM2.5-24hr,UG/M3,14.9,24,Canada-New Brunswick1,62,1,45.308778,-66.008333,124CC0040203,AirNow preliminary observations
07/19/26,CC0040207,SAINT JOHN WEST,PM2.5-24hr,UG/M3,14.2,24,Canada-New Brunswick1,61,1,45.25315,-66.079931,124CC0040207,AirNow preliminary observations
07/19/26,CC0040209,CASTLE ST. SAINT JO,PM2.5-24hr,UG/M3,15.3,24,Canada-New Brunswick1,63,1,45.280278,-66.056111,124CC0040209,AirNow preliminary observations
07/19/26,CC0040901,ST ANDREWS,PM2.5-24hr,UG/M3,12.1,24,Canada-New Brunswick1,57,1,45.086944,-67.073889,124CC0040901,AirNow preliminary observations
07/19/26,CC0041302,BATHURST,PM2.5-24hr,UG/M3,5.1,24,Canada-New Brunswick1,28,0,47.609528,-65.633528,124CC0041302,AirNow preliminary observations
07/19/26,CC0041501,EDMUNDSTON QUEEN ST.,PM2.5-24hr,UG/M3,3.9,24,Canada-New Brunswick1,22,0,47.363195,-68.322302,124CC0041501,AirNow preliminary observations
07/19/26,CC0050103,Saint-Jean-Baptiste,PM2.5-24hr,UG/M3,5.4,24,Canada-Quebec2,30,0,45.641026,-73.499682,124CC0050103,AirNow preliminary observations
07/19/26,CC0050126,Sainte-Anne-de-Bellevue,PM2.5-24hr,UG/M3,5.8,24,Canada-Quebec2,32,0,45.426509,-73.928944,124CC0050126,AirNow preliminary observations
07/19/26,CC0050129,Riviere-des-Prairies,PM2.5-24hr,UG/M3,5.5,24,Canada-Quebec2,31,0,45.651722,-73.573896,124CC0050129,AirNow preliminary observations
07/19/26,CC0050134,Molson,PM2.5-24hr,UG/M3,6.1,24,Canada-Quebec2,34,0,45.542767,-73.572039,124CC0050134,AirNow preliminary observations
07/19/26,CC0050135,Caserne 17,PM2.5-24hr,UG/M3,5.4,24,Canada-Quebec2,30,0,45.593325,-73.637328,124CC0050135,AirNow preliminary observations
07/19/26,CC0050136,St-Dominique,PM2.5-24hr,UG/M3,6.4,24,Canada-Quebec2,36,0,45.512189,-73.566872,124CC0050136,AirNow preliminary observations
07/19/26,CC0050138,York-Roberval,PM2.5-24hr,UG/M3,6.6,24,Canada-Quebec2,37,0,45.464611,-73.582583,124CC0050138,AirNow preliminary observations
07/19/26,TT9209004,Miami,PM2.5-24hr,UG/M3,23.5,24,Quapaw Nation,78,1,36.922222,-94.83889,840TT9209004,AirNow preliminary observations
07/20/26,000050113,Laval - Chomedey,PM2.5-24hr,UG/M3,6.8,24,Canada-Quebec1,38,0,45.5472,-73.7472,124000050113,AirNow preliminary observations
07/20/26,000050119,Longueuil,PM2.5-24hr,UG/M3,7.9,24,Canada-Quebec1,44,0,45.5231,-73.4939,124000050119,AirNow preliminary observations
07/20/26,000050122,Brossard - Parc Sorbonne,PM2.5-24hr,UG/M3,7.9,24,Canada-Quebec1,44,0,45.44866,-73.468631,124000050122,AirNow preliminary observations
07/20/26,000050137,Terrebonne - Parc Vaillant,PM2.5-24hr,UG/M3,6.8,24,Canada-Quebec1,38,0,45.70476,-73.65776,124000050137,AirNow preliminary observations
07/20/26,000050204,Gatineau - Hull,PM2.5-24hr,UG/M3,7.8,24,Canada-Quebec1,43,0,45.4369,-75.7261,124000050204,AirNow preliminary observations
07/20/26,000050308,Quebec - Vieux-Limoilou,PM2.5-24hr,UG/M3,9.1,24,Canada-Quebec1,51,1,46.8214,-71.2208,124000050308,AirNow preliminary observations
07/20/26,000050310,Quebec - College St-Charles Garnier,PM2.5-24hr,UG/M3,6.8,24,Canada-Quebec1,38,0,46.7969,-71.2461,124000050310,AirNow preliminary observations
07/20/26,000050311,Quebec - Ecole Les Primeveres,PM2.5-24hr,UG/M3,8.0,24,Canada-Quebec1,44,0,46.77417,-71.36972,124000050311,AirNow preliminary observations
07/20/26,000050504,Saguenay - UQAC,PM2.5-24hr,UG/M3,2.9,24,Canada-Quebec1,16,0,48.4153,-71.0528,124000050504,AirNow preliminary observations
07/20/26,000050604,Rouyn-Noranda - Parc Tremblay,PM2.5-24hr,UG/M3,14.7,24,Canada-Quebec1,61,1,48.2344,-78.9833,124000050604,AirNow preliminary observations
07/20/26,000050803,Trois-Rivieres - Ecole MEES,PM2.5-24hr,UG/M3,6.4,24,Canada-Quebec1,36,0,46.357175,-72.546187,124000050803,AirNow preliminary observations
07/20/26,000051201,Shawinigan - Saint-Marc,PM2.5-24hr,UG/M3,7.3,24,Canada-Quebec1,41,0,46.5544,-72.7361,124000051201,AirNow preliminary observations
07/20/26,000051501,Saint-Zephirin-de-Courval,PM2.5-24hr,UG/M3,6.3,24,Canada-Quebec1,35,0,46.0419,-72.66,124000051501,AirNow preliminary observations
07/20/26,000052001,Charette,PM2.5-24hr,UG/M3,6.4,24,Canada-Quebec1,36,0,46.4425,-72.8928,124000052001,AirNow preliminary observations
07/20/26,000052301,Saint-Faustin-Lac-Carre,PM2.5-24hr,UG/M3,7.0,24,Canada-Quebec1,39,0,46.035,-74.4819,124000052301,AirNow preliminary observations
07/20/26,000052401,Parc de la Gatineau - La Peche,PM2.5-24hr,UG/M3,6.7,24,Canada-Quebec1,37,0,45.6222,-76.0178,124000052401,AirNow preliminary observations
07/20/26,000052701,Temiscaming,PM2.5-24hr,UG/M3,7.9,24,Canada-Quebec1,44,0,46.72139,-79.0997,124000052701,AirNow preliminary observations
07/20/26,000052801,Auclair,PM2.5-24hr,UG/M3,2.9,24,Canada-Quebec1,16,0,47.73333,-68.7072,124000052801,AirNow preliminary observations
07/20/26,000053201,Res. Faun. Ashuapmushuan - Pemonka,PM2.5-24hr,UG/M3,3.7,24,Canada-Quebec1,21,0,48.8183,-72.7428,124000053201,AirNow preliminary observations
07/20/26,000053301,Deschambault,PM2.5-24hr,UG/M3,6.5,24,Canada-Quebec1,36,0,46.6822,-71.9678,124000053301,AirNow preliminary observations
07/20/26,000053801,Tingwick,PM2.5-24hr,UG/M3,6.2,24,Canada-Quebec1,34,0,45.9075,-71.9492,124000053801,AirNow preliminary observations
07/20/26,000054401,Saint-Anicet,PM2.5-24hr,UG/M3,6.5,24,Canada-Quebec1,36,0,45.1167,-74.2833,124000054401,AirNow preliminary observations
07/20/26,000054703,Becancour,PM2.5-24hr,UG/M3,6.2,24,Canada-Quebec1,34,0,46.35,-72.4333,124000054703,AirNow preliminary observations
07/20/26,000054901,La Patrie - Ditton,PM2.5-24hr,UG/M3,5.2,24,Canada-Quebec1,29,0,45.3733,-71.2514,124000054901,AirNow preliminary observations
07/20/26,000055001,Mont-Saint-Michel,PM2.5-24hr,UG/M3,5.4,24,Canada-Quebec1,30,0,46.7686,-75.4319,124000055001,AirNow preliminary observations
07/20/26,000055101,Senneterre,PM2.5-24hr,UG/M3,15.4,24,Canada-Quebec1,63,1,48.4325,-77.1997,124000055101,AirNow preliminary observations
07/20/26,000055301,Saint-Jean-sur-Richelieu - L'Acadie,PM2.5-24hr,UG/M3,6.4,24,Canada-Quebec1,36,0,45.29417,-73.3489,124000055301,AirNow preliminary observations
07/20/26,000055401,Trois-Rivieres - Cap-de-la-Madelaine,PM2.5-24hr,UG/M3,7.0,24,Canada-Quebec1,39,0,46.362425,-72.510042,124000055401,AirNow preliminary observations
07/20/26,000060104,Ottawa Downtown,PM2.5-24hr,UG/M3,8.5,24,Ontario Ministry of the Environment,47,0,45.434333,-75.67599,124000060104,AirNow preliminary observations
07/20/26,000060204,Windsor Downtown,PM2.5-24hr,UG/M3,29.5,24,Ontario Ministry of the Environment,89,1,42.315778,-83.043667,124000060204,AirNow preliminary observations
07/20/26,000060211,Windsor West,PM2.5-24hr,UG/M3,31.3,24,Ontario Ministry of the Environment,92,1,42.292886,-83.073139,124000060211,AirNow preliminary observations
07/20/26,000060410,Toronto East,PM2.5-24hr,UG/M3,14.8,24,Ontario Ministry of the Environment,62,1,43.747917,-79.274056,124000060410,AirNow preliminary observations
07/20/26,000060515,Hamilton West,PM2.5-24hr,UG/M3,19.7,24,Ontario Ministry of the Environment,71,1,43.257444,-79.90775,124000060515,AirNow preliminary observations
07/20/26,000060610,Sudbury,PM2.5-24hr,UG/M3,16.5,24,Ontario Ministry of the Environment,65,1,46.492002,-81.003099,124000060610,AirNow preliminary observations
07/20/26,000060709,Sault Ste Marie,PM2.5-24hr,UG/M3,31.7,24,Ontario Ministry of the Environment,93,1,46.533194,-84.309917,124000060709,AirNow preliminary observations
07/20/26,000060904,London,PM2.5-24hr,UG/M3,28.7,24,Ontario Ministry of the Environment,88,1,42.974485,-81.200813,124000060904,AirNow preliminary observations
07/20/26,000061009,Sarnia,PM2.5-24hr,UG/M3,28.4,24,Ontario Ministry of the Environment,87,1,42.990263,-82.395341,124000061009,AirNow preliminary observations
07/20/26,000061104,Peterborough,PM2.5-24hr,UG/M3,6.3,24,Ontario Ministry of the Environment,35,0,44.301848,-78.346384,124000061104,AirNow preliminary observations
07/20/26,000061201,Cornwall,PM2.5-24hr,UG/M3,7.1,24,Ontario Ministry of the Environment,39,0,45.017976,-74.735339,124000061201,AirNow preliminary observations
07/20/26,000061302,St. Catharines,PM2.5-24hr,UG/M3,16.3,24,Ontario Ministry of the Environment,64,1,43.160056,-79.23475,124000061302,AirNow preliminary observations
07/20/26,000061402,Brantford,PM2.5-24hr,UG/M3,22.2,24,Ontario Ministry of the Environment,75,1,43.138611,-80.292639,124000061402,AirNow preliminary observations
07/20/26,000061502,Kitchener,PM2.5-24hr,UG/M3,20.2,24,Ontario Ministry of the Environment,72,1,43.443833,-80.503806,124000061502,AirNow preliminary observations
07/20/26,000061802,Guelph,PM2.5-24hr,UG/M3,19.3,24,Ontario Ministry of the Environment,70,1,43.551611,-80.264167,124000061802,AirNow preliminary observations
07/20/26,000062001,North Bay,PM2.5-24hr,UG/M3,6.5,24,Ontario Ministry of the Environment,36,0,46.32255,-79.449444,124000062001,AirNow preliminary observations
07/20/26,000062501,Tiverton,PM2.5-24hr,UG/M3,18.2,24,Ontario Ministry of the Environment,68,1,44.314472,-81.549722,124000062501,AirNow preliminary observations
07/20/26,000063001,Burlington,PM2.5-24hr,UG/M3,17.5,24,Ontario Ministry of the Environment,67,1,43.314603,-79.80277,124000063001,AirNow preliminary observations
07/20/26,000063301,Dorset,PM2.5-24hr,UG/M3,5.5,24,Ontario Ministry of the Environment,31,0,45.224278,-78.932944,124000063301,AirNow preliminary observations
07/20/26,000063701,Grand Bend,PM2.5-24hr,UG/M3,21.5,24,Ontario Ministry of the Environment,74,1,43.333083,-81.742889,124000063701,AirNow preliminary observations
07/20/26,000064401,Egbert,PM2.5-24hr,UG/M3,14.0,24,Canadian Air and Precipitation Monitoring Network,60,1,44.2325,-79.7814,124000064401,AirNow preliminary observations
07/20/26,000065001,Barrie,PM2.5-24hr,UG/M3,15.7,24,Ontario Ministry of the Environment,63,1,44.382338,-79.702446,124000065001,AirNow preliminary observations
07/20/26,000065201,Parry Sound,PM2.5-24hr,UG/M3,8.6,24,Ontario Ministry of the Environment,48,0,45.338261,-80.039269,124000065201,AirNow preliminary observations
07/20/26,000065301,Port Stanley,PM2.5-24hr,UG/M3,28.0,24,Ontario Ministry of the Environment,86,1,42.672127,-81.162948,124000065301,AirNow preliminary observations
07/20/26,000065401,Belleville,PM2.5-24hr,UG/M3,8.6,24,Ontario Ministry of the Environment,48,0,44.150528,-77.3955,124000065401,AirNow preliminary observations
07/20/26,000065801,Chatham,PM2.5-24hr,UG/M3,28.7,24,Ontario Ministry of the Environment,88,1,42.403964,-82.208306,124000065801,AirNow preliminary observations
07/20/26,000066101,Bonner Lake,PM2.5-24hr,UG/M3,31.2,24,Canadian Air and Precipitation Monitoring Network,92,1,49.3864,-82.1214,124000066101,AirNow preliminary observations
07/20/26,050350005,MARION,PM2.5-24hr,UG/M3,22.3,24,Arkansas Department of Environmental Quality,76,1,35.197156,-90.193178,840050350005,AirNow preliminary observations
07/20/26,051430005,SPRNGDLE,PM2.5-24hr,UG/M3,22.6,24,Arkansas Department of Environmental Quality,76,1,36.179705,-94.11663,840051430005,AirNow preliminary observations
07/20/26,090010010,Bridgeport,PM2.5-24hr,UG/M3,5.4,24,Connecticut Dept. of Energy and Environmental Protection,30,0,41.171398,-73.195297,840090010010,AirNow preliminary observations
07/20/26,090011123,Danbury,PM2.5-24hr,UG/M3,5.8,24,Connecticut Dept. of Energy and Environmental Protection,32,0,41.4014,-73.4447,840090011123,AirNow preliminary observations
07/20/26,090030025,Hartford,PM2.5-24hr,UG/M3,6.3,24,Connecticut Dept. of Energy and Environmental Protection,35,0,41.771444,-72.679923,840090030025,AirNow preliminary observations
07/20/26,090031003,East Hartford,PM2.5-24hr,UG/M3,5.5,24,Connecticut Dept. of Energy and Environmental Protection,31,0,41.7847,-72.6297,840090031003,AirNow preliminary observations
07/20/26,090050005,Cornwall,PM2.5-24hr,UG/M3,4.7,24,Connecticut Dept. of Energy and Environmental Protection,26,0,41.833099,-73.303299,840090050005,AirNow preliminary observations
07/20/26,090090027,New Haven,PM2.5-24hr,UG/M3,5.0,24,Connecticut Dept. of Energy and Environmental Protection,28,0,41.301288,-72.902685,840090090027,AirNow preliminary observations
07/20/26,090092123,Waterbury,PM2.5-24hr,UG/M3,5.5,24,Connecticut Dept. of Energy and Environmental Protection,31,0,41.5503,-73.0442,840090092123,AirNow preliminary observations
07/20/26,090110124,Groton,PM2.5-24hr,UG/M3,4.8,24,Connecticut Dept. of Energy and Environmental Protection,27,0,41.3536,-72.0789,840090110124,AirNow preliminary observations
07/20/26,100010002,KILLENS,PM2.5-24hr,UG/M3,18.9,24,Delaware Dept. of Natural Resources and Environment,69,1,38.986672,-75.5568,840100010002,AirNow preliminary observations
07/20/26,100031003,RIVER ROAD PARK; BELLEFONTE,PM2.5-24hr,UG/M3,12.7,24,Delaware Dept. of Natural Resources and Environment,58,1,39.7611,-75.4919,840100031003,AirNow preliminary observations
07/20/26,100031007,LUMS 2,PM2.5-24hr,UG/M3,13.3,24,Delaware Dept. of Natural Resources and Environment,59,1,39.5513,-75.732,840100031007,AirNow preliminary observations
07/20/26,100031008,Rte 9 Del. City,PM2.5-24hr,UG/M3,12.4,24,Delaware Dept. of Natural Resources and Environment,57,1,39.57768,-75.6036,840100031008,AirNow preliminary observations
07/20/26,100032004,MLK,PM2.5-24hr,UG/M3,11.3,24,Delaware Dept. of Natural Resources and Environment,55,1,39.739444,-75.558056,840100032004,AirNow preliminary observations
07/20/26,110010041,RIVER_Terrace,PM2.5-24hr,UG/M3,16.1,24,District of Columbia - Department of Energy and Environment,64,1,38.895683,-76.958089,840110010041,AirNow preliminary observations
07/20/26,110010043,McMillan Reservoir,PM2.5-24hr,UG/M3,17.7,24,District of Columbia - Department of Energy and Environment,67,1,38.921848,-77.013176,840110010043,AirNow preliminary observations
07/20/26,110010051,DCNearRoad,PM2.5-24hr,UG/M3,18.8,24,District of Columbia - Department of Energy and Environment,69,1,38.894749,-76.953427,840110010051,AirNow preliminary observations
07/20/26,124000050314,Quebec - Charlesbourg,PM2.5-24hr,UG/M3,6.5,24,Canada-Quebec1,36,0,46.8615,-71.2572,124000050314,AirNow preliminary observations
07/20/26,124000050405,Sherbrooke - Parc Sylvie-Daigle,PM2.5-24hr,UG/M3,6.5,24,Canada-Quebec1,36,0,45.41436,-71.88269,124000050405,AirNow preliminary observations
07/20/26,124000050702,Sept-Iles,PM2.5-24hr,UG/M3,2.3,24,Canada-Quebec1,13,0,50.21627,-66.3852,124000050702,AirNow preliminary observations
07/20/26,124000050902,Saguenay - Parc Powell,PM2.5-24hr,UG/M3,3.4,24,Canada-Quebec1,19,0,48.43417,-71.185,124000050902,AirNow preliminary observations
07/20/26,124000051111,Drummondville - Stade Jacques-Desautels,PM2.5-24hr,UG/M3,6.7,24,Canada-Quebec1,37,0,45.8713,-72.50318,124000051111,AirNow preliminary observations
07/20/26,124000051801,St-Joseph-de-Sorel - Ecole Martel,PM2.5-24hr,UG/M3,8.9,24,Canada-Quebec1,49,0,46.045,-73.12972,124000051801,AirNow preliminary observations
07/20/26,124000053703,Saint-Georges,PM2.5-24hr,UG/M3,6.9,24,Canada-Quebec1,38,0,46.12219,-70.65206,124000053703,AirNow preliminary observations
07/20/26,124000055801,Granby - Parc Poitevin,PM2.5-24hr,UG/M3,7.9,24,Canada-Quebec1,44,0,45.41864,-72.73067,124000055801,AirNow preliminary observations
07/20/26,124000056001,Radisson,PM2.5-24hr,UG/M3,2.6,24,Canada-Quebec1,14,0,53.69218,-77.74102,124000056001,AirNow preliminary observations
07/20/26,124000060430,Toronto West,PM2.5-24hr,UG/M3,14.2,24,Ontario Ministry of the Environment,61,1,43.709444,-79.5435,124000060430,AirNow preliminary observations
07/20/26,124000060434,Misssissauga,PM2.5-24hr,UG/M3,15.8,24,Ontario Ministry of the Environment,63,1,43.546174,-79.658797,124000060434,AirNow preliminary observations
07/20/26,124000060440,Toronto North,PM2.5-24hr,UG/M3,15.0,24,Ontario Ministry of the Environment,62,1,43.78047,-79.467372,124000060440,AirNow preliminary observations
07/20/26,124000060445,Toronto Downtown,PM2.5-24hr,UG/M3,16.5,24,Ontario Ministry of the Environment,65,1,43.645451,-79.3891,124000060445,AirNow preliminary observations
07/20/26,124000060450,Brampton,PM2.5-24hr,UG/M3,15.4,24,Ontario Ministry of the Environment,63,1,43.669911,-79.766589,124000060450,AirNow preliminary observations
07/20/26,124000060521,Hamilton Mountain,PM2.5-24hr,UG/M3,18.5,24,Ontario Ministry of the Environment,69,1,43.24132,-79.889328,124000060521,AirNow preliminary observations
07/20/26,124000061603,Oakville,PM2.5-24hr,UG/M3,17.0,24,Ontario Ministry of the Environment,66,1,43.486917,-79.702278,124000061603,AirNow preliminary observations
07/20/26,124000065101,Newmarket,PM2.5-24hr,UG/M3,15.1,24,Ontario Ministry of the Environment,62,1,44.044306,-79.48325,124000065101,AirNow preliminary observations
07/20/26,124000067001,Milton,PM2.5-24hr,UG/M3,19.1,24,Ontario Ministry of the Environment,70,1,43.52965,-79.862449,124000067001,AirNow preliminary observations
07/20/26,124CC0041601,Miramichi,PM2.5-24hr,UG/M3,2.4,24,Canada-New Brunswick1,13,0,47.02567,-65.52049,124CC0041601,AirNow preliminary observations
07/20/26,170191001,BONDVILLE,PM2.5-24hr,UG/M3,42.5,24,Illinois EPA,118,2,40.052241,-88.372549,840170191001,AirNow preliminary observations
07/20/26,170310001,ALSIP,PM2.5-24hr,UG/M3,51.7,24,Illinois EPA,141,2,41.6708,-87.7325,840170310001,AirNow preliminary observations
07/20/26,170310022,CHI_WASH,PM2.5-24hr,UG/M3,45.9,24,Illinois EPA,127,2,41.6878,-87.5389,840170310022,AirNow preliminary observations
07/20/26,170310057,CHI_SP,PM2.5-24hr,UG/M3,45.7,24,Illinois EPA,126,2,41.9136,-87.7239,840170310057,AirNow preliminary observations
07/20/26,170310076,CHI_COM,PM2.5-24hr,UG/M3,42.5,24,Illinois EPA,118,2,41.7547,-87.7136,840170310076,AirNow preliminary observations
07/20/26,170313103,SCHILPRK,PM2.5-24hr,UG/M3,48.2,24,Illinois EPA,132,2,41.965,-87.8761,840170313103,AirNow preliminary observations
07/20/26,170314007,DESPLNS,PM2.5-24hr,UG/M3,41.2,24,Illinois EPA,115,2,42.0603,-87.8631,840170314007,AirNow preliminary observations
07/20/26,170314201,NORTHBRK,PM2.5-24hr,UG/M3,47.7,24,Illinois EPA,131,2,42.1406,-87.7994,840170314201,AirNow preliminary observations
07/20/26,170316005,Cicero Liberty,PM2.5-24hr,UG/M3,42.2,24,Illinois EPA,117,2,41.864329,-87.748826,840170316005,AirNow preliminary observations
07/20/26,170434002,Naperville,PM2.5-24hr,UG/M3,47.6,24,Illinois EPA,131,2,41.7714,-88.1522,840170434002,AirNow preliminary observations
07/20/26,170650002,KNIGHT_P,PM2.5-24hr,UG/M3,27.0,24,Illinois EPA,84,1,38.088902,-88.625,840170650002,AirNow preliminary observations
07/20/26,170830117,JERSEYVL,PM2.5-24hr,UG/M3,35.1,24,Illinois EPA,99,1,39.101439,-90.344494,840170830117,AirNow preliminary observations
07/20/26,171110001,CARY,PM2.5-24hr,UG/M3,40.9,24,Illinois EPA,114,2,42.2211,-88.2411,840171110001,AirNow preliminary observations
07/20/26,171132003,NORMAL,PM2.5-24hr,UG/M3,40.6,24,Illinois EPA,114,2,40.5169,-88.9975,840171132003,AirNow preliminary observations
07/20/26,171150013,DECATUR,PM2.5-24hr,UG/M3,49.0,24,Illinois EPA,134,2,39.8669,-88.9256,840171150013,AirNow preliminary observations
07/20/26,171191007,Granite City Fire Station,PM2.5-24hr,UG/M3,39.3,24,Illinois EPA,110,2,38.7045,-90.1397,840171191007,AirNow preliminary observations
07/20/26,171193007,Wood_River,PM2.5-24hr,UG/M3,44.0,24,Illinois EPA,122,2,38.8606,-90.1058,840171193007,AirNow preliminary observations
07/20/26,171430037,PEORIA_J,PM2.5-24hr,UG/M3,44.7,24,Illinois EPA,124,2,40.6978,-89.5889,840171430037,AirNow preliminary observations
07/20/26,171570001,HOUSTON,PM2.5-24hr,UG/M3,25.0,24,Illinois EPA,81,1,38.1761,-89.7883,840171570001,AirNow preliminary observations
07/20/26,171613002,ROCK_IS,PM2.5-24hr,UG/M3,33.4,24,Illinois EPA,96,1,41.5144,-90.5172,840171613002,AirNow preliminary observations
07/20/26,171630010,East St. Louis,PM2.5-24hr,UG/M3,35.6,24,Illinois EPA,101,2,38.611893,-90.160614,840171630010,AirNow preliminary observations
07/20/26,171670012,Springfield Ag,PM2.5-24hr,UG/M3,46.2,24,Illinois EPA,127,2,39.831921,-89.644164,840171670012,AirNow preliminary observations
07/20/26,171971002,Joliet,PM2.5-24hr,UG/M3,40.6,24,Illinois EPA,114,2,41.526885,-88.116474,840171971002,AirNow preliminary observations
07/20/26,171971011,BRAIDWD,PM2.5-24hr,UG/M3,37.8,24,Illinois EPA,107,2,41.2222,-88.1906,840171971011,AirNow preliminary observations
07/20/26,180050008,Columbus - Rocky Ford Rd,PM2.5-24hr,UG/M3,28.8,24,Indiana Dept. of Environmental Management,88,1,39.237457,-85.891332,840180050008,AirNow preliminary observations
07/20/26,180390008,Elkhart-Prairie St.,PM2.5-24hr,UG/M3,36.8,24,Indiana Dept. of Environmental Management,104,2,41.657155,-85.968446,840180390008,AirNow preliminary observations
07/20/26,180550001,Plummer,PM2.5-24hr,UG/M3,32.6,24,Indiana Dept. of Environmental Management,95,1,38.985556,-86.99,840180550001,AirNow preliminary observations
07/20/26,180570007,Fishers,PM2.5-24hr,UG/M3,30.6,24,Indiana Dept. of Environmental Management,91,1,39.960884,-85.939546,840180570007,AirNow preliminary observations
07/20/26,180650003,Mechanicsburg,PM2.5-24hr,UG/M3,38.3,24,Indiana Dept. of Environmental Management,108,2,40.009544,-85.52347,840180650003,AirNow preliminary observations
07/20/26,180670004,Kokomo - E. Vaile Ave.,PM2.5-24hr,UG/M3,30.4,24,Indiana Dept. of Environmental Management,91,1,40.481347,-86.109688,840180670004,AirNow preliminary observations
07/20/26,180890022,Gary-IITRI,PM2.5-24hr,UG/M3,36.5,24,Indiana Dept. of Environmental Management,103,2,41.606563,-87.305015,840180890022,AirNow preliminary observations
07/20/26,180890036,Hammond-167th St,PM2.5-24hr,UG/M3,43.3,24,Indiana Dept. of Environmental Management,120,2,41.594427,-87.495044,840180890036,AirNow preliminary observations
07/20/26,180950011,Anderson-Eastside Elem. Sch,PM2.5-24hr,UG/M3,36.0,24,Indiana Dept. of Environmental Management,102,2,40.12569,-85.652127,840180950011,AirNow preliminary observations
07/20/26,180970078,Indpls-Washington Park,PM2.5-24hr,UG/M3,34.5,24,Indiana Dept. of Environmental Management,98,1,39.810833,-86.114444,840180970078,AirNow preliminary observations
07/20/26,180970081,Indpls-W.18th St,PM2.5-24hr,UG/M3,36.7,24,Indiana Dept. of Environmental Management,104,2,39.788889,-86.214722,840180970081,AirNow preliminary observations
07/20/26,180970087,Indpls - I-70 E,PM2.5-24hr,UG/M3,36.7,24,Indiana Dept. of Environmental Management,104,2,39.787933,-86.13088,840180970087,AirNow preliminary observations
07/20/26,181050003,Bloomington - Binford,PM2.5-24hr,UG/M3,39.4,24,Indiana Dept. of Environmental Management,111,2,39.159372,-86.504747,840181050003,AirNow preliminary observations
07/20/26,181270024,Ogden Dunes,PM2.5-24hr,UG/M3,46.0,24,Indiana Dept. of Environmental Management,127,2,41.617814,-87.199533,840181270024,AirNow preliminary observations
07/20/26,181410015,South Bend-Shields Dr,PM2.5-24hr,UG/M3,42.1,24,Indiana Dept. of Environmental Management,117,2,41.696667,-86.214722,840181410015,AirNow preliminary observations
07/20/26,181570008,Lafayette-Greenbush St,PM2.5-24hr,UG/M3,29.7,24,Indiana Dept. of Environmental Management,89,1,40.431667,-86.8525,840181570008,AirNow preliminary observations
07/20/26,181630021,Evansville-Buena Vista,PM2.5-24hr,UG/M3,22.6,24,Indiana Dept. of Environmental Management,76,1,38.01325,-87.577923,840181630021,AirNow preliminary observations
07/20/26,181670018,Terre Haute-Lafayette Ave,PM2.5-24hr,UG/M3,39.1,24,Indiana Dept. of Environmental Management,110,2,39.485987,-87.401312,840181670018,AirNow preliminary observations
07/20/26,181830003,Larwill,PM2.5-24hr,UG/M3,41.5,24,Indiana Dept. of Environmental Management,116,2,41.169722,-85.629444,840181830003,AirNow preliminary observations
07/20/26,190130009,"Waterloo, Water Tower",PM2.5-24hr,UG/M3,21.6,24,Iowa DNR,74,1,42.5014,-92.315804,840190130009,AirNow preliminary observations
07/20/26,190450019,"Clinton, Chancy Park",PM2.5-24hr,UG/M3,31.3,24,Iowa DNR,92,1,41.823101,-90.211899,840190450019,AirNow preliminary observations
07/20/26,191032001,"Iowa City, Hoover School",PM2.5-24hr,UG/M3,27.9,24,Iowa DNR,86,1,41.658195,-91.503471,840191032001,AirNow preliminary observations
07/20/26,191130040,PUBLIC HEALTH,PM2.5-24hr,UG/M3,25.5,24,Linn Co. Public Health ,82,1,41.9767,-91.6878,840191130040,AirNow preliminary observations
07/20/26,191370002,Viking Lake State Park,PM2.5-24hr,UG/M3,11.4,24,Iowa DNR,55,1,40.970001,-95.044998,840191370002,AirNow preliminary observations
07/20/26,191471002,"Emmetsburg, ILCC",PM2.5-24hr,UG/M3,13.0,24,Iowa DNR,58,1,43.123299,-94.693298,840191471002,AirNow preliminary observations
07/20/26,191530030,CARPENTER,PM2.5-24hr,UG/M3,19.2,24,Polk Co. Air Quality Division,70,1,41.6031,-93.643303,840191530030,AirNow preliminary observations
07/20/26,191630015,"Davenport, 10th & Vine",PM2.5-24hr,UG/M3,32.2,24,Iowa DNR,94,1,41.529999,-90.587502,840191630015,AirNow preliminary observations
07/20/26,191770006,Lake Sugema,PM2.5-24hr,UG/M3,21.6,24,Iowa DNR,74,1,40.693298,-92.006104,840191770006,AirNow preliminary observations
07/20/26,200910010,Heritage Park,PM2.5-24hr,UG/M3,13.3,24,Kansas Dept. of Health and Environment,59,1,38.8386,-94.7464,840200910010,AirNow preliminary observations
07/20/26,201330003,Chanute,PM2.5-24hr,UG/M3,17.9,24,Kansas Dept. of Health and Environment,67,1,37.67696,-95.47594,840201330003,AirNow preliminary observations
07/20/26,201770013,KNI-Topeka,PM2.5-24hr,UG/M3,12.1,24,Kansas Dept. of Health and Environment,57,1,39.0242,-95.7114,840201770013,AirNow preliminary observations
07/20/26,201910002,PECK,PM2.5-24hr,UG/M3,14.1,24,Kansas Dept. of Health and Environment,60,1,37.4769,-97.3664,840201910002,AirNow preliminary observations
07/20/26,201950001,Cedar Bluff,PM2.5-24hr,UG/M3,8.2,24,Kansas Dept. of Health and Environment,46,0,38.7703,-99.7636,840201950001,AirNow preliminary observations
07/20/26,202090021,WY/KC,PM2.5-24hr,UG/M3,13.8,24,Kansas Dept. of Health and Environment,60,1,39.1175,-94.6356,840202090021,AirNow preliminary observations
07/20/26,210130002,MIDAIR,PM2.5-24hr,UG/M3,6.0,24,Kentucky DEP,33,0,36.6081,-83.7369,840210130002,AirNow preliminary observations
07/20/26,210190017,FIVCO,PM2.5-24hr,UG/M3,26.6,24,Kentucky DEP,84,1,38.4592,-82.6339,840210190017,AirNow preliminary observations
07/20/26,210373002,NKU,PM2.5-24hr,UG/M3,25.0,24,Kentucky DEP,81,1,39.0217,-84.4744,840210373002,AirNow preliminary observations
07/20/26,210430500,GRAYSON,PM2.5-24hr,UG/M3,24.7,24,Kentucky DEP,80,1,38.2383,-82.9883,840210430500,AirNow preliminary observations
07/20/26,210670012,NEWTWN,PM2.5-24hr,UG/M3,18.3,24,Kentucky DEP,68,1,38.065,-84.5,840210670012,AirNow preliminary observations
07/20/26,211110051,WATSON,PM2.5-24hr,UG/M3,19.4,24,Louisville Metro Air Pollution Control District ,70,1,38.0608,-85.8961,840211110051,AirNow preliminary observations
07/20/26,211110067,Cannons Lane,PM2.5-24hr,UG/M3,22.3,24,Louisville Metro Air Pollution Control District ,76,1,38.2286,-85.6544,840211110067,AirNow preliminary observations
07/20/26,211110075,Near Road,PM2.5-24hr,UG/M3,22.6,24,Louisville Metro Air Pollution Control District ,76,1,38.1935,-85.7121,840211110075,AirNow preliminary observations
07/20/26,211110080,Carrithers Middle School,PM2.5-24hr,UG/M3,22.3,24,Louisville Metro Air Pollution Control District ,76,1,38.1825,-85.5744,840211110080,AirNow preliminary observations
07/20/26,211111041,Algonquin Parkway,PM2.5-24hr,UG/M3,24.5,24,Louisville Metro Air Pollution Control District ,80,1,38.23158,-85.82675,840211111041,AirNow preliminary observations
07/20/26,211130001,NICHVILL,PM2.5-24hr,UG/M3,17.5,24,Kentucky DEP,67,1,37.8933,-84.5892,840211130001,AirNow preliminary observations
07/20/26,211930003,HAZ2,PM2.5-24hr,UG/M3,7.3,24,Kentucky DEP,41,0,37.2831,-83.2203,840211930003,AirNow preliminary observations
07/20/26,211950002,PIKE2001,PM2.5-24hr,UG/M3,9.9,24,Kentucky DEP,52,1,37.4828,-82.5353,840211950002,AirNow preliminary observations
07/20/26,211990003,SOMERST,PM2.5-24hr,UG/M3,7.9,24,Kentucky DEP,44,0,37.097801,-84.611702,840211990003,AirNow preliminary observations
07/20/26,212270009,Smiths Grove,PM2.5-24hr,UG/M3,8.9,24,Kentucky DEP,49,0,37.04926,-86.21487,840212270009,AirNow preliminary observations
07/20/26,230030014,Madawaska PSB,PM2.5-24hr,UG/M3,3.5,24,Maine Dept. of Environmental Protection,19,0,47.3553,-68.3211,840230030014,AirNow preliminary observations
07/20/26,230031011,Presque Isle Riverside,PM2.5-24hr,UG/M3,3.7,24,Maine Dept. of Environmental Protection,21,0,46.682299,-68.016195,840230031011,AirNow preliminary observations
07/20/26,230090103,Acadia NP - McFarland,PM2.5-24hr,UG/M3,4.0,24,Maine Dept. of Environmental Protection,22,0,44.377048,-68.260902,840230090103,AirNow preliminary observations
07/20/26,230172011,Rumford,PM2.5-24hr,UG/M3,6.5,24,Maine Dept. of Environmental Protection,36,0,44.5514,-70.5463,840230172011,AirNow preliminary observations
07/20/26,230190017,Bangor MSS,PM2.5-24hr,UG/M3,4.1,24,Maine Dept. of Environmental Protection,23,0,44.817398,-68.772762,840230190017,AirNow preliminary observations
07/20/26,240051007,Padonia,PM2.5-24hr,UG/M3,15.2,24,Maryland Department of the Environment,62,1,39.462002,-76.631599,840240051007,AirNow preliminary observations
07/20/26,240150003,Fair Hill,PM2.5-24hr,UG/M3,12.9,24,Maryland Department of the Environment,58,1,39.701099,-75.860001,840240150003,AirNow preliminary observations
07/20/26,240190004,Horn Point,PM2.5-24hr,UG/M3,16.2,24,Maryland Department of the Environment,64,1,38.5876,-76.1408,840240190004,AirNow preliminary observations
07/20/26,240230002,Piney Run,PM2.5-24hr,UG/M3,16.7,24,Maryland Department of the Environment,65,1,39.705799,-79.011902,840240230002,AirNow preliminary observations
07/20/26,240251001,Edgewood,PM2.5-24hr,UG/M3,12.0,24,Maryland Department of the Environment,56,1,39.41,-76.2967,840240251001,AirNow preliminary observations
07/20/26,240270006,Howard County Near Road,PM2.5-24hr,UG/M3,15.1,24,Maryland Department of the Environment,62,1,39.143197,-76.846192,840240270006,AirNow preliminary observations
07/20/26,240290002,Millington,PM2.5-24hr,UG/M3,10.8,24,Maryland Department of the Environment,54,1,39.305199,-75.797203,840240290002,AirNow preliminary observations
07/20/26,240313001,Rockville,PM2.5-24hr,UG/M3,14.2,24,Maryland Department of the Environment,61,1,39.114399,-77.106903,840240313001,AirNow preliminary observations
07/20/26,240330030,HU-Beltsville,PM2.5-24hr,UG/M3,18.7,24,Maryland Department of the Environment,69,1,39.055302,-76.878304,840240330030,AirNow preliminary observations
07/20/26,240430009,Hagerstown,PM2.5-24hr,UG/M3,17.6,24,Maryland Department of the Environment,67,1,39.565601,-77.721901,840240430009,AirNow preliminary observations
07/20/26,250036001,North Adams,PM2.5-24hr,UG/M3,5.1,24,Massachusetts Dept. of Environmental Protection,28,0,42.702223,-73.110414,840250036001,AirNow preliminary observations
07/20/26,250051004,Fall River,PM2.5-24hr,UG/M3,4.7,24,Massachusetts Dept. of Environmental Protection,26,0,41.6833,-71.169701,840250051004,AirNow preliminary observations
07/20/26,250092006,Lynn,PM2.5-24hr,UG/M3,4.7,24,Massachusetts Dept. of Environmental Protection,26,0,42.474701,-70.971901,840250092006,AirNow preliminary observations
07/20/26,250112005,Greenfield,PM2.5-24hr,UG/M3,5.3,24,Massachusetts Dept. of Environmental Protection,29,0,42.605816,-72.596689,840250112005,AirNow preliminary observations
07/20/26,250130008,Chicopee,PM2.5-24hr,UG/M3,5.1,24,Massachusetts Dept. of Environmental Protection,28,0,42.194401,-72.555603,840250130008,AirNow preliminary observations
07/20/26,250130018,Springfield,PM2.5-24hr,UG/M3,5.9,24,Massachusetts Dept. of Environmental Protection,33,0,42.120248,-72.58499,840250130018,AirNow preliminary observations
07/20/26,250230005,Brockton,PM2.5-24hr,UG/M3,6.4,24,Massachusetts Dept. of Environmental Protection,36,0,42.065119,-71.012686,840250230005,AirNow preliminary observations
07/20/26,250250002,Boston - Kenmore Sq,PM2.5-24hr,UG/M3,5.7,24,Massachusetts Dept. of Environmental Protection,32,0,42.3489,-71.097702,840250250002,AirNow preliminary observations
07/20/26,250250042,Boston - Roxbury,PM2.5-24hr,UG/M3,5.7,24,Massachusetts Dept. of Environmental Protection,32,0,42.329399,-71.082497,840250250042,AirNow preliminary observations
07/20/26,250250044,Boston - Von Hillern St,PM2.5-24hr,UG/M3,5.3,24,Massachusetts Dept. of Environmental Protection,29,0,42.325197,-71.056056,840250250044,AirNow preliminary observations
07/20/26,250270023,Worcester - Summer St,PM2.5-24hr,UG/M3,4.8,24,Massachusetts Dept. of Environmental Protection,27,0,42.263901,-71.794701,840250270023,AirNow preliminary observations
07/20/26,250270024,Uxbridge,PM2.5-24hr,UG/M3,5.2,24,Massachusetts Dept. of Environmental Protection,29,0,42.0997,-71.62,840250270024,AirNow preliminary observations
07/20/26,260050003,Holland,PM2.5-24hr,UG/M3,39.7,24,"Michigan Department of Environment, Great Lakes, and Energy",111,2,42.767799,-86.148598,840260050003,AirNow preliminary observations
07/20/26,260170014,Bay City,PM2.5-24hr,UG/M3,29.0,24,"Michigan Department of Environment, Great Lakes, and Energy",88,1,43.5714,-83.8908,840260170014,AirNow preliminary observations
07/20/26,260650018,Lansing,PM2.5-24hr,UG/M3,32.5,24,"Michigan Department of Environment, Great Lakes, and Energy",95,1,42.76138,-84.562867,840260650018,AirNow preliminary observations
07/20/26,260770008,Kalamazoo,PM2.5-24hr,UG/M3,45.0,24,"Michigan Department of Environment, Great Lakes, and Energy",124,2,42.2781,-85.5419,840260770008,AirNow preliminary observations
07/20/26,260810020,Grand Rapids - Monroe,PM2.5-24hr,UG/M3,53.3,24,"Michigan Department of Environment, Great Lakes, and Energy",145,2,42.984699,-85.671097,840260810020,AirNow preliminary observations
07/20/26,260910007,Tecumseh,PM2.5-24hr,UG/M3,32.4,24,"Michigan Department of Environment, Great Lakes, and Energy",94,1,41.995602,-83.946701,840260910007,AirNow preliminary observations
07/20/26,260990009,New Haven,PM2.5-24hr,UG/M3,25.7,24,"Michigan Department of Environment, Great Lakes, and Energy",82,1,42.7314,-82.7936,840260990009,AirNow preliminary observations
07/20/26,261010922,Little River Band-Manistee,PM2.5-24hr,UG/M3,47.4,24,"Michigan Department of Environment, Great Lakes, and Energy",130,2,44.3069,-86.2428,840261010922,AirNow preliminary observations
07/20/26,261250001,Oak Park,PM2.5-24hr,UG/M3,29.1,24,"Michigan Department of Environment, Great Lakes, and Energy",88,1,42.4631,-83.183296,840261250001,AirNow preliminary observations
07/20/26,261390005,Jenison,PM2.5-24hr,UG/M3,52.8,24,"Michigan Department of Environment, Great Lakes, and Energy",144,2,42.894402,-85.852798,840261390005,AirNow preliminary observations
07/20/26,261470005,Port Huron,PM2.5-24hr,UG/M3,27.0,24,"Michigan Department of Environment, Great Lakes, and Energy",84,1,42.9533,-82.4564,840261470005,AirNow preliminary observations
07/20/26,261530001,Seney,PM2.5-24hr,UG/M3,44.7,24,"Michigan Department of Environment, Great Lakes, and Energy",124,2,46.2889,-85.9503,840261530001,AirNow preliminary observations
07/20/26,261610008,Ypsilanti,PM2.5-24hr,UG/M3,32.3,24,"Michigan Department of Environment, Great Lakes, and Energy",94,1,42.24,-83.5997,840261610008,AirNow preliminary observations
07/20/26,261630001,Allen Park,PM2.5-24hr,UG/M3,29.2,24,"Michigan Department of Environment, Great Lakes, and Energy",88,1,42.2283,-83.2092,840261630001,AirNow preliminary observations
07/20/26,261630015,Detroit-Southwest,PM2.5-24hr,UG/M3,31.5,24,"Michigan Department of Environment, Great Lakes, and Energy",93,1,42.3042,-83.1072,840261630015,AirNow preliminary observations
07/20/26,261630019,Detroit-E7 Mile,PM2.5-24hr,UG/M3,26.4,24,"Michigan Department of Environment, Great Lakes, and Energy",83,1,42.430801,-83.000801,840261630019,AirNow preliminary observations
07/20/26,261630033,Dearborn,PM2.5-24hr,UG/M3,29.3,24,"Michigan Department of Environment, Great Lakes, and Energy",89,1,42.3075,-83.15,840261630033,AirNow preliminary observations
07/20/26,261630093,Eliza Howell - Near Roadway,PM2.5-24hr,UG/M3,26.0,24,"Michigan Department of Environment, Great Lakes, and Energy",82,1,42.38599,-83.266319,840261630093,AirNow preliminary observations
07/20/26,261630097,Detroit-NMH48217,PM2.5-24hr,UG/M3,29.3,24,"Michigan Department of Environment, Great Lakes, and Energy",89,1,42.261669,-83.157893,840261630097,AirNow preliminary observations
07/20/26,261630098,Detroit-DP4th,PM2.5-24hr,UG/M3,31.1,24,"Michigan Department of Environment, Great Lakes, and Energy",92,1,42.312158,-83.091943,840261630098,AirNow preliminary observations
07/20/26,261630099,Detroit-Trinity,PM2.5-24hr,UG/M3,32.2,24,"Michigan Department of Environment, Great Lakes, and Energy",94,1,42.295824,-83.129431,840261630099,AirNow preliminary observations
07/20/26,261630100,Detroit-Military Park,PM2.5-24hr,UG/M3,29.7,24,"Michigan Department of Environment, Great Lakes, and Energy",89,1,42.312078,-83.103469,840261630100,AirNow preliminary observations
07/20/26,270031002,Blaine,PM2.5-24hr,UG/M3,17.9,24,Minnesota Pollution Control Agency,67,1,45.1425,-93.2139,840270031002,AirNow preliminary observations
07/20/26,270052013,Detroit Lakes,PM2.5-24hr,UG/M3,15.0,24,Minnesota Pollution Control Agency,62,1,46.8511,-95.8467,840270052013,AirNow preliminary observations
07/20/26,270072304,Red Lake Nation Hospital,PM2.5-24hr,UG/M3,14.5,24,Minnesota Pollution Control Agency,61,1,47.878159,-95.029172,840270072304,AirNow preliminary observations
07/20/26,270177417,Fond du Lac,PM2.5-24hr,UG/M3,21.5,24,Minnesota Pollution Control Agency,74,1,46.713694,-92.511722,840270177417,AirNow preliminary observations
07/20/26,270213410,Leech Lake Nation: Cass Lake,PM2.5-24hr,UG/M3,15.1,24,Minnesota Pollution Control Agency,62,1,47.38443,-94.60166,840270213410,AirNow preliminary observations
07/20/26,270317810,Grand Portage,PM2.5-24hr,UG/M3,23.7,24,Minnesota Pollution Control Agency,78,1,47.9721,-89.6908,840270317810,AirNow preliminary observations
07/20/26,270353204,Brainerd,PM2.5-24hr,UG/M3,18.3,24,Minnesota Pollution Control Agency,68,1,46.3944,-94.1433,840270353204,AirNow preliminary observations
07/20/26,270370470,Apple Valley,PM2.5-24hr,UG/M3,17.3,24,Minnesota Pollution Control Agency,66,1,44.7383,-93.2372,840270370470,AirNow preliminary observations
07/20/26,270370480,Lakeville - Near Road,PM2.5-24hr,UG/M3,14.4,24,Minnesota Pollution Control Agency,61,1,44.706123,-93.285803,840270370480,AirNow preliminary observations
07/20/26,270530909,Minneapolis - Lowry Ave,PM2.5-24hr,UG/M3,18.1,24,Minnesota Pollution Control Agency,68,1,45.012102,-93.276699,840270530909,AirNow preliminary observations
07/20/26,270530910,Minneapolis - Pacific St,PM2.5-24hr,UG/M3,18.3,24,Minnesota Pollution Control Agency,68,1,45.008297,-93.277041,840270530910,AirNow preliminary observations
07/20/26,270530962,Minneapolis - Near Road,PM2.5-24hr,UG/M3,16.0,24,Minnesota Pollution Control Agency,64,1,44.9653,-93.2551,840270530962,AirNow preliminary observations
07/20/26,270531904,Minneapolis - East Phillips Community,PM2.5-24hr,UG/M3,16.8,24,Minnesota Pollution Control Agency,65,1,44.95208,-93.24428,840270531904,AirNow preliminary observations
07/20/26,270750005,Ely,PM2.5-24hr,UG/M3,15.8,24,Minnesota Pollution Control Agency,63,1,47.9464,-91.4953,840270750005,AirNow preliminary observations
07/20/26,270834210,Marshall,PM2.5-24hr,UG/M3,11.9,24,Minnesota Pollution Control Agency,56,1,44.4572,-95.835,840270834210,AirNow preliminary observations
07/20/26,271095008,Rochester,PM2.5-24hr,UG/M3,20.3,24,Minnesota Pollution Control Agency,72,1,43.9947,-92.4497,840271095008,AirNow preliminary observations
07/20/26,271230871,St. Paul-Harding H.S.,PM2.5-24hr,UG/M3,18.4,24,Minnesota Pollution Control Agency,68,1,44.9594,-93.0356,840271230871,AirNow preliminary observations
07/20/26,271377001,Virginia,PM2.5-24hr,UG/M3,15.6,24,Minnesota Pollution Control Agency,63,1,47.5212,-92.5393,840271377001,AirNow preliminary observations
07/20/26,271377550,Duluth-WDSE,PM2.5-24hr,UG/M3,23.3,24,Minnesota Pollution Control Agency,77,1,46.8183,-92.0892,840271377550,AirNow preliminary observations
07/20/26,271377554,West Duluth,PM2.5-24hr,UG/M3,26.8,24,Minnesota Pollution Control Agency,84,1,46.743889,-92.166946,840271377554,AirNow preliminary observations
07/20/26,271390505,Shakopee,PM2.5-24hr,UG/M3,15.0,24,Minnesota Pollution Control Agency,62,1,44.789398,-93.512497,840271390505,AirNow preliminary observations
07/20/26,271453052,St. Cloud,PM2.5-24hr,UG/M3,15.0,24,Minnesota Pollution Control Agency,62,1,45.55,-94.1333,840271453052,AirNow preliminary observations
07/20/26,271713201,St. Michael,PM2.5-24hr,UG/M3,15.2,24,Minnesota Pollution Control Agency,62,1,45.2108,-93.6686,840271713201,AirNow preliminary observations
07/20/26,290210005,St. Joseph,PM2.5-24hr,UG/M3,11.5,24,Missouri Department of Natural Resources,55,1,39.741667,-94.858333,840290210005,AirNow preliminary observations
07/20/26,290370003,RG_South,PM2.5-24hr,UG/M3,12.0,24,Missouri Department of Natural Resources,56,1,38.75961,-94.57983,840290370003,AirNow preliminary observations
07/20/26,290390001,El Do Springs,PM2.5-24hr,UG/M3,15.4,24,Missouri Department of Natural Resources,63,1,37.70097,-94.03474,840290390001,AirNow preliminary observations
07/20/26,290470005,Liberty,PM2.5-24hr,UG/M3,9.6,24,Missouri Department of Natural Resources,52,1,39.303056,-94.376389,840290470005,AirNow preliminary observations
07/20/26,290770036,Hillcrest HS,PM2.5-24hr,UG/M3,15.0,24,Missouri Department of Natural Resources,62,1,37.256069,-93.299692,840290770036,AirNow preliminary observations
07/20/26,290950034,Troost,PM2.5-24hr,UG/M3,12.1,24,Missouri Department of Natural Resources,57,1,39.10465,-94.57055,840290950034,AirNow preliminary observations
07/20/26,290990019,Arnold West,PM2.5-24hr,UG/M3,22.8,24,Missouri Department of Natural Resources,77,1,38.448581,-90.398436,840290990019,AirNow preliminary observations
07/20/26,291893001,Ladue,PM2.5-24hr,UG/M3,27.9,24,Missouri Department of Natural Resources,86,1,38.650259,-90.350463,840291893001,AirNow preliminary observations
07/20/26,295100007,South Broadway,PM2.5-24hr,UG/M3,30.8,24,Missouri Department of Natural Resources,92,1,38.5425,-90.263611,840295100007,AirNow preliminary observations
07/20/26,295100085,Blair Street,PM2.5-24hr,UG/M3,33.0,24,Missouri Department of Natural Resources,96,1,38.656449,-90.198548,840295100085,AirNow preliminary observations
07/20/26,295100093,Branch Street,PM2.5-24hr,UG/M3,32.0,24,Missouri Department of Natural Resources,94,1,38.65643,-90.18977,840295100093,AirNow preliminary observations
07/20/26,295100094,Forest Park,PM2.5-24hr,UG/M3,29.9,24,Missouri Department of Natural Resources,90,1,38.631057,-90.281144,840295100094,AirNow preliminary observations
07/20/26,310550019,NCORE,PM2.5-24hr,UG/M3,9.8,24,Douglas County Health Department (Omaha),52,1,41.2474,-95.9731,840310550019,AirNow preliminary observations
07/20/26,311090022,LLCHD BAM,PM2.5-24hr,UG/M3,11.5,24,Lincoln-Lancaster County Health Department,55,1,40.812558,-96.675733,840311090022,AirNow preliminary observations
07/20/26,311530007,2912 Coffey,PM2.5-24hr,UG/M3,7.4,24,Douglas County Health Department (Omaha),41,0,41.133317,-95.956078,840311530007,AirNow preliminary observations
07/20/26,330050007,Keene,PM2.5-24hr,UG/M3,5.4,24,New Hampshire Dept. of Environmental Services,30,0,42.930521,-72.272332,840330050007,AirNow preliminary observations
07/20/26,330090010,Lebanon,PM2.5-24hr,UG/M3,5.8,24,New Hampshire Dept. of Environmental Services,32,0,43.629605,-72.309499,840330090010,AirNow preliminary observations
07/20/26,330115001,Miller State Park,PM2.5-24hr,UG/M3,5.6,24,New Hampshire Dept. of Environmental Services,31,0,42.86183,-71.878626,840330115001,AirNow preliminary observations
07/20/26,330150014,Portsmouth,PM2.5-24hr,UG/M3,5.0,24,New Hampshire Dept. of Environmental Services,28,0,43.075371,-70.748017,840330150014,AirNow preliminary observations
07/20/26,330150018,Londonderry - Moose Hill,PM2.5-24hr,UG/M3,4.4,24,New Hampshire Dept. of Environmental Services,24,0,42.862531,-71.38014,840330150018,AirNow preliminary observations
07/20/26,340010006,Brigantine,PM2.5-24hr,UG/M3,10.1,24,New Jersey Dept. of Environmental Protection,53,1,39.46487,-74.448738,840340010006,AirNow preliminary observations
07/20/26,340030010,Fort Lee Near Road,PM2.5-24hr,UG/M3,5.5,24,New Jersey Dept. of Environmental Protection,31,0,40.85355,-73.9661,840340030010,AirNow preliminary observations
07/20/26,340070010,South Camden,PM2.5-24hr,UG/M3,8.4,24,New Jersey Dept. of Environmental Protection,47,0,39.923969,-75.122314,840340070010,AirNow preliminary observations
07/20/26,340110007,Millville,PM2.5-24hr,UG/M3,7.4,24,New Jersey Dept. of Environmental Protection,41,0,39.422272,-75.0252,840340110007,AirNow preliminary observations
07/20/26,340150002,Clarksboro,PM2.5-24hr,UG/M3,8.8,24,New Jersey Dept. of Environmental Protection,49,0,39.800339,-75.21212,840340150002,AirNow preliminary observations
07/20/26,340171003,Jersey City FH,PM2.5-24hr,UG/M3,5.8,24,New Jersey Dept. of Environmental Protection,32,0,40.725452,-74.052292,840340171003,AirNow preliminary observations
07/20/26,340190001,Flemington,PM2.5-24hr,UG/M3,8.9,24,New Jersey Dept. of Environmental Protection,49,0,40.515251,-74.806755,840340190001,AirNow preliminary observations
07/20/26,340210005,Rider University,PM2.5-24hr,UG/M3,8.5,24,New Jersey Dept. of Environmental Protection,47,0,40.283092,-74.742645,840340210005,AirNow preliminary observations
07/20/26,340273001,Chester,PM2.5-24hr,UG/M3,5.7,24,New Jersey Dept. of Environmental Protection,32,0,40.787628,-74.6763,840340273001,AirNow preliminary observations
07/20/26,340390004,Elizabeth Trailer,PM2.5-24hr,UG/M3,7.5,24,New Jersey Dept. of Environmental Protection,42,0,40.641441,-74.208366,840340390004,AirNow preliminary observations
07/20/26,340392003,Rahway PM,PM2.5-24hr,UG/M3,6.9,24,New Jersey Dept. of Environmental Protection,38,0,40.603943,-74.276176,840340392003,AirNow preliminary observations
07/20/26,340410007,Columbia,PM2.5-24hr,UG/M3,6.5,24,New Jersey Dept. of Environmental Protection,36,0,40.924606,-75.067825,840340410007,AirNow preliminary observations
07/20/26,360010005,Albany,PM2.5-24hr,UG/M3,5.7,24,New York Dept. of Environmental Conservation,32,0,42.6425,-73.7547,840360010005,AirNow preliminary observations
07/20/26,360050110,Bronx - IS52,PM2.5-24hr,UG/M3,6.1,24,New York Dept. of Environmental Conservation,34,0,40.816101,-73.902199,840360050110,AirNow preliminary observations
07/20/26,360050112,Bronx - IS74,PM2.5-24hr,UG/M3,6.4,24,New York Dept. of Environmental Conservation,36,0,40.814701,-73.886703,840360050112,AirNow preliminary observations
07/20/26,360290005,Buffalo,PM2.5-24hr,UG/M3,18.8,24,New York Dept. of Environmental Conservation,69,1,42.8781,-78.8094,840360290005,AirNow preliminary observations
07/20/26,360310003,Whiteface Mtn,PM2.5-24hr,UG/M3,6.7,24,New York Dept. of Environmental Conservation,37,0,44.39308,-73.8589,840360310003,AirNow preliminary observations
07/20/26,360470052,Bklyn - PS 314,PM2.5-24hr,UG/M3,6.1,24,New York Dept. of Environmental Conservation,34,0,40.641819,-74.018707,840360470052,AirNow preliminary observations
07/20/26,360550015,Rochester Near-road,PM2.5-24hr,UG/M3,11.3,24,New York Dept. of Environmental Conservation,55,1,43.145021,-77.557608,840360550015,AirNow preliminary observations
07/20/26,360551007,Rochester,PM2.5-24hr,UG/M3,9.4,24,New York Dept. of Environmental Conservation,52,1,43.1461,-77.5481,840360551007,AirNow preliminary observations
07/20/26,360610115,Manhattan/IS143,PM2.5-24hr,UG/M3,4.6,24,New York Dept. of Environmental Conservation,26,0,40.8492,-73.9319,840360610115,AirNow preliminary observations
07/20/26,360610135,CCNY,PM2.5-24hr,UG/M3,6.8,24,New York Dept. of Environmental Conservation,38,0,40.8197,-73.9481,840360610135,AirNow preliminary observations
07/20/26,360652001,Utica,PM2.5-24hr,UG/M3,2.7,24,New York Dept. of Environmental Conservation,15,0,43.0994,-75.225,840360652001,AirNow preliminary observations
07/20/26,360671015,E Syracuse,PM2.5-24hr,UG/M3,5.4,24,New York Dept. of Environmental Conservation,30,0,43.0528,-76.0597,840360671015,AirNow preliminary observations
07/20/26,360710002,Newburgh,PM2.5-24hr,UG/M3,1.9,24,New York Dept. of Environmental Conservation,11,0,41.4994,-74.0097,840360710002,AirNow preliminary observations
07/20/26,360810120,Maspeth,PM2.5-24hr,UG/M3,2.8,24,New York Dept. of Environmental Conservation,16,0,40.7269,-73.8933,840360810120,AirNow preliminary observations
07/20/26,360810124,Queens,PM2.5-24hr,UG/M3,6.5,24,New York Dept. of Environmental Conservation,36,0,40.7375,-73.8244,840360810124,AirNow preliminary observations
07/20/26,360810125,Queens Near-road,PM2.5-24hr,UG/M3,6.4,24,New York Dept. of Environmental Conservation,36,0,40.739264,-73.817694,840360810125,AirNow preliminary observations
07/20/26,360850111,Fresh Kills,PM2.5-24hr,UG/M3,6.5,24,New York Dept. of Environmental Conservation,36,0,40.5802,-74.1994,840360850111,AirNow preliminary observations
07/20/26,360870005,Rockland Cty,PM2.5-24hr,UG/M3,0.2,24,New York Dept. of Environmental Conservation,1,0,41.182079,-74.028191,840360870005,AirNow preliminary observations
07/20/26,361010003,Pinnacle State Park,PM2.5-24hr,UG/M3,9.3,24,New York Dept. of Environmental Conservation,51,1,42.0972,-77.2103,840361010003,AirNow preliminary observations
07/20/26,361030009,Holtsville,PM2.5-24hr,UG/M3,5.6,24,New York Dept. of Environmental Conservation,31,0,40.8278,-73.0575,840361030009,AirNow preliminary observations
07/20/26,361192004,White Plains,PM2.5-24hr,UG/M3,1.7,24,New York Dept. of Environmental Conservation,9,0,41.0522,-73.7642,840361192004,AirNow preliminary observations
07/20/26,370210034,BDED,PM2.5-24hr,UG/M3,6.8,24,North Carolina DEQ - Division of Air Quality,38,0,35.60662,-82.582551,840370210034,AirNow preliminary observations
07/20/26,370350004,HICKORY,PM2.5-24hr,UG/M3,7.0,24,North Carolina DEQ - Division of Air Quality,39,0,35.728889,-81.365556,840370350004,AirNow preliminary observations
07/20/26,370510009,W OWEN SCH,PM2.5-24hr,UG/M3,9.8,24,North Carolina DEQ - Division of Air Quality,52,1,35.041416,-78.953112,840370510009,AirNow preliminary observations
07/20/26,370570002,LWATTOWR,PM2.5-24hr,UG/M3,9.2,24,North Carolina DEQ - Division of Air Quality,51,1,35.8145,-80.2627,840370570002,AirNow preliminary observations
07/20/26,370630015,Durham Armory,PM2.5-24hr,UG/M3,4.0,24,North Carolina DEQ - Division of Air Quality,22,0,36.032955,-78.904037,840370630015,AirNow preliminary observations
07/20/26,370630099,Burdens Creek,PM2.5-24hr,UG/M3,5.9,24,EPA Office of State Air Partnerships,33,0,35.889402,-78.8747,840370630099,AirNow preliminary observations
07/20/26,370650099,LEGGETT,PM2.5-24hr,UG/M3,5.6,24,North Carolina DEQ - Division of Air Quality,31,0,35.988278,-77.5843,840370650099,AirNow preliminary observations
07/20/26,370670022,Hattie Avenue,PM2.5-24hr,UG/M3,8.9,24,Forsyth County Office of Environmental Assistance and Protection,49,0,36.110927,-80.224435,840370670022,AirNow preliminary observations
07/20/26,370670030,Clemmons Middle,PM2.5-24hr,UG/M3,7.2,24,Forsyth County Office of Environmental Assistance and Protection,40,0,36.025979,-80.342254,840370670030,AirNow preliminary observations
07/20/26,370810013,MENDNHAL,PM2.5-24hr,UG/M3,7.4,24,North Carolina DEQ - Division of Air Quality,41,0,36.109006,-79.802314,840370810013,AirNow preliminary observations
07/20/26,371010002,JOHNSTON,PM2.5-24hr,UG/M3,6.4,24,North Carolina DEQ - Division of Air Quality,36,0,35.59095,-78.4622,840371010002,AirNow preliminary observations
07/20/26,371190041,Garinger,PM2.5-24hr,UG/M3,8.5,24,Mecklenburg County Air Quality,47,0,35.2411,-80.7831,840371190041,AirNow preliminary observations
07/20/26,371190045,Remount,PM2.5-24hr,UG/M3,10.5,24,Mecklenburg County Air Quality,54,1,35.213171,-80.874084,840371190045,AirNow preliminary observations
07/20/26,371210004,Spruce Pine,PM2.5-24hr,UG/M3,4.9,24,North Carolina DEQ - Division of Air Quality,27,0,35.912487,-82.062082,840371210004,AirNow preliminary observations
07/20/26,371230001,Candor FRO,PM2.5-24hr,UG/M3,8.1,24,North Carolina DEQ - Division of Air Quality,45,0,35.263165,-79.836636,840371230001,AirNow preliminary observations
07/20/26,371310003,Northampton,PM2.5-24hr,UG/M3,9.8,24,North Carolina DEQ - Division of Air Quality,52,1,36.511708,-77.655389,840371310003,AirNow preliminary observations
07/20/26,371470006,PITTAGCT,PM2.5-24hr,UG/M3,7.8,24,North Carolina DEQ - Division of Air Quality,43,0,35.641276,-77.360126,840371470006,AirNow preliminary observations
07/20/26,371590021,ROCKWELL,PM2.5-24hr,UG/M3,8.9,24,North Carolina DEQ - Division of Air Quality,49,0,35.551868,-80.395039,840371590021,AirNow preliminary observations
07/20/26,371730002,BRYSON,PM2.5-24hr,UG/M3,5.3,24,North Carolina DEQ - Division of Air Quality,29,0,35.434767,-83.442133,840371730002,AirNow preliminary observations
07/20/26,371830014,Millbrook NCore,PM2.5-24hr,UG/M3,4.9,24,North Carolina DEQ - Division of Air Quality,27,0,35.856111,-78.574167,840371830014,AirNow preliminary observations
07/20/26,371830021,Triple Oak - Near Road,PM2.5-24hr,UG/M3,7.7,24,North Carolina DEQ - Division of Air Quality,43,0,35.8652,-78.8197,840371830021,AirNow preliminary observations
07/20/26,380171004,Fargo NW,PM2.5-24hr,UG/M3,15.8,24,North Dakota Department of Environmental Quality,63,1,46.933601,-96.854698,840380171004,AirNow preliminary observations
07/20/26,390030009,Lima,PM2.5-24hr,UG/M3,33.7,24,Ohio EPA-DAPC,97,1,40.771,-84.0539,840390030009,AirNow preliminary observations
07/20/26,390230005,Springfield Fire St1,PM2.5-24hr,UG/M3,33.5,24,Ohio EPA-DAPC,96,1,39.92882,-83.80949,840390230005,AirNow preliminary observations
07/20/26,390350034,District 6,PM2.5-24hr,UG/M3,30.3,24,Ohio EPA-DAPC,90,1,41.55523,-81.575256,840390350034,AirNow preliminary observations
07/20/26,390350038,St Theodosius,PM2.5-24hr,UG/M3,35.5,24,Ohio EPA-DAPC,101,2,41.477011,-81.682383,840390350038,AirNow preliminary observations
07/20/26,390350045,Cleveland Fire St13,PM2.5-24hr,UG/M3,32.2,24,Ohio EPA-DAPC,94,1,41.471782,-81.656792,840390350045,AirNow preliminary observations
07/20/26,390350060,GT Craig NCore PAMS,PM2.5-24hr,UG/M3,36.1,24,Ohio EPA-DAPC,102,2,41.492191,-81.678552,840390350060,AirNow preliminary observations
07/20/26,390350065,Harvard Yards,PM2.5-24hr,UG/M3,36.6,24,Ohio EPA-DAPC,104,2,41.446682,-81.662419,840390350065,AirNow preliminary observations
07/20/26,390350073,Cleveland Near Road,PM2.5-24hr,UG/M3,28.8,24,Ohio EPA-DAPC,88,1,41.4409,-81.4949,840390350073,AirNow preliminary observations
07/20/26,390490029,New Albany,PM2.5-24hr,UG/M3,29.4,24,Ohio EPA-DAPC,89,1,40.0845,-82.81552,840390490029,AirNow preliminary observations
07/20/26,390490034,Fairgrounds,PM2.5-24hr,UG/M3,32.8,24,Ohio EPA-DAPC,95,1,40.002734,-82.994404,840390490034,AirNow preliminary observations
07/20/26,390490038,Smoky Row Near Road,PM2.5-24hr,UG/M3,30.1,24,Ohio EPA-DAPC,90,1,40.11109,-83.065376,840390490038,AirNow preliminary observations
07/20/26,390490081,Maple Canyon,PM2.5-24hr,UG/M3,36.6,24,Ohio EPA-DAPC,104,2,40.087807,-82.959585,840390490081,AirNow preliminary observations
07/20/26,390610006,Sycamore,PM2.5-24hr,UG/M3,25.9,24,Ohio EPA-DAPC,82,1,39.2787,-84.36612,840390610006,AirNow preliminary observations
07/20/26,390610010,Colerain,PM2.5-24hr,UG/M3,23.9,24,Ohio EPA-DAPC,79,1,39.21494,-84.69086,840390610010,AirNow preliminary observations
07/20/26,390610040,Taft NCore PAMS,PM2.5-24hr,UG/M3,31.9,24,Ohio EPA-DAPC,93,1,39.12886,-84.50404,840390610040,AirNow preliminary observations
07/20/26,390610048,Cincinnati Near Road,PM2.5-24hr,UG/M3,26.8,24,Ohio EPA-DAPC,84,1,39.146025,-84.538375,840390610048,AirNow preliminary observations
07/20/26,390810017,Steubenville,PM2.5-24hr,UG/M3,31.4,24,Ohio EPA-DAPC,93,1,40.366452,-80.615691,840390810017,AirNow preliminary observations
07/20/26,390850007,Painesville,PM2.5-24hr,UG/M3,17.5,24,Ohio EPA-DAPC,67,1,41.726811,-81.242156,840390850007,AirNow preliminary observations
07/20/26,390870012,ODOT Ironton,PM2.5-24hr,UG/M3,28.9,24,Ohio EPA-DAPC,88,1,38.508114,-82.659301,840390870012,AirNow preliminary observations
07/20/26,390950024,Erie,PM2.5-24hr,UG/M3,40.0,24,Ohio EPA-DAPC,112,2,41.644067,-83.54625,840390950024,AirNow preliminary observations
07/20/26,390951003,Eastside Pump St,PM2.5-24hr,UG/M3,39.5,24,Ohio EPA-DAPC,111,2,41.7194,-83.475,840390951003,AirNow preliminary observations
07/20/26,391030004,Chippewa,PM2.5-24hr,UG/M3,37.8,24,Ohio EPA-DAPC,107,2,41.0604,-81.9239,840391030004,AirNow preliminary observations
07/20/26,391130038,Sinclair,PM2.5-24hr,UG/M3,35.7,24,Ohio EPA-DAPC,102,2,39.758235,-84.197375,840391130038,AirNow preliminary observations
07/20/26,391351001,Preble NCore,PM2.5-24hr,UG/M3,32.6,24,Ohio EPA-DAPC,95,1,39.83562,-84.72049,840391351001,AirNow preliminary observations
07/20/26,391450013,Portsmouth Water Treatment Plant,PM2.5-24hr,UG/M3,33.0,24,Ohio EPA-DAPC,96,1,38.754595,-82.917,840391450013,AirNow preliminary observations
07/20/26,391510020,Canton,PM2.5-24hr,UG/M3,27.0,24,Ohio EPA-DAPC,84,1,40.800717,-81.373,840391510020,AirNow preliminary observations
07/20/26,391530017,East HS,PM2.5-24hr,UG/M3,28.7,24,Ohio EPA-DAPC,88,1,41.063526,-81.468956,840391530017,AirNow preliminary observations
07/20/26,391550014,Laird Eng Bldg,PM2.5-24hr,UG/M3,25.3,24,Ohio EPA-DAPC,81,1,41.23172,-80.80116,840391550014,AirNow preliminary observations
07/20/26,391650007,Lebanon,PM2.5-24hr,UG/M3,26.9,24,Ohio EPA-DAPC,84,1,39.42689,-84.20077,840391650007,AirNow preliminary observations
07/20/26,400270049,Moore,PM2.5-24hr,UG/M3,18.3,24,Oklahoma Department of Environmental Quality,68,1,35.32,-97.4883,840400270049,AirNow preliminary observations
07/20/26,400430860,Seiling,PM2.5-24hr,UG/M3,13.2,24,Oklahoma Department of Environmental Quality,59,1,36.1589,-98.9353,840400430860,AirNow preliminary observations
07/20/26,400710604,Ponca City,PM2.5-24hr,UG/M3,18.8,24,Oklahoma Department of Environmental Quality,69,1,36.697189,-97.081278,840400710604,AirNow preliminary observations
07/20/26,401090097,Near Road OKC,PM2.5-24hr,UG/M3,15.8,24,Oklahoma Department of Environmental Quality,63,1,35.502968,-97.577674,840401090097,AirNow preliminary observations
07/20/26,401091037,North OKC,PM2.5-24hr,UG/M3,16.3,24,Oklahoma Department of Environmental Quality,64,1,35.614131,-97.475083,840401091037,AirNow preliminary observations
07/20/26,401359021,ROLAND,PM2.5-24hr,UG/M3,15.7,24,Cherokee Nation,63,1,35.408138,-94.524414,840401359021,AirNow preliminary observations
07/20/26,401430174,Glenpool,PM2.5-24hr,UG/M3,19.8,24,Oklahoma Department of Environmental Quality,71,1,35.9525,-96.0033,840401430174,AirNow preliminary observations
07/20/26,401431127,Tulsa,PM2.5-24hr,UG/M3,19.6,24,Oklahoma Department of Environmental Quality,71,1,36.206699,-95.976402,840401431127,AirNow preliminary observations
07/20/26,420030008,Lawrenceville,PM2.5-24hr,UG/M3,25.6,24,Allegheny County,82,1,40.4656,-79.9611,840420030008,AirNow preliminary observations
07/20/26,420030064,Liberty (SAHS),PM2.5-24hr,UG/M3,27.6,24,Allegheny County,85,1,40.323761,-79.868151,840420030064,AirNow preliminary observations
07/20/26,420030067,South Fayette,PM2.5-24hr,UG/M3,23.1,24,Allegheny County,77,1,40.381901,-80.1856,840420030067,AirNow preliminary observations
07/20/26,420031008,Harrison Township,PM2.5-24hr,UG/M3,22.2,24,Allegheny County,75,1,40.617488,-79.727664,840420031008,AirNow preliminary observations
07/20/26,420031376,Parkway East (Near Road),PM2.5-24hr,UG/M3,23.7,24,Allegheny County,78,1,40.437431,-79.863572,840420031376,AirNow preliminary observations
07/20/26,420050001,Kittanning,PM2.5-24hr,UG/M3,19.6,24,Pennsylvania Dept. of Environmental Protection,71,1,40.8142,-79.565,840420050001,AirNow preliminary observations
07/20/26,420070014,Beaver Falls,PM2.5-24hr,UG/M3,22.5,24,Pennsylvania Dept. of Environmental Protection,76,1,40.747799,-80.316704,840420070014,AirNow preliminary observations
07/20/26,420110011,Reading Airport,PM2.5-24hr,UG/M3,11.2,24,Pennsylvania Dept. of Environmental Protection,55,1,40.3833,-75.9686,840420110011,AirNow preliminary observations
07/20/26,420130801,Altoona,PM2.5-24hr,UG/M3,20.0,24,Pennsylvania Dept. of Environmental Protection,71,1,40.515,-78.3889,840420130801,AirNow preliminary observations
07/20/26,420150011,Towanda,PM2.5-24hr,UG/M3,10.0,24,Pennsylvania Dept. of Environmental Protection,53,1,41.705226,-76.512726,840420150011,AirNow preliminary observations
07/20/26,420210011,Johnstown,PM2.5-24hr,UG/M3,25.3,24,Pennsylvania Dept. of Environmental Protection,81,1,40.3097,-78.9158,840420210011,AirNow preliminary observations
07/20/26,420270100,State College,PM2.5-24hr,UG/M3,21.1,24,Pennsylvania Dept. of Environmental Protection,73,1,40.8114,-77.8769,840420270100,AirNow preliminary observations
07/20/26,420290100,New Garden,PM2.5-24hr,UG/M3,11.8,24,Pennsylvania Dept. of Environmental Protection,56,1,39.8344,-75.7678,840420290100,AirNow preliminary observations
07/20/26,420334000,Moshannon,PM2.5-24hr,UG/M3,16.5,24,Pennsylvania Dept. of Environmental Protection,65,1,41.1175,-78.5261,840420334000,AirNow preliminary observations
07/20/26,420410101,Carlisle,PM2.5-24hr,UG/M3,18.6,24,Pennsylvania Dept. of Environmental Protection,69,1,40.2464,-77.1867,840420410101,AirNow preliminary observations
07/20/26,420430401,Harrisburg,PM2.5-24hr,UG/M3,16.1,24,Pennsylvania Dept. of Environmental Protection,64,1,40.246992,-76.846988,840420430401,AirNow preliminary observations
07/20/26,420431100,Hershey,PM2.5-24hr,UG/M3,17.7,24,Pennsylvania Dept. of Environmental Protection,67,1,40.2722,-76.6814,840420431100,AirNow preliminary observations
07/20/26,420450002,Chester,PM2.5-24hr,UG/M3,13.3,24,Pennsylvania Dept. of Environmental Protection,59,1,39.8356,-75.3725,840420450002,AirNow preliminary observations
07/20/26,420450109,Marcus Hook,PM2.5-24hr,UG/M3,11.9,24,Pennsylvania Dept. of Environmental Protection,56,1,39.818715,-75.413973,840420450109,AirNow preliminary observations
07/20/26,420490003,Erie,PM2.5-24hr,UG/M3,22.8,24,Pennsylvania Dept. of Environmental Protection,77,1,42.1428,-80.0372,840420490003,AirNow preliminary observations
07/20/26,420590002,Holbrook,PM2.5-24hr,UG/M3,25.4,24,Pennsylvania Dept. of Environmental Protection,81,1,39.82,-80.2897,840420590002,AirNow preliminary observations
07/20/26,420630004,Strongstown,PM2.5-24hr,UG/M3,26.6,24,Pennsylvania Dept. of Environmental Protection,84,1,40.5633,-78.92,840420630004,AirNow preliminary observations
07/20/26,420692006,Scranton,PM2.5-24hr,UG/M3,8.9,24,Pennsylvania Dept. of Environmental Protection,49,0,41.4428,-75.6231,840420692006,AirNow preliminary observations
07/20/26,420710007,Lancaster,PM2.5-24hr,UG/M3,19.6,24,Pennsylvania Dept. of Environmental Protection,71,1,40.0467,-76.2833,840420710007,AirNow preliminary observations
07/20/26,420710012,Lancaster DW,PM2.5-24hr,UG/M3,15.7,24,Pennsylvania Dept. of Environmental Protection,63,1,40.0439,-76.1125,840420710012,AirNow preliminary observations
07/20/26,420770004,Allentown,PM2.5-24hr,UG/M3,10.2,24,Pennsylvania Dept. of Environmental Protection,53,1,40.6119,-75.4325,840420770004,AirNow preliminary observations
07/20/26,420850100,Farrell,PM2.5-24hr,UG/M3,19.8,24,Pennsylvania Dept. of Environmental Protection,71,1,41.215,-80.485,840420850100,AirNow preliminary observations
07/20/26,420890002,Swiftwater,PM2.5-24hr,UG/M3,7.8,24,Pennsylvania Dept. of Environmental Protection,43,0,41.083099,-75.3283,840420890002,AirNow preliminary observations
07/20/26,420910013,Norristown,PM2.5-24hr,UG/M3,11.0,24,Pennsylvania Dept. of Environmental Protection,55,1,40.1122,-75.3092,840420910013,AirNow preliminary observations
07/20/26,420950025,Freemansburg,PM2.5-24hr,UG/M3,10.7,24,Pennsylvania Dept. of Environmental Protection,54,1,40.6281,-75.3411,840420950025,AirNow preliminary observations
07/20/26,421010004,LABP,PM2.5-24hr,UG/M3,12.0,24,Philadelphia Air Management Services,56,1,40.00892,-75.09777,840421010004,AirNow preliminary observations
07/20/26,421010048,NEW,PM2.5-24hr,UG/M3,10.0,24,Philadelphia Air Management Services,53,1,39.991389,-75.080833,840421010048,AirNow preliminary observations
07/20/26,421010055,RIT,PM2.5-24hr,UG/M3,9.9,24,Philadelphia Air Management Services,52,1,39.922516,-75.186783,840421010055,AirNow preliminary observations
07/20/26,421010057,FAB,PM2.5-24hr,UG/M3,13.9,24,Philadelphia Air Management Services,60,1,39.9603,-75.1424,840421010057,AirNow preliminary observations
07/20/26,421010075,TOR,PM2.5-24hr,UG/M3,9.9,24,Philadelphia Air Management Services,52,1,40.054171,-74.985166,840421010075,AirNow preliminary observations
07/20/26,421010076,MON,PM2.5-24hr,UG/M3,16.0,24,Philadelphia Air Management Services,64,1,39.988842,-75.207205,840421010076,AirNow preliminary observations
07/20/26,421174000,Tioga County,PM2.5-24hr,UG/M3,11.8,24,Pennsylvania Dept. of Environmental Protection,56,1,41.6447,-76.9392,840421174000,AirNow preliminary observations
07/20/26,421250005,Charleroi,PM2.5-24hr,UG/M3,26.3,24,Pennsylvania Dept. of Environmental Protection,83,1,40.1469,-79.9033,840421250005,AirNow preliminary observations
07/20/26,421255001,Florence,PM2.5-24hr,UG/M3,21.8,24,Pennsylvania Dept. of Environmental Protection,75,1,40.4447,-80.42,840421255001,AirNow preliminary observations
07/20/26,421255200,Houston,PM2.5-24hr,UG/M3,23.1,24,Pennsylvania Dept. of Environmental Protection,77,1,40.269,-80.244,840421255200,AirNow preliminary observations
07/20/26,421290008,Greensburg,PM2.5-24hr,UG/M3,24.3,24,Pennsylvania Dept. of Environmental Protection,79,1,40.3053,-79.5061,840421290008,AirNow preliminary observations
07/20/26,421330008,York,PM2.5-24hr,UG/M3,19.0,24,Pennsylvania Dept. of Environmental Protection,69,1,39.9653,-76.6994,840421330008,AirNow preliminary observations
07/20/26,440030002,W Greenwich,PM2.5-24hr,UG/M3,2.5,24,Rhode Island Dept. of Environmental Management,14,0,41.615,-71.7197,840440030002,AirNow preliminary observations
07/20/26,440070022,CCRI Providence,PM2.5-24hr,UG/M3,3.5,24,Rhode Island Dept. of Environmental Management,19,0,41.807523,-71.41392,840440070022,AirNow preliminary observations
07/20/26,440071010,E Providence,PM2.5-24hr,UG/M3,5.2,24,Rhode Island Dept. of Environmental Management,29,0,41.840302,-71.361702,840440071010,AirNow preliminary observations
07/20/26,440090007,Narragansett,PM2.5-24hr,UG/M3,3.2,24,Rhode Island Dept. of Environmental Management,18,0,41.4942,-71.4219,840440090007,AirNow preliminary observations
07/20/26,460110003,Research Farm,PM2.5-24hr,UG/M3,11.6,24,South Dakota Department of Agriculture and Natural Resources,56,1,44.348604,-96.807299,840460110003,AirNow preliminary observations
07/20/26,460290002,Watertown,PM2.5-24hr,UG/M3,11.4,24,South Dakota Department of Agriculture and Natural Resources,55,1,44.89965,-97.128802,840460290002,AirNow preliminary observations
07/20/26,470090011,MARYVILL,PM2.5-24hr,UG/M3,8.9,24,Tennessee Air Pollution Control Div.,49,0,35.7683,-83.9422,840470090011,AirNow preliminary observations
07/20/26,470090101,Look Rock - GSMNP,PM2.5-24hr,UG/M3,8.4,24,National Park Service,47,0,35.63346,-83.94158,840470090101,AirNow preliminary observations
07/20/26,470370023,LOCKELAND,PM2.5-24hr,UG/M3,7.6,24,Davidson County PCD,42,0,36.1767,-86.7386,840470370023,AirNow preliminary observations
07/20/26,470450004,DYERSBURG,PM2.5-24hr,UG/M3,10.2,24,Tennessee Air Pollution Control Div.,53,1,36.0528,-89.3819,840470450004,AirNow preliminary observations
07/20/26,470654002,Siskin Dr,PM2.5-24hr,UG/M3,10.0,24,Chattanooga-Hamilton County Air Pollution Control Bureau,53,1,35.051006,-85.292867,840470654002,AirNow preliminary observations
07/20/26,470931013,AIR LAB,PM2.5-24hr,UG/M3,8.5,24,Knox County Dept. of Air Quality Management ,47,0,35.9803,-83.9306,840470931013,AirNow preliminary observations
07/20/26,470931020,SPRINGHILL,PM2.5-24hr,UG/M3,10.2,24,Knox County Dept. of Air Quality Management ,53,1,36.0183,-83.8761,840470931020,AirNow preliminary observations
07/20/26,471050109,LOUDONMS,PM2.5-24hr,UG/M3,8.7,24,Tennessee Air Pollution Control Div.,48,0,35.7197,-84.3417,840471050109,AirNow preliminary observations
07/20/26,471071002,ATHENS,PM2.5-24hr,UG/M3,9.7,24,Tennessee Air Pollution Control Div.,52,1,35.4511,-84.5992,840471071002,AirNow preliminary observations
07/20/26,471192007,Columbia,PM2.5-24hr,UG/M3,9.2,24,Tennessee Air Pollution Control Div.,51,1,35.65188,-87.0096,840471192007,AirNow preliminary observations
07/20/26,471450004,Harriman,PM2.5-24hr,UG/M3,5.6,24,Tennessee Air Pollution Control Div.,31,0,35.9386,-84.5439,840471450004,AirNow preliminary observations
07/20/26,471570075,SHELBY FARMS,PM2.5-24hr,UG/M3,15.7,24,Shelby County Health Department,63,1,35.151588,-89.85022,840471570075,AirNow preliminary observations
07/20/26,471631007,Kingsport,PM2.5-24hr,UG/M3,7.3,24,Tennessee Air Pollution Control Div.,41,0,36.5408,-82.5217,840471631007,AirNow preliminary observations
07/20/26,471650007,HVILLE,PM2.5-24hr,UG/M3,8.5,24,Tennessee Air Pollution Control Div.,47,0,36.2975,-86.6525,840471650007,AirNow preliminary observations
07/20/26,500030004,Bennington,PM2.5-24hr,UG/M3,4.7,24,Vermont Air Quality & Climate Division,26,0,42.887501,-73.249702,840500030004,AirNow preliminary observations
07/20/26,500070007,Underhill,PM2.5-24hr,UG/M3,5.8,24,Vermont Air Quality & Climate Division,32,0,44.528389,-72.868973,840500070007,AirNow preliminary observations
07/20/26,500210002,Rutland,PM2.5-24hr,UG/M3,6.7,24,Vermont Air Quality & Climate Division,37,0,43.608528,-72.98246,840500210002,AirNow preliminary observations
07/20/26,510030001,Albemarle HS,PM2.5-24hr,UG/M3,23.5,24,Virginia Dept. of Environmental Quality,78,1,38.07657,-78.50397,840510030001,AirNow preliminary observations
07/20/26,510360002,SHIRLEY PLANTATION,PM2.5-24hr,UG/M3,18.6,24,Virginia Dept. of Environmental Quality,69,1,37.34438,-77.25925,840510360002,AirNow preliminary observations
07/20/26,510410004,BEACH ROAD,PM2.5-24hr,UG/M3,16.9,24,Virginia Dept. of Environmental Quality,66,1,37.35748,-77.59355,840510410004,AirNow preliminary observations
07/20/26,510590030,FRANCONIA,PM2.5-24hr,UG/M3,20.1,24,Virginia Dept. of Environmental Quality,71,1,38.77335,-77.10468,840510590030,AirNow preliminary observations
07/20/26,510690010,REST - LESTER BUILDING SYSTEMS,PM2.5-24hr,UG/M3,22.9,24,Virginia Dept. of Environmental Quality,77,1,39.28102,-78.08157,840510690010,AirNow preliminary observations
07/20/26,510870014,MATH & SCIENCE CTR,PM2.5-24hr,UG/M3,20.0,24,Virginia Dept. of Environmental Quality,71,1,37.55652,-77.40027,840510870014,AirNow preliminary observations
07/20/26,511071005,ASHBURN,PM2.5-24hr,UG/M3,22.1,24,Virginia Dept. of Environmental Quality,75,1,39.02473,-77.48925,840511071005,AirNow preliminary observations
07/20/26,511130003,Shenandoah NP,PM2.5-24hr,UG/M3,19.8,24,Virginia Dept. of Environmental Quality,71,1,38.5231,-78.4347,840511130003,AirNow preliminary observations
07/20/26,511611004,VINTON - Herman Horn ES,PM2.5-24hr,UG/M3,17.6,24,Virginia Dept. of Environmental Quality,67,1,37.28342,-79.88452,840511611004,AirNow preliminary observations
07/20/26,511650003,Rockingham,PM2.5-24hr,UG/M3,24.7,24,Virginia Dept. of Environmental Quality,80,1,38.47753,-78.81952,840511650003,AirNow preliminary observations
07/20/26,516500008,HAMPTON - NASA,PM2.5-24hr,UG/M3,18.5,24,Virginia Dept. of Environmental Quality,69,1,37.10373,-76.38702,840516500008,AirNow preliminary observations
07/20/26,517100024,NORFOLK - NOAA,PM2.5-24hr,UG/M3,16.5,24,Virginia Dept. of Environmental Quality,65,1,36.85555,-76.30135,840517100024,AirNow preliminary observations
07/20/26,540290009,WEIRTON,PM2.5-24hr,UG/M3,25.9,24,West Virginia Division of Air Quality,82,1,40.42735,-80.59253,840540290009,AirNow preliminary observations
07/20/26,540390020,CHARLESTON,PM2.5-24hr,UG/M3,25.7,24,West Virginia Division of Air Quality,82,1,38.346258,-81.621161,840540390020,AirNow preliminary observations
07/20/26,540511002,MOUNDSVILLE,PM2.5-24hr,UG/M3,27.8,24,West Virginia Division of Air Quality,86,1,39.9158,-80.7342,840540511002,AirNow preliminary observations
07/20/26,550030010,Bad River Tribal School,PM2.5-24hr,UG/M3,31.8,24,Wisconsin Dept. of Natural Resources,93,1,46.6144,-90.6986,840550030010,AirNow preliminary observations
07/20/26,550090005,Green Bay East High,PM2.5-24hr,UG/M3,34.7,24,Wisconsin Dept. of Natural Resources,99,1,44.5167,-87.9939,840550090005,AirNow preliminary observations
07/20/26,550250041,Madison East,PM2.5-24hr,UG/M3,27.6,24,Wisconsin Dept. of Natural Resources,85,1,43.1008,-89.3572,840550250041,AirNow preliminary observations
07/20/26,550270001,Horicon Wildlife Area,PM2.5-24hr,UG/M3,33.0,24,Wisconsin Dept. of Natural Resources,96,1,43.46611,-88.621109,840550270001,AirNow preliminary observations
07/20/26,550350014,Eau Claire,PM2.5-24hr,UG/M3,37.9,24,Wisconsin Dept. of Natural Resources,107,2,44.761398,-91.413002,840550350014,AirNow preliminary observations
07/20/26,550410007,Potawatomi,PM2.5-24hr,UG/M3,52.2,24,Wisconsin Dept. of Natural Resources,142,2,45.5639,-88.81,840550410007,AirNow preliminary observations
07/20/26,550430009,Potosi,PM2.5-24hr,UG/M3,26.3,24,Wisconsin Dept. of Natural Resources,83,1,42.692131,-90.696373,840550430009,AirNow preliminary observations
07/20/26,550590019,Chiwaukee,PM2.5-24hr,UG/M3,41.8,24,Wisconsin Dept. of Natural Resources,117,2,42.5047,-87.8111,840550590019,AirNow preliminary observations
07/20/26,550730012,Lake Dubay,PM2.5-24hr,UG/M3,43.1,24,Wisconsin Dept. of Natural Resources,120,2,44.7072,-89.7697,840550730012,AirNow preliminary observations
07/20/26,550790056,Milwaukee College Ave-Near Road,PM2.5-24hr,UG/M3,41.1,24,Wisconsin Dept. of Natural Resources,115,2,42.93257,-87.93434,840550790056,AirNow preliminary observations
07/20/26,550870009,Appleton AAL,PM2.5-24hr,UG/M3,36.1,24,Wisconsin Dept. of Natural Resources,102,2,44.3069,-88.3956,840550870009,AirNow preliminary observations
07/20/26,550890009,Harrington Beach,PM2.5-24hr,UG/M3,35.4,24,Wisconsin Dept. of Natural Resources,100,1,43.4981,-87.81,840550890009,AirNow preliminary observations
07/20/26,551110007,Devils Lake,PM2.5-24hr,UG/M3,26.4,24,Wisconsin Dept. of Natural Resources,83,1,43.4356,-89.6803,840551110007,AirNow preliminary observations
07/20/26,551330027,Waukesha-Cleveland Ave,PM2.5-24hr,UG/M3,40.3,24,Wisconsin Dept. of Natural Resources,113,2,43.0203,-88.215,840551330027,AirNow preliminary observations
07/20/26,840100010003,Dover,PM2.5-24hr,UG/M3,13.2,24,Delaware Dept. of Natural Resources and Environment,59,1,39.155,-75.518056,840100010003,AirNow preliminary observations
07/20/26,840100031012,Newark,PM2.5-24hr,UG/M3,16.6,24,Delaware Dept. of Natural Resources and Environment,65,1,39.691962,-75.761299,840100031012,AirNow preliminary observations
07/20/26,840110010053,King Greenleaf Rec Center,PM2.5-24hr,UG/M3,17.7,24,District of Columbia - Department of Energy and Environment,67,1,38.875161,-77.012816,840110010053,AirNow preliminary observations
07/20/26,840110010055,Bald Eagle,PM2.5-24hr,UG/M3,16.7,24,District of Columbia - Department of Energy and Environment,65,1,38.81853,-77.01039,840110010055,AirNow preliminary observations
07/20/26,840170190006,Champaign,PM2.5-24hr,UG/M3,45.0,24,Illinois EPA,124,2,40.12306,-88.24017,840170190006,AirNow preliminary observations
07/20/26,840170310052,CHI_MAYFAIR,PM2.5-24hr,UG/M3,46.1,24,Illinois EPA,127,2,41.96548,-87.74992,840170310052,AirNow preliminary observations
07/20/26,840170310119,Kingery Near-road #1,PM2.5-24hr,UG/M3,43.4,24,Illinois EPA,120,2,41.578603,-87.557392,840170310119,AirNow preliminary observations
07/20/26,840170311016,McCook,PM2.5-24hr,UG/M3,46.3,24,Illinois EPA,128,2,41.80117,-87.83194,840170311016,AirNow preliminary observations
07/20/26,840170313301,Summit,PM2.5-24hr,UG/M3,45.3,24,Illinois EPA,125,2,41.78276,-87.80537,840170313301,AirNow preliminary observations
07/20/26,840170890007,Aurora,PM2.5-24hr,UG/M3,41.2,24,Illinois EPA,115,2,41.78471,-88.2422,840170890007,AirNow preliminary observations
07/20/26,840170890124,Elgin_DMV,PM2.5-24hr,UG/M3,57.9,24,Illinois EPA,153,3,42.02131,-88.28298,840170890124,AirNow preliminary observations
07/20/26,840171190024,Granite City Gateway,PM2.5-24hr,UG/M3,43.0,24,Illinois EPA,119,2,38.70063,-90.14476,840171190024,AirNow preliminary observations
07/20/26,840171190120,Alton,PM2.5-24hr,UG/M3,51.5,24,Illinois EPA,140,2,38.901316,-90.146211,840171190120,AirNow preliminary observations
07/20/26,840172010118,Rockford,PM2.5-24hr,UG/M3,39.9,24,Illinois EPA,112,2,42.267002,-89.08917,840172010118,AirNow preliminary observations
07/20/26,840180030015,Ft Wayne - Coliseum,PM2.5-24hr,UG/M3,39.9,24,Indiana Dept. of Environmental Management,112,2,41.08184,-85.08834,840180030015,AirNow preliminary observations
07/20/26,840180190010,Jeffersonville - Bates-Bowyer Av,PM2.5-24hr,UG/M3,22.8,24,Indiana Dept. of Environmental Management,77,1,38.288191,-85.741337,840180190010,AirNow preliminary observations
07/20/26,840180350006,Muncie Central HS,PM2.5-24hr,UG/M3,35.7,24,Indiana Dept. of Environmental Management,101,2,40.1995,-85.38791,840180350006,AirNow preliminary observations
07/20/26,840180372001,Jasper - Post Office,PM2.5-24hr,UG/M3,27.5,24,Indiana Dept. of Environmental Management,85,1,38.391799,-86.929668,840180372001,AirNow preliminary observations
07/20/26,840180430008,New Albany - 4H Road,PM2.5-24hr,UG/M3,21.9,24,Indiana Dept. of Environmental Management,75,1,38.3178,-85.8333,840180430008,AirNow preliminary observations
07/20/26,840180890034,East Chicago - Marina,PM2.5-24hr,UG/M3,41.6,24,Indiana Dept. of Environmental Management,116,2,41.653446,-87.435435,840180890034,AirNow preliminary observations
07/20/26,840180910011,Michigan City - Marsh Elementary,PM2.5-24hr,UG/M3,47.0,24,Indiana Dept. of Environmental Management,129,2,41.70694,-86.89111,840180910011,AirNow preliminary observations
07/20/26,840181470011,Dale - Wallace St,PM2.5-24hr,UG/M3,24.1,24,Indiana Dept. of Environmental Management,79,1,38.1701,-86.98721,840181470011,AirNow preliminary observations
07/20/26,840181630024,Evansville-Oak Hill,PM2.5-24hr,UG/M3,21.9,24,Indiana Dept. of Environmental Management,75,1,37.98852,-87.53141,840181630024,AirNow preliminary observations
07/20/26,840191130042,MCKINLEY STEAM,PM2.5-24hr,UG/M3,26.7,24,Linn Co. Public Health ,84,1,41.98088,-91.65391,840191130042,AirNow preliminary observations
07/20/26,840191531427,EAST HIGH,PM2.5-24hr,UG/M3,20.6,24,Polk Co. Air Quality Division,72,1,41.59975,-93.5995,840191531427,AirNow preliminary observations
07/20/26,840191535885,PUBLIC WORKS,PM2.5-24hr,UG/M3,16.3,24,Polk Co. Air Quality Division,64,1,41.667032,-93.599221,840191535885,AirNow preliminary observations
07/20/26,840191870013,"Ft. Dodge, Day Park",PM2.5-24hr,UG/M3,18.9,24,Iowa DNR,69,1,42.505,-94.177,840191870013,AirNow preliminary observations
07/20/26,840210470007,Pennyrile Forest,PM2.5-24hr,UG/M3,6.6,24,Kentucky DEP,37,0,37.05778,-87.65,840210470007,AirNow preliminary observations
07/20/26,840210590015,Owensboro,PM2.5-24hr,UG/M3,14.6,24,Kentucky DEP,61,1,37.77167,-87.05581,840210590015,AirNow preliminary observations
07/20/26,840210930007,Freeman Lake,PM2.5-24hr,UG/M3,11.4,24,Kentucky DEP,55,1,37.71451,-85.87082,840210930007,AirNow preliminary observations
07/20/26,840211451027,Paducah Transit,PM2.5-24hr,UG/M3,7.6,24,Kentucky DEP,42,0,37.08725,-88.60802,840211451027,AirNow preliminary observations
07/20/26,840230050015,Portland Tukey's Bridge,PM2.5-24hr,UG/M3,7.1,24,Maine Dept. of Environmental Protection,39,0,43.678,-70.2561,840230050015,AirNow preliminary observations
07/20/26,840230056606,Portland Ocean Gateway,PM2.5-24hr,UG/M3,6.0,24,Maine Dept. of Environmental Protection,33,0,43.66079,-70.24557,840230056606,AirNow preliminary observations
07/20/26,840230110016,Augusta LSS,PM2.5-24hr,UG/M3,5.3,24,Maine Dept. of Environmental Protection,29,0,44.3123,-69.7867,840230110016,AirNow preliminary observations
07/20/26,840230290033,Sipayik,PM2.5-24hr,UG/M3,4.2,24,Maine Dept. of Environmental Protection,23,0,44.963459,-67.060476,840230290033,AirNow preliminary observations
07/20/26,840240396431,Princess Anne,PM2.5-24hr,UG/M3,19.9,24,Maryland Department of the Environment,71,1,38.176541,-75.701489,840240396431,AirNow preliminary observations
07/20/26,840245105253,Lake Montebello,PM2.5-24hr,UG/M3,15.3,24,Maryland Department of the Environment,63,1,39.33746,-76.58905,840245105253,AirNow preliminary observations
07/20/26,840250030008,Pittsfield,PM2.5-24hr,UG/M3,5.2,24,Massachusetts Dept. of Environmental Protection,29,0,42.452299,-73.239648,840250030008,AirNow preliminary observations
07/20/26,840250092007,Saugus,PM2.5-24hr,UG/M3,5.1,24,Massachusetts Dept. of Environmental Protection,28,0,42.44472,-70.988889,840250092007,AirNow preliminary observations
07/20/26,840250095006,Haverhill,PM2.5-24hr,UG/M3,4.8,24,Massachusetts Dept. of Environmental Protection,27,0,42.78479,-71.10702,840250095006,AirNow preliminary observations
07/20/26,840250154003,Belchertown,PM2.5-24hr,UG/M3,5.3,24,Massachusetts Dept. of Environmental Protection,29,0,42.27809,-72.35207,840250154003,AirNow preliminary observations
07/20/26,840250170010,Chelmsford - Manning Rd,PM2.5-24hr,UG/M3,4.9,24,Massachusetts Dept. of Environmental Protection,27,0,42.612113,-71.307519,840250170010,AirNow preliminary observations
07/20/26,840250170011,Framingham,PM2.5-24hr,UG/M3,4.6,24,Massachusetts Dept. of Environmental Protection,26,0,42.26381,-71.40565,840250170011,AirNow preliminary observations
07/20/26,840250212005,Weymouth,PM2.5-24hr,UG/M3,4.6,24,Massachusetts Dept. of Environmental Protection,26,0,42.241229,-70.963346,840250212005,AirNow preliminary observations
07/20/26,840250250045,Boston - Chinatown,PM2.5-24hr,UG/M3,5.8,24,Massachusetts Dept. of Environmental Protection,32,0,42.349954,-71.059194,840250250045,AirNow preliminary observations
07/20/26,840250251004,Chelsea,PM2.5-24hr,UG/M3,4.9,24,Massachusetts Dept. of Environmental Protection,27,0,42.387222,-71.026111,840250251004,AirNow preliminary observations
07/20/26,840260490022,Flint,PM2.5-24hr,UG/M3,27.2,24,"Michigan Department of Environment, Great Lakes, and Energy",85,1,43.09174,-83.64775,840260490022,AirNow preliminary observations
07/20/26,840260810023,Grand Rapids - Near Roadway,PM2.5-24hr,UG/M3,46.0,24,"Michigan Department of Environment, Great Lakes, and Energy",127,2,42.88537,-85.67977,840260810023,AirNow preliminary observations
07/20/26,840261030013,Negaunee Twp.,PM2.5-24hr,UG/M3,73.4,24,"Michigan Department of Environment, Great Lakes, and Energy",164,3,46.51793,-87.52125,840261030013,AirNow preliminary observations
07/20/26,840270135510,Mankato - RosaParksElementary,PM2.5-24hr,UG/M3,18.7,24,Minnesota Pollution Control Agency,69,1,44.13619,-93.98103,840270135510,AirNow preliminary observations
07/20/26,840270532006,St. Louis Park,PM2.5-24hr,UG/M3,16.3,24,Minnesota Pollution Control Agency,64,1,44.948,-93.34313,840270532006,AirNow preliminary observations
07/20/26,840271153061,Lake Lena,PM2.5-24hr,UG/M3,23.3,24,Minnesota Pollution Control Agency,77,1,46.01156,-92.47841,840271153061,AirNow preliminary observations
07/20/26,840290950043,Linden Hills,PM2.5-24hr,UG/M3,13.2,24,Missouri Department of Natural Resources,59,1,38.94079,-94.5785,840290950043,AirNow preliminary observations
07/20/26,840310550052,92nd and Berry,PM2.5-24hr,UG/M3,8.2,24,Douglas County Health Department (Omaha),46,0,41.19805,-96.05655,840310550052,AirNow preliminary observations
07/20/26,840310670005,Homestead NHP,PM2.5-24hr,UG/M3,9.4,24,Nebraska Department of Environment and Energy,52,1,40.28506,-96.82431,840310670005,AirNow preliminary observations
07/20/26,840310790005,Grand Island DOT,PM2.5-24hr,UG/M3,8.8,24,Nebraska Department of Environment and Energy,49,0,40.918333,-98.378889,840310790005,AirNow preliminary observations
07/20/26,840311770002,Blair,PM2.5-24hr,UG/M3,7.0,24,Douglas County Health Department (Omaha),39,0,41.550658,-96.146622,840311770002,AirNow preliminary observations
07/20/26,840330012008,Laconia Main St,PM2.5-24hr,UG/M3,3.3,24,New Hampshire Dept. of Environmental Services,18,0,43.52496,-71.46633,840330012008,AirNow preliminary observations
07/20/26,840340011006,Atlantic City PM,PM2.5-24hr,UG/M3,9.2,24,New Jersey Dept. of Environmental Protection,51,1,39.36326,-74.431,840340011006,AirNow preliminary observations
07/20/26,840340130017,Newark Chestnut,PM2.5-24hr,UG/M3,3.6,24,New Jersey Dept. of Environmental Protection,20,0,40.72736,-74.17447,840340130017,AirNow preliminary observations
07/20/26,840340170008,Union City High School,PM2.5-24hr,UG/M3,6.6,24,New Jersey Dept. of Environmental Protection,37,0,40.770908,-74.036218,840340170008,AirNow preliminary observations
07/20/26,840340210008,Trenton,PM2.5-24hr,UG/M3,7.6,24,New Jersey Dept. of Environmental Protection,42,0,40.222421,-74.763167,840340210008,AirNow preliminary observations
07/20/26,840340292002,Toms River,PM2.5-24hr,UG/M3,7.1,24,New Jersey Dept. of Environmental Protection,39,0,39.994908,-74.170447,840340292002,AirNow preliminary observations
07/20/26,840340310005,Paterson,PM2.5-24hr,UG/M3,5.6,24,New Jersey Dept. of Environmental Protection,31,0,40.918381,-74.168092,840340310005,AirNow preliminary observations
07/20/26,840371190048,Friendship Park,PM2.5-24hr,UG/M3,9.4,24,Mecklenburg County Air Quality,52,1,35.281791,-80.851473,840371190048,AirNow preliminary observations
07/20/26,840390090003,Gifford,PM2.5-24hr,UG/M3,30.5,24,Ohio EPA-DAPC,91,1,39.442165,-81.908827,840390090003,AirNow preliminary observations
07/20/26,840390170015,Ohio Bell,PM2.5-24hr,UG/M3,38.4,24,Ohio EPA-DAPC,108,2,39.49072,-84.36374,840390170015,AirNow preliminary observations
07/20/26,840390170022,BPG,PM2.5-24hr,UG/M3,37.6,24,Ohio EPA-DAPC,106,2,39.478686,-84.397112,840390170022,AirNow preliminary observations
07/20/26,84039035CICM,CLEANinCLE MMS,PM2.5-24hr,UG/M3,28.5,24,Ohio EPA-DAPC,87,1,41.44539,-81.53874,84039035CICM,AirNow preliminary observations
07/20/26,840390490041,Finland Elem,PM2.5-24hr,UG/M3,37.8,24,Ohio EPA-DAPC,107,2,39.91998,-83.04087,840390490041,AirNow preliminary observations
07/20/26,840390610014,Carthage,PM2.5-24hr,UG/M3,32.6,24,Ohio EPA-DAPC,95,1,39.194331,-84.478974,840390610014,AirNow preliminary observations
07/20/26,840390610042,Lower Price Hill,PM2.5-24hr,UG/M3,31.1,24,Ohio EPA-DAPC,92,1,39.10492,-84.55117,840390610042,AirNow preliminary observations
07/20/26,840390950026,RAPS,PM2.5-24hr,UG/M3,51.0,24,Ohio EPA-DAPC,139,2,41.62057,-83.64226,840390950026,AirNow preliminary observations
07/20/26,840390990015,Youngstown State,PM2.5-24hr,UG/M3,21.2,24,Ohio EPA-DAPC,74,1,41.106182,-80.640576,840390990015,AirNow preliminary observations
07/20/26,840391450015,East Haverhill,PM2.5-24hr,UG/M3,32.0,24,Ohio EPA-DAPC,94,1,38.59246,-82.80677,840391450015,AirNow preliminary observations
07/20/26,840391510017,Canton Fire St8,PM2.5-24hr,UG/M3,31.7,24,Ohio EPA-DAPC,93,1,40.786803,-81.394153,840391510017,AirNow preliminary observations
07/20/26,840401311169,Tulsa Near Road,PM2.5-24hr,UG/M3,18.4,24,Oklahoma Department of Environmental Quality,68,1,36.1629,-95.79683,840401311169,AirNow preliminary observations
07/20/26,840420030002,Avalon,PM2.5-24hr,UG/M3,25.1,24,Allegheny County,81,1,40.50084,-80.066488,840420030002,AirNow preliminary observations
07/20/26,840420031301,North Braddock,PM2.5-24hr,UG/M3,24.2,24,Allegheny County,79,1,40.402267,-79.860942,840420031301,AirNow preliminary observations
07/20/26,840420033007,Clairton,PM2.5-24hr,UG/M3,23.8,24,Allegheny County,78,1,40.294381,-79.885303,840420033007,AirNow preliminary observations
07/20/26,840420070008,Fort McIntosh,PM2.5-24hr,UG/M3,22.3,24,Pennsylvania Dept. of Environmental Protection,76,1,40.691857,-80.299211,840420070008,AirNow preliminary observations
07/20/26,840420510524,Uniontown,PM2.5-24hr,UG/M3,25.3,24,Pennsylvania Dept. of Environmental Protection,81,1,39.917663,-79.805499,840420510524,AirNow preliminary observations
07/20/26,840420550003,Chambersburg,PM2.5-24hr,UG/M3,23.4,24,Pennsylvania Dept. of Environmental Protection,78,1,39.94416,-77.64413,840420550003,AirNow preliminary observations
07/20/26,840420750101,Lebanon,PM2.5-24hr,UG/M3,15.5,24,Pennsylvania Dept. of Environmental Protection,63,1,40.338516,-76.394788,840420750101,AirNow preliminary observations
07/20/26,840420810419,Salladasburg,PM2.5-24hr,UG/M3,10.7,24,Pennsylvania Dept. of Environmental Protection,54,1,41.266192,-77.230933,840420810419,AirNow preliminary observations
07/20/26,840421150215,New Milford,PM2.5-24hr,UG/M3,6.6,24,Pennsylvania Dept. of Environmental Protection,37,0,41.867336,-75.686602,840421150215,AirNow preliminary observations
07/20/26,840421230004,Warren Overlook,PM2.5-24hr,UG/M3,18.0,24,Pennsylvania Dept. of Environmental Protection,68,1,41.843722,-79.172889,840421230004,AirNow preliminary observations
07/20/26,840421310010,Tunkhannock,PM2.5-24hr,UG/M3,8.4,24,Pennsylvania Dept. of Environmental Protection,47,0,41.605244,-75.95774,840421310010,AirNow preliminary observations
07/20/26,840440070026,Vernon Street,PM2.5-24hr,UG/M3,1.8,24,Rhode Island Dept. of Environmental Management,10,0,41.874683,-71.379936,840440070026,AirNow preliminary observations
07/20/26,840440070040,Near Road,PM2.5-24hr,UG/M3,5.4,24,Rhode Island Dept. of Environmental Management,30,0,41.771987,-71.427881,840440070040,AirNow preliminary observations
07/20/26,840460130004,Aberdeen,PM2.5-24hr,UG/M3,8.5,24,South Dakota Department of Agriculture and Natural Resources,47,0,45.468596,-98.494061,840460130004,AirNow preliminary observations
07/20/26,840460270001,Vermillion,PM2.5-24hr,UG/M3,7.0,24,South Dakota Department of Agriculture and Natural Resources,39,0,42.789453,-96.903867,840460270001,AirNow preliminary observations
07/20/26,840460990009,SF-USD,PM2.5-24hr,UG/M3,8.5,24,South Dakota Department of Agriculture and Natural Resources,47,0,43.59901,-96.78331,840460990009,AirNow preliminary observations
07/20/26,840470931017,Rule,PM2.5-24hr,UG/M3,7.6,24,Knox County Dept. of Air Quality Management ,42,0,35.97773,-83.9504,840470931017,AirNow preliminary observations
07/20/26,840470990003,Loretto,PM2.5-24hr,UG/M3,6.6,24,Tennessee Air Pollution Control Div.,37,0,35.116866,-87.419726,840470990003,AirNow preliminary observations
07/20/26,840471130010,Jackson,PM2.5-24hr,UG/M3,12.7,24,Tennessee Air Pollution Control Div.,58,1,35.705338,-88.81959,840471130010,AirNow preliminary observations
07/20/26,840471252001,Clarksville,PM2.5-24hr,UG/M3,9.6,24,Tennessee Air Pollution Control Div.,52,1,36.611411,-87.384666,840471252001,AirNow preliminary observations
07/20/26,840471410006,Cookeville CC,PM2.5-24hr,UG/M3,5.8,24,Tennessee Air Pollution Control Div.,32,0,36.16304,-85.52908,840471410006,AirNow preliminary observations
07/20/26,840510590031,Northern VA Near Road,PM2.5-24hr,UG/M3,21.5,24,Virginia Dept. of Environmental Quality,74,1,38.7684,-77.18347,840510590031,AirNow preliminary observations
07/20/26,840510870015,Piedmont Regional Office,PM2.5-24hr,UG/M3,21.7,24,Virginia Dept. of Environmental Quality,74,1,37.67138,-77.56777,840510870015,AirNow preliminary observations
07/20/26,840515200006,Bristol,PM2.5-24hr,UG/M3,6.8,24,Virginia Dept. of Environmental Quality,38,0,36.64249,-82.10738,840515200006,AirNow preliminary observations
07/20/26,840517600025,Richmond City Near Road,PM2.5-24hr,UG/M3,18.6,24,Virginia Dept. of Environmental Quality,69,1,37.59088,-77.46925,840517600025,AirNow preliminary observations
07/20/26,840517750011,Salem,PM2.5-24hr,UG/M3,17.5,24,Virginia Dept. of Environmental Quality,67,1,37.29788,-80.08101,840517750011,AirNow preliminary observations
07/20/26,840518100008,Tidewater Regional Office,PM2.5-24hr,UG/M3,19.1,24,Virginia Dept. of Environmental Quality,70,1,36.84188,-76.18123,840518100008,AirNow preliminary observations
07/20/26,840540090011,"MARLAND HTS, WEIRTON",PM2.5-24hr,UG/M3,24.9,24,West Virginia Division of Air Quality,80,1,40.39458,-80.61202,840540090011,AirNow preliminary observations
07/20/26,840550250047,Madison University Ave,PM2.5-24hr,UG/M3,27.3,24,Wisconsin Dept. of Natural Resources,85,1,43.07378,-89.43595,840550250047,AirNow preliminary observations
07/20/26,840550532002,Ho-Chunk Nation-Black River Falls,PM2.5-24hr,UG/M3,43.3,24,Wisconsin Dept. of Natural Resources,120,2,44.33466,-90.7868,840550532002,AirNow preliminary observations
07/20/26,840550812001,Ho-Chunk Nation-Tomah,PM2.5-24hr,UG/M3,37.0,24,Wisconsin Dept. of Natural Resources,105,2,44.02086,-90.40161,840550812001,AirNow preliminary observations
07/20/26,840TT3830001,WTN1,PM2.5-24hr,UG/M3,12.1,24,Winnebago Tribe of Nebraska,57,1,42.24286,-96.47593,840TT3830001,AirNow preliminary observations
07/20/26,840TT3830002,WTN2,PM2.5-24hr,UG/M3,11.4,24,Winnebago Tribe of Nebraska,55,1,42.26582,-96.53307,840TT3830002,AirNow preliminary observations
07/20/26,CC0011002,FIREHALL-LABRADORCITY2,PM2.5-24hr,UG/M3,1.5,24,Newfoundland & Labrador DEC,8,0,52.94548,-66.910245,124CC0011002,AirNow preliminary observations
07/20/26,CC0040104,FREDERICTON-NEEDHAM ST.,PM2.5-24hr,UG/M3,3.0,24,Canada-New Brunswick1,17,0,45.957344,-66.645562,124CC0040104,AirNow preliminary observations
07/20/26,CC0040203,FOREST HILLS,PM2.5-24hr,UG/M3,4.5,24,Canada-New Brunswick1,25,0,45.308778,-66.008333,124CC0040203,AirNow preliminary observations
07/20/26,CC0040207,SAINT JOHN WEST,PM2.5-24hr,UG/M3,4.7,24,Canada-New Brunswick1,26,0,45.25315,-66.079931,124CC0040207,AirNow preliminary observations
07/20/26,CC0040209,CASTLE ST. SAINT JO,PM2.5-24hr,UG/M3,4.5,24,Canada-New Brunswick1,25,0,45.280278,-66.056111,124CC0040209,AirNow preliminary observations
07/20/26,CC0040901,ST ANDREWS,PM2.5-24hr,UG/M3,3.5,24,Canada-New Brunswick1,19,0,45.086944,-67.073889,124CC0040901,AirNow preliminary observations
07/20/26,CC0041302,BATHURST,PM2.5-24hr,UG/M3,3.3,24,Canada-New Brunswick1,18,0,47.609528,-65.633528,124CC0041302,AirNow preliminary observations
07/20/26,CC0041501,EDMUNDSTON QUEEN ST.,PM2.5-24hr,UG/M3,3.3,24,Canada-New Brunswick1,18,0,47.363195,-68.322302,124CC0041501,AirNow preliminary observations
07/20/26,CC0050103,Saint-Jean-Baptiste,PM2.5-24hr,UG/M3,8.0,24,Canada-Quebec2,44,0,45.641026,-73.499682,124CC0050103,AirNow preliminary observations
07/20/26,CC0050126,Sainte-Anne-de-Bellevue,PM2.5-24hr,UG/M3,6.5,24,Canada-Quebec2,36,0,45.426509,-73.928944,124CC0050126,AirNow preliminary observations
07/20/26,CC0050129,Riviere-des-Prairies,PM2.5-24hr,UG/M3,7.2,24,Canada-Quebec2,40,0,45.651722,-73.573896,124CC0050129,AirNow preliminary observations
07/20/26,CC0050134,Molson,PM2.5-24hr,UG/M3,8.7,24,Canada-Quebec2,48,0,45.542767,-73.572039,124CC0050134,AirNow preliminary observations
07/20/26,CC0050135,Caserne 17,PM2.5-24hr,UG/M3,7.2,24,Canada-Quebec2,40,0,45.593325,-73.637328,124CC0050135,AirNow preliminary observations
07/20/26,CC0050136,St-Dominique,PM2.5-24hr,UG/M3,7.6,24,Canada-Quebec2,42,0,45.512189,-73.566872,124CC0050136,AirNow preliminary observations
07/20/26,CC0050138,York-Roberval,PM2.5-24hr,UG/M3,7.6,24,Canada-Quebec2,42,0,45.464611,-73.582583,124CC0050138,AirNow preliminary observations
07/20/26,TT9209004,Miami,PM2.5-24hr,UG/M3,25.1,24,Quapaw Nation,81,1,36.922222,-94.83889,840TT9209004,AirNow preliminary observations
