{
  "type": "FeatureCollection",
  "features": [
    {
      "type": "Feature",
      "geometry": {
        "type": "Polygon",
        "coordinates": [
          [
            [
              -79.581204,
              35.125303
            ],
            [
              -79.562832,
              35.121629
            ],
            [
              -79.522416,
              35.110606
            ],
            [
              -79.489348,
              35.10142
            ],
            [
              -79.43056,
              35.084886
            ],
            [
              -79.388306,
              35.062841
            ],
            [
              -79.377283,
              35.037121
            ],
            [
              -79.386469,
              35.015076
            ],
            [
              -79.421374,
              35.015076
            ],
            [
              -79.461791,
              35.024261
            ],
            [
              -79.50037,
              35.042633
            ],
            [
              -79.601412,
              35.062841
            ],
            [
              -79.639991,
              35.068352
            ],
            [
              -79.628969,
              35.108769
            ],
            [
              -79.612435,
              35.117955
            ],
            [
              -79.581204,
              35.125303
            ]
          ]
        ]
      },
      "properties": {
        "satellite": "GOES-WEST",
        "start_utc": "2026197 1200",
        "end_utc": "2026197 1500",
        "density": "Light",
        "source": "NOAA Hazard Mapping System"
      }
    },
    {
      "type": "Feature",
      "geometry": {
        "type": "Polygon",
        "coordinates": [
          [
            [
              -96.851769,
              35.357672
            ],
            [
              -97.709732,
              35.462302
            ],
            [
              -99.195473,
              35.441376
            ],
            [
              -99.865103,
              35.273969
            ],
            [
              -100.0,
              35.20073908422776
            ],
            [
              -100.0,
              56.0
            ],
            [
              -74.82821231270768,
              56.0
            ],
            [
              -75.238769,
              55.540733
            ],
            [
              -75.761918,
              54.619992
            ],
            [
              -76.013029,
              53.782954
            ],
            [
              -76.285066,
              52.56925
            ],
            [
              -76.180436,
              51.585732
            ],
            [
              -75.552658,
              50.664991
            ],
            [
              -74.945806,
              50.016287
            ],
            [
              -73.962288,
              49.472213
            ],
            [
              -72.643954,
              49.116472
            ],
            [
              -71.785991,
              48.990916
            ],
            [
              -70.509509,
              48.635176
            ],
            [
              -66.554508,
              46.929712
            ],
            [
              -65.0,
              46.2708053990646
            ],
            [
              -65.0,
              35.0
            ],
            [
              -95.44662908720555,
              35.0
            ],
            [
              -96.851769,
              35.357672
            ]
          ]
        ]
      },
      "properties": {
        "satellite": "GOES-WEST",
        "start_utc": "2026197 1200",
        "end_utc": "2026197 1500",
        "density": "Light",
        "source": "NOAA Hazard Mapping System"
      }
    },
    {
      "type": "Feature",
      "geometry": {
        "type": "Polygon",
        "coordinates": [
          [
            [
              -88.882145,
              52.194549
            ],
            [
              -88.868264,
              52.192916
            ],
            [
              -88.844586,
              52.18965
            ],
            [
              -88.811926,
              52.175769
            ],
            [
              -88.777633,
              52.155357
            ],
            [
              -88.754771,
              52.139844
            ],
            [
              -88.735992,
              52.118615
            ],
            [
              -88.718845,
              52.087588
            ],
            [
              -88.718845,
              52.050845
            ],
            [
              -88.727827,
              52.010837
            ],
            [
              -88.747423,
              51.992874
            ],
            [
              -88.798045,
              51.992058
            ],
            [
              -88.818458,
              52.002672
            ],
            [
              -88.834788,
              52.023085
            ],
            [
              -88.842953,
              52.056561
            ],
            [
              -88.861732,
              52.084322
            ],
            [
              -88.886227,
              52.118615
            ],
            [
              -88.906639,
              52.141477
            ],
            [
              -88.908272,
              52.165971
            ],
            [
              -88.90174,
              52.183118
            ],
            [
              -88.897658,
              52.186384
            ],
            [
              -88.882145,
              52.194549
            ]
          ]
        ]
      },
      "properties": {
        "satellite": "GOES-WEST",
        "start_utc": "2026197 1500",
        "end_utc": "2026197 1700",
        "density": "Light",
        "source": "NOAA Hazard Mapping System"
      }
    },
    {
      "type": "Feature",
      "geometry": {
        "type": "Polygon",
        "coordinates": [
          [
            [
              -89.286923,
              52.589937
            ],
            [
              -89.277737,
              52.584426
            ],
            [
              -89.233646,
              52.566055
            ],
            [
              -89.196904,
              52.544009
            ],
            [
              -89.145465,
              52.49257
            ],
            [
              -89.110559,
              52.442968
            ],
            [
              -89.07198,
              52.376832
            ],
            [
              -89.024215,
              52.279464
            ],
            [
              -88.996658,
              52.228025
            ],
            [
              -88.969101,
              52.161889
            ],
            [
              -88.969101,
              52.090241
            ],
            [
              -88.972776,
              52.035128
            ],
            [
              -89.022378,
              52.011245
            ],
            [
              -89.062794,
              51.998385
            ],
            [
              -89.127093,
              52.029616
            ],
            [
              -89.156487,
              52.075544
            ],
            [
              -89.156487,
              52.090241
            ],
            [
              -89.173021,
              52.152703
            ],
            [
              -89.200578,
              52.211491
            ],
            [
              -89.213438,
              52.237211
            ],
            [
              -89.231809,
              52.266605
            ],
            [
              -89.253855,
              52.308858
            ],
            [
              -89.272226,
              52.349275
            ],
            [
              -89.305294,
              52.393366
            ],
            [
              -89.342036,
              52.453991
            ],
            [
              -89.378779,
              52.514615
            ],
            [
              -89.376941,
              52.545846
            ],
            [
              -89.351222,
              52.584426
            ],
            [
              -89.329176,
              52.589937
            ],
            [
              -89.286923,
              52.589937
            ]
          ]
        ]
      },
      "properties": {
        "satellite": "GOES-WEST",
        "start_utc": "2026197 1500",
        "end_utc": "2026197 1700",
        "density": "Light",
        "source": "NOAA Hazard Mapping System"
      }
    },
    {
      "type": "Feature",
      "geometry": {
        "type": "Polygon",
        "coordinates": [
          [
            [
              -89.163836,
              52.865505
            ],
            [
              -89.105048,
              52.825088
            ],
            [
              -89.079328,
              52.801206
            ],
            [
              -89.04626,
              52.766301
            ],
            [
              -88.978287,
              52.714861
            ],
            [
              -88.939707,
              52.678119
            ],
            [
              -88.901128,
              52.62668
            ],
            [
              -88.851526,
              52.564218
            ],
            [
              -88.818458,
              52.521964
            ],
            [
              -88.730276,
              52.431945
            ],
            [
              -88.643932,
              52.35846
            ],
            [
              -88.58147,
              52.303347
            ],
            [
              -88.484102,
              52.198631
            ],
            [
              -88.427152,
              52.156378
            ],
            [
              -88.381224,
              52.088404
            ],
            [
              -88.388572,
              52.031454
            ],
            [
              -88.412455,
              52.00206
            ],
            [
              -88.465731,
              51.981851
            ],
            [
              -88.509822,
              51.980014
            ],
            [
              -88.563098,
              51.9892
            ],
            [
              -88.649443,
              52.046151
            ],
            [
              -88.693534,
              52.08473
            ],
            [
              -88.757833,
              52.145355
            ],
            [
              -88.812946,
              52.20598
            ],
            [
              -88.873571,
              52.26293
            ],
            [
              -88.919499,
              52.356623
            ],
            [
              -88.974613,
              52.417248
            ],
            [
              -89.016866,
              52.470525
            ],
            [
              -89.095862,
              52.604634
            ],
            [
              -89.110559,
              52.630354
            ],
            [
              -89.176696,
              52.698327
            ],
            [
              -89.217112,
              52.73507
            ],
            [
              -89.244669,
              52.786509
            ],
            [
              -89.240995,
              52.841622
            ],
            [
              -89.229972,
              52.861831
            ],
            [
              -89.196904,
              52.869179
            ],
            [
              -89.163836,
              52.865505
            ]
          ]
        ]
      },
      "properties": {
        "satellite": "GOES-WEST",
        "start_utc": "2026197 1500",
        "end_utc": "2026197 1700",
        "density": "Light",
        "source": "NOAA Hazard Mapping System"
      }
    },
    {
      "type": "Feature",
      "geometry": {
        "type": "Polygon",
        "coordinates": [
          [
            [
              -88.750485,
              51.819114
            ],
            [
              -88.705016,
              51.819114
            ],
            [
              -88.643013,
              51.802579
            ],
            [
              -88.514874,
              51.761244
            ],
            [
              -88.41567,
              51.690975
            ],
            [
              -88.291665,
              51.571103
            ],
            [
              -88.18006,
              51.447097
            ],
            [
              -88.060188,
              51.310691
            ],
            [
              -87.95685,
              51.178419
            ],
            [
              -87.836978,
              51.013078
            ],
            [
              -87.770842,
              50.901473
            ],
            [
              -87.696438,
              50.781601
            ],
            [
              -87.667504,
              50.587326
            ],
            [
              -87.717106,
              50.384784
            ],
            [
              -87.791509,
              50.281446
            ],
            [
              -87.882447,
              50.207043
            ],
            [
              -87.998185,
              50.186375
            ],
            [
              -88.171793,
              50.211176
            ],
            [
              -88.386735,
              50.269046
            ],
            [
              -88.543809,
              50.326915
            ],
            [
              -88.643013,
              50.393051
            ],
            [
              -88.812487,
              50.479855
            ],
            [
              -88.919959,
              50.587326
            ],
            [
              -88.973694,
              50.723732
            ],
            [
              -88.981962,
              50.835337
            ],
            [
              -88.961294,
              50.975877
            ],
            [
              -88.924092,
              51.046146
            ],
            [
              -88.866223,
              51.12055
            ],
            [
              -88.775286,
              51.186686
            ],
            [
              -88.729817,
              51.302424
            ],
            [
              -88.72155,
              51.393362
            ],
            [
              -88.72155,
              51.476032
            ],
            [
              -88.742218,
              51.562836
            ],
            [
              -88.783553,
              51.657906
            ],
            [
              -88.800087,
              51.707509
            ],
            [
              -88.816621,
              51.740577
            ],
            [
              -88.80422,
              51.802579
            ],
            [
              -88.783553,
              51.82738
            ],
            [
              -88.750485,
              51.819114
            ]
          ]
        ]
      },
      "properties": {
        "satellite": "GOES-WEST",
        "start_utc": "2026197 1500",
        "end_utc": "2026197 1700",
        "density": "Light",
        "source": "NOAA Hazard Mapping System"
      }
    },
    {
      "type": "Feature",
      "geometry": {
        "type": "Polygon",
        "coordinates": [
          [
            [
              -87.808043,
              51.504966
            ],
            [
              -87.783242,
              51.517367
            ],
            [
              -87.770842,
              51.525634
            ],
            [
              -87.646836,
              51.484299
            ],
            [
              -87.502163,
              51.405762
            ],
            [
              -87.444294,
              51.376827
            ],
            [
              -87.398825,
              51.380961
            ],
            [
              -87.312022,
              51.405762
            ],
            [
              -87.258286,
              51.385094
            ],
            [
              -87.216951,
              51.318958
            ],
            [
              -87.154948,
              51.194953
            ],
            [
              -87.030943,
              51.046146
            ],
            [
              -86.782932,
              50.889073
            ],
            [
              -86.646526,
              50.794002
            ],
            [
              -86.539054,
              50.59146
            ],
            [
              -86.514253,
              50.446787
            ],
            [
              -86.464651,
              50.306247
            ],
            [
              -86.52252,
              50.120239
            ],
            [
              -86.625858,
              49.938364
            ],
            [
              -86.795332,
              49.76889
            ],
            [
              -87.080545,
              49.682086
            ],
            [
              -87.489763,
              49.752356
            ],
            [
              -87.675771,
              49.880495
            ],
            [
              -87.795643,
              50.07477
            ],
            [
              -87.774975,
              50.264912
            ],
            [
              -87.708839,
              50.500522
            ],
            [
              -87.66337,
              50.620394
            ],
            [
              -87.638569,
              50.806402
            ],
            [
              -87.659237,
              50.992411
            ],
            [
              -87.754308,
              51.182552
            ],
            [
              -87.88658,
              51.352026
            ],
            [
              -87.865913,
              51.471898
            ],
            [
              -87.841111,
              51.517367
            ],
            [
              -87.808043,
              51.504966
            ]
          ]
        ]
      },
      "properties": {
        "satellite": "GOES-WEST",
        "start_utc": "2026197 1500",
        "end_utc": "2026197 1700",
        "density": "Light",
        "source": "NOAA Hazard Mapping System"
      }
    },
    {
      "type": "Feature",
      "geometry": {
        "type": "Polygon",
        "coordinates": [
          [
            [
              -79.597691,
              35.136507
            ],
            [
              -79.562173,
              35.142631
            ],
            [
              -79.529105,
              35.138957
            ],
            [
              -79.499711,
              35.123035
            ],
            [
              -79.467868,
              35.107113
            ],
            [
              -79.439699,
              35.074045
            ],
            [
              -79.422552,
              35.043427
            ],
            [
              -79.422552,
              35.011583
            ],
            [
              -79.42465803908105,
              35.0
            ],
            [
              -79.58959127465008,
              35.0
            ],
            [
              -79.607488,
              35.025056
            ],
            [
              -79.622185,
              35.044651
            ],
            [
              -79.640557,
              35.07772
            ],
            [
              -79.644231,
              35.107113
            ],
            [
              -79.634433,
              35.119361
            ],
            [
              -79.616062,
              35.127934
            ],
            [
              -79.597691,
              35.136507
            ]
          ]
        ]
      },
      "properties": {
        "satellite": "GOES-WEST",
        "start_utc": "2026197 1500",
        "end_utc": "2026197 1700",
        "density": "Light",
        "source": "NOAA Hazard Mapping System"
      }
    },
    {
      "type": "Feature",
      "geometry": {
        "type": "Polygon",
        "coordinates": [
          [
            [
              -77.565086,
              47.796557
            ],
            [
              -77.490683,
              47.763489
            ],
            [
              -77.43557,
              47.722154
            ],
            [
              -77.319832,
              47.628461
            ],
            [
              -77.215116,
              47.548546
            ],
            [
              -77.104889,
              47.460365
            ],
            [
              -77.022219,
              47.383206
            ],
            [
              -76.942304,
              47.29778
            ],
            [
              -76.889947,
              47.198576
            ],
            [
              -76.876168,
              47.102127
            ],
            [
              -76.920259,
              47.077326
            ],
            [
              -76.989151,
              47.082838
            ],
            [
              -77.04702,
              47.102127
            ],
            [
              -77.154491,
              47.184798
            ],
            [
              -77.23165,
              47.2344
            ],
            [
              -77.31432,
              47.308803
            ],
            [
              -77.394235,
              47.369428
            ],
            [
              -77.496195,
              47.438319
            ],
            [
              -77.562331,
              47.487922
            ],
            [
              -77.672558,
              47.554058
            ],
            [
              -77.746961,
              47.620194
            ],
            [
              -77.777273,
              47.708375
            ],
            [
              -77.769006,
              47.738688
            ],
            [
              -77.716648,
              47.774511
            ],
            [
              -77.667046,
              47.78829
            ],
            [
              -77.565086,
              47.796557
            ]
          ]
        ]
      },
      "properties": {
        "satellite": "GOES-WEST",
        "start_utc": "2026197 1700",
        "end_utc": "2026197 2000",
        "density": "Light",
        "source": "NOAA Hazard Mapping System"
      }
    },
    {
      "type": "Feature",
      "geometry": {
        "type": "Polygon",
        "coordinates": [
          [
            [
              -76.76043,
              46.801759
            ],
            [
              -76.738385,
              46.801759
            ],
            [
              -76.691538,
              46.796248
            ],
            [
              -76.672249,
              46.782469
            ],
            [
              -76.644692,
              46.752157
            ],
            [
              -76.647448,
              46.730112
            ],
            [
              -76.67776,
              46.699799
            ],
            [
              -76.716339,
              46.697044
            ],
            [
              -76.763186,
              46.705311
            ],
            [
              -76.776964,
              46.713578
            ],
            [
              -76.821055,
              46.746646
            ],
            [
              -76.8431,
              46.785225
            ],
            [
              -76.818299,
              46.796248
            ],
            [
              -76.801766,
              46.796248
            ],
            [
              -76.76043,
              46.801759
            ]
          ]
        ]
      },
      "properties": {
        "satellite": "GOES-WEST",
        "start_utc": "2026197 1700",
        "end_utc": "2026197 2000",
        "density": "Light",
        "source": "NOAA Hazard Mapping System"
      }
    },
    {
      "type": "Feature",
      "geometry": {
        "type": "Polygon",
        "coordinates": [
          [
            [
              -89.156825,
              52.875262
            ],
            [
              -89.087934,
              52.820149
            ],
            [
              -89.046598,
              52.773302
            ],
            [
              -89.008019,
              52.734723
            ],
            [
              -88.952906,
              52.665831
            ],
            [
              -88.91157,
              52.605206
            ],
            [
              -88.859213,
              52.533558
            ],
            [
              -88.804099,
              52.445377
            ],
            [
              -88.760008,
              52.379241
            ],
            [
              -88.754497,
              52.337906
            ],
            [
              -88.837167,
              52.296571
            ],
            [
              -88.900548,
              52.332394
            ],
            [
              -88.958417,
              52.381996
            ],
            [
              -89.008019,
              52.439866
            ],
            [
              -89.063132,
              52.51978
            ],
            [
              -89.096201,
              52.583161
            ],
            [
              -89.13478,
              52.646541
            ],
            [
              -89.184382,
              52.712677
            ],
            [
              -89.250518,
              52.800859
            ],
            [
              -89.239496,
              52.842194
            ],
            [
              -89.187138,
              52.866995
            ],
            [
              -89.159581,
              52.866995
            ],
            [
              -89.156825,
              52.875262
            ]
          ]
        ]
      },
      "properties": {
        "satellite": "GOES-WEST",
        "start_utc": "2026197 1700",
        "end_utc": "2026197 2000",
        "density": "Light",
        "source": "NOAA Hazard Mapping System"
      }
    },
    {
      "type": "Feature",
      "geometry": {
        "type": "Polygon",
        "coordinates": [
          [
            [
              -89.344211,
              52.599695
            ],
            [
              -89.233984,
              52.588672
            ],
            [
              -89.170604,
              52.541826
            ],
            [
              -89.093445,
              52.483956
            ],
            [
              -89.021797,
              52.426087
            ],
            [
              -88.95015,
              52.362707
            ],
            [
              -88.875747,
              52.293815
            ],
            [
              -88.831656,
              52.224923
            ],
            [
              -88.831656,
              52.156031
            ],
            [
              -88.839923,
              52.100918
            ],
            [
              -88.914326,
              52.051316
            ],
            [
              -89.010775,
              52.070605
            ],
            [
              -89.098956,
              52.145009
            ],
            [
              -89.145803,
              52.208389
            ],
            [
              -89.225717,
              52.324127
            ],
            [
              -89.286342,
              52.426087
            ],
            [
              -89.366257,
              52.522536
            ],
            [
              -89.352478,
              52.574894
            ],
            [
              -89.327677,
              52.596939
            ],
            [
              -89.344211,
              52.599695
            ]
          ]
        ]
      },
      "properties": {
        "satellite": "GOES-WEST",
        "start_utc": "2026197 1700",
        "end_utc": "2026197 2000",
        "density": "Light",
        "source": "NOAA Hazard Mapping System"
      }
    },
    {
      "type": "Feature",
      "geometry": {
        "type": "Polygon",
        "coordinates": [
          [
            [
              -88.856457,
              52.230434
            ],
            [
              -88.748986,
              52.2139
            ],
            [
              -88.636003,
              52.183588
            ],
            [
              -88.52302,
              52.114696
            ],
            [
              -88.445862,
              52.040293
            ],
            [
              -88.412794,
              51.985179
            ],
            [
              -88.387992,
              51.908021
            ],
            [
              -88.346657,
              51.82535
            ],
            [
              -88.308078,
              51.706856
            ],
            [
              -88.308078,
              51.621431
            ],
            [
              -88.368703,
              51.580095
            ],
            [
              -88.437595,
              51.585607
            ],
            [
              -88.536799,
              51.629698
            ],
            [
              -88.591912,
              51.690322
            ],
            [
              -88.64427,
              51.784015
            ],
            [
              -88.691117,
              51.830862
            ],
            [
              -88.721429,
              51.908021
            ],
            [
              -88.798588,
              52.001714
            ],
            [
              -88.872991,
              52.081628
            ],
            [
              -88.936371,
              52.172565
            ],
            [
              -88.914326,
              52.205633
            ],
            [
              -88.872991,
              52.205633
            ],
            [
              -88.856457,
              52.230434
            ]
          ]
        ]
      },
      "properties": {
        "satellite": "GOES-WEST",
        "start_utc": "2026197 1700",
        "end_utc": "2026197 2000",
        "density": "Light",
        "source": "NOAA Hazard Mapping System"
      }
    },
    {
      "type": "Feature",
      "geometry": {
        "type": "Polygon",
        "coordinates": [
          [
            [
              -87.801034,
              52.359951
            ],
            [
              -87.734898,
              52.324127
            ],
            [
              -87.685296,
              52.266258
            ],
            [
              -87.641205,
              52.202878
            ],
            [
              -87.577825,
              52.147764
            ],
            [
              -87.522711,
              52.045804
            ],
            [
              -87.525467,
              51.993447
            ],
            [
              -87.536489,
              51.941089
            ],
            [
              -87.591603,
              51.938333
            ],
            [
              -87.649472,
              51.9466
            ],
            [
              -87.726631,
              52.054071
            ],
            [
              -87.756943,
              52.117452
            ],
            [
              -87.806545,
              52.172565
            ],
            [
              -87.853392,
              52.244213
            ],
            [
              -87.850636,
              52.299326
            ],
            [
              -87.80379,
              52.33515
            ],
            [
              -87.801034,
              52.359951
            ]
          ]
        ]
      },
      "properties": {
        "satellite": "GOES-WEST",
        "start_utc": "2026197 1700",
        "end_utc": "2026197 2000",
        "density": "Light",
        "source": "NOAA Hazard Mapping System"
      }
    },
    {
      "type": "Feature",
      "geometry": {
        "type": "Polygon",
        "coordinates": [
          [
            [
              -87.616404,
              52.348928
            ],
            [
              -87.610893,
              52.348928
            ],
            [
              -87.536489,
              52.332394
            ],
            [
              -87.511688,
              52.310349
            ],
            [
              -87.47862,
              52.285548
            ],
            [
              -87.464842,
              52.266258
            ],
            [
              -87.464842,
              52.238701
            ],
            [
              -87.47862,
              52.205633
            ],
            [
              -87.49791,
              52.189099
            ],
            [
              -87.539245,
              52.194611
            ],
            [
              -87.583336,
              52.222167
            ],
            [
              -87.613648,
              52.249724
            ],
            [
              -87.635694,
              52.304838
            ],
            [
              -87.638449,
              52.329639
            ],
            [
              -87.616404,
              52.348928
            ]
          ]
        ]
      },
      "properties": {
        "satellite": "GOES-WEST",
        "start_utc": "2026197 1700",
        "end_utc": "2026197 2000",
        "density": "Light",
        "source": "NOAA Hazard Mapping System"
      }
    },
    {
      "type": "Feature",
      "geometry": {
        "type": "Polygon",
        "coordinates": [
          [
            [
              -83.329703,
              35.970783
            ],
            [
              -87.263784,
              37.477453
            ],
            [
              -90.883976,
              38.879492
            ],
            [
              -93.269536,
              40.009494
            ],
            [
              -95.027317,
              40.846533
            ],
            [
              -96.910653,
              41.160422
            ],
            [
              -98.710286,
              41.097644
            ],
            [
              -100.0,
              40.61563092186125
            ],
            [
              -100.0,
              56.0
            ],
            [
              -78.85952167167957,
              56.0
            ],
            [
              -76.822404,
              54.796578
            ],
            [
              -74.813511,
              53.75028
            ],
            [
              -73.453324,
              52.892315
            ],
            [
              -72.155914,
              51.532128
            ],
            [
              -72.030358,
              50.255644
            ],
            [
              -72.365174,
              49.104716
            ],
            [
              -72.574433,
              48.414159
            ],
            [
              -72.456435,
              47.440909
            ],
            [
              -70.761432,
              46.185351
            ],
            [
              -69.411708,
              45.588961
            ],
            [
              -68.030594,
              45.149516
            ],
            [
              -66.398369,
              44.867015
            ],
            [
              -65.0,
              44.806216235539424
            ],
            [
              -65.0,
              35.0
            ],
            [
              -81.804187567214,
              35.0
            ],
            [
              -83.329703,
              35.970783
            ]
          ]
        ]
      },
      "properties": {
        "satellite": "GOES-EAST",
        "start_utc": "2026197 2000",
        "end_utc": "2026197 2330",
        "density": "Light",
        "source": "NOAA Hazard Mapping System"
      }
    },
    {
      "type": "Feature",
      "geometry": {
        "type": "Polygon",
        "coordinates": [
          [
            [
              -79.606923,
              35.103258
            ],
            [
              -79.597738,
              35.103258
            ],
            [
              -79.577529,
              35.103258
            ],
            [
              -79.555484,
              35.092235
            ],
            [
              -79.548135,
              35.083049
            ],
            [
              -79.555484,
              35.077538
            ],
            [
              -79.579366,
              35.077538
            ],
            [
              -79.597738,
              35.084886
            ],
            [
              -79.632643,
              35.090398
            ],
            [
              -79.617946,
              35.099584
            ],
            [
              -79.606923,
              35.103258
            ]
          ]
        ]
      },
      "properties": {
        "satellite": "GOES-WEST",
        "start_utc": "2026197 1200",
        "end_utc": "2026197 1500",
        "density": "Medium",
        "source": "NOAA Hazard Mapping System"
      }
    },
    {
      "type": "Feature",
      "geometry": {
        "type": "Polygon",
        "coordinates": [
          [
            [
              -89.30316,
              52.581664
            ],
            [
              -89.281114,
              52.581664
            ],
            [
              -89.268254,
              52.574316
            ],
            [
              -89.246209,
              52.55227
            ],
            [
              -89.233349,
              52.506342
            ],
            [
              -89.220489,
              52.460414
            ],
            [
              -89.220489,
              52.432857
            ],
            [
              -89.240698,
              52.416323
            ],
            [
              -89.266417,
              52.421835
            ],
            [
              -89.286626,
              52.432857
            ],
            [
              -89.2903,
              52.442043
            ],
            [
              -89.292137,
              52.453066
            ],
            [
              -89.321531,
              52.498994
            ],
            [
              -89.334391,
              52.510016
            ],
            [
              -89.358273,
              52.546759
            ],
            [
              -89.347251,
              52.56513
            ],
            [
              -89.332554,
              52.568804
            ],
            [
              -89.30316,
              52.581664
            ]
          ]
        ]
      },
      "properties": {
        "satellite": "GOES-WEST",
        "start_utc": "2026197 1500",
        "end_utc": "2026197 1700",
        "density": "Medium",
        "source": "NOAA Hazard Mapping System"
      }
    },
    {
      "type": "Feature",
      "geometry": {
        "type": "Polygon",
        "coordinates": [
          [
            [
              -89.161701,
              52.848046
            ],
            [
              -89.14333,
              52.835187
            ],
            [
              -89.121285,
              52.811304
            ],
            [
              -89.091891,
              52.785584
            ],
            [
              -89.056986,
              52.752516
            ],
            [
              -89.027592,
              52.7121
            ],
            [
              -88.978602,
              52.652087
            ],
            [
              -88.930837,
              52.595749
            ],
            [
              -88.875111,
              52.543085
            ],
            [
              -88.836531,
              52.487971
            ],
            [
              -88.785092,
              52.414486
            ],
            [
              -88.750187,
              52.36121
            ],
            [
              -88.70977,
              52.302422
            ],
            [
              -88.713444,
              52.263842
            ],
            [
              -88.748349,
              52.254657
            ],
            [
              -88.794277,
              52.263842
            ],
            [
              -88.819997,
              52.287725
            ],
            [
              -88.845717,
              52.317119
            ],
            [
              -88.8647,
              52.353249
            ],
            [
              -88.897156,
              52.408975
            ],
            [
              -88.911853,
              52.432857
            ],
            [
              -88.959618,
              52.489808
            ],
            [
              -88.98595,
              52.523489
            ],
            [
              -89.044126,
              52.59085
            ],
            [
              -89.071683,
              52.623918
            ],
            [
              -89.145167,
              52.708425
            ],
            [
              -89.191095,
              52.745168
            ],
            [
              -89.224164,
              52.780073
            ],
            [
              -89.240698,
              52.818653
            ],
            [
              -89.227838,
              52.844372
            ],
            [
              -89.205792,
              52.849884
            ],
            [
              -89.161701,
              52.848046
            ]
          ]
        ]
      },
      "properties": {
        "satellite": "GOES-WEST",
        "start_utc": "2026197 1500",
        "end_utc": "2026197 1700",
        "density": "Medium",
        "source": "NOAA Hazard Mapping System"
      }
    },
    {
      "type": "Feature",
      "geometry": {
        "type": "Polygon",
        "coordinates": [
          [
            [
              -88.88786,
              52.179035
            ],
            [
              -88.859555,
              52.186112
            ],
            [
              -88.823085,
              52.174681
            ],
            [
              -88.807299,
              52.164883
            ],
            [
              -88.795868,
              52.148553
            ],
            [
              -88.790425,
              52.132223
            ],
            [
              -88.792602,
              52.117526
            ],
            [
              -88.806755,
              52.105551
            ],
            [
              -88.812742,
              52.102829
            ],
            [
              -88.833971,
              52.105006
            ],
            [
              -88.846491,
              52.11045
            ],
            [
              -88.854656,
              52.125147
            ],
            [
              -88.865542,
              52.138211
            ],
            [
              -88.880784,
              52.15073
            ],
            [
              -88.890037,
              52.156718
            ],
            [
              -88.901468,
              52.16325
            ],
            [
              -88.900924,
              52.173048
            ],
            [
              -88.897658,
              52.175225
            ],
            [
              -88.893848,
              52.176313
            ],
            [
              -88.88786,
              52.179035
            ]
          ]
        ]
      },
      "properties": {
        "satellite": "GOES-WEST",
        "start_utc": "2026197 1500",
        "end_utc": "2026197 1700",
        "density": "Medium",
        "source": "NOAA Hazard Mapping System"
      }
    },
    {
      "type": "Feature",
      "geometry": {
        "type": "Polygon",
        "coordinates": [
          [
            [
              -88.669651,
              52.003897
            ],
            [
              -88.62556,
              51.9892
            ],
            [
              -88.588818,
              51.961643
            ],
            [
              -88.500636,
              51.895507
            ],
            [
              -88.476754,
              51.849579
            ],
            [
              -88.445523,
              51.788954
            ],
            [
              -88.425315,
              51.7467
            ],
            [
              -88.425315,
              51.717307
            ],
            [
              -88.436337,
              51.693424
            ],
            [
              -88.46022,
              51.687913
            ],
            [
              -88.507985,
              51.70261
            ],
            [
              -88.548401,
              51.733841
            ],
            [
              -88.56861,
              51.743026
            ],
            [
              -88.575958,
              51.757723
            ],
            [
              -88.601678,
              51.776094
            ],
            [
              -88.62556,
              51.820185
            ],
            [
              -88.63842,
              51.853253
            ],
            [
              -88.66414,
              51.901018
            ],
            [
              -88.675163,
              51.913878
            ],
            [
              -88.697208,
              51.932249
            ],
            [
              -88.721091,
              51.952458
            ],
            [
              -88.748647,
              51.991037
            ],
            [
              -88.73395,
              52.007571
            ],
            [
              -88.721091,
              52.009408
            ],
            [
              -88.702719,
              52.009408
            ],
            [
              -88.669651,
              52.003897
            ]
          ]
        ]
      },
      "properties": {
        "satellite": "GOES-WEST",
        "start_utc": "2026197 1500",
        "end_utc": "2026197 1700",
        "density": "Medium",
        "source": "NOAA Hazard Mapping System"
      }
    },
    {
      "type": "Feature",
      "geometry": {
        "type": "Polygon",
        "coordinates": [
          [
            [
              -88.625254,
              51.741955
            ],
            [
              -88.573815,
              51.723583
            ],
            [
              -88.541972,
              51.705212
            ],
            [
              -88.492982,
              51.683167
            ],
            [
              -88.42807,
              51.632952
            ],
            [
              -88.369283,
              51.568041
            ],
            [
              -88.331316,
              51.530074
            ],
            [
              -88.279876,
              51.488432
            ],
            [
              -88.223538,
              51.440667
            ],
            [
              -88.168424,
              51.372082
            ],
            [
              -88.120659,
              51.323092
            ],
            [
              -88.038601,
              51.270428
            ],
            [
              -87.995735,
              51.212865
            ],
            [
              -87.967566,
              51.158976
            ],
            [
              -87.943071,
              51.06957
            ],
            [
              -87.918576,
              50.978938
            ],
            [
              -87.891632,
              50.883408
            ],
            [
              -87.90143,
              50.820946
            ],
            [
              -87.930824,
              50.756035
            ],
            [
              -87.967566,
              50.709495
            ],
            [
              -88.02023,
              50.643358
            ],
            [
              -88.132907,
              50.595593
            ],
            [
              -88.277427,
              50.591919
            ],
            [
              -88.459914,
              50.622538
            ],
            [
              -88.552994,
              50.647033
            ],
            [
              -88.603209,
              50.687449
            ],
            [
              -88.718335,
              50.776856
            ],
            [
              -88.756302,
              50.842992
            ],
            [
              -88.767325,
              50.907903
            ],
            [
              -88.76365,
              50.978938
            ],
            [
              -88.751403,
              51.047524
            ],
            [
              -88.733032,
              51.119784
            ],
            [
              -88.725683,
              51.127133
            ],
            [
              -88.704863,
              51.145504
            ],
            [
              -88.685267,
              51.199393
            ],
            [
              -88.681593,
              51.256956
            ],
            [
              -88.688941,
              51.320642
            ],
            [
              -88.702413,
              51.401475
            ],
            [
              -88.714661,
              51.460263
            ],
            [
              -88.71711,
              51.520276
            ],
            [
              -88.71956,
              51.591311
            ],
            [
              -88.731807,
              51.620705
            ],
            [
              -88.748954,
              51.672144
            ],
            [
              -88.735481,
              51.729707
            ],
            [
              -88.702413,
              51.752977
            ],
            [
              -88.687716,
              51.754202
            ],
            [
              -88.625254,
              51.741955
            ]
          ]
        ]
      },
      "properties": {
        "satellite": "GOES-WEST",
        "start_utc": "2026197 1500",
        "end_utc": "2026197 1700",
        "density": "Medium",
        "source": "NOAA Hazard Mapping System"
      }
    },
    {
      "type": "Feature",
      "geometry": {
        "type": "Polygon",
        "coordinates": [
          [
            [
              -87.771607,
              51.499455
            ],
            [
              -87.678526,
              51.467612
            ],
            [
              -87.605042,
              51.42597
            ],
            [
              -87.560951,
              51.384329
            ],
            [
              -87.489916,
              51.339013
            ],
            [
              -87.394386,
              51.276551
            ],
            [
              -87.329474,
              51.18592
            ],
            [
              -87.27681,
              51.11366
            ],
            [
              -87.232719,
              51.073244
            ],
            [
              -87.175156,
              51.02058
            ],
            [
              -87.10902,
              50.947095
            ],
            [
              -87.067379,
              50.901779
            ],
            [
              -87.023288,
              50.847891
            ],
            [
              -86.954702,
              50.77808
            ],
            [
              -86.872644,
              50.686224
            ],
            [
              -86.831003,
              50.579672
            ],
            [
              -86.826104,
              50.51721
            ],
            [
              -86.835902,
              50.464546
            ],
            [
              -86.886116,
              50.380038
            ],
            [
              -86.995119,
              50.320026
            ],
            [
              -87.162909,
              50.30043
            ],
            [
              -87.347845,
              50.313902
            ],
            [
              -87.455623,
              50.318801
            ],
            [
              -87.600143,
              50.354319
            ],
            [
              -87.646683,
              50.425354
            ],
            [
              -87.650357,
              50.460871
            ],
            [
              -87.618514,
              50.568649
            ],
            [
              -87.586671,
              50.61029
            ],
            [
              -87.514411,
              50.698472
            ],
            [
              -87.504613,
              50.749911
            ],
            [
              -87.49359,
              50.797676
            ],
            [
              -87.487466,
              50.846666
            ],
            [
              -87.488691,
              50.895656
            ],
            [
              -87.494815,
              50.960567
            ],
            [
              -87.513186,
              51.012007
            ],
            [
              -87.547479,
              51.059772
            ],
            [
              -87.580547,
              51.105087
            ],
            [
              -87.620963,
              51.172448
            ],
            [
              -87.667504,
              51.239809
            ],
            [
              -87.709145,
              51.28145
            ],
            [
              -87.740988,
              51.319418
            ],
            [
              -87.783855,
              51.359834
            ],
            [
              -87.820597,
              51.419847
            ],
            [
              -87.819372,
              51.468836
            ],
            [
              -87.807125,
              51.490882
            ],
            [
              -87.797327,
              51.492106
            ],
            [
              -87.771607,
              51.499455
            ]
          ]
        ]
      },
      "properties": {
        "satellite": "GOES-WEST",
        "start_utc": "2026197 1500",
        "end_utc": "2026197 1700",
        "density": "Medium",
        "source": "NOAA Hazard Mapping System"
      }
    },
    {
      "type": "Feature",
      "geometry": {
        "type": "Polygon",
        "coordinates": [
          [
            [
              -87.330699,
              51.380655
            ],
            [
              -87.312328,
              51.37943
            ],
            [
              -87.265787,
              51.367183
            ],
            [
              -87.240068,
              51.343912
            ],
            [
              -87.215573,
              51.30717
            ],
            [
              -87.199651,
              51.280226
            ],
            [
              -87.176381,
              51.239809
            ],
            [
              -87.126167,
              51.168774
            ],
            [
              -87.08575,
              51.125908
            ],
            [
              -87.042884,
              51.074469
            ],
            [
              -86.981647,
              51.004658
            ],
            [
              -86.927758,
              50.955668
            ],
            [
              -86.864071,
              50.911577
            ],
            [
              -86.800384,
              50.867487
            ],
            [
              -86.725675,
              50.82707
            ],
            [
              -86.695056,
              50.776856
            ],
            [
              -86.67791,
              50.742563
            ],
            [
              -86.65219,
              50.672752
            ],
            [
              -86.671786,
              50.616414
            ],
            [
              -86.697506,
              50.617639
            ],
            [
              -86.730574,
              50.634785
            ],
            [
              -86.752619,
              50.666628
            ],
            [
              -86.790586,
              50.711944
            ],
            [
              -86.815081,
              50.736439
            ],
            [
              -86.856723,
              50.775631
            ],
            [
              -86.926533,
              50.831969
            ],
            [
              -86.980422,
              50.880959
            ],
            [
              -87.03921,
              50.954444
            ],
            [
              -87.053907,
              50.96914
            ],
            [
              -87.097997,
              51.024254
            ],
            [
              -87.15801,
              51.094064
            ],
            [
              -87.200876,
              51.134481
            ],
            [
              -87.249866,
              51.183471
            ],
            [
              -87.286608,
              51.225112
            ],
            [
              -87.341722,
              51.270428
            ],
            [
              -87.39561,
              51.326766
            ],
            [
              -87.39561,
              51.361059
            ],
            [
              -87.368666,
              51.367183
            ],
            [
              -87.330699,
              51.380655
            ]
          ]
        ]
      },
      "properties": {
        "satellite": "GOES-WEST",
        "start_utc": "2026197 1500",
        "end_utc": "2026197 1700",
        "density": "Medium",
        "source": "NOAA Hazard Mapping System"
      }
    },
    {
      "type": "Feature",
      "geometry": {
        "type": "Polygon",
        "coordinates": [
          [
            [
              -80.528947,
              55.124293
            ],
            [
              -79.582037,
              53.424058
            ],
            [
              -79.393704,
              52.435308
            ],
            [
              -80.099953,
              51.587809
            ],
            [
              -81.277036,
              51.16406
            ],
            [
              -82.783701,
              51.211143
            ],
            [
              -84.211906,
              51.504112
            ],
            [
              -85.702865,
              52.152809
            ],
            [
              -87.706531,
              53.30374
            ],
            [
              -88.904529,
              53.800724
            ],
            [
              -89.631714,
              53.65948
            ],
            [
              -90.222861,
              52.717808
            ],
            [
              -89.328278,
              51.587809
            ],
            [
              -87.397863,
              50.175311
            ],
            [
              -85.279115,
              48.527395
            ],
            [
              -82.689534,
              47.397396
            ],
            [
              -77.180789,
              46.173231
            ],
            [
              -73.743709,
              45.608231
            ],
            [
              -70.212479,
              44.849676
            ],
            [
              -67.104965,
              44.054483
            ],
            [
              -65.268717,
              43.01865
            ],
            [
              -65.0,
              42.78352265472536
            ],
            [
              -65.0,
              35.0
            ],
            [
              -78.62402832322607,
              35.0
            ],
            [
              -78.771172,
              35.28654
            ],
            [
              -79.587282,
              36.374686
            ],
            [
              -82.056538,
              37.73487
            ],
            [
              -86.095237,
              39.576349
            ],
            [
              -89.945603,
              41.585236
            ],
            [
              -92.435776,
              43.01865
            ],
            [
              -95.402023,
              45.514065
            ],
            [
              -97.379521,
              48.150729
            ],
            [
              -98.744936,
              50.222394
            ],
            [
              -99.613368,
              51.67152
            ],
            [
              -100.0,
              52.816544007881326
            ],
            [
              -100.0,
              56.0
            ],
            [
              -81.97704041448738,
              56.0
            ],
            [
              -80.528947,
              55.124293
            ]
          ]
        ]
      },
      "properties": {
        "satellite": "GOES-WEST",
        "start_utc": "2026197 1500",
        "end_utc": "2026197 1700",
        "density": "Medium",
        "source": "NOAA Hazard Mapping System"
      }
    },
    {
      "type": "Feature",
      "geometry": {
        "type": "Polygon",
        "coordinates": [
          [
            [
              -79.601365,
              35.12426
            ],
            [
              -79.557274,
              35.125485
            ],
            [
              -79.521756,
              35.119361
            ],
            [
              -79.50216,
              35.114462
            ],
            [
              -79.482565,
              35.093641
            ],
            [
              -79.472767,
              35.081394
            ],
            [
              -79.466643,
              35.056899
            ],
            [
              -79.460519,
              35.033629
            ],
            [
              -79.476441,
              35.010359
            ],
            [
              -79.49244966466267,
              35.0
            ],
            [
              -79.53944509237228,
              35.0
            ],
            [
              -79.559723,
              35.00546
            ],
            [
              -79.578095,
              35.02873
            ],
            [
              -79.591567,
              35.050775
            ],
            [
              -79.608713,
              35.070371
            ],
            [
              -79.62341,
              35.080169
            ],
            [
              -79.640557,
              35.096091
            ],
            [
              -79.641781,
              35.105889
            ],
            [
              -79.616062,
              35.119361
            ],
            [
              -79.601365,
              35.12426
            ]
          ]
        ]
      },
      "properties": {
        "satellite": "GOES-WEST",
        "start_utc": "2026197 1500",
        "end_utc": "2026197 1700",
        "density": "Medium",
        "source": "NOAA Hazard Mapping System"
      }
    },
    {
      "type": "Feature",
      "geometry": {
        "type": "Polygon",
        "coordinates": [
          [
            [
              -77.650512,
              47.760733
            ],
            [
              -77.559575,
              47.727665
            ],
            [
              -77.479661,
              47.700108
            ],
            [
              -77.385968,
              47.664285
            ],
            [
              -77.33361,
              47.636728
            ],
            [
              -77.281252,
              47.589881
            ],
            [
              -77.23165,
              47.534768
            ],
            [
              -77.204093,
              47.493433
            ],
            [
              -77.182048,
              47.424541
            ],
            [
              -77.220627,
              47.408007
            ],
            [
              -77.275741,
              47.413518
            ],
            [
              -77.33361,
              47.460365
            ],
            [
              -77.432814,
              47.515478
            ],
            [
              -77.487928,
              47.556813
            ],
            [
              -77.545797,
              47.595393
            ],
            [
              -77.625711,
              47.628461
            ],
            [
              -77.700114,
              47.664285
            ],
            [
              -77.757983,
              47.708375
            ],
            [
              -77.755228,
              47.74971
            ],
            [
              -77.727671,
              47.763489
            ],
            [
              -77.678069,
              47.780023
            ],
            [
              -77.645001,
              47.763488
            ],
            [
              -77.650512,
              47.760733
            ]
          ]
        ]
      },
      "properties": {
        "satellite": "GOES-WEST",
        "start_utc": "2026197 1700",
        "end_utc": "2026197 2000",
        "density": "Medium",
        "source": "NOAA Hazard Mapping System"
      }
    },
    {
      "type": "Feature",
      "geometry": {
        "type": "Polygon",
        "coordinates": [
          [
            [
              -89.15407,
              52.84495
            ],
            [
              -89.151314,
              52.84495
            ],
            [
              -89.098956,
              52.828416
            ],
            [
              -89.079667,
              52.822904
            ],
            [
              -89.065888,
              52.80637
            ],
            [
              -89.038331,
              52.778813
            ],
            [
              -89.038331,
              52.740234
            ],
            [
              -89.054865,
              52.70441
            ],
            [
              -89.087934,
              52.696143
            ],
            [
              -89.112735,
              52.698899
            ],
            [
              -89.143047,
              52.715433
            ],
            [
              -89.173359,
              52.745745
            ],
            [
              -89.203672,
              52.773302
            ],
            [
              -89.228473,
              52.817393
            ],
            [
              -89.225717,
              52.839438
            ],
            [
              -89.203672,
              52.850461
            ],
            [
              -89.15407,
              52.84495
            ]
          ]
        ]
      },
      "properties": {
        "satellite": "GOES-WEST",
        "start_utc": "2026197 1700",
        "end_utc": "2026197 2000",
        "density": "Medium",
        "source": "NOAA Hazard Mapping System"
      }
    },
    {
      "type": "Feature",
      "geometry": {
        "type": "Polygon",
        "coordinates": [
          [
            [
              -89.272564,
              52.60245
            ],
            [
              -89.222962,
              52.60245
            ],
            [
              -89.178871,
              52.588672
            ],
            [
              -89.109979,
              52.555604
            ],
            [
              -89.065888,
              52.522536
            ],
            [
              -89.030064,
              52.450888
            ],
            [
              -89.019042,
              52.41782
            ],
            [
              -89.076911,
              52.381996
            ],
            [
              -89.109979,
              52.376485
            ],
            [
              -89.173359,
              52.384752
            ],
            [
              -89.209183,
              52.412309
            ],
            [
              -89.23674,
              52.439866
            ],
            [
              -89.283586,
              52.475689
            ],
            [
              -89.327677,
              52.508757
            ],
            [
              -89.346967,
              52.536314
            ],
            [
              -89.335944,
              52.583161
            ],
            [
              -89.335944,
              52.580405
            ],
            [
              -89.272564,
              52.60245
            ]
          ]
        ]
      },
      "properties": {
        "satellite": "GOES-WEST",
        "start_utc": "2026197 1700",
        "end_utc": "2026197 2000",
        "density": "Medium",
        "source": "NOAA Hazard Mapping System"
      }
    },
    {
      "type": "Feature",
      "geometry": {
        "type": "Polygon",
        "coordinates": [
          [
            [
              -88.806855,
              52.191855
            ],
            [
              -88.784809,
              52.189099
            ],
            [
              -88.740719,
              52.156031
            ],
            [
              -88.715918,
              52.13123
            ],
            [
              -88.696628,
              52.114696
            ],
            [
              -88.671827,
              52.087139
            ],
            [
              -88.674583,
              52.056827
            ],
            [
              -88.718673,
              52.026515
            ],
            [
              -88.771031,
              52.02927
            ],
            [
              -88.842679,
              52.070605
            ],
            [
              -88.881258,
              52.098162
            ],
            [
              -88.922593,
              52.142253
            ],
            [
              -88.925349,
              52.175321
            ],
            [
              -88.881258,
              52.202878
            ],
            [
              -88.842679,
              52.202877
            ],
            [
              -88.806855,
              52.191855
            ]
          ]
        ]
      },
      "properties": {
        "satellite": "GOES-WEST",
        "start_utc": "2026197 1700",
        "end_utc": "2026197 2000",
        "density": "Medium",
        "source": "NOAA Hazard Mapping System"
      }
    },
    {
      "type": "Feature",
      "geometry": {
        "type": "Polygon",
        "coordinates": [
          [
            [
              -88.545066,
              52.015492
            ],
            [
              -88.511998,
              51.987935
            ],
            [
              -88.492708,
              51.957623
            ],
            [
              -88.465151,
              51.905265
            ],
            [
              -88.423816,
              51.833617
            ],
            [
              -88.403608,
              51.775748
            ],
            [
              -88.407282,
              51.727983
            ],
            [
              -88.456884,
              51.709612
            ],
            [
              -88.520265,
              51.723391
            ],
            [
              -88.572623,
              51.756459
            ],
            [
              -88.658048,
              51.828106
            ],
            [
              -88.688361,
              51.86393
            ],
            [
              -88.735207,
              51.932822
            ],
            [
              -88.732452,
              51.996202
            ],
            [
              -88.715918,
              52.009981
            ],
            [
              -88.647944,
              52.038456
            ],
            [
              -88.545066,
              52.015492
            ]
          ]
        ]
      },
      "properties": {
        "satellite": "GOES-WEST",
        "start_utc": "2026197 1700",
        "end_utc": "2026197 2000",
        "density": "Medium",
        "source": "NOAA Hazard Mapping System"
      }
    },
    {
      "type": "Feature",
      "geometry": {
        "type": "Polygon",
        "coordinates": [
          [
            [
              -87.795523,
              52.332394
            ],
            [
              -87.767966,
              52.337906
            ],
            [
              -87.729387,
              52.329639
            ],
            [
              -87.70183,
              52.304838
            ],
            [
              -87.699074,
              52.280037
            ],
            [
              -87.707341,
              52.257991
            ],
            [
              -87.748676,
              52.244213
            ],
            [
              -87.792767,
              52.263502
            ],
            [
              -87.809301,
              52.282792
            ],
            [
              -87.823079,
              52.304838
            ],
            [
              -87.820324,
              52.310349
            ],
            [
              -87.812057,
              52.31586
            ],
            [
              -87.795523,
              52.332394
            ]
          ]
        ]
      },
      "properties": {
        "satellite": "GOES-WEST",
        "start_utc": "2026197 1700",
        "end_utc": "2026197 2000",
        "density": "Medium",
        "source": "NOAA Hazard Mapping System"
      }
    },
    {
      "type": "Feature",
      "geometry": {
        "type": "Polygon",
        "coordinates": [
          [
            [
              -88.73235,
              51.83969
            ],
            [
              -88.633145,
              51.819023
            ],
            [
              -88.463671,
              51.736352
            ],
            [
              -88.389268,
              51.699151
            ],
            [
              -88.281797,
              51.628881
            ],
            [
              -88.186726,
              51.546211
            ],
            [
              -88.128857,
              51.475941
            ],
            [
              -88.033786,
              51.318868
            ],
            [
              -87.971784,
              51.153527
            ],
            [
              -87.901514,
              51.025389
            ],
            [
              -87.851912,
              50.893116
            ],
            [
              -87.868446,
              50.777378
            ],
            [
              -87.934582,
              50.760844
            ],
            [
              -88.054454,
              50.773244
            ],
            [
              -88.161925,
              50.818713
            ],
            [
              -88.339666,
              50.89725
            ],
            [
              -88.443004,
              51.012988
            ],
            [
              -88.554609,
              51.112192
            ],
            [
              -88.653813,
              51.223797
            ],
            [
              -88.703415,
              51.310601
            ],
            [
              -88.761284,
              51.393271
            ],
            [
              -88.823287,
              51.513143
            ],
            [
              -88.868755,
              51.628881
            ],
            [
              -88.819153,
              51.802489
            ],
            [
              -88.781952,
              51.814889
            ],
            [
              -88.73235,
              51.83969
            ]
          ]
        ]
      },
      "properties": {
        "satellite": "GOES-WEST",
        "start_utc": "2026197 1700",
        "end_utc": "2026197 2000",
        "density": "Medium",
        "source": "NOAA Hazard Mapping System"
      }
    },
    {
      "type": "Feature",
      "geometry": {
        "type": "Polygon",
        "coordinates": [
          [
            [
              -87.765108,
              51.52141
            ],
            [
              -87.711373,
              51.500742
            ],
            [
              -87.632836,
              51.442873
            ],
            [
              -87.587367,
              51.409805
            ],
            [
              -87.459228,
              51.318868
            ],
            [
              -87.397226,
              51.252732
            ],
            [
              -87.322823,
              51.170061
            ],
            [
              -87.219485,
              51.037789
            ],
            [
              -87.136815,
              50.926184
            ],
            [
              -87.083079,
              50.831114
            ],
            [
              -86.988008,
              50.669907
            ],
            [
              -86.979741,
              50.545901
            ],
            [
              -87.054144,
              50.504566
            ],
            [
              -87.145082,
              50.533501
            ],
            [
              -87.211218,
              50.570702
            ],
            [
              -87.310422,
              50.66164
            ],
            [
              -87.397226,
              50.731909
            ],
            [
              -87.484029,
              50.868315
            ],
            [
              -87.595634,
              51.004721
            ],
            [
              -87.665904,
              51.120459
            ],
            [
              -87.752708,
              51.219664
            ],
            [
              -87.843645,
              51.323001
            ],
            [
              -87.918048,
              51.447007
            ],
            [
              -87.918048,
              51.529677
            ],
            [
              -87.827111,
              51.537944
            ],
            [
              -87.765108,
              51.52141
            ]
          ]
        ]
      },
      "properties": {
        "satellite": "GOES-WEST",
        "start_utc": "2026197 1700",
        "end_utc": "2026197 2000",
        "density": "Medium",
        "source": "NOAA Hazard Mapping System"
      }
    },
    {
      "type": "Feature",
      "geometry": {
        "type": "Polygon",
        "coordinates": [
          [
            [
              -87.288836,
              51.417613
            ],
            [
              -87.244745,
              51.399242
            ],
            [
              -87.200654,
              51.388219
            ],
            [
              -87.149215,
              51.356069
            ],
            [
              -87.078945,
              51.294067
            ],
            [
              -87.041744,
              51.244465
            ],
            [
              -86.971474,
              51.13286
            ],
            [
              -86.959992,
              51.020796
            ],
            [
              -86.908553,
              50.943637
            ],
            [
              -86.858951,
              50.870152
            ],
            [
              -86.88467,
              50.82055
            ],
            [
              -86.95494,
              50.810446
            ],
            [
              -87.062411,
              50.860048
            ],
            [
              -87.169883,
              50.963386
            ],
            [
              -87.318689,
              51.079124
            ],
            [
              -87.380692,
              51.194863
            ],
            [
              -87.441316,
              51.300037
            ],
            [
              -87.439479,
              51.379033
            ],
            [
              -87.376558,
              51.413938
            ],
            [
              -87.288836,
              51.417613
            ]
          ]
        ]
      },
      "properties": {
        "satellite": "GOES-WEST",
        "start_utc": "2026197 1700",
        "end_utc": "2026197 2000",
        "density": "Medium",
        "source": "NOAA Hazard Mapping System"
      }
    },
    {
      "type": "Feature",
      "geometry": {
        "type": "Polygon",
        "coordinates": [
          [
            [
              -78.63577,
              55.79832
            ],
            [
              -76.022647,
              53.962072
            ],
            [
              -74.115773,
              52.549573
            ],
            [
              -73.268274,
              51.278324
            ],
            [
              -73.480149,
              49.65395
            ],
            [
              -74.610148,
              48.947701
            ],
            [
              -77.082021,
              49.65395
            ],
            [
              -79.412644,
              51.207699
            ],
            [
              -81.178268,
              52.620198
            ],
            [
              -82.237642,
              53.608947
            ],
            [
              -84.568265,
              54.103322
            ],
            [
              -85.557014,
              53.608947
            ],
            [
              -85.274515,
              51.278324
            ],
            [
              -83.791391,
              48.312076
            ],
            [
              -80.895768,
              46.546453
            ],
            [
              -76.468736,
              45.214615
            ],
            [
              -72.827625,
              44.105542
            ],
            [
              -68.056515,
              42.619801
            ],
            [
              -65.0,
              40.87615221390312
            ],
            [
              -65.0,
              35.0
            ],
            [
              -78.77039276979453,
              35.0
            ],
            [
              -79.553894,
              36.305836
            ],
            [
              -80.613268,
              37.153335
            ],
            [
              -84.003266,
              39.130833
            ],
            [
              -86.333889,
              39.625208
            ],
            [
              -89.370761,
              41.037707
            ],
            [
              -91.277635,
              42.662081
            ],
            [
              -93.890758,
              44.922079
            ],
            [
              -95.232632,
              46.405203
            ],
            [
              -96.362631,
              48.735826
            ],
            [
              -96.645131,
              51.348949
            ],
            [
              -97.06888,
              53.750197
            ],
            [
              -97.3813528846886,
              56.0
            ],
            [
              -79.00071473600319,
              56.0
            ],
            [
              -78.63577,
              55.79832
            ]
          ]
        ]
      },
      "properties": {
        "satellite": "GOES-WEST",
        "start_utc": "2026197 1700",
        "end_utc": "2026197 2000",
        "density": "Medium",
        "source": "NOAA Hazard Mapping System"
      }
    },
    {
      "type": "Feature",
      "geometry": {
        "type": "Polygon",
        "coordinates": [
          [
            [
              -76.728688,
              46.813649
            ],
            [
              -76.604682,
              46.739246
            ],
            [
              -76.507545,
              46.666909
            ],
            [
              -76.424874,
              46.60904
            ],
            [
              -76.313269,
              46.534636
            ],
            [
              -76.207864,
              46.447832
            ],
            [
              -76.094193,
              46.365162
            ],
            [
              -75.986721,
              46.253557
            ],
            [
              -75.930002,
              46.184306
            ],
            [
              -75.947452,
              46.137818
            ],
            [
              -76.004711,
              46.134092
            ],
            [
              -76.059825,
              46.145114
            ],
            [
              -76.13086,
              46.181857
            ],
            [
              -76.219041,
              46.235746
            ],
            [
              -76.301099,
              46.277387
            ],
            [
              -76.433372,
              46.35577
            ],
            [
              -76.546048,
              46.434154
            ],
            [
              -76.716287,
              46.62144
            ],
            [
              -76.803091,
              46.695844
            ],
            [
              -76.839987,
              46.752588
            ],
            [
              -76.821692,
              46.803315
            ],
            [
              -76.784491,
              46.823983
            ],
            [
              -76.728688,
              46.813649
            ]
          ]
        ]
      },
      "properties": {
        "satellite": "GOES-EAST",
        "start_utc": "2026197 2000",
        "end_utc": "2026197 2330",
        "density": "Medium",
        "source": "NOAA Hazard Mapping System"
      }
    },
    {
      "type": "Feature",
      "geometry": {
        "type": "Polygon",
        "coordinates": [
          [
            [
              -82.157294,
              52.296378
            ],
            [
              -82.15316,
              52.296378
            ],
            [
              -82.132493,
              52.279844
            ],
            [
              -82.045689,
              52.238509
            ],
            [
              -81.938217,
              52.188907
            ],
            [
              -81.851413,
              52.135171
            ],
            [
              -81.772876,
              52.081435
            ],
            [
              -81.669538,
              51.998765
            ],
            [
              -81.607536,
              51.88716
            ],
            [
              -81.619936,
              51.783822
            ],
            [
              -81.690206,
              51.721819
            ],
            [
              -81.785277,
              51.705285
            ],
            [
              -81.888615,
              51.709418
            ],
            [
              -82.049822,
              51.812756
            ],
            [
              -82.120092,
              51.89956
            ],
            [
              -82.206896,
              52.0401
            ],
            [
              -82.268899,
              52.18064
            ],
            [
              -82.289567,
              52.267444
            ],
            [
              -82.268899,
              52.304645
            ],
            [
              -82.219297,
              52.317046
            ],
            [
              -82.157294,
              52.296378
            ]
          ]
        ]
      },
      "properties": {
        "satellite": "GOES-EAST",
        "start_utc": "2026197 2000",
        "end_utc": "2026197 2330",
        "density": "Medium",
        "source": "NOAA Hazard Mapping System"
      }
    },
    {
      "type": "Feature",
      "geometry": {
        "type": "Polygon",
        "coordinates": [
          [
            [
              -78.86352,
              55.286561
            ],
            [
              -77.206921,
              53.845754
            ],
            [
              -76.634906,
              52.618503
            ],
            [
              -76.038517,
              51.51989
            ],
            [
              -76.82324,
              50.421278
            ],
            [
              -78.047408,
              50.295722
            ],
            [
              -81.535933,
              51.475807
            ],
            [
              -82.665934,
              51.475807
            ],
            [
              -82.912691,
              50.719473
            ],
            [
              -82.112273,
              49.777805
            ],
            [
              -79.888014,
              47.33247
            ],
            [
              -77.628012,
              45.967052
            ],
            [
              -75.179676,
              44.319133
            ],
            [
              -71.930923,
              43.094965
            ],
            [
              -67.881752,
              42.012048
            ],
            [
              -65.633089,
              41.067379
            ],
            [
              -65.0,
              40.98824302506838
            ],
            [
              -65.0,
              35.0
            ],
            [
              -78.40588027216563,
              35.0
            ],
            [
              -78.390065,
              35.055914
            ],
            [
              -78.445868,
              35.502334
            ],
            [
              -78.761504,
              36.189017
            ],
            [
              -79.361381,
              36.440128
            ],
            [
              -80.161796,
              36.590484
            ],
            [
              -80.970932,
              36.716039
            ],
            [
              -82.198588,
              37.050854
            ],
            [
              -83.370441,
              37.315916
            ],
            [
              -84.6818,
              37.748386
            ],
            [
              -85.588591,
              38.083201
            ],
            [
              -86.66279,
              38.599374
            ],
            [
              -87.513778,
              39.129498
            ],
            [
              -88.532174,
              39.645672
            ],
            [
              -89.787731,
              40.524562
            ],
            [
              -90.847979,
              41.222093
            ],
            [
              -91.698968,
              42.087032
            ],
            [
              -92.675512,
              42.91012
            ],
            [
              -93.359093,
              43.775059
            ],
            [
              -94.958187,
              45.232901
            ],
            [
              -95.767324,
              46.014136
            ],
            [
              -97.260041,
              47.116236
            ],
            [
              -98.423172,
              47.639384
            ],
            [
              -100.0,
              48.07436955610347
            ],
            [
              -100.0,
              56.0
            ],
            [
              -79.52599895546427,
              56.0
            ],
            [
              -78.86352,
              55.286561
            ]
          ]
        ]
      },
      "properties": {
        "satellite": "GOES-EAST",
        "start_utc": "2026197 2000",
        "end_utc": "2026197 2330",
        "density": "Medium",
        "source": "NOAA Hazard Mapping System"
      }
    },
    {
      "type": "Feature",
      "geometry": {
        "type": "Polygon",
        "coordinates": [
          [
            [
              -77.57979,
              47.761598
            ],
            [
              -77.502632,
              47.742309
            ],
            [
              -77.450274,
              47.723019
            ],
            [
              -77.2932,
              47.637593
            ],
            [
              -77.171951,
              47.58248
            ],
            [
              -77.042434,
              47.527366
            ],
            [
              -76.94323,
              47.458474
            ],
            [
              -76.70073,
              47.306912
            ],
            [
              -76.623571,
              47.260066
            ],
            [
              -76.320447,
              47.069924
            ],
            [
              -76.232265,
              47.012055
            ],
            [
              -76.099993,
              46.915606
            ],
            [
              -75.964965,
              46.81089
            ],
            [
              -75.761045,
              46.659328
            ],
            [
              -75.667352,
              46.584925
            ],
            [
              -75.559881,
              46.469187
            ],
            [
              -75.540591,
              46.383761
            ],
            [
              -75.568148,
              46.309358
            ],
            [
              -75.683886,
              46.292824
            ],
            [
              -75.90434,
              46.364471
            ],
            [
              -76.033857,
              46.449897
            ],
            [
              -76.155106,
              46.527056
            ],
            [
              -76.339737,
              46.642794
            ],
            [
              -76.706241,
              46.84947
            ],
            [
              -76.888116,
              46.95143
            ],
            [
              -77.067235,
              47.064413
            ],
            [
              -77.21053,
              47.171884
            ],
            [
              -77.370359,
              47.295889
            ],
            [
              -77.494365,
              47.373048
            ],
            [
              -77.695529,
              47.546656
            ],
            [
              -77.756154,
              47.593502
            ],
            [
              -77.775443,
              47.659638
            ],
            [
              -77.764421,
              47.717508
            ],
            [
              -77.764421,
              47.736797
            ],
            [
              -77.667972,
              47.772621
            ],
            [
              -77.632148,
              47.772621
            ],
            [
              -77.57979,
              47.761598
            ]
          ]
        ]
      },
      "properties": {
        "satellite": "GOES-EAST",
        "start_utc": "2026197 2000",
        "end_utc": "2026197 2330",
        "density": "Medium",
        "source": "NOAA Hazard Mapping System"
      }
    },
    {
      "type": "Feature",
      "geometry": {
        "type": "Polygon",
        "coordinates": [
          [
            [
              -78.20268,
              35.00558
            ],
            [
              -78.146877,
              35.186938
            ],
            [
              -78.160828,
              35.326444
            ],
            [
              -78.21663,
              35.493851
            ],
            [
              -78.342186,
              35.70311
            ],
            [
              -78.467741,
              35.898419
            ],
            [
              -78.649099,
              36.247184
            ],
            [
              -78.718852,
              36.568048
            ],
            [
              -78.788605,
              36.749406
            ],
            [
              -78.983914,
              36.944715
            ],
            [
              -79.318729,
              37.05632
            ],
            [
              -79.514037,
              37.028419
            ],
            [
              -79.765148,
              36.902863
            ],
            [
              -80.03021,
              36.847061
            ],
            [
              -80.211568,
              36.83311
            ],
            [
              -80.434778,
              36.83311
            ],
            [
              -80.685889,
              36.847061
            ],
            [
              -80.588235,
              36.972616
            ],
            [
              -80.420827,
              37.05632
            ],
            [
              -80.26737,
              37.112122
            ],
            [
              -80.113914,
              37.140024
            ],
            [
              -79.932556,
              37.223727
            ],
            [
              -79.79305,
              37.377184
            ],
            [
              -79.695395,
              37.530641
            ],
            [
              -79.207124,
              37.823604
            ],
            [
              -78.956013,
              38.032863
            ],
            [
              -78.746754,
              38.214221
            ],
            [
              -78.523544,
              38.395579
            ],
            [
              -78.411939,
              38.479282
            ],
            [
              -77.867865,
              38.674591
            ],
            [
              -77.588853,
              38.939653
            ],
            [
              -77.449347,
              39.10706
            ],
            [
              -77.184285,
              39.511628
            ],
            [
              -77.351692,
              39.679035
            ],
            [
              -77.686507,
              39.804591
            ],
            [
              -78.035272,
              39.860393
            ],
            [
              -78.384038,
              39.860393
            ],
            [
              -78.858359,
              39.846443
            ],
            [
              -79.416383,
              39.860393
            ],
            [
              -79.960457,
              40.055702
            ],
            [
              -80.420827,
              40.153356
            ],
            [
              -81.383419,
              40.25101
            ],
            [
              -81.969345,
              40.264961
            ],
            [
              -82.54132,
              40.320763
            ],
            [
              -82.973789,
              40.376566
            ],
            [
              -83.336505,
              40.432368
            ],
            [
              -83.699221,
              40.432368
            ],
            [
              -84.438604,
              40.641627
            ],
            [
              -84.926875,
              40.613726
            ],
            [
              -85.27564,
              40.613726
            ],
            [
              -85.819714,
              40.613726
            ],
            [
              -86.056875,
              40.641627
            ],
            [
              -86.252183,
              40.93459
            ],
            [
              -86.489344,
              41.101998
            ],
            [
              -86.698603,
              41.283356
            ],
            [
              -88.567985,
              42.050639
            ],
            [
              -89.042306,
              42.176195
            ],
            [
              -89.572429,
              42.329652
            ],
            [
              -89.865392,
              42.594713
            ],
            [
              -90.200207,
              42.887676
            ],
            [
              -90.353664,
              43.110886
            ],
            [
              -90.632676,
              43.361997
            ],
            [
              -90.855886,
              43.571256
            ],
            [
              -91.023293,
              43.766565
            ],
            [
              -91.246503,
              43.933972
            ],
            [
              -92.139342,
              44.366441
            ],
            [
              -92.390453,
              44.422244
            ],
            [
              -92.76712,
              44.422244
            ],
            [
              -93.129836,
              44.422244
            ],
            [
              -93.618107,
              44.603602
            ],
            [
              -94.050576,
              44.79891
            ],
            [
              -94.287736,
              45.119774
            ],
            [
              -94.427243,
              45.356935
            ],
            [
              -94.455144,
              45.719651
            ],
            [
              -94.399341,
              46.054465
            ],
            [
              -94.37144,
              46.528786
            ],
            [
              -94.566749,
              46.779897
            ],
            [
              -94.776008,
              47.114712
            ],
            [
              -94.929465,
              47.351872
            ],
            [
              -95.194526,
              47.644835
            ],
            [
              -95.51539,
              48.063354
            ],
            [
              -97.461501,
              49.447952
            ],
            [
              -97.942797,
              50.515174
            ],
            [
              -98.005575,
              51.875359
            ],
            [
              -97.880019,
              52.314803
            ],
            [
              -97.77539,
              52.670544
            ],
            [
              -97.712612,
              53.193692
            ],
            [
              -97.733538,
              53.61221
            ],
            [
              -98.968167,
              55.20258
            ],
            [
              -99.33770389098117,
              56.0
            ],
            [
              -94.30505816052093,
              56.0
            ],
            [
              -94.199384,
              55.832683
            ],
            [
              -94.059878,
              55.414165
            ],
            [
              -93.892471,
              55.0654
            ],
            [
              -93.515805,
              54.61898
            ],
            [
              -93.292595,
              54.284165
            ],
            [
              -92.929879,
              54.019104
            ],
            [
              -92.595064,
              53.754042
            ],
            [
              -92.260249,
              53.461079
            ],
            [
              -91.967287,
              53.196018
            ],
            [
              -91.744077,
              52.930956
            ],
            [
              -90.925641,
              51.633549
            ],
            [
              -90.814036,
              51.531245
            ],
            [
              -90.609427,
              51.41964
            ],
            [
              -90.404818,
              51.373138
            ],
            [
              -90.172308,
              51.345237
            ],
            [
              -90.023501,
              51.345237
            ],
            [
              -89.846794,
              51.354537
            ],
            [
              -89.670086,
              51.354537
            ],
            [
              -89.484078,
              51.345237
            ],
            [
              -89.363172,
              51.326636
            ],
            [
              -89.242267,
              51.317335
            ],
            [
              -89.177164,
              51.177829
            ],
            [
              -89.158563,
              51.094126
            ],
            [
              -89.139963,
              50.991821
            ],
            [
              -89.028358,
              50.908117
            ],
            [
              -88.898152,
              50.898817
            ],
            [
              -88.786547,
              50.97322
            ],
            [
              -88.656341,
              51.149928
            ],
            [
              -88.61914,
              51.270833
            ],
            [
              -88.656341,
              51.345237
            ],
            [
              -88.767946,
              51.568446
            ],
            [
              -88.795848,
              51.689352
            ],
            [
              -88.740045,
              51.782356
            ],
            [
              -88.61914,
              51.735854
            ],
            [
              -88.488934,
              51.633549
            ],
            [
              -88.423831,
              51.587047
            ],
            [
              -88.358728,
              51.512644
            ],
            [
              -88.254684,
              51.376434
            ],
            [
              -88.192681,
              51.202827
            ],
            [
              -88.217482,
              51.029219
            ],
            [
              -88.285685,
              50.861812
            ],
            [
              -88.349428,
              50.759311
            ],
            [
              -88.479634,
              50.74071
            ],
            [
              -88.674942,
              50.787212
            ],
            [
              -89.046959,
              50.73141
            ],
            [
              -89.139963,
              50.554702
            ],
            [
              -89.028358,
              50.266389
            ],
            [
              -88.749345,
              49.940875
            ],
            [
              -88.377329,
              49.633961
            ],
            [
              -88.023914,
              49.354949
            ],
            [
              -87.670498,
              49.057336
            ],
            [
              -86.521898,
              48.45281
            ],
            [
              -85.67091,
              48.034291
            ],
            [
              -84.931528,
              47.629723
            ],
            [
              -83.84338,
              46.987995
            ],
            [
              -82.758142,
              46.667715
            ],
            [
              -81.767649,
              46.458456
            ],
            [
              -80.944563,
              46.221295
            ],
            [
              -80.121477,
              45.998085
            ],
            [
              -79.563452,
              45.844629
            ],
            [
              -78.991477,
              45.663271
            ],
            [
              -78.433453,
              45.509814
            ],
            [
              -77.749873,
              45.314505
            ],
            [
              -76.926787,
              45.063394
            ],
            [
              -76.285059,
              44.784382
            ],
            [
              -75.671232,
              44.575123
            ],
            [
              -74.917899,
              44.379814
            ],
            [
              -73.941356,
              44.045
            ],
            [
              -73.436223,
              43.890959
            ],
            [
              -72.975852,
              43.570095
            ],
            [
              -73.073507,
              43.374786
            ],
            [
              -73.296716,
              43.291083
            ],
            [
              -73.868692,
              43.053922
            ],
            [
              -74.064,
              42.99812
            ],
            [
              -74.552272,
              42.705157
            ],
            [
              -74.426716,
              42.523799
            ],
            [
              -71.064618,
              41.477503
            ],
            [
              -70.436841,
              41.254293
            ],
            [
              -69.251039,
              40.905528
            ],
            [
              -66.2534,
              40.082442
            ],
            [
              -65.0,
              39.57324788604243
            ],
            [
              -65.0,
              35.0
            ],
            [
              -78.20367642806124,
              35.0
            ],
            [
              -78.20268,
              35.00558
            ]
          ]
        ]
      },
      "properties": {
        "satellite": "GOES-WEST",
        "start_utc": "2026197 1200",
        "end_utc": "2026197 1500",
        "density": "Heavy",
        "source": "NOAA Hazard Mapping System"
      }
    },
    {
      "type": "Feature",
      "geometry": {
        "type": "Polygon",
        "coordinates": [
          [
            [
              -87.69666,
              51.457038
            ],
            [
              -87.616056,
              51.395035
            ],
            [
              -87.566454,
              51.351633
            ],
            [
              -87.47345,
              51.28343
            ],
            [
              -87.355645,
              51.159425
            ],
            [
              -87.287442,
              51.078821
            ],
            [
              -87.231639,
              50.998218
            ],
            [
              -87.206838,
              50.954816
            ],
            [
              -87.200638,
              50.911414
            ],
            [
              -87.200638,
              50.83081
            ],
            [
              -87.25024,
              50.775008
            ],
            [
              -87.306042,
              50.719205
            ],
            [
              -87.368045,
              50.719205
            ],
            [
              -87.467249,
              50.768808
            ],
            [
              -87.547853,
              50.806009
            ],
            [
              -87.671858,
              50.83081
            ],
            [
              -87.70906,
              50.961016
            ],
            [
              -87.647057,
              51.029219
            ],
            [
              -87.628457,
              51.103622
            ],
            [
              -87.647057,
              51.140824
            ],
            [
              -87.678059,
              51.190426
            ],
            [
              -87.721461,
              51.240028
            ],
            [
              -87.764863,
              51.28343
            ],
            [
              -87.833065,
              51.376434
            ],
            [
              -87.851666,
              51.450838
            ],
            [
              -87.69666,
              51.457038
            ]
          ]
        ]
      },
      "properties": {
        "satellite": "GOES-WEST",
        "start_utc": "2026197 1200",
        "end_utc": "2026197 1500",
        "density": "Heavy",
        "source": "NOAA Hazard Mapping System"
      }
    },
    {
      "type": "Feature",
      "geometry": {
        "type": "Polygon",
        "coordinates": [
          [
            [
              -89.11439,
              52.768008
            ],
            [
              -88.996585,
              52.644002
            ],
            [
              -88.953183,
              52.581999
            ],
            [
              -88.922182,
              52.519997
            ],
            [
              -88.89738,
              52.457994
            ],
            [
              -88.977984,
              52.519997
            ],
            [
              -89.039987,
              52.581999
            ],
            [
              -89.089589,
              52.637802
            ],
            [
              -89.163992,
              52.693604
            ],
            [
              -89.188793,
              52.724606
            ],
            [
              -89.213594,
              52.805209
            ],
            [
              -89.201194,
              52.82381
            ],
            [
              -89.11439,
              52.768008
            ]
          ]
        ]
      },
      "properties": {
        "satellite": "GOES-WEST",
        "start_utc": "2026197 1200",
        "end_utc": "2026197 1500",
        "density": "Heavy",
        "source": "NOAA Hazard Mapping System"
      }
    },
    {
      "type": "Feature",
      "geometry": {
        "type": "Polygon",
        "coordinates": [
          [
            [
              -87.353513,
              51.348145
            ],
            [
              -87.272909,
              51.292343
            ],
            [
              -87.217107,
              51.261342
            ],
            [
              -87.155104,
              51.21794
            ],
            [
              -87.099302,
              51.162137
            ],
            [
              -87.012498,
              51.087734
            ],
            [
              -86.962896,
              51.019531
            ],
            [
              -86.925694,
              50.920327
            ],
            [
              -86.950495,
              50.932727
            ],
            [
              -87.031099,
              50.957528
            ],
            [
              -87.074501,
              50.98853
            ],
            [
              -87.117903,
              51.038132
            ],
            [
              -87.161305,
              51.093934
            ],
            [
              -87.198506,
              51.155937
            ],
            [
              -87.266709,
              51.236541
            ],
            [
              -87.403115,
              51.329545
            ],
            [
              -87.353513,
              51.348145
            ]
          ]
        ]
      },
      "properties": {
        "satellite": "GOES-WEST",
        "start_utc": "2026197 1200",
        "end_utc": "2026197 1500",
        "density": "Heavy",
        "source": "NOAA Hazard Mapping System"
      }
    },
    {
      "type": "Feature",
      "geometry": {
        "type": "Polygon",
        "coordinates": [
          [
            [
              -88.560343,
              51.637851
            ],
            [
              -88.54932,
              51.632952
            ],
            [
              -88.492982,
              51.613356
            ],
            [
              -88.434194,
              51.586412
            ],
            [
              -88.392553,
              51.560692
            ],
            [
              -88.338664,
              51.519051
            ],
            [
              -88.305596,
              51.479859
            ],
            [
              -88.270078,
              51.445566
            ],
            [
              -88.222313,
              51.383104
            ],
            [
              -88.172099,
              51.329215
            ],
            [
              -88.101063,
              51.252057
            ],
            [
              -88.037377,
              51.141829
            ],
            [
              -88.028804,
              51.074469
            ],
            [
              -88.055748,
              50.991186
            ],
            [
              -88.142705,
              50.903004
            ],
            [
              -88.230886,
              50.857689
            ],
            [
              -88.357035,
              50.836868
            ],
            [
              -88.437868,
              50.840542
            ],
            [
              -88.539522,
              50.87606
            ],
            [
              -88.587287,
              50.898105
            ],
            [
              -88.62158,
              50.926274
            ],
            [
              -88.643625,
              50.944646
            ],
            [
              -88.686492,
              50.987512
            ],
            [
              -88.699964,
              51.035277
            ],
            [
              -88.691391,
              51.100188
            ],
            [
              -88.663221,
              51.150403
            ],
            [
              -88.622805,
              51.172448
            ],
            [
              -88.589737,
              51.201842
            ],
            [
              -88.571366,
              51.236135
            ],
            [
              -88.560343,
              51.28145
            ],
            [
              -88.566467,
              51.364733
            ],
            [
              -88.57504,
              51.42597
            ],
            [
              -88.588512,
              51.492107
            ],
            [
              -88.620355,
              51.538647
            ],
            [
              -88.639951,
              51.560692
            ],
            [
              -88.659547,
              51.583962
            ],
            [
              -88.665671,
              51.609682
            ],
            [
              -88.658322,
              51.632952
            ],
            [
              -88.631378,
              51.648874
            ],
            [
              -88.606883,
              51.654998
            ],
            [
              -88.588512,
              51.647649
            ],
            [
              -88.560343,
              51.637851
            ]
          ]
        ]
      },
      "properties": {
        "satellite": "GOES-WEST",
        "start_utc": "2026197 1500",
        "end_utc": "2026197 1700",
        "density": "Heavy",
        "source": "NOAA Hazard Mapping System"
      }
    },
    {
      "type": "Feature",
      "geometry": {
        "type": "Polygon",
        "coordinates": [
          [
            [
              -87.771607,
              51.488432
            ],
            [
              -87.734865,
              51.492107
            ],
            [
              -87.694448,
              51.47496
            ],
            [
              -87.671178,
              51.455364
            ],
            [
              -87.651582,
              51.443117
            ],
            [
              -87.578097,
              51.376981
            ],
            [
              -87.520534,
              51.323092
            ],
            [
              -87.476444,
              51.285125
            ],
            [
              -87.404184,
              51.228786
            ],
            [
              -87.350295,
              51.189595
            ],
            [
              -87.320901,
              51.163875
            ],
            [
              -87.260888,
              51.101413
            ],
            [
              -87.177606,
              51.013231
            ],
            [
              -87.124942,
              50.947095
            ],
            [
              -87.10902,
              50.883408
            ],
            [
              -87.10902,
              50.769507
            ],
            [
              -87.127391,
              50.685
            ],
            [
              -87.144538,
              50.63601
            ],
            [
              -87.263338,
              50.552727
            ],
            [
              -87.342946,
              50.54048
            ],
            [
              -87.4446,
              50.580896
            ],
            [
              -87.471545,
              50.621313
            ],
            [
              -87.466646,
              50.670303
            ],
            [
              -87.433577,
              50.75481
            ],
            [
              -87.425004,
              50.844216
            ],
            [
              -87.433577,
              50.901779
            ],
            [
              -87.454398,
              50.965466
            ],
            [
              -87.510736,
              51.030378
            ],
            [
              -87.54258,
              51.058547
            ],
            [
              -87.603817,
              51.138155
            ],
            [
              -87.646683,
              51.205516
            ],
            [
              -87.671178,
              51.238584
            ],
            [
              -87.689549,
              51.26063
            ],
            [
              -87.718943,
              51.302271
            ],
            [
              -87.737314,
              51.33289
            ],
            [
              -87.774057,
              51.369632
            ],
            [
              -87.801001,
              51.414948
            ],
            [
              -87.796102,
              51.47496
            ],
            [
              -87.791203,
              51.483533
            ],
            [
              -87.771607,
              51.488432
            ]
          ]
        ]
      },
      "properties": {
        "satellite": "GOES-WEST",
        "start_utc": "2026197 1500",
        "end_utc": "2026197 1700",
        "density": "Heavy",
        "source": "NOAA Hazard Mapping System"
      }
    },
    {
      "type": "Feature",
      "geometry": {
        "type": "Polygon",
        "coordinates": [
          [
            [
              -87.335598,
              51.346362
            ],
            [
              -87.319676,
              51.342688
            ],
            [
              -87.311103,
              51.341463
            ],
            [
              -87.295181,
              51.33044
            ],
            [
              -87.27681,
              51.315743
            ],
            [
              -87.242517,
              51.290024
            ],
            [
              -87.221697,
              51.272877
            ],
            [
              -87.203325,
              51.249607
            ],
            [
              -87.203325,
              51.232461
            ],
            [
              -87.220472,
              51.215314
            ],
            [
              -87.25109,
              51.204291
            ],
            [
              -87.263338,
              51.207966
            ],
            [
              -87.293957,
              51.220213
            ],
            [
              -87.307429,
              51.241034
            ],
            [
              -87.32335,
              51.266753
            ],
            [
              -87.34907,
              51.298597
            ],
            [
              -87.369891,
              51.327991
            ],
            [
              -87.363767,
              51.352486
            ],
            [
              -87.361318,
              51.352485
            ],
            [
              -87.335598,
              51.346362
            ]
          ]
        ]
      },
      "properties": {
        "satellite": "GOES-WEST",
        "start_utc": "2026197 1500",
        "end_utc": "2026197 1700",
        "density": "Heavy",
        "source": "NOAA Hazard Mapping System"
      }
    },
    {
      "type": "Feature",
      "geometry": {
        "type": "MultiPolygon",
        "coordinates": [
          [
            [
              [
                -85.95393,
                55.671407
              ],
              [
                -86.361985,
                55.29474
              ],
              [
                -88.441467,
                55.402329
              ],
              [
                -90.411146,
                55.640018
              ],
              [
                -91.25110552913141,
                56.0
              ],
              [
                -85.9459154929927,
                56.0
              ],
              [
                -85.95393,
                55.671407
              ]
            ]
          ],
          [
            [
              [
                -93.482282,
                55.355827
              ],
              [
                -92.890865,
                54.572797
              ],
              [
                -92.357255,
                53.819464
              ],
              [
                -91.41559,
                52.689466
              ],
              [
                -90.568091,
                51.841967
              ],
              [
                -89.438092,
                51.182801
              ],
              [
                -89.030037,
                51.182801
              ],
              [
                -88.83725,
                51.379735
              ],
              [
                -88.625063,
                51.696638
              ],
              [
                -88.38532,
                51.638769
              ],
              [
                -88.306783,
                51.407292
              ],
              [
                -88.042238,
                51.126213
              ],
              [
                -87.931427,
                50.963079
              ],
              [
                -87.674356,
                50.799666
              ],
              [
                -87.426345,
                50.845134
              ],
              [
                -87.558618,
                51.105546
              ],
              [
                -87.831429,
                51.407292
              ],
              [
                -87.657822,
                51.52303
              ],
              [
                -87.397817,
                51.371134
              ],
              [
                -87.190735,
                50.985674
              ],
              [
                -87.033662,
                50.448317
              ],
              [
                -86.446703,
                49.724953
              ],
              [
                -85.326153,
                48.514749
              ],
              [
                -83.2231,
                47.070862
              ],
              [
                -81.622268,
                46.066418
              ],
              [
                -79.425049,
                45.407253
              ],
              [
                -77.353385,
                44.810864
              ],
              [
                -76.411719,
                44.340032
              ],
              [
                -74.716721,
                43.429755
              ],
              [
                -72.456724,
                42.770589
              ],
              [
                -70.573393,
                42.20559
              ],
              [
                -69.631728,
                41.797535
              ],
              [
                -68.212302,
                40.326189
              ],
              [
                -67.81471,
                38.359154
              ],
              [
                -68.98656,
                36.015454
              ],
              [
                -70.660632,
                35.220269
              ],
              [
                -72.334704,
                35.283047
              ],
              [
                -72.48909312367878,
                35.0
              ],
              [
                -75.93284814227606,
                35.0
              ],
              [
                -76.160608,
                35.64532
              ],
              [
                -76.52686,
                36.301441
              ],
              [
                -76.847723,
                37.054773
              ],
              [
                -77.824217,
                38.219206
              ],
              [
                -78.389217,
                38.784205
              ],
              [
                -79.265827,
                39.258968
              ],
              [
                -79.990048,
                39.537538
              ],
              [
                -83.101081,
                40.378504
              ],
              [
                -86.091741,
                40.786559
              ],
              [
                -87.366428,
                41.38948
              ],
              [
                -89.552069,
                42.78382
              ],
              [
                -91.741734,
                44.51137
              ],
              [
                -92.955436,
                45.125196
              ],
              [
                -93.611115,
                45.585566
              ],
              [
                -94.378398,
                46.743466
              ],
              [
                -94.964323,
                47.929267
              ],
              [
                -95.77864,
                50.146969
              ],
              [
                -95.527529,
                51.779189
              ],
              [
                -95.150863,
                52.84641
              ],
              [
                -95.056696,
                54.227519
              ],
              [
                -95.276418,
                55.04363
              ],
              [
                -95.87414936901746,
                56.0
              ],
              [
                -93.69087095659276,
                56.0
              ],
              [
                -93.482282,
                55.355827
              ]
            ]
          ]
        ]
      },
      "properties": {
        "satellite": "GOES-WEST",
        "start_utc": "2026197 1500",
        "end_utc": "2026197 1700",
        "density": "Heavy",
        "source": "NOAA Hazard Mapping System"
      }
    },
    {
      "type": "Feature",
      "geometry": {
        "type": "Polygon",
        "coordinates": [
          [
            [
              -88.649781,
              52.005388
            ],
            [
              -88.627736,
              51.999876
            ],
            [
              -88.609365,
              51.992528
            ],
            [
              -88.576297,
              51.974157
            ],
            [
              -88.550577,
              51.957623
            ],
            [
              -88.523225,
              51.93966
            ],
            [
              -88.495464,
              51.917614
            ],
            [
              -88.495464,
              51.900468
            ],
            [
              -88.510161,
              51.886588
            ],
            [
              -88.537717,
              51.893324
            ],
            [
              -88.572623,
              51.915369
            ],
            [
              -88.605691,
              51.930066
            ],
            [
              -88.66999,
              51.952111
            ],
            [
              -88.70612,
              51.966604
            ],
            [
              -88.718367,
              51.994365
            ],
            [
              -88.705303,
              52.008245
            ],
            [
              -88.693872,
              52.01641
            ],
            [
              -88.649781,
              52.005388
            ]
          ]
        ]
      },
      "properties": {
        "satellite": "GOES-WEST",
        "start_utc": "2026197 1700",
        "end_utc": "2026197 2000",
        "density": "Heavy",
        "source": "NOAA Hazard Mapping System"
      }
    },
    {
      "type": "Feature",
      "geometry": {
        "type": "Polygon",
        "coordinates": [
          [
            [
              -87.322823,
              51.356069
            ],
            [
              -87.310422,
              51.351936
            ],
            [
              -87.26082,
              51.281666
            ],
            [
              -87.227752,
              51.256865
            ],
            [
              -87.194684,
              51.232064
            ],
            [
              -87.149215,
              51.161794
            ],
            [
              -87.132681,
              51.112192
            ],
            [
              -87.174016,
              51.091525
            ],
            [
              -87.186417,
              51.095658
            ],
            [
              -87.231885,
              51.128726
            ],
            [
              -87.277354,
              51.182462
            ],
            [
              -87.306289,
              51.219664
            ],
            [
              -87.339357,
              51.269266
            ],
            [
              -87.376558,
              51.302334
            ],
            [
              -87.376558,
              51.360203
            ],
            [
              -87.372425,
              51.360203
            ],
            [
              -87.364158,
              51.351936
            ],
            [
              -87.335223,
              51.335402
            ],
            [
              -87.322823,
              51.356069
            ]
          ]
        ]
      },
      "properties": {
        "satellite": "GOES-WEST",
        "start_utc": "2026197 1700",
        "end_utc": "2026197 2000",
        "density": "Heavy",
        "source": "NOAA Hazard Mapping System"
      }
    },
    {
      "type": "Feature",
      "geometry": {
        "type": "Polygon",
        "coordinates": [
          [
            [
              -87.798176,
              51.500742
            ],
            [
              -87.657637,
              51.455274
            ],
            [
              -87.5791,
              51.397405
            ],
            [
              -87.508831,
              51.335402
            ],
            [
              -87.417893,
              51.260999
            ],
            [
              -87.372425,
              51.211397
            ],
            [
              -87.347624,
              51.116326
            ],
            [
              -87.405493,
              51.029522
            ],
            [
              -87.504697,
              51.033656
            ],
            [
              -87.587367,
              51.06259
            ],
            [
              -87.665904,
              51.091525
            ],
            [
              -87.71964,
              51.157661
            ],
            [
              -87.773375,
              51.232064
            ],
            [
              -87.822977,
              51.323001
            ],
            [
              -87.851912,
              51.36847
            ],
            [
              -87.88498,
              51.413939
            ],
            [
              -87.864312,
              51.484208
            ],
            [
              -87.822977,
              51.504876
            ],
            [
              -87.806443,
              51.50901
            ],
            [
              -87.798176,
              51.500742
            ]
          ]
        ]
      },
      "properties": {
        "satellite": "GOES-WEST",
        "start_utc": "2026197 1700",
        "end_utc": "2026197 2000",
        "density": "Heavy",
        "source": "NOAA Hazard Mapping System"
      }
    },
    {
      "type": "Feature",
      "geometry": {
        "type": "Polygon",
        "coordinates": [
          [
            [
              -88.637279,
              51.748753
            ],
            [
              -88.546342,
              51.695017
            ],
            [
              -88.476072,
              51.657816
            ],
            [
              -88.389268,
              51.60408
            ],
            [
              -88.306598,
              51.525543
            ],
            [
              -88.236328,
              51.463541
            ],
            [
              -88.132991,
              51.351936
            ],
            [
              -88.070988,
              51.240331
            ],
            [
              -88.008985,
              51.136993
            ],
            [
              -87.996585,
              51.037789
            ],
            [
              -88.025519,
              50.946852
            ],
            [
              -88.099923,
              50.955119
            ],
            [
              -88.207394,
              50.988187
            ],
            [
              -88.302465,
              51.037789
            ],
            [
              -88.389268,
              51.108059
            ],
            [
              -88.451271,
              51.198996
            ],
            [
              -88.533941,
              51.306467
            ],
            [
              -88.558742,
              51.351936
            ],
            [
              -88.699282,
              51.554478
            ],
            [
              -88.736483,
              51.67435
            ],
            [
              -88.719949,
              51.769421
            ],
            [
              -88.678614,
              51.769421
            ],
            [
              -88.637279,
              51.748753
            ]
          ]
        ]
      },
      "properties": {
        "satellite": "GOES-WEST",
        "start_utc": "2026197 1700",
        "end_utc": "2026197 2000",
        "density": "Heavy",
        "source": "NOAA Hazard Mapping System"
      }
    },
    {
      "type": "Feature",
      "geometry": {
        "type": "Polygon",
        "coordinates": [
          [
            [
              -81.074069,
              55.992756
            ],
            [
              -80.529995,
              55.61609
            ],
            [
              -80.153329,
              54.737202
            ],
            [
              -79.553453,
              53.663005
            ],
            [
              -79.079132,
              53.09103
            ],
            [
              -78.11654,
              52.491154
            ],
            [
              -76.874936,
              51.891278
            ],
            [
              -76.693578,
              51.2635
            ],
            [
              -77.000492,
              51.096093
            ],
            [
              -77.907281,
              51.291402
            ],
            [
              -78.56296,
              51.584364
            ],
            [
              -79.218638,
              52.044734
            ],
            [
              -80.195181,
              52.742265
            ],
            [
              -80.781106,
              53.481647
            ],
            [
              -81.604192,
              54.500041
            ],
            [
              -82.455179,
              55.058066
            ],
            [
              -84.003697,
              55.072016
            ],
            [
              -85.161597,
              55.253374
            ],
            [
              -86.500855,
              55.406831
            ],
            [
              -87.630855,
              55.713744
            ],
            [
              -88.27492950380659,
              56.0
            ],
            [
              -81.09670645943281,
              56.0
            ],
            [
              -81.074069,
              55.992756
            ]
          ]
        ]
      },
      "properties": {
        "satellite": "GOES-WEST",
        "start_utc": "2026197 1700",
        "end_utc": "2026197 2000",
        "density": "Heavy",
        "source": "NOAA Hazard Mapping System"
      }
    },
    {
      "type": "Feature",
      "geometry": {
        "type": "Polygon",
        "coordinates": [
          [
            [
              -91.327765,
              51.64191
            ],
            [
              -90.546531,
              51.600058
            ],
            [
              -90.002457,
              51.348948
            ],
            [
              -89.364217,
              50.829287
            ],
            [
              -88.485329,
              50.20151
            ],
            [
              -87.857552,
              49.3854
            ],
            [
              -87.261164,
              48.789011
            ],
            [
              -86.413664,
              47.972901
            ],
            [
              -85.220887,
              46.842902
            ],
            [
              -84.31061,
              46.026792
            ],
            [
              -83.4945,
              45.52457
            ],
            [
              -81.360057,
              44.457348
            ],
            [
              -80.010336,
              43.798182
            ],
            [
              -78.53506,
              43.264572
            ],
            [
              -76.620339,
              42.668183
            ],
            [
              -75.270618,
              42.322906
            ],
            [
              -73.29312,
              42.009017
            ],
            [
              -72.382843,
              41.757906
            ],
            [
              -71.033122,
              41.632351
            ],
            [
              -68.804513,
              41.38124
            ],
            [
              -68.082569,
              41.192907
            ],
            [
              -66.858403,
              40.784852
            ],
            [
              -65.0,
              40.221698923351994
            ],
            [
              -65.0,
              35.64786941938511
            ],
            [
              -65.958591,
              35.748684
            ],
            [
              -67.873311,
              35.685906
            ],
            [
              -69.819421,
              35.528962
            ],
            [
              -71.76553,
              35.152296
            ],
            [
              -72.49205380956768,
              35.0
            ],
            [
              -74.57851231193438,
              35.0
            ],
            [
              -75.145063,
              35.197634
            ],
            [
              -75.458951,
              36.076522
            ],
            [
              -75.427563,
              36.986799
            ],
            [
              -75.364785,
              37.394855
            ],
            [
              -75.647285,
              38.116798
            ],
            [
              -76.023951,
              38.650409
            ],
            [
              -78.001449,
              39.592075
            ],
            [
              -79.257004,
              39.749019
            ],
            [
              -81.140335,
              40.062908
            ],
            [
              -83.808389,
              40.470963
            ],
            [
              -85.44061,
              40.784852
            ],
            [
              -86.601997,
              41.287073
            ],
            [
              -88.328385,
              42.322906
            ],
            [
              -89.277026,
              42.769326
            ],
            [
              -90.40005,
              43.484294
            ],
            [
              -92.122949,
              44.527102
            ],
            [
              -93.256436,
              45.147903
            ],
            [
              -94.825879,
              46.434847
            ],
            [
              -95.798934,
              47.407902
            ],
            [
              -96.206989,
              47.910123
            ],
            [
              -96.301156,
              49.040122
            ],
            [
              -95.704767,
              49.605122
            ],
            [
              -95.108379,
              49.950399
            ],
            [
              -94.009769,
              50.48401
            ],
            [
              -93.448257,
              51.042034
            ],
            [
              -93.507547,
              52.210397
            ],
            [
              -93.005325,
              52.712619
            ],
            [
              -92.513566,
              52.395243
            ],
            [
              -91.91369,
              52.074379
            ],
            [
              -91.327765,
              51.64191
            ]
          ]
        ]
      },
      "properties": {
        "satellite": "GOES-WEST",
        "start_utc": "2026197 1700",
        "end_utc": "2026197 2000",
        "density": "Heavy",
        "source": "NOAA Hazard Mapping System"
      }
    },
    {
      "type": "Feature",
      "geometry": {
        "type": "Polygon",
        "coordinates": [
          [
            [
              -76.793561,
              46.780696
            ],
            [
              -76.76876,
              46.780696
            ],
            [
              -76.732936,
              46.772429
            ],
            [
              -76.697112,
              46.764162
            ],
            [
              -76.661288,
              46.739361
            ],
            [
              -76.617197,
              46.69527
            ],
            [
              -76.581374,
              46.664958
            ],
            [
              -76.540038,
              46.626378
            ],
            [
              -76.484925,
              46.590554
            ],
            [
              -76.438078,
              46.540952
            ],
            [
              -76.391232,
              46.502372
            ],
            [
              -76.32234,
              46.461037
            ],
            [
              -76.272738,
              46.403168
            ],
            [
              -76.256203,
              46.364588
            ],
            [
              -76.261715,
              46.334276
            ],
            [
              -76.308561,
              46.320498
            ],
            [
              -76.360919,
              46.339787
            ],
            [
              -76.418789,
              46.381123
            ],
            [
              -76.473902,
              46.422458
            ],
            [
              -76.534527,
              46.480327
            ],
            [
              -76.603419,
              46.538196
            ],
            [
              -76.64751,
              46.587799
            ],
            [
              -76.746714,
              46.667713
            ],
            [
              -76.801828,
              46.717315
            ],
            [
              -76.834896,
              46.758651
            ],
            [
              -76.83214,
              46.772429
            ],
            [
              -76.823873,
              46.775185
            ],
            [
              -76.796316,
              46.77794
            ],
            [
              -76.793561,
              46.780696
            ]
          ]
        ]
      },
      "properties": {
        "satellite": "GOES-EAST",
        "start_utc": "2026197 2000",
        "end_utc": "2026197 2330",
        "density": "Heavy",
        "source": "NOAA Hazard Mapping System"
      }
    },
    {
      "type": "Feature",
      "geometry": {
        "type": "Polygon",
        "coordinates": [
          [
            [
              -77.673197,
              47.762522
            ],
            [
              -77.627269,
              47.760684
            ],
            [
              -77.592364,
              47.751499
            ],
            [
              -77.573992,
              47.733128
            ],
            [
              -77.533576,
              47.700059
            ],
            [
              -77.483974,
              47.659643
            ],
            [
              -77.438046,
              47.619226
            ],
            [
              -77.395792,
              47.576972
            ],
            [
              -77.335167,
              47.521859
            ],
            [
              -77.232288,
              47.4447
            ],
            [
              -77.136758,
              47.362029
            ],
            [
              -77.100016,
              47.305079
            ],
            [
              -77.114712,
              47.248128
            ],
            [
              -77.155129,
              47.237105
            ],
            [
              -77.22494,
              47.242617
            ],
            [
              -77.269031,
              47.272011
            ],
            [
              -77.344352,
              47.32345
            ],
            [
              -77.384769,
              47.362029
            ],
            [
              -77.450905,
              47.413469
            ],
            [
              -77.518879,
              47.464908
            ],
            [
              -77.575829,
              47.521859
            ],
            [
              -77.621757,
              47.562275
            ],
            [
              -77.715451,
              47.639434
            ],
            [
              -77.746682,
              47.6872
            ],
            [
              -77.739333,
              47.718431
            ],
            [
              -77.713613,
              47.74415
            ],
            [
              -77.680545,
              47.749662
            ],
            [
              -77.673197,
              47.762522
            ]
          ]
        ]
      },
      "properties": {
        "satellite": "GOES-EAST",
        "start_utc": "2026197 2000",
        "end_utc": "2026197 2330",
        "density": "Heavy",
        "source": "NOAA Hazard Mapping System"
      }
    },
    {
      "type": "Feature",
      "geometry": {
        "type": "Polygon",
        "coordinates": [
          [
            [
              -82.182095,
              52.26331
            ],
            [
              -82.165561,
              52.242642
            ],
            [
              -82.14076,
              52.221975
            ],
            [
              -82.107692,
              52.184773
            ],
            [
              -82.045689,
              52.12277
            ],
            [
              -82.037422,
              52.081435
            ],
            [
              -82.062223,
              52.077302
            ],
            [
              -82.095291,
              52.085569
            ],
            [
              -82.149027,
              52.139304
            ],
            [
              -82.194496,
              52.18064
            ],
            [
              -82.227564,
              52.205441
            ],
            [
              -82.252365,
              52.26331
            ],
            [
              -82.248231,
              52.279844
            ],
            [
              -82.202763,
              52.288111
            ],
            [
              -82.182095,
              52.26331
            ]
          ]
        ]
      },
      "properties": {
        "satellite": "GOES-EAST",
        "start_utc": "2026197 2000",
        "end_utc": "2026197 2330",
        "density": "Heavy",
        "source": "NOAA Hazard Mapping System"
      }
    },
    {
      "type": "Feature",
      "geometry": {
        "type": "Polygon",
        "coordinates": [
          [
            [
              -88.851362,
              52.215115
            ],
            [
              -88.811804,
              52.197748
            ],
            [
              -88.700199,
              52.166747
            ],
            [
              -88.631996,
              52.141945
            ],
            [
              -88.530479,
              52.098764
            ],
            [
              -88.445987,
              52.067542
            ],
            [
              -88.363914,
              52.044875
            ],
            [
              -88.222777,
              51.999339
            ],
            [
              -88.086371,
              51.968338
            ],
            [
              -87.968566,
              51.869133
            ],
            [
              -87.956074,
              51.771757
            ],
            [
              -88.030569,
              51.701725
            ],
            [
              -88.117372,
              51.707926
            ],
            [
              -88.216577,
              51.714126
            ],
            [
              -88.303381,
              51.738927
            ],
            [
              -88.359183,
              51.763728
            ],
            [
              -88.532791,
              51.825731
            ],
            [
              -88.650597,
              51.893934
            ],
            [
              -88.7312,
              51.962137
            ],
            [
              -88.855206,
              52.067542
            ],
            [
              -88.923409,
              52.135745
            ],
            [
              -88.929609,
              52.197748
            ],
            [
              -88.894228,
              52.21389
            ],
            [
              -88.851362,
              52.215115
            ]
          ]
        ]
      },
      "properties": {
        "satellite": "GOES-EAST",
        "start_utc": "2026197 2000",
        "end_utc": "2026197 2330",
        "density": "Heavy",
        "source": "NOAA Hazard Mapping System"
      }
    },
    {
      "type": "Feature",
      "geometry": {
        "type": "Polygon",
        "coordinates": [
          [
            [
              -87.825959,
              51.509517
            ],
            [
              -87.794958,
              51.503316
            ],
            [
              -87.683353,
              51.428913
            ],
            [
              -87.61515,
              51.397912
            ],
            [
              -87.466343,
              51.292507
            ],
            [
              -87.40434,
              51.218103
            ],
            [
              -87.305136,
              51.112699
            ],
            [
              -87.323736,
              50.976292
            ],
            [
              -87.422941,
              50.93289
            ],
            [
              -87.565547,
              50.963892
            ],
            [
              -87.695753,
              51.025895
            ],
            [
              -87.807358,
              51.1313
            ],
            [
              -87.875561,
              51.242905
            ],
            [
              -87.906563,
              51.36071
            ],
            [
              -87.906563,
              51.497116
            ],
            [
              -87.825959,
              51.509517
            ]
          ]
        ]
      },
      "properties": {
        "satellite": "GOES-EAST",
        "start_utc": "2026197 2000",
        "end_utc": "2026197 2330",
        "density": "Heavy",
        "source": "NOAA Hazard Mapping System"
      }
    },
    {
      "type": "Feature",
      "geometry": {
        "type": "Polygon",
        "coordinates": [
          [
            [
              -87.354738,
              51.447514
            ],
            [
              -87.286535,
              51.447514
            ],
            [
              -87.125327,
              51.373111
            ],
            [
              -87.050924,
              51.292507
            ],
            [
              -86.95792,
              51.193302
            ],
            [
              -86.827714,
              51.056896
            ],
            [
              -86.728509,
              50.901889
            ],
            [
              -86.647906,
              50.70968
            ],
            [
              -86.635505,
              50.622876
            ],
            [
              -86.852515,
              50.660078
            ],
            [
              -86.995121,
              50.784084
            ],
            [
              -87.17493,
              50.91429
            ],
            [
              -87.305136,
              51.044496
            ],
            [
              -87.435341,
              51.180902
            ],
            [
              -87.478743,
              51.292507
            ],
            [
              -87.41054,
              51.37311
            ],
            [
              -87.354738,
              51.447514
            ]
          ]
        ]
      },
      "properties": {
        "satellite": "GOES-EAST",
        "start_utc": "2026197 2000",
        "end_utc": "2026197 2330",
        "density": "Heavy",
        "source": "NOAA Hazard Mapping System"
      }
    },
    {
      "type": "Feature",
      "geometry": {
        "type": "Polygon",
        "coordinates": [
          [
            [
              -88.681598,
              51.769929
            ],
            [
              -88.650597,
              51.769929
            ],
            [
              -88.526591,
              51.732727
            ],
            [
              -88.359183,
              51.639723
            ],
            [
              -88.259979,
              51.57152
            ],
            [
              -88.129773,
              51.478515
            ],
            [
              -88.06157,
              51.410312
            ],
            [
              -87.925164,
              51.180902
            ],
            [
              -87.770157,
              50.93289
            ],
            [
              -87.745356,
              50.802685
            ],
            [
              -87.770157,
              50.635277
            ],
            [
              -87.84456,
              50.604276
            ],
            [
              -87.968566,
              50.653878
            ],
            [
              -88.104972,
              50.765483
            ],
            [
              -88.228978,
              50.91429
            ],
            [
              -88.303381,
              51.038295
            ],
            [
              -88.452188,
              51.224304
            ],
            [
              -88.551392,
              51.298707
            ],
            [
              -88.693999,
              51.441314
            ],
            [
              -88.780803,
              51.57772
            ],
            [
              -88.749801,
              51.726527
            ],
            [
              -88.725,
              51.769929
            ],
            [
              -88.681598,
              51.769929
            ]
          ]
        ]
      },
      "properties": {
        "satellite": "GOES-EAST",
        "start_utc": "2026197 2000",
        "end_utc": "2026197 2330",
        "density": "Heavy",
        "source": "NOAA Hazard Mapping System"
      }
    },
    {
      "type": "Feature",
      "geometry": {
        "type": "Polygon",
        "coordinates": [
          [
            [
              -92.022,
              52.413983
            ],
            [
              -91.073357,
              52.009415
            ],
            [
              -90.626937,
              51.842007
            ],
            [
              -90.124714,
              51.493241
            ],
            [
              -89.329528,
              51.381636
            ],
            [
              -88.883107,
              51.228179
            ],
            [
              -88.478539,
              50.851512
            ],
            [
              -87.62445,
              50.315963
            ],
            [
              -86.918199,
              49.421378
            ],
            [
              -86.400282,
              48.76221
            ],
            [
              -85.646947,
              48.103043
            ],
            [
              -85.12903,
              47.632209
            ],
            [
              -84.234445,
              47.067208
            ],
            [
              -82.680693,
              46.219707
            ],
            [
              -82.115692,
              45.84304
            ],
            [
              -81.315274,
              45.230955
            ],
            [
              -80.656107,
              44.665955
            ],
            [
              -78.49027,
              43.865537
            ],
            [
              -77.548602,
              43.206369
            ],
            [
              -74.959015,
              42.029284
            ],
            [
              -74.299848,
              41.840951
            ],
            [
              -71.569011,
              41.27595
            ],
            [
              -70.203592,
              41.27595
            ],
            [
              -68.50859,
              41.370117
            ],
            [
              -67.378588,
              41.370117
            ],
            [
              -65.966086,
              40.663866
            ],
            [
              -65.0,
              40.22473608478764
            ],
            [
              -65.0,
              35.912250282937315
            ],
            [
              -66.060253,
              35.955526
            ],
            [
              -68.208265,
              35.598236
            ],
            [
              -69.714934,
              35.551153
            ],
            [
              -71.504103,
              35.409902
            ],
            [
              -72.42638395098054,
              35.0
            ],
            [
              -74.15480299706903,
              35.0
            ],
            [
              -74.864849,
              35.390525
            ],
            [
              -74.959015,
              36.190943
            ],
            [
              -75.053182,
              37.085527
            ],
            [
              -75.288599,
              37.838862
            ],
            [
              -76.089017,
              38.309696
            ],
            [
              -77.266102,
              38.874696
            ],
            [
              -78.443187,
              39.06303
            ],
            [
              -83.857778,
              40.287198
            ],
            [
              -85.55278,
              40.899283
            ],
            [
              -87.059449,
              41.746784
            ],
            [
              -88.566118,
              42.782619
            ],
            [
              -90.072787,
              44.242204
            ],
            [
              -90.873204,
              45.183872
            ],
            [
              -92.991957,
              46.40804
            ],
            [
              -93.98904,
              47.963731
            ],
            [
              -94.337806,
              48.856571
            ],
            [
              -94.309904,
              49.763363
            ],
            [
              -94.226201,
              50.851512
            ],
            [
              -94.00299,
              51.800155
            ],
            [
              -93.570521,
              52.400033
            ],
            [
              -92.928792,
              52.637194
            ],
            [
              -92.022,
              52.413983
            ]
          ]
        ]
      },
      "properties": {
        "satellite": "GOES-EAST",
        "start_utc": "2026197 2000",
        "end_utc": "2026197 2330",
        "density": "Heavy",
        "source": "NOAA Hazard Mapping System"
      }
    }
  ]
}
