time_utc,value,station,station_name,product,datum,units,source,source_url,s,f,q
2026-05-25 00:00:00+00:00,0.083,8575512,"Annapolis, MD",water_level,MSL,metric,NOAA CO-OPS Data API,https://api.tidesandcurrents.noaa.gov/api/prod/datagetter?product=water_level&application=tempo-earth2-workshop&begin_date=20260525&end_date=20260602&datum=MSL&station=8575512&time_zone=gmt&units=metric&interval=6&format=json,0.007,"0,0,0,0",v
2026-05-25 00:06:00+00:00,0.092,8575512,"Annapolis, MD",water_level,MSL,metric,NOAA CO-OPS Data API,https://api.tidesandcurrents.noaa.gov/api/prod/datagetter?product=water_level&application=tempo-earth2-workshop&begin_date=20260525&end_date=20260602&datum=MSL&station=8575512&time_zone=gmt&units=metric&interval=6&format=json,0.007,"0,0,0,0",v
2026-05-25 00:12:00+00:00,0.09,8575512,"Annapolis, MD",water_level,MSL,metric,NOAA CO-OPS Data API,https://api.tidesandcurrents.noaa.gov/api/prod/datagetter?product=water_level&application=tempo-earth2-workshop&begin_date=20260525&end_date=20260602&datum=MSL&station=8575512&time_zone=gmt&units=metric&interval=6&format=json,0.007,"0,0,0,0",v
2026-05-25 00:18:00+00:00,0.097,8575512,"Annapolis, MD",water_level,MSL,metric,NOAA CO-OPS Data API,https://api.tidesandcurrents.noaa.gov/api/prod/datagetter?product=water_level&application=tempo-earth2-workshop&begin_date=20260525&end_date=20260602&datum=MSL&station=8575512&time_zone=gmt&units=metric&interval=6&format=json,0.007,"0,0,0,0",v
2026-05-25 00:24:00+00:00,0.099,8575512,"Annapolis, MD",water_level,MSL,metric,NOAA CO-OPS Data API,https://api.tidesandcurrents.noaa.gov/api/prod/datagetter?product=water_level&application=tempo-earth2-workshop&begin_date=20260525&end_date=20260602&datum=MSL&station=8575512&time_zone=gmt&units=metric&interval=6&format=json,0.007,"0,0,0,0",v
2026-05-25 00:30:00+00:00,0.102,8575512,"Annapolis, MD",water_level,MSL,metric,NOAA CO-OPS Data API,https://api.tidesandcurrents.noaa.gov/api/prod/datagetter?product=water_level&application=tempo-earth2-workshop&begin_date=20260525&end_date=20260602&datum=MSL&station=8575512&time_zone=gmt&units=metric&interval=6&format=json,0.007,"0,0,0,0",v
2026-05-25 00:36:00+00:00,0.11,8575512,"Annapolis, MD",water_level,MSL,metric,NOAA CO-OPS Data API,https://api.tidesandcurrents.noaa.gov/api/prod/datagetter?product=water_level&application=tempo-earth2-workshop&begin_date=20260525&end_date=20260602&datum=MSL&station=8575512&time_zone=gmt&units=metric&interval=6&format=json,0.007,"0,0,0,0",v
2026-05-25 00:42:00+00:00,0.114,8575512,"Annapolis, MD",water_level,MSL,metric,NOAA CO-OPS Data API,https://api.tidesandcurrents.noaa.gov/api/prod/datagetter?product=water_level&application=tempo-earth2-workshop&begin_date=20260525&end_date=20260602&datum=MSL&station=8575512&time_zone=gmt&units=metric&interval=6&format=json,0.007,"0,0,0,0",v
2026-05-25 00:48:00+00:00,0.12,8575512,"Annapolis, MD",water_level,MSL,metric,NOAA CO-OPS Data API,https://api.tidesandcurrents.noaa.gov/api/prod/datagetter?product=water_level&application=tempo-earth2-workshop&begin_date=20260525&end_date=20260602&datum=MSL&station=8575512&time_zone=gmt&units=metric&interval=6&format=json,0.007,"0,0,0,0",v
2026-05-25 00:54:00+00:00,0.122,8575512,"Annapolis, MD",water_level,MSL,metric,NOAA CO-OPS Data API,https://api.tidesandcurrents.noaa.gov/api/prod/datagetter?product=water_level&application=tempo-earth2-workshop&begin_date=20260525&end_date=20260602&datum=MSL&station=8575512&time_zone=gmt&units=metric&interval=6&format=json,0.007,"0,0,0,0",v
2026-05-25 01:00:00+00:00,0.125,8575512,"Annapolis, MD",water_level,MSL,metric,NOAA CO-OPS Data API,https://api.tidesandcurrents.noaa.gov/api/prod/datagetter?product=water_level&application=tempo-earth2-workshop&begin_date=20260525&end_date=20260602&datum=MSL&station=8575512&time_zone=gmt&units=metric&interval=6&format=json,0.007,"0,0,0,0",v
2026-05-25 01:06:00+00:00,0.131,8575512,"Annapolis, MD",water_level,MSL,metric,NOAA CO-OPS Data API,https://api.tidesandcurrents.noaa.gov/api/prod/datagetter?product=water_level&application=tempo-earth2-workshop&begin_date=20260525&end_date=20260602&datum=MSL&station=8575512&time_zone=gmt&units=metric&interval=6&format=json,0.007,"0,0,0,0",v
2026-05-25 01:12:00+00:00,0.139,8575512,"Annapolis, MD",water_level,MSL,metric,NOAA CO-OPS Data API,https://api.tidesandcurrents.noaa.gov/api/prod/datagetter?product=water_level&application=tempo-earth2-workshop&begin_date=20260525&end_date=20260602&datum=MSL&station=8575512&time_zone=gmt&units=metric&interval=6&format=json,0.007,"0,0,0,0",v
2026-05-25 01:18:00+00:00,0.149,8575512,"Annapolis, MD",water_level,MSL,metric,NOAA CO-OPS Data API,https://api.tidesandcurrents.noaa.gov/api/prod/datagetter?product=water_level&application=tempo-earth2-workshop&begin_date=20260525&end_date=20260602&datum=MSL&station=8575512&time_zone=gmt&units=metric&interval=6&format=json,0.007,"0,0,0,0",v
2026-05-25 01:24:00+00:00,0.156,8575512,"Annapolis, MD",water_level,MSL,metric,NOAA CO-OPS Data API,https://api.tidesandcurrents.noaa.gov/api/prod/datagetter?product=water_level&application=tempo-earth2-workshop&begin_date=20260525&end_date=20260602&datum=MSL&station=8575512&time_zone=gmt&units=metric&interval=6&format=json,0.007,"0,0,0,0",v
2026-05-25 01:30:00+00:00,0.164,8575512,"Annapolis, MD",water_level,MSL,metric,NOAA CO-OPS Data API,https://api.tidesandcurrents.noaa.gov/api/prod/datagetter?product=water_level&application=tempo-earth2-workshop&begin_date=20260525&end_date=20260602&datum=MSL&station=8575512&time_zone=gmt&units=metric&interval=6&format=json,0.007,"0,0,0,0",v
2026-05-25 01:36:00+00:00,0.17,8575512,"Annapolis, MD",water_level,MSL,metric,NOAA CO-OPS Data API,https://api.tidesandcurrents.noaa.gov/api/prod/datagetter?product=water_level&application=tempo-earth2-workshop&begin_date=20260525&end_date=20260602&datum=MSL&station=8575512&time_zone=gmt&units=metric&interval=6&format=json,0.007,"0,0,0,0",v
2026-05-25 01:42:00+00:00,0.176,8575512,"Annapolis, MD",water_level,MSL,metric,NOAA CO-OPS Data API,https://api.tidesandcurrents.noaa.gov/api/prod/datagetter?product=water_level&application=tempo-earth2-workshop&begin_date=20260525&end_date=20260602&datum=MSL&station=8575512&time_zone=gmt&units=metric&interval=6&format=json,0.007,"0,0,0,0",v
2026-05-25 01:48:00+00:00,0.183,8575512,"Annapolis, MD",water_level,MSL,metric,NOAA CO-OPS Data API,https://api.tidesandcurrents.noaa.gov/api/prod/datagetter?product=water_level&application=tempo-earth2-workshop&begin_date=20260525&end_date=20260602&datum=MSL&station=8575512&time_zone=gmt&units=metric&interval=6&format=json,0.007,"0,0,0,0",v
2026-05-25 01:54:00+00:00,0.188,8575512,"Annapolis, MD",water_level,MSL,metric,NOAA CO-OPS Data API,https://api.tidesandcurrents.noaa.gov/api/prod/datagetter?product=water_level&application=tempo-earth2-workshop&begin_date=20260525&end_date=20260602&datum=MSL&station=8575512&time_zone=gmt&units=metric&interval=6&format=json,0.007,"0,0,0,0",v
2026-05-25 02:00:00+00:00,0.192,8575512,"Annapolis, MD",water_level,MSL,metric,NOAA CO-OPS Data API,https://api.tidesandcurrents.noaa.gov/api/prod/datagetter?product=water_level&application=tempo-earth2-workshop&begin_date=20260525&end_date=20260602&datum=MSL&station=8575512&time_zone=gmt&units=metric&interval=6&format=json,0.007,"0,0,0,0",v
2026-05-25 02:06:00+00:00,0.198,8575512,"Annapolis, MD",water_level,MSL,metric,NOAA CO-OPS Data API,https://api.tidesandcurrents.noaa.gov/api/prod/datagetter?product=water_level&application=tempo-earth2-workshop&begin_date=20260525&end_date=20260602&datum=MSL&station=8575512&time_zone=gmt&units=metric&interval=6&format=json,0.007,"0,0,0,0",v
2026-05-25 02:12:00+00:00,0.204,8575512,"Annapolis, MD",water_level,MSL,metric,NOAA CO-OPS Data API,https://api.tidesandcurrents.noaa.gov/api/prod/datagetter?product=water_level&application=tempo-earth2-workshop&begin_date=20260525&end_date=20260602&datum=MSL&station=8575512&time_zone=gmt&units=metric&interval=6&format=json,0.007,"0,0,0,0",v
2026-05-25 02:18:00+00:00,0.21,8575512,"Annapolis, MD",water_level,MSL,metric,NOAA CO-OPS Data API,https://api.tidesandcurrents.noaa.gov/api/prod/datagetter?product=water_level&application=tempo-earth2-workshop&begin_date=20260525&end_date=20260602&datum=MSL&station=8575512&time_zone=gmt&units=metric&interval=6&format=json,0.007,"0,0,0,0",v
2026-05-25 02:24:00+00:00,0.216,8575512,"Annapolis, MD",water_level,MSL,metric,NOAA CO-OPS Data API,https://api.tidesandcurrents.noaa.gov/api/prod/datagetter?product=water_level&application=tempo-earth2-workshop&begin_date=20260525&end_date=20260602&datum=MSL&station=8575512&time_zone=gmt&units=metric&interval=6&format=json,0.007,"0,0,0,0",v
2026-05-25 02:30:00+00:00,0.224,8575512,"Annapolis, MD",water_level,MSL,metric,NOAA CO-OPS Data API,https://api.tidesandcurrents.noaa.gov/api/prod/datagetter?product=water_level&application=tempo-earth2-workshop&begin_date=20260525&end_date=20260602&datum=MSL&station=8575512&time_zone=gmt&units=metric&interval=6&format=json,0.007,"0,0,0,0",v
2026-05-25 02:36:00+00:00,0.232,8575512,"Annapolis, MD",water_level,MSL,metric,NOAA CO-OPS Data API,https://api.tidesandcurrents.noaa.gov/api/prod/datagetter?product=water_level&application=tempo-earth2-workshop&begin_date=20260525&end_date=20260602&datum=MSL&station=8575512&time_zone=gmt&units=metric&interval=6&format=json,0.007,"0,0,0,0",v
2026-05-25 02:42:00+00:00,0.239,8575512,"Annapolis, MD",water_level,MSL,metric,NOAA CO-OPS Data API,https://api.tidesandcurrents.noaa.gov/api/prod/datagetter?product=water_level&application=tempo-earth2-workshop&begin_date=20260525&end_date=20260602&datum=MSL&station=8575512&time_zone=gmt&units=metric&interval=6&format=json,0.007,"0,0,0,0",v
2026-05-25 02:48:00+00:00,0.246,8575512,"Annapolis, MD",water_level,MSL,metric,NOAA CO-OPS Data API,https://api.tidesandcurrents.noaa.gov/api/prod/datagetter?product=water_level&application=tempo-earth2-workshop&begin_date=20260525&end_date=20260602&datum=MSL&station=8575512&time_zone=gmt&units=metric&interval=6&format=json,0.007,"0,0,0,0",v
2026-05-25 02:54:00+00:00,0.251,8575512,"Annapolis, MD",water_level,MSL,metric,NOAA CO-OPS Data API,https://api.tidesandcurrents.noaa.gov/api/prod/datagetter?product=water_level&application=tempo-earth2-workshop&begin_date=20260525&end_date=20260602&datum=MSL&station=8575512&time_zone=gmt&units=metric&interval=6&format=json,0.007,"0,0,0,0",v
2026-05-25 03:00:00+00:00,0.257,8575512,"Annapolis, MD",water_level,MSL,metric,NOAA CO-OPS Data API,https://api.tidesandcurrents.noaa.gov/api/prod/datagetter?product=water_level&application=tempo-earth2-workshop&begin_date=20260525&end_date=20260602&datum=MSL&station=8575512&time_zone=gmt&units=metric&interval=6&format=json,0.007,"0,0,0,0",v
2026-05-25 03:06:00+00:00,0.263,8575512,"Annapolis, MD",water_level,MSL,metric,NOAA CO-OPS Data API,https://api.tidesandcurrents.noaa.gov/api/prod/datagetter?product=water_level&application=tempo-earth2-workshop&begin_date=20260525&end_date=20260602&datum=MSL&station=8575512&time_zone=gmt&units=metric&interval=6&format=json,0.007,"0,0,0,0",v
2026-05-25 03:12:00+00:00,0.269,8575512,"Annapolis, MD",water_level,MSL,metric,NOAA CO-OPS Data API,https://api.tidesandcurrents.noaa.gov/api/prod/datagetter?product=water_level&application=tempo-earth2-workshop&begin_date=20260525&end_date=20260602&datum=MSL&station=8575512&time_zone=gmt&units=metric&interval=6&format=json,0.007,"0,0,0,0",v
2026-05-25 03:18:00+00:00,0.277,8575512,"Annapolis, MD",water_level,MSL,metric,NOAA CO-OPS Data API,https://api.tidesandcurrents.noaa.gov/api/prod/datagetter?product=water_level&application=tempo-earth2-workshop&begin_date=20260525&end_date=20260602&datum=MSL&station=8575512&time_zone=gmt&units=metric&interval=6&format=json,0.007,"0,0,0,0",v
2026-05-25 03:24:00+00:00,0.283,8575512,"Annapolis, MD",water_level,MSL,metric,NOAA CO-OPS Data API,https://api.tidesandcurrents.noaa.gov/api/prod/datagetter?product=water_level&application=tempo-earth2-workshop&begin_date=20260525&end_date=20260602&datum=MSL&station=8575512&time_zone=gmt&units=metric&interval=6&format=json,0.007,"0,0,0,0",v
2026-05-25 03:30:00+00:00,0.29,8575512,"Annapolis, MD",water_level,MSL,metric,NOAA CO-OPS Data API,https://api.tidesandcurrents.noaa.gov/api/prod/datagetter?product=water_level&application=tempo-earth2-workshop&begin_date=20260525&end_date=20260602&datum=MSL&station=8575512&time_zone=gmt&units=metric&interval=6&format=json,0.007,"0,0,0,0",v
2026-05-25 03:36:00+00:00,0.297,8575512,"Annapolis, MD",water_level,MSL,metric,NOAA CO-OPS Data API,https://api.tidesandcurrents.noaa.gov/api/prod/datagetter?product=water_level&application=tempo-earth2-workshop&begin_date=20260525&end_date=20260602&datum=MSL&station=8575512&time_zone=gmt&units=metric&interval=6&format=json,0.007,"0,0,0,0",v
2026-05-25 03:42:00+00:00,0.303,8575512,"Annapolis, MD",water_level,MSL,metric,NOAA CO-OPS Data API,https://api.tidesandcurrents.noaa.gov/api/prod/datagetter?product=water_level&application=tempo-earth2-workshop&begin_date=20260525&end_date=20260602&datum=MSL&station=8575512&time_zone=gmt&units=metric&interval=6&format=json,0.007,"0,0,0,0",v
2026-05-25 03:48:00+00:00,0.308,8575512,"Annapolis, MD",water_level,MSL,metric,NOAA CO-OPS Data API,https://api.tidesandcurrents.noaa.gov/api/prod/datagetter?product=water_level&application=tempo-earth2-workshop&begin_date=20260525&end_date=20260602&datum=MSL&station=8575512&time_zone=gmt&units=metric&interval=6&format=json,0.007,"0,0,0,0",v
2026-05-25 03:54:00+00:00,0.313,8575512,"Annapolis, MD",water_level,MSL,metric,NOAA CO-OPS Data API,https://api.tidesandcurrents.noaa.gov/api/prod/datagetter?product=water_level&application=tempo-earth2-workshop&begin_date=20260525&end_date=20260602&datum=MSL&station=8575512&time_zone=gmt&units=metric&interval=6&format=json,0.007,"0,0,0,0",v
2026-05-25 04:00:00+00:00,0.319,8575512,"Annapolis, MD",water_level,MSL,metric,NOAA CO-OPS Data API,https://api.tidesandcurrents.noaa.gov/api/prod/datagetter?product=water_level&application=tempo-earth2-workshop&begin_date=20260525&end_date=20260602&datum=MSL&station=8575512&time_zone=gmt&units=metric&interval=6&format=json,0.007,"0,0,0,0",v
2026-05-25 04:06:00+00:00,0.323,8575512,"Annapolis, MD",water_level,MSL,metric,NOAA CO-OPS Data API,https://api.tidesandcurrents.noaa.gov/api/prod/datagetter?product=water_level&application=tempo-earth2-workshop&begin_date=20260525&end_date=20260602&datum=MSL&station=8575512&time_zone=gmt&units=metric&interval=6&format=json,0.007,"0,0,0,0",v
2026-05-25 04:12:00+00:00,0.328,8575512,"Annapolis, MD",water_level,MSL,metric,NOAA CO-OPS Data API,https://api.tidesandcurrents.noaa.gov/api/prod/datagetter?product=water_level&application=tempo-earth2-workshop&begin_date=20260525&end_date=20260602&datum=MSL&station=8575512&time_zone=gmt&units=metric&interval=6&format=json,0.007,"0,0,0,0",v
2026-05-25 04:18:00+00:00,0.333,8575512,"Annapolis, MD",water_level,MSL,metric,NOAA CO-OPS Data API,https://api.tidesandcurrents.noaa.gov/api/prod/datagetter?product=water_level&application=tempo-earth2-workshop&begin_date=20260525&end_date=20260602&datum=MSL&station=8575512&time_zone=gmt&units=metric&interval=6&format=json,0.007,"0,0,0,0",v
2026-05-25 04:24:00+00:00,0.34,8575512,"Annapolis, MD",water_level,MSL,metric,NOAA CO-OPS Data API,https://api.tidesandcurrents.noaa.gov/api/prod/datagetter?product=water_level&application=tempo-earth2-workshop&begin_date=20260525&end_date=20260602&datum=MSL&station=8575512&time_zone=gmt&units=metric&interval=6&format=json,0.007,"0,0,0,0",v
2026-05-25 04:30:00+00:00,0.342,8575512,"Annapolis, MD",water_level,MSL,metric,NOAA CO-OPS Data API,https://api.tidesandcurrents.noaa.gov/api/prod/datagetter?product=water_level&application=tempo-earth2-workshop&begin_date=20260525&end_date=20260602&datum=MSL&station=8575512&time_zone=gmt&units=metric&interval=6&format=json,0.007,"0,0,0,0",v
2026-05-25 04:36:00+00:00,0.347,8575512,"Annapolis, MD",water_level,MSL,metric,NOAA CO-OPS Data API,https://api.tidesandcurrents.noaa.gov/api/prod/datagetter?product=water_level&application=tempo-earth2-workshop&begin_date=20260525&end_date=20260602&datum=MSL&station=8575512&time_zone=gmt&units=metric&interval=6&format=json,0.007,"0,0,0,0",v
2026-05-25 04:42:00+00:00,0.349,8575512,"Annapolis, MD",water_level,MSL,metric,NOAA CO-OPS Data API,https://api.tidesandcurrents.noaa.gov/api/prod/datagetter?product=water_level&application=tempo-earth2-workshop&begin_date=20260525&end_date=20260602&datum=MSL&station=8575512&time_zone=gmt&units=metric&interval=6&format=json,0.007,"0,0,0,0",v
2026-05-25 04:48:00+00:00,0.35,8575512,"Annapolis, MD",water_level,MSL,metric,NOAA CO-OPS Data API,https://api.tidesandcurrents.noaa.gov/api/prod/datagetter?product=water_level&application=tempo-earth2-workshop&begin_date=20260525&end_date=20260602&datum=MSL&station=8575512&time_zone=gmt&units=metric&interval=6&format=json,0.007,"0,0,0,0",v
2026-05-25 04:54:00+00:00,0.351,8575512,"Annapolis, MD",water_level,MSL,metric,NOAA CO-OPS Data API,https://api.tidesandcurrents.noaa.gov/api/prod/datagetter?product=water_level&application=tempo-earth2-workshop&begin_date=20260525&end_date=20260602&datum=MSL&station=8575512&time_zone=gmt&units=metric&interval=6&format=json,0.007,"0,0,0,0",v
2026-05-25 05:00:00+00:00,0.353,8575512,"Annapolis, MD",water_level,MSL,metric,NOAA CO-OPS Data API,https://api.tidesandcurrents.noaa.gov/api/prod/datagetter?product=water_level&application=tempo-earth2-workshop&begin_date=20260525&end_date=20260602&datum=MSL&station=8575512&time_zone=gmt&units=metric&interval=6&format=json,0.007,"0,0,0,0",v
2026-05-25 05:06:00+00:00,0.354,8575512,"Annapolis, MD",water_level,MSL,metric,NOAA CO-OPS Data API,https://api.tidesandcurrents.noaa.gov/api/prod/datagetter?product=water_level&application=tempo-earth2-workshop&begin_date=20260525&end_date=20260602&datum=MSL&station=8575512&time_zone=gmt&units=metric&interval=6&format=json,0.007,"0,0,0,0",v
2026-05-25 05:12:00+00:00,0.359,8575512,"Annapolis, MD",water_level,MSL,metric,NOAA CO-OPS Data API,https://api.tidesandcurrents.noaa.gov/api/prod/datagetter?product=water_level&application=tempo-earth2-workshop&begin_date=20260525&end_date=20260602&datum=MSL&station=8575512&time_zone=gmt&units=metric&interval=6&format=json,0.007,"0,0,0,0",v
2026-05-25 05:18:00+00:00,0.361,8575512,"Annapolis, MD",water_level,MSL,metric,NOAA CO-OPS Data API,https://api.tidesandcurrents.noaa.gov/api/prod/datagetter?product=water_level&application=tempo-earth2-workshop&begin_date=20260525&end_date=20260602&datum=MSL&station=8575512&time_zone=gmt&units=metric&interval=6&format=json,0.007,"0,0,0,0",v
2026-05-25 05:24:00+00:00,0.361,8575512,"Annapolis, MD",water_level,MSL,metric,NOAA CO-OPS Data API,https://api.tidesandcurrents.noaa.gov/api/prod/datagetter?product=water_level&application=tempo-earth2-workshop&begin_date=20260525&end_date=20260602&datum=MSL&station=8575512&time_zone=gmt&units=metric&interval=6&format=json,0.007,"0,0,0,0",v
2026-05-25 05:30:00+00:00,0.361,8575512,"Annapolis, MD",water_level,MSL,metric,NOAA CO-OPS Data API,https://api.tidesandcurrents.noaa.gov/api/prod/datagetter?product=water_level&application=tempo-earth2-workshop&begin_date=20260525&end_date=20260602&datum=MSL&station=8575512&time_zone=gmt&units=metric&interval=6&format=json,0.007,"0,0,0,0",v
2026-05-25 05:36:00+00:00,0.362,8575512,"Annapolis, MD",water_level,MSL,metric,NOAA CO-OPS Data API,https://api.tidesandcurrents.noaa.gov/api/prod/datagetter?product=water_level&application=tempo-earth2-workshop&begin_date=20260525&end_date=20260602&datum=MSL&station=8575512&time_zone=gmt&units=metric&interval=6&format=json,0.007,"0,0,0,0",v
2026-05-25 05:42:00+00:00,0.363,8575512,"Annapolis, MD",water_level,MSL,metric,NOAA CO-OPS Data API,https://api.tidesandcurrents.noaa.gov/api/prod/datagetter?product=water_level&application=tempo-earth2-workshop&begin_date=20260525&end_date=20260602&datum=MSL&station=8575512&time_zone=gmt&units=metric&interval=6&format=json,0.007,"0,0,0,0",v
2026-05-25 05:48:00+00:00,0.36,8575512,"Annapolis, MD",water_level,MSL,metric,NOAA CO-OPS Data API,https://api.tidesandcurrents.noaa.gov/api/prod/datagetter?product=water_level&application=tempo-earth2-workshop&begin_date=20260525&end_date=20260602&datum=MSL&station=8575512&time_zone=gmt&units=metric&interval=6&format=json,0.007,"0,0,0,0",v
2026-05-25 05:54:00+00:00,0.36,8575512,"Annapolis, MD",water_level,MSL,metric,NOAA CO-OPS Data API,https://api.tidesandcurrents.noaa.gov/api/prod/datagetter?product=water_level&application=tempo-earth2-workshop&begin_date=20260525&end_date=20260602&datum=MSL&station=8575512&time_zone=gmt&units=metric&interval=6&format=json,0.007,"0,0,0,0",v
2026-05-25 06:00:00+00:00,0.358,8575512,"Annapolis, MD",water_level,MSL,metric,NOAA CO-OPS Data API,https://api.tidesandcurrents.noaa.gov/api/prod/datagetter?product=water_level&application=tempo-earth2-workshop&begin_date=20260525&end_date=20260602&datum=MSL&station=8575512&time_zone=gmt&units=metric&interval=6&format=json,0.007,"0,0,0,0",v
2026-05-25 06:06:00+00:00,0.355,8575512,"Annapolis, MD",water_level,MSL,metric,NOAA CO-OPS Data API,https://api.tidesandcurrents.noaa.gov/api/prod/datagetter?product=water_level&application=tempo-earth2-workshop&begin_date=20260525&end_date=20260602&datum=MSL&station=8575512&time_zone=gmt&units=metric&interval=6&format=json,0.007,"0,0,0,0",v
2026-05-25 06:12:00+00:00,0.357,8575512,"Annapolis, MD",water_level,MSL,metric,NOAA CO-OPS Data API,https://api.tidesandcurrents.noaa.gov/api/prod/datagetter?product=water_level&application=tempo-earth2-workshop&begin_date=20260525&end_date=20260602&datum=MSL&station=8575512&time_zone=gmt&units=metric&interval=6&format=json,0.007,"0,0,0,0",v
2026-05-25 06:18:00+00:00,0.357,8575512,"Annapolis, MD",water_level,MSL,metric,NOAA CO-OPS Data API,https://api.tidesandcurrents.noaa.gov/api/prod/datagetter?product=water_level&application=tempo-earth2-workshop&begin_date=20260525&end_date=20260602&datum=MSL&station=8575512&time_zone=gmt&units=metric&interval=6&format=json,0.007,"0,0,0,0",v
2026-05-25 06:24:00+00:00,0.355,8575512,"Annapolis, MD",water_level,MSL,metric,NOAA CO-OPS Data API,https://api.tidesandcurrents.noaa.gov/api/prod/datagetter?product=water_level&application=tempo-earth2-workshop&begin_date=20260525&end_date=20260602&datum=MSL&station=8575512&time_zone=gmt&units=metric&interval=6&format=json,0.007,"0,0,0,0",v
2026-05-25 06:30:00+00:00,0.35,8575512,"Annapolis, MD",water_level,MSL,metric,NOAA CO-OPS Data API,https://api.tidesandcurrents.noaa.gov/api/prod/datagetter?product=water_level&application=tempo-earth2-workshop&begin_date=20260525&end_date=20260602&datum=MSL&station=8575512&time_zone=gmt&units=metric&interval=6&format=json,0.007,"0,0,0,0",v
2026-05-25 06:36:00+00:00,0.347,8575512,"Annapolis, MD",water_level,MSL,metric,NOAA CO-OPS Data API,https://api.tidesandcurrents.noaa.gov/api/prod/datagetter?product=water_level&application=tempo-earth2-workshop&begin_date=20260525&end_date=20260602&datum=MSL&station=8575512&time_zone=gmt&units=metric&interval=6&format=json,0.007,"0,0,0,0",v
2026-05-25 06:42:00+00:00,0.341,8575512,"Annapolis, MD",water_level,MSL,metric,NOAA CO-OPS Data API,https://api.tidesandcurrents.noaa.gov/api/prod/datagetter?product=water_level&application=tempo-earth2-workshop&begin_date=20260525&end_date=20260602&datum=MSL&station=8575512&time_zone=gmt&units=metric&interval=6&format=json,0.007,"0,0,0,0",v
2026-05-25 06:48:00+00:00,0.337,8575512,"Annapolis, MD",water_level,MSL,metric,NOAA CO-OPS Data API,https://api.tidesandcurrents.noaa.gov/api/prod/datagetter?product=water_level&application=tempo-earth2-workshop&begin_date=20260525&end_date=20260602&datum=MSL&station=8575512&time_zone=gmt&units=metric&interval=6&format=json,0.007,"0,0,0,0",v
2026-05-25 06:54:00+00:00,0.333,8575512,"Annapolis, MD",water_level,MSL,metric,NOAA CO-OPS Data API,https://api.tidesandcurrents.noaa.gov/api/prod/datagetter?product=water_level&application=tempo-earth2-workshop&begin_date=20260525&end_date=20260602&datum=MSL&station=8575512&time_zone=gmt&units=metric&interval=6&format=json,0.007,"0,0,0,0",v
2026-05-25 07:00:00+00:00,0.327,8575512,"Annapolis, MD",water_level,MSL,metric,NOAA CO-OPS Data API,https://api.tidesandcurrents.noaa.gov/api/prod/datagetter?product=water_level&application=tempo-earth2-workshop&begin_date=20260525&end_date=20260602&datum=MSL&station=8575512&time_zone=gmt&units=metric&interval=6&format=json,0.007,"0,0,0,0",v
2026-05-25 07:06:00+00:00,0.321,8575512,"Annapolis, MD",water_level,MSL,metric,NOAA CO-OPS Data API,https://api.tidesandcurrents.noaa.gov/api/prod/datagetter?product=water_level&application=tempo-earth2-workshop&begin_date=20260525&end_date=20260602&datum=MSL&station=8575512&time_zone=gmt&units=metric&interval=6&format=json,0.007,"0,0,0,0",v
2026-05-25 07:12:00+00:00,0.32,8575512,"Annapolis, MD",water_level,MSL,metric,NOAA CO-OPS Data API,https://api.tidesandcurrents.noaa.gov/api/prod/datagetter?product=water_level&application=tempo-earth2-workshop&begin_date=20260525&end_date=20260602&datum=MSL&station=8575512&time_zone=gmt&units=metric&interval=6&format=json,0.007,"0,0,0,0",v
2026-05-25 07:18:00+00:00,0.317,8575512,"Annapolis, MD",water_level,MSL,metric,NOAA CO-OPS Data API,https://api.tidesandcurrents.noaa.gov/api/prod/datagetter?product=water_level&application=tempo-earth2-workshop&begin_date=20260525&end_date=20260602&datum=MSL&station=8575512&time_zone=gmt&units=metric&interval=6&format=json,0.007,"0,0,0,0",v
2026-05-25 07:24:00+00:00,0.313,8575512,"Annapolis, MD",water_level,MSL,metric,NOAA CO-OPS Data API,https://api.tidesandcurrents.noaa.gov/api/prod/datagetter?product=water_level&application=tempo-earth2-workshop&begin_date=20260525&end_date=20260602&datum=MSL&station=8575512&time_zone=gmt&units=metric&interval=6&format=json,0.007,"0,0,0,0",v
2026-05-25 07:30:00+00:00,0.306,8575512,"Annapolis, MD",water_level,MSL,metric,NOAA CO-OPS Data API,https://api.tidesandcurrents.noaa.gov/api/prod/datagetter?product=water_level&application=tempo-earth2-workshop&begin_date=20260525&end_date=20260602&datum=MSL&station=8575512&time_zone=gmt&units=metric&interval=6&format=json,0.007,"0,0,0,0",v
2026-05-25 07:36:00+00:00,0.303,8575512,"Annapolis, MD",water_level,MSL,metric,NOAA CO-OPS Data API,https://api.tidesandcurrents.noaa.gov/api/prod/datagetter?product=water_level&application=tempo-earth2-workshop&begin_date=20260525&end_date=20260602&datum=MSL&station=8575512&time_zone=gmt&units=metric&interval=6&format=json,0.007,"0,0,0,0",v
2026-05-25 07:42:00+00:00,0.297,8575512,"Annapolis, MD",water_level,MSL,metric,NOAA CO-OPS Data API,https://api.tidesandcurrents.noaa.gov/api/prod/datagetter?product=water_level&application=tempo-earth2-workshop&begin_date=20260525&end_date=20260602&datum=MSL&station=8575512&time_zone=gmt&units=metric&interval=6&format=json,0.007,"0,0,0,0",v
2026-05-25 07:48:00+00:00,0.29,8575512,"Annapolis, MD",water_level,MSL,metric,NOAA CO-OPS Data API,https://api.tidesandcurrents.noaa.gov/api/prod/datagetter?product=water_level&application=tempo-earth2-workshop&begin_date=20260525&end_date=20260602&datum=MSL&station=8575512&time_zone=gmt&units=metric&interval=6&format=json,0.007,"0,0,0,0",v
2026-05-25 07:54:00+00:00,0.284,8575512,"Annapolis, MD",water_level,MSL,metric,NOAA CO-OPS Data API,https://api.tidesandcurrents.noaa.gov/api/prod/datagetter?product=water_level&application=tempo-earth2-workshop&begin_date=20260525&end_date=20260602&datum=MSL&station=8575512&time_zone=gmt&units=metric&interval=6&format=json,0.007,"0,0,0,0",v
2026-05-25 08:00:00+00:00,0.28,8575512,"Annapolis, MD",water_level,MSL,metric,NOAA CO-OPS Data API,https://api.tidesandcurrents.noaa.gov/api/prod/datagetter?product=water_level&application=tempo-earth2-workshop&begin_date=20260525&end_date=20260602&datum=MSL&station=8575512&time_zone=gmt&units=metric&interval=6&format=json,0.007,"0,0,0,0",v
2026-05-25 08:06:00+00:00,0.272,8575512,"Annapolis, MD",water_level,MSL,metric,NOAA CO-OPS Data API,https://api.tidesandcurrents.noaa.gov/api/prod/datagetter?product=water_level&application=tempo-earth2-workshop&begin_date=20260525&end_date=20260602&datum=MSL&station=8575512&time_zone=gmt&units=metric&interval=6&format=json,0.007,"0,0,0,0",v
2026-05-25 08:12:00+00:00,0.268,8575512,"Annapolis, MD",water_level,MSL,metric,NOAA CO-OPS Data API,https://api.tidesandcurrents.noaa.gov/api/prod/datagetter?product=water_level&application=tempo-earth2-workshop&begin_date=20260525&end_date=20260602&datum=MSL&station=8575512&time_zone=gmt&units=metric&interval=6&format=json,0.007,"0,0,0,0",v
2026-05-25 08:18:00+00:00,0.26,8575512,"Annapolis, MD",water_level,MSL,metric,NOAA CO-OPS Data API,https://api.tidesandcurrents.noaa.gov/api/prod/datagetter?product=water_level&application=tempo-earth2-workshop&begin_date=20260525&end_date=20260602&datum=MSL&station=8575512&time_zone=gmt&units=metric&interval=6&format=json,0.007,"0,0,0,0",v
2026-05-25 08:24:00+00:00,0.255,8575512,"Annapolis, MD",water_level,MSL,metric,NOAA CO-OPS Data API,https://api.tidesandcurrents.noaa.gov/api/prod/datagetter?product=water_level&application=tempo-earth2-workshop&begin_date=20260525&end_date=20260602&datum=MSL&station=8575512&time_zone=gmt&units=metric&interval=6&format=json,0.007,"0,0,0,0",v
2026-05-25 08:30:00+00:00,0.249,8575512,"Annapolis, MD",water_level,MSL,metric,NOAA CO-OPS Data API,https://api.tidesandcurrents.noaa.gov/api/prod/datagetter?product=water_level&application=tempo-earth2-workshop&begin_date=20260525&end_date=20260602&datum=MSL&station=8575512&time_zone=gmt&units=metric&interval=6&format=json,0.007,"0,0,0,0",v
2026-05-25 08:36:00+00:00,0.242,8575512,"Annapolis, MD",water_level,MSL,metric,NOAA CO-OPS Data API,https://api.tidesandcurrents.noaa.gov/api/prod/datagetter?product=water_level&application=tempo-earth2-workshop&begin_date=20260525&end_date=20260602&datum=MSL&station=8575512&time_zone=gmt&units=metric&interval=6&format=json,0.007,"0,0,0,0",v
2026-05-25 08:42:00+00:00,0.234,8575512,"Annapolis, MD",water_level,MSL,metric,NOAA CO-OPS Data API,https://api.tidesandcurrents.noaa.gov/api/prod/datagetter?product=water_level&application=tempo-earth2-workshop&begin_date=20260525&end_date=20260602&datum=MSL&station=8575512&time_zone=gmt&units=metric&interval=6&format=json,0.007,"0,0,0,0",v
2026-05-25 08:48:00+00:00,0.228,8575512,"Annapolis, MD",water_level,MSL,metric,NOAA CO-OPS Data API,https://api.tidesandcurrents.noaa.gov/api/prod/datagetter?product=water_level&application=tempo-earth2-workshop&begin_date=20260525&end_date=20260602&datum=MSL&station=8575512&time_zone=gmt&units=metric&interval=6&format=json,0.007,"0,0,0,0",v
2026-05-25 08:54:00+00:00,0.222,8575512,"Annapolis, MD",water_level,MSL,metric,NOAA CO-OPS Data API,https://api.tidesandcurrents.noaa.gov/api/prod/datagetter?product=water_level&application=tempo-earth2-workshop&begin_date=20260525&end_date=20260602&datum=MSL&station=8575512&time_zone=gmt&units=metric&interval=6&format=json,0.007,"0,0,0,0",v
2026-05-25 09:00:00+00:00,0.218,8575512,"Annapolis, MD",water_level,MSL,metric,NOAA CO-OPS Data API,https://api.tidesandcurrents.noaa.gov/api/prod/datagetter?product=water_level&application=tempo-earth2-workshop&begin_date=20260525&end_date=20260602&datum=MSL&station=8575512&time_zone=gmt&units=metric&interval=6&format=json,0.007,"0,0,0,0",v
2026-05-25 09:06:00+00:00,0.214,8575512,"Annapolis, MD",water_level,MSL,metric,NOAA CO-OPS Data API,https://api.tidesandcurrents.noaa.gov/api/prod/datagetter?product=water_level&application=tempo-earth2-workshop&begin_date=20260525&end_date=20260602&datum=MSL&station=8575512&time_zone=gmt&units=metric&interval=6&format=json,0.007,"0,0,0,0",v
2026-05-25 09:12:00+00:00,0.211,8575512,"Annapolis, MD",water_level,MSL,metric,NOAA CO-OPS Data API,https://api.tidesandcurrents.noaa.gov/api/prod/datagetter?product=water_level&application=tempo-earth2-workshop&begin_date=20260525&end_date=20260602&datum=MSL&station=8575512&time_zone=gmt&units=metric&interval=6&format=json,0.007,"0,0,0,0",v
2026-05-25 09:18:00+00:00,0.207,8575512,"Annapolis, MD",water_level,MSL,metric,NOAA CO-OPS Data API,https://api.tidesandcurrents.noaa.gov/api/prod/datagetter?product=water_level&application=tempo-earth2-workshop&begin_date=20260525&end_date=20260602&datum=MSL&station=8575512&time_zone=gmt&units=metric&interval=6&format=json,0.007,"0,0,0,0",v
2026-05-25 09:24:00+00:00,0.2,8575512,"Annapolis, MD",water_level,MSL,metric,NOAA CO-OPS Data API,https://api.tidesandcurrents.noaa.gov/api/prod/datagetter?product=water_level&application=tempo-earth2-workshop&begin_date=20260525&end_date=20260602&datum=MSL&station=8575512&time_zone=gmt&units=metric&interval=6&format=json,0.007,"0,0,0,0",v
2026-05-25 09:30:00+00:00,0.191,8575512,"Annapolis, MD",water_level,MSL,metric,NOAA CO-OPS Data API,https://api.tidesandcurrents.noaa.gov/api/prod/datagetter?product=water_level&application=tempo-earth2-workshop&begin_date=20260525&end_date=20260602&datum=MSL&station=8575512&time_zone=gmt&units=metric&interval=6&format=json,0.007,"0,0,0,0",v
2026-05-25 09:36:00+00:00,0.186,8575512,"Annapolis, MD",water_level,MSL,metric,NOAA CO-OPS Data API,https://api.tidesandcurrents.noaa.gov/api/prod/datagetter?product=water_level&application=tempo-earth2-workshop&begin_date=20260525&end_date=20260602&datum=MSL&station=8575512&time_zone=gmt&units=metric&interval=6&format=json,0.007,"0,0,0,0",v
2026-05-25 09:42:00+00:00,0.179,8575512,"Annapolis, MD",water_level,MSL,metric,NOAA CO-OPS Data API,https://api.tidesandcurrents.noaa.gov/api/prod/datagetter?product=water_level&application=tempo-earth2-workshop&begin_date=20260525&end_date=20260602&datum=MSL&station=8575512&time_zone=gmt&units=metric&interval=6&format=json,0.007,"0,0,0,0",v
2026-05-25 09:48:00+00:00,0.173,8575512,"Annapolis, MD",water_level,MSL,metric,NOAA CO-OPS Data API,https://api.tidesandcurrents.noaa.gov/api/prod/datagetter?product=water_level&application=tempo-earth2-workshop&begin_date=20260525&end_date=20260602&datum=MSL&station=8575512&time_zone=gmt&units=metric&interval=6&format=json,0.007,"0,0,0,0",v
2026-05-25 09:54:00+00:00,0.169,8575512,"Annapolis, MD",water_level,MSL,metric,NOAA CO-OPS Data API,https://api.tidesandcurrents.noaa.gov/api/prod/datagetter?product=water_level&application=tempo-earth2-workshop&begin_date=20260525&end_date=20260602&datum=MSL&station=8575512&time_zone=gmt&units=metric&interval=6&format=json,0.007,"0,0,0,0",v
2026-05-25 10:00:00+00:00,0.163,8575512,"Annapolis, MD",water_level,MSL,metric,NOAA CO-OPS Data API,https://api.tidesandcurrents.noaa.gov/api/prod/datagetter?product=water_level&application=tempo-earth2-workshop&begin_date=20260525&end_date=20260602&datum=MSL&station=8575512&time_zone=gmt&units=metric&interval=6&format=json,0.007,"0,0,0,0",v
2026-05-25 10:06:00+00:00,0.158,8575512,"Annapolis, MD",water_level,MSL,metric,NOAA CO-OPS Data API,https://api.tidesandcurrents.noaa.gov/api/prod/datagetter?product=water_level&application=tempo-earth2-workshop&begin_date=20260525&end_date=20260602&datum=MSL&station=8575512&time_zone=gmt&units=metric&interval=6&format=json,0.007,"0,0,0,0",v
2026-05-25 10:12:00+00:00,0.153,8575512,"Annapolis, MD",water_level,MSL,metric,NOAA CO-OPS Data API,https://api.tidesandcurrents.noaa.gov/api/prod/datagetter?product=water_level&application=tempo-earth2-workshop&begin_date=20260525&end_date=20260602&datum=MSL&station=8575512&time_zone=gmt&units=metric&interval=6&format=json,0.007,"0,0,0,0",v
2026-05-25 10:18:00+00:00,0.149,8575512,"Annapolis, MD",water_level,MSL,metric,NOAA CO-OPS Data API,https://api.tidesandcurrents.noaa.gov/api/prod/datagetter?product=water_level&application=tempo-earth2-workshop&begin_date=20260525&end_date=20260602&datum=MSL&station=8575512&time_zone=gmt&units=metric&interval=6&format=json,0.007,"0,0,0,0",v
2026-05-25 10:24:00+00:00,0.147,8575512,"Annapolis, MD",water_level,MSL,metric,NOAA CO-OPS Data API,https://api.tidesandcurrents.noaa.gov/api/prod/datagetter?product=water_level&application=tempo-earth2-workshop&begin_date=20260525&end_date=20260602&datum=MSL&station=8575512&time_zone=gmt&units=metric&interval=6&format=json,0.007,"0,0,0,0",v
2026-05-25 10:30:00+00:00,0.145,8575512,"Annapolis, MD",water_level,MSL,metric,NOAA CO-OPS Data API,https://api.tidesandcurrents.noaa.gov/api/prod/datagetter?product=water_level&application=tempo-earth2-workshop&begin_date=20260525&end_date=20260602&datum=MSL&station=8575512&time_zone=gmt&units=metric&interval=6&format=json,0.007,"0,0,0,0",v
2026-05-25 10:36:00+00:00,0.14,8575512,"Annapolis, MD",water_level,MSL,metric,NOAA CO-OPS Data API,https://api.tidesandcurrents.noaa.gov/api/prod/datagetter?product=water_level&application=tempo-earth2-workshop&begin_date=20260525&end_date=20260602&datum=MSL&station=8575512&time_zone=gmt&units=metric&interval=6&format=json,0.007,"0,0,0,0",v
2026-05-25 10:42:00+00:00,0.138,8575512,"Annapolis, MD",water_level,MSL,metric,NOAA CO-OPS Data API,https://api.tidesandcurrents.noaa.gov/api/prod/datagetter?product=water_level&application=tempo-earth2-workshop&begin_date=20260525&end_date=20260602&datum=MSL&station=8575512&time_zone=gmt&units=metric&interval=6&format=json,0.007,"0,0,0,0",v
2026-05-25 10:48:00+00:00,0.134,8575512,"Annapolis, MD",water_level,MSL,metric,NOAA CO-OPS Data API,https://api.tidesandcurrents.noaa.gov/api/prod/datagetter?product=water_level&application=tempo-earth2-workshop&begin_date=20260525&end_date=20260602&datum=MSL&station=8575512&time_zone=gmt&units=metric&interval=6&format=json,0.007,"0,0,0,0",v
2026-05-25 10:54:00+00:00,0.13,8575512,"Annapolis, MD",water_level,MSL,metric,NOAA CO-OPS Data API,https://api.tidesandcurrents.noaa.gov/api/prod/datagetter?product=water_level&application=tempo-earth2-workshop&begin_date=20260525&end_date=20260602&datum=MSL&station=8575512&time_zone=gmt&units=metric&interval=6&format=json,0.007,"0,0,0,0",v
2026-05-25 11:00:00+00:00,0.129,8575512,"Annapolis, MD",water_level,MSL,metric,NOAA CO-OPS Data API,https://api.tidesandcurrents.noaa.gov/api/prod/datagetter?product=water_level&application=tempo-earth2-workshop&begin_date=20260525&end_date=20260602&datum=MSL&station=8575512&time_zone=gmt&units=metric&interval=6&format=json,0.007,"0,0,0,0",v
2026-05-25 11:06:00+00:00,0.124,8575512,"Annapolis, MD",water_level,MSL,metric,NOAA CO-OPS Data API,https://api.tidesandcurrents.noaa.gov/api/prod/datagetter?product=water_level&application=tempo-earth2-workshop&begin_date=20260525&end_date=20260602&datum=MSL&station=8575512&time_zone=gmt&units=metric&interval=6&format=json,0.007,"0,0,0,0",v
2026-05-25 11:12:00+00:00,0.126,8575512,"Annapolis, MD",water_level,MSL,metric,NOAA CO-OPS Data API,https://api.tidesandcurrents.noaa.gov/api/prod/datagetter?product=water_level&application=tempo-earth2-workshop&begin_date=20260525&end_date=20260602&datum=MSL&station=8575512&time_zone=gmt&units=metric&interval=6&format=json,0.007,"0,0,0,0",v
2026-05-25 11:18:00+00:00,0.127,8575512,"Annapolis, MD",water_level,MSL,metric,NOAA CO-OPS Data API,https://api.tidesandcurrents.noaa.gov/api/prod/datagetter?product=water_level&application=tempo-earth2-workshop&begin_date=20260525&end_date=20260602&datum=MSL&station=8575512&time_zone=gmt&units=metric&interval=6&format=json,0.007,"0,0,0,0",v
2026-05-25 11:24:00+00:00,0.126,8575512,"Annapolis, MD",water_level,MSL,metric,NOAA CO-OPS Data API,https://api.tidesandcurrents.noaa.gov/api/prod/datagetter?product=water_level&application=tempo-earth2-workshop&begin_date=20260525&end_date=20260602&datum=MSL&station=8575512&time_zone=gmt&units=metric&interval=6&format=json,0.007,"0,0,0,0",v
2026-05-25 11:30:00+00:00,0.125,8575512,"Annapolis, MD",water_level,MSL,metric,NOAA CO-OPS Data API,https://api.tidesandcurrents.noaa.gov/api/prod/datagetter?product=water_level&application=tempo-earth2-workshop&begin_date=20260525&end_date=20260602&datum=MSL&station=8575512&time_zone=gmt&units=metric&interval=6&format=json,0.007,"0,0,0,0",v
2026-05-25 11:36:00+00:00,0.124,8575512,"Annapolis, MD",water_level,MSL,metric,NOAA CO-OPS Data API,https://api.tidesandcurrents.noaa.gov/api/prod/datagetter?product=water_level&application=tempo-earth2-workshop&begin_date=20260525&end_date=20260602&datum=MSL&station=8575512&time_zone=gmt&units=metric&interval=6&format=json,0.007,"0,0,0,0",v
2026-05-25 11:42:00+00:00,0.127,8575512,"Annapolis, MD",water_level,MSL,metric,NOAA CO-OPS Data API,https://api.tidesandcurrents.noaa.gov/api/prod/datagetter?product=water_level&application=tempo-earth2-workshop&begin_date=20260525&end_date=20260602&datum=MSL&station=8575512&time_zone=gmt&units=metric&interval=6&format=json,0.007,"0,0,0,0",v
2026-05-25 11:48:00+00:00,0.128,8575512,"Annapolis, MD",water_level,MSL,metric,NOAA CO-OPS Data API,https://api.tidesandcurrents.noaa.gov/api/prod/datagetter?product=water_level&application=tempo-earth2-workshop&begin_date=20260525&end_date=20260602&datum=MSL&station=8575512&time_zone=gmt&units=metric&interval=6&format=json,0.007,"0,0,0,0",v
2026-05-25 11:54:00+00:00,0.132,8575512,"Annapolis, MD",water_level,MSL,metric,NOAA CO-OPS Data API,https://api.tidesandcurrents.noaa.gov/api/prod/datagetter?product=water_level&application=tempo-earth2-workshop&begin_date=20260525&end_date=20260602&datum=MSL&station=8575512&time_zone=gmt&units=metric&interval=6&format=json,0.007,"0,0,0,0",v
2026-05-25 12:00:00+00:00,0.133,8575512,"Annapolis, MD",water_level,MSL,metric,NOAA CO-OPS Data API,https://api.tidesandcurrents.noaa.gov/api/prod/datagetter?product=water_level&application=tempo-earth2-workshop&begin_date=20260525&end_date=20260602&datum=MSL&station=8575512&time_zone=gmt&units=metric&interval=6&format=json,0.007,"0,0,0,0",v
2026-05-25 12:06:00+00:00,0.135,8575512,"Annapolis, MD",water_level,MSL,metric,NOAA CO-OPS Data API,https://api.tidesandcurrents.noaa.gov/api/prod/datagetter?product=water_level&application=tempo-earth2-workshop&begin_date=20260525&end_date=20260602&datum=MSL&station=8575512&time_zone=gmt&units=metric&interval=6&format=json,0.007,"0,0,0,0",v
2026-05-25 12:12:00+00:00,0.14,8575512,"Annapolis, MD",water_level,MSL,metric,NOAA CO-OPS Data API,https://api.tidesandcurrents.noaa.gov/api/prod/datagetter?product=water_level&application=tempo-earth2-workshop&begin_date=20260525&end_date=20260602&datum=MSL&station=8575512&time_zone=gmt&units=metric&interval=6&format=json,0.007,"0,0,0,0",v
2026-05-25 12:18:00+00:00,0.146,8575512,"Annapolis, MD",water_level,MSL,metric,NOAA CO-OPS Data API,https://api.tidesandcurrents.noaa.gov/api/prod/datagetter?product=water_level&application=tempo-earth2-workshop&begin_date=20260525&end_date=20260602&datum=MSL&station=8575512&time_zone=gmt&units=metric&interval=6&format=json,0.007,"0,0,0,0",v
2026-05-25 12:24:00+00:00,0.148,8575512,"Annapolis, MD",water_level,MSL,metric,NOAA CO-OPS Data API,https://api.tidesandcurrents.noaa.gov/api/prod/datagetter?product=water_level&application=tempo-earth2-workshop&begin_date=20260525&end_date=20260602&datum=MSL&station=8575512&time_zone=gmt&units=metric&interval=6&format=json,0.007,"0,0,0,0",v
2026-05-25 12:30:00+00:00,0.156,8575512,"Annapolis, MD",water_level,MSL,metric,NOAA CO-OPS Data API,https://api.tidesandcurrents.noaa.gov/api/prod/datagetter?product=water_level&application=tempo-earth2-workshop&begin_date=20260525&end_date=20260602&datum=MSL&station=8575512&time_zone=gmt&units=metric&interval=6&format=json,0.007,"0,0,0,0",v
2026-05-25 12:36:00+00:00,0.162,8575512,"Annapolis, MD",water_level,MSL,metric,NOAA CO-OPS Data API,https://api.tidesandcurrents.noaa.gov/api/prod/datagetter?product=water_level&application=tempo-earth2-workshop&begin_date=20260525&end_date=20260602&datum=MSL&station=8575512&time_zone=gmt&units=metric&interval=6&format=json,0.007,"0,0,0,0",v
2026-05-25 12:42:00+00:00,0.168,8575512,"Annapolis, MD",water_level,MSL,metric,NOAA CO-OPS Data API,https://api.tidesandcurrents.noaa.gov/api/prod/datagetter?product=water_level&application=tempo-earth2-workshop&begin_date=20260525&end_date=20260602&datum=MSL&station=8575512&time_zone=gmt&units=metric&interval=6&format=json,0.007,"0,0,0,0",v
2026-05-25 12:48:00+00:00,0.171,8575512,"Annapolis, MD",water_level,MSL,metric,NOAA CO-OPS Data API,https://api.tidesandcurrents.noaa.gov/api/prod/datagetter?product=water_level&application=tempo-earth2-workshop&begin_date=20260525&end_date=20260602&datum=MSL&station=8575512&time_zone=gmt&units=metric&interval=6&format=json,0.007,"0,0,0,0",v
2026-05-25 12:54:00+00:00,0.175,8575512,"Annapolis, MD",water_level,MSL,metric,NOAA CO-OPS Data API,https://api.tidesandcurrents.noaa.gov/api/prod/datagetter?product=water_level&application=tempo-earth2-workshop&begin_date=20260525&end_date=20260602&datum=MSL&station=8575512&time_zone=gmt&units=metric&interval=6&format=json,0.007,"0,0,0,0",v
2026-05-25 13:00:00+00:00,0.179,8575512,"Annapolis, MD",water_level,MSL,metric,NOAA CO-OPS Data API,https://api.tidesandcurrents.noaa.gov/api/prod/datagetter?product=water_level&application=tempo-earth2-workshop&begin_date=20260525&end_date=20260602&datum=MSL&station=8575512&time_zone=gmt&units=metric&interval=6&format=json,0.007,"0,0,0,0",v
2026-05-25 13:06:00+00:00,0.188,8575512,"Annapolis, MD",water_level,MSL,metric,NOAA CO-OPS Data API,https://api.tidesandcurrents.noaa.gov/api/prod/datagetter?product=water_level&application=tempo-earth2-workshop&begin_date=20260525&end_date=20260602&datum=MSL&station=8575512&time_zone=gmt&units=metric&interval=6&format=json,0.007,"0,0,0,0",v
2026-05-25 13:12:00+00:00,0.195,8575512,"Annapolis, MD",water_level,MSL,metric,NOAA CO-OPS Data API,https://api.tidesandcurrents.noaa.gov/api/prod/datagetter?product=water_level&application=tempo-earth2-workshop&begin_date=20260525&end_date=20260602&datum=MSL&station=8575512&time_zone=gmt&units=metric&interval=6&format=json,0.007,"0,0,0,0",v
2026-05-25 13:18:00+00:00,0.2,8575512,"Annapolis, MD",water_level,MSL,metric,NOAA CO-OPS Data API,https://api.tidesandcurrents.noaa.gov/api/prod/datagetter?product=water_level&application=tempo-earth2-workshop&begin_date=20260525&end_date=20260602&datum=MSL&station=8575512&time_zone=gmt&units=metric&interval=6&format=json,0.007,"0,0,0,0",v
2026-05-25 13:24:00+00:00,0.208,8575512,"Annapolis, MD",water_level,MSL,metric,NOAA CO-OPS Data API,https://api.tidesandcurrents.noaa.gov/api/prod/datagetter?product=water_level&application=tempo-earth2-workshop&begin_date=20260525&end_date=20260602&datum=MSL&station=8575512&time_zone=gmt&units=metric&interval=6&format=json,0.007,"0,0,0,0",v
2026-05-25 13:30:00+00:00,0.214,8575512,"Annapolis, MD",water_level,MSL,metric,NOAA CO-OPS Data API,https://api.tidesandcurrents.noaa.gov/api/prod/datagetter?product=water_level&application=tempo-earth2-workshop&begin_date=20260525&end_date=20260602&datum=MSL&station=8575512&time_zone=gmt&units=metric&interval=6&format=json,0.007,"0,0,0,0",v
2026-05-25 13:36:00+00:00,0.221,8575512,"Annapolis, MD",water_level,MSL,metric,NOAA CO-OPS Data API,https://api.tidesandcurrents.noaa.gov/api/prod/datagetter?product=water_level&application=tempo-earth2-workshop&begin_date=20260525&end_date=20260602&datum=MSL&station=8575512&time_zone=gmt&units=metric&interval=6&format=json,0.007,"0,0,0,0",v
2026-05-25 13:42:00+00:00,0.229,8575512,"Annapolis, MD",water_level,MSL,metric,NOAA CO-OPS Data API,https://api.tidesandcurrents.noaa.gov/api/prod/datagetter?product=water_level&application=tempo-earth2-workshop&begin_date=20260525&end_date=20260602&datum=MSL&station=8575512&time_zone=gmt&units=metric&interval=6&format=json,0.007,"0,0,0,0",v
2026-05-25 13:48:00+00:00,0.237,8575512,"Annapolis, MD",water_level,MSL,metric,NOAA CO-OPS Data API,https://api.tidesandcurrents.noaa.gov/api/prod/datagetter?product=water_level&application=tempo-earth2-workshop&begin_date=20260525&end_date=20260602&datum=MSL&station=8575512&time_zone=gmt&units=metric&interval=6&format=json,0.007,"0,0,0,0",v
2026-05-25 13:54:00+00:00,0.241,8575512,"Annapolis, MD",water_level,MSL,metric,NOAA CO-OPS Data API,https://api.tidesandcurrents.noaa.gov/api/prod/datagetter?product=water_level&application=tempo-earth2-workshop&begin_date=20260525&end_date=20260602&datum=MSL&station=8575512&time_zone=gmt&units=metric&interval=6&format=json,0.007,"0,0,0,0",v
2026-05-25 14:00:00+00:00,0.248,8575512,"Annapolis, MD",water_level,MSL,metric,NOAA CO-OPS Data API,https://api.tidesandcurrents.noaa.gov/api/prod/datagetter?product=water_level&application=tempo-earth2-workshop&begin_date=20260525&end_date=20260602&datum=MSL&station=8575512&time_zone=gmt&units=metric&interval=6&format=json,0.007,"0,0,0,0",v
2026-05-25 14:06:00+00:00,0.257,8575512,"Annapolis, MD",water_level,MSL,metric,NOAA CO-OPS Data API,https://api.tidesandcurrents.noaa.gov/api/prod/datagetter?product=water_level&application=tempo-earth2-workshop&begin_date=20260525&end_date=20260602&datum=MSL&station=8575512&time_zone=gmt&units=metric&interval=6&format=json,0.007,"0,0,0,0",v
2026-05-25 14:12:00+00:00,0.265,8575512,"Annapolis, MD",water_level,MSL,metric,NOAA CO-OPS Data API,https://api.tidesandcurrents.noaa.gov/api/prod/datagetter?product=water_level&application=tempo-earth2-workshop&begin_date=20260525&end_date=20260602&datum=MSL&station=8575512&time_zone=gmt&units=metric&interval=6&format=json,0.007,"0,0,0,0",v
2026-05-25 14:18:00+00:00,0.272,8575512,"Annapolis, MD",water_level,MSL,metric,NOAA CO-OPS Data API,https://api.tidesandcurrents.noaa.gov/api/prod/datagetter?product=water_level&application=tempo-earth2-workshop&begin_date=20260525&end_date=20260602&datum=MSL&station=8575512&time_zone=gmt&units=metric&interval=6&format=json,0.007,"0,0,0,0",v
2026-05-25 14:24:00+00:00,0.283,8575512,"Annapolis, MD",water_level,MSL,metric,NOAA CO-OPS Data API,https://api.tidesandcurrents.noaa.gov/api/prod/datagetter?product=water_level&application=tempo-earth2-workshop&begin_date=20260525&end_date=20260602&datum=MSL&station=8575512&time_zone=gmt&units=metric&interval=6&format=json,0.007,"0,0,0,0",v
2026-05-25 14:30:00+00:00,0.29,8575512,"Annapolis, MD",water_level,MSL,metric,NOAA CO-OPS Data API,https://api.tidesandcurrents.noaa.gov/api/prod/datagetter?product=water_level&application=tempo-earth2-workshop&begin_date=20260525&end_date=20260602&datum=MSL&station=8575512&time_zone=gmt&units=metric&interval=6&format=json,0.007,"0,0,0,0",v
2026-05-25 14:36:00+00:00,0.297,8575512,"Annapolis, MD",water_level,MSL,metric,NOAA CO-OPS Data API,https://api.tidesandcurrents.noaa.gov/api/prod/datagetter?product=water_level&application=tempo-earth2-workshop&begin_date=20260525&end_date=20260602&datum=MSL&station=8575512&time_zone=gmt&units=metric&interval=6&format=json,0.007,"0,0,0,0",v
2026-05-25 14:42:00+00:00,0.301,8575512,"Annapolis, MD",water_level,MSL,metric,NOAA CO-OPS Data API,https://api.tidesandcurrents.noaa.gov/api/prod/datagetter?product=water_level&application=tempo-earth2-workshop&begin_date=20260525&end_date=20260602&datum=MSL&station=8575512&time_zone=gmt&units=metric&interval=6&format=json,0.007,"0,0,0,0",v
2026-05-25 14:48:00+00:00,0.307,8575512,"Annapolis, MD",water_level,MSL,metric,NOAA CO-OPS Data API,https://api.tidesandcurrents.noaa.gov/api/prod/datagetter?product=water_level&application=tempo-earth2-workshop&begin_date=20260525&end_date=20260602&datum=MSL&station=8575512&time_zone=gmt&units=metric&interval=6&format=json,0.007,"0,0,0,0",v
2026-05-25 14:54:00+00:00,0.311,8575512,"Annapolis, MD",water_level,MSL,metric,NOAA CO-OPS Data API,https://api.tidesandcurrents.noaa.gov/api/prod/datagetter?product=water_level&application=tempo-earth2-workshop&begin_date=20260525&end_date=20260602&datum=MSL&station=8575512&time_zone=gmt&units=metric&interval=6&format=json,0.007,"0,0,0,0",v
2026-05-25 15:00:00+00:00,0.315,8575512,"Annapolis, MD",water_level,MSL,metric,NOAA CO-OPS Data API,https://api.tidesandcurrents.noaa.gov/api/prod/datagetter?product=water_level&application=tempo-earth2-workshop&begin_date=20260525&end_date=20260602&datum=MSL&station=8575512&time_zone=gmt&units=metric&interval=6&format=json,0.007,"0,0,0,0",v
2026-05-25 15:06:00+00:00,0.319,8575512,"Annapolis, MD",water_level,MSL,metric,NOAA CO-OPS Data API,https://api.tidesandcurrents.noaa.gov/api/prod/datagetter?product=water_level&application=tempo-earth2-workshop&begin_date=20260525&end_date=20260602&datum=MSL&station=8575512&time_zone=gmt&units=metric&interval=6&format=json,0.007,"0,0,0,0",v
2026-05-25 15:12:00+00:00,0.326,8575512,"Annapolis, MD",water_level,MSL,metric,NOAA CO-OPS Data API,https://api.tidesandcurrents.noaa.gov/api/prod/datagetter?product=water_level&application=tempo-earth2-workshop&begin_date=20260525&end_date=20260602&datum=MSL&station=8575512&time_zone=gmt&units=metric&interval=6&format=json,0.007,"0,0,0,0",v
2026-05-25 15:18:00+00:00,0.33,8575512,"Annapolis, MD",water_level,MSL,metric,NOAA CO-OPS Data API,https://api.tidesandcurrents.noaa.gov/api/prod/datagetter?product=water_level&application=tempo-earth2-workshop&begin_date=20260525&end_date=20260602&datum=MSL&station=8575512&time_zone=gmt&units=metric&interval=6&format=json,0.007,"0,0,0,0",v
2026-05-25 15:24:00+00:00,0.339,8575512,"Annapolis, MD",water_level,MSL,metric,NOAA CO-OPS Data API,https://api.tidesandcurrents.noaa.gov/api/prod/datagetter?product=water_level&application=tempo-earth2-workshop&begin_date=20260525&end_date=20260602&datum=MSL&station=8575512&time_zone=gmt&units=metric&interval=6&format=json,0.007,"0,0,0,0",v
2026-05-25 15:30:00+00:00,0.349,8575512,"Annapolis, MD",water_level,MSL,metric,NOAA CO-OPS Data API,https://api.tidesandcurrents.noaa.gov/api/prod/datagetter?product=water_level&application=tempo-earth2-workshop&begin_date=20260525&end_date=20260602&datum=MSL&station=8575512&time_zone=gmt&units=metric&interval=6&format=json,0.007,"0,0,0,0",v
2026-05-25 15:36:00+00:00,0.349,8575512,"Annapolis, MD",water_level,MSL,metric,NOAA CO-OPS Data API,https://api.tidesandcurrents.noaa.gov/api/prod/datagetter?product=water_level&application=tempo-earth2-workshop&begin_date=20260525&end_date=20260602&datum=MSL&station=8575512&time_zone=gmt&units=metric&interval=6&format=json,0.007,"0,0,0,0",v
2026-05-25 15:42:00+00:00,0.357,8575512,"Annapolis, MD",water_level,MSL,metric,NOAA CO-OPS Data API,https://api.tidesandcurrents.noaa.gov/api/prod/datagetter?product=water_level&application=tempo-earth2-workshop&begin_date=20260525&end_date=20260602&datum=MSL&station=8575512&time_zone=gmt&units=metric&interval=6&format=json,0.007,"0,0,0,0",v
2026-05-25 15:48:00+00:00,0.359,8575512,"Annapolis, MD",water_level,MSL,metric,NOAA CO-OPS Data API,https://api.tidesandcurrents.noaa.gov/api/prod/datagetter?product=water_level&application=tempo-earth2-workshop&begin_date=20260525&end_date=20260602&datum=MSL&station=8575512&time_zone=gmt&units=metric&interval=6&format=json,0.007,"0,0,0,0",v
2026-05-25 15:54:00+00:00,0.36,8575512,"Annapolis, MD",water_level,MSL,metric,NOAA CO-OPS Data API,https://api.tidesandcurrents.noaa.gov/api/prod/datagetter?product=water_level&application=tempo-earth2-workshop&begin_date=20260525&end_date=20260602&datum=MSL&station=8575512&time_zone=gmt&units=metric&interval=6&format=json,0.007,"0,0,0,0",v
2026-05-25 16:00:00+00:00,0.369,8575512,"Annapolis, MD",water_level,MSL,metric,NOAA CO-OPS Data API,https://api.tidesandcurrents.noaa.gov/api/prod/datagetter?product=water_level&application=tempo-earth2-workshop&begin_date=20260525&end_date=20260602&datum=MSL&station=8575512&time_zone=gmt&units=metric&interval=6&format=json,0.007,"0,0,0,0",v
2026-05-25 16:06:00+00:00,0.373,8575512,"Annapolis, MD",water_level,MSL,metric,NOAA CO-OPS Data API,https://api.tidesandcurrents.noaa.gov/api/prod/datagetter?product=water_level&application=tempo-earth2-workshop&begin_date=20260525&end_date=20260602&datum=MSL&station=8575512&time_zone=gmt&units=metric&interval=6&format=json,0.007,"0,0,0,0",v
2026-05-25 16:12:00+00:00,0.377,8575512,"Annapolis, MD",water_level,MSL,metric,NOAA CO-OPS Data API,https://api.tidesandcurrents.noaa.gov/api/prod/datagetter?product=water_level&application=tempo-earth2-workshop&begin_date=20260525&end_date=20260602&datum=MSL&station=8575512&time_zone=gmt&units=metric&interval=6&format=json,0.007,"0,0,0,0",v
2026-05-25 16:18:00+00:00,0.381,8575512,"Annapolis, MD",water_level,MSL,metric,NOAA CO-OPS Data API,https://api.tidesandcurrents.noaa.gov/api/prod/datagetter?product=water_level&application=tempo-earth2-workshop&begin_date=20260525&end_date=20260602&datum=MSL&station=8575512&time_zone=gmt&units=metric&interval=6&format=json,0.007,"0,0,0,0",v
2026-05-25 16:24:00+00:00,0.388,8575512,"Annapolis, MD",water_level,MSL,metric,NOAA CO-OPS Data API,https://api.tidesandcurrents.noaa.gov/api/prod/datagetter?product=water_level&application=tempo-earth2-workshop&begin_date=20260525&end_date=20260602&datum=MSL&station=8575512&time_zone=gmt&units=metric&interval=6&format=json,0.007,"0,0,0,0",v
2026-05-25 16:30:00+00:00,0.392,8575512,"Annapolis, MD",water_level,MSL,metric,NOAA CO-OPS Data API,https://api.tidesandcurrents.noaa.gov/api/prod/datagetter?product=water_level&application=tempo-earth2-workshop&begin_date=20260525&end_date=20260602&datum=MSL&station=8575512&time_zone=gmt&units=metric&interval=6&format=json,0.007,"0,0,0,0",v
2026-05-25 16:36:00+00:00,0.398,8575512,"Annapolis, MD",water_level,MSL,metric,NOAA CO-OPS Data API,https://api.tidesandcurrents.noaa.gov/api/prod/datagetter?product=water_level&application=tempo-earth2-workshop&begin_date=20260525&end_date=20260602&datum=MSL&station=8575512&time_zone=gmt&units=metric&interval=6&format=json,0.007,"0,0,0,0",v
2026-05-25 16:42:00+00:00,0.399,8575512,"Annapolis, MD",water_level,MSL,metric,NOAA CO-OPS Data API,https://api.tidesandcurrents.noaa.gov/api/prod/datagetter?product=water_level&application=tempo-earth2-workshop&begin_date=20260525&end_date=20260602&datum=MSL&station=8575512&time_zone=gmt&units=metric&interval=6&format=json,0.007,"0,0,0,0",v
2026-05-25 16:48:00+00:00,0.403,8575512,"Annapolis, MD",water_level,MSL,metric,NOAA CO-OPS Data API,https://api.tidesandcurrents.noaa.gov/api/prod/datagetter?product=water_level&application=tempo-earth2-workshop&begin_date=20260525&end_date=20260602&datum=MSL&station=8575512&time_zone=gmt&units=metric&interval=6&format=json,0.007,"0,0,0,0",v
2026-05-25 16:54:00+00:00,0.402,8575512,"Annapolis, MD",water_level,MSL,metric,NOAA CO-OPS Data API,https://api.tidesandcurrents.noaa.gov/api/prod/datagetter?product=water_level&application=tempo-earth2-workshop&begin_date=20260525&end_date=20260602&datum=MSL&station=8575512&time_zone=gmt&units=metric&interval=6&format=json,0.007,"0,0,0,0",v
2026-05-25 17:00:00+00:00,0.406,8575512,"Annapolis, MD",water_level,MSL,metric,NOAA CO-OPS Data API,https://api.tidesandcurrents.noaa.gov/api/prod/datagetter?product=water_level&application=tempo-earth2-workshop&begin_date=20260525&end_date=20260602&datum=MSL&station=8575512&time_zone=gmt&units=metric&interval=6&format=json,0.007,"0,0,0,0",v
2026-05-25 17:06:00+00:00,0.408,8575512,"Annapolis, MD",water_level,MSL,metric,NOAA CO-OPS Data API,https://api.tidesandcurrents.noaa.gov/api/prod/datagetter?product=water_level&application=tempo-earth2-workshop&begin_date=20260525&end_date=20260602&datum=MSL&station=8575512&time_zone=gmt&units=metric&interval=6&format=json,0.007,"0,0,0,0",v
2026-05-25 17:12:00+00:00,0.406,8575512,"Annapolis, MD",water_level,MSL,metric,NOAA CO-OPS Data API,https://api.tidesandcurrents.noaa.gov/api/prod/datagetter?product=water_level&application=tempo-earth2-workshop&begin_date=20260525&end_date=20260602&datum=MSL&station=8575512&time_zone=gmt&units=metric&interval=6&format=json,0.007,"0,0,0,0",v
2026-05-25 17:18:00+00:00,0.413,8575512,"Annapolis, MD",water_level,MSL,metric,NOAA CO-OPS Data API,https://api.tidesandcurrents.noaa.gov/api/prod/datagetter?product=water_level&application=tempo-earth2-workshop&begin_date=20260525&end_date=20260602&datum=MSL&station=8575512&time_zone=gmt&units=metric&interval=6&format=json,0.007,"0,0,0,0",v
2026-05-25 17:24:00+00:00,0.415,8575512,"Annapolis, MD",water_level,MSL,metric,NOAA CO-OPS Data API,https://api.tidesandcurrents.noaa.gov/api/prod/datagetter?product=water_level&application=tempo-earth2-workshop&begin_date=20260525&end_date=20260602&datum=MSL&station=8575512&time_zone=gmt&units=metric&interval=6&format=json,0.007,"0,0,0,0",v
2026-05-25 17:30:00+00:00,0.415,8575512,"Annapolis, MD",water_level,MSL,metric,NOAA CO-OPS Data API,https://api.tidesandcurrents.noaa.gov/api/prod/datagetter?product=water_level&application=tempo-earth2-workshop&begin_date=20260525&end_date=20260602&datum=MSL&station=8575512&time_zone=gmt&units=metric&interval=6&format=json,0.007,"0,0,0,0",v
2026-05-25 17:36:00+00:00,0.413,8575512,"Annapolis, MD",water_level,MSL,metric,NOAA CO-OPS Data API,https://api.tidesandcurrents.noaa.gov/api/prod/datagetter?product=water_level&application=tempo-earth2-workshop&begin_date=20260525&end_date=20260602&datum=MSL&station=8575512&time_zone=gmt&units=metric&interval=6&format=json,0.007,"0,0,0,0",v
2026-05-25 17:42:00+00:00,0.41,8575512,"Annapolis, MD",water_level,MSL,metric,NOAA CO-OPS Data API,https://api.tidesandcurrents.noaa.gov/api/prod/datagetter?product=water_level&application=tempo-earth2-workshop&begin_date=20260525&end_date=20260602&datum=MSL&station=8575512&time_zone=gmt&units=metric&interval=6&format=json,0.007,"0,0,0,0",v
2026-05-25 17:48:00+00:00,0.408,8575512,"Annapolis, MD",water_level,MSL,metric,NOAA CO-OPS Data API,https://api.tidesandcurrents.noaa.gov/api/prod/datagetter?product=water_level&application=tempo-earth2-workshop&begin_date=20260525&end_date=20260602&datum=MSL&station=8575512&time_zone=gmt&units=metric&interval=6&format=json,0.007,"0,0,0,0",v
2026-05-25 17:54:00+00:00,0.407,8575512,"Annapolis, MD",water_level,MSL,metric,NOAA CO-OPS Data API,https://api.tidesandcurrents.noaa.gov/api/prod/datagetter?product=water_level&application=tempo-earth2-workshop&begin_date=20260525&end_date=20260602&datum=MSL&station=8575512&time_zone=gmt&units=metric&interval=6&format=json,0.007,"0,0,0,0",v
2026-05-25 18:00:00+00:00,0.403,8575512,"Annapolis, MD",water_level,MSL,metric,NOAA CO-OPS Data API,https://api.tidesandcurrents.noaa.gov/api/prod/datagetter?product=water_level&application=tempo-earth2-workshop&begin_date=20260525&end_date=20260602&datum=MSL&station=8575512&time_zone=gmt&units=metric&interval=6&format=json,0.007,"0,0,0,0",v
2026-05-25 18:06:00+00:00,0.401,8575512,"Annapolis, MD",water_level,MSL,metric,NOAA CO-OPS Data API,https://api.tidesandcurrents.noaa.gov/api/prod/datagetter?product=water_level&application=tempo-earth2-workshop&begin_date=20260525&end_date=20260602&datum=MSL&station=8575512&time_zone=gmt&units=metric&interval=6&format=json,0.007,"0,0,0,0",v
2026-05-25 18:12:00+00:00,0.4,8575512,"Annapolis, MD",water_level,MSL,metric,NOAA CO-OPS Data API,https://api.tidesandcurrents.noaa.gov/api/prod/datagetter?product=water_level&application=tempo-earth2-workshop&begin_date=20260525&end_date=20260602&datum=MSL&station=8575512&time_zone=gmt&units=metric&interval=6&format=json,0.007,"0,0,0,0",v
2026-05-25 18:18:00+00:00,0.398,8575512,"Annapolis, MD",water_level,MSL,metric,NOAA CO-OPS Data API,https://api.tidesandcurrents.noaa.gov/api/prod/datagetter?product=water_level&application=tempo-earth2-workshop&begin_date=20260525&end_date=20260602&datum=MSL&station=8575512&time_zone=gmt&units=metric&interval=6&format=json,0.007,"0,0,0,0",v
2026-05-25 18:24:00+00:00,0.395,8575512,"Annapolis, MD",water_level,MSL,metric,NOAA CO-OPS Data API,https://api.tidesandcurrents.noaa.gov/api/prod/datagetter?product=water_level&application=tempo-earth2-workshop&begin_date=20260525&end_date=20260602&datum=MSL&station=8575512&time_zone=gmt&units=metric&interval=6&format=json,0.007,"0,0,0,0",v
2026-05-25 18:30:00+00:00,0.39,8575512,"Annapolis, MD",water_level,MSL,metric,NOAA CO-OPS Data API,https://api.tidesandcurrents.noaa.gov/api/prod/datagetter?product=water_level&application=tempo-earth2-workshop&begin_date=20260525&end_date=20260602&datum=MSL&station=8575512&time_zone=gmt&units=metric&interval=6&format=json,0.007,"0,0,0,0",v
2026-05-25 18:36:00+00:00,0.387,8575512,"Annapolis, MD",water_level,MSL,metric,NOAA CO-OPS Data API,https://api.tidesandcurrents.noaa.gov/api/prod/datagetter?product=water_level&application=tempo-earth2-workshop&begin_date=20260525&end_date=20260602&datum=MSL&station=8575512&time_zone=gmt&units=metric&interval=6&format=json,0.007,"0,0,0,0",v
2026-05-25 18:42:00+00:00,0.384,8575512,"Annapolis, MD",water_level,MSL,metric,NOAA CO-OPS Data API,https://api.tidesandcurrents.noaa.gov/api/prod/datagetter?product=water_level&application=tempo-earth2-workshop&begin_date=20260525&end_date=20260602&datum=MSL&station=8575512&time_zone=gmt&units=metric&interval=6&format=json,0.007,"0,0,0,0",v
2026-05-25 18:48:00+00:00,0.382,8575512,"Annapolis, MD",water_level,MSL,metric,NOAA CO-OPS Data API,https://api.tidesandcurrents.noaa.gov/api/prod/datagetter?product=water_level&application=tempo-earth2-workshop&begin_date=20260525&end_date=20260602&datum=MSL&station=8575512&time_zone=gmt&units=metric&interval=6&format=json,0.007,"0,0,0,0",v
2026-05-25 18:54:00+00:00,0.379,8575512,"Annapolis, MD",water_level,MSL,metric,NOAA CO-OPS Data API,https://api.tidesandcurrents.noaa.gov/api/prod/datagetter?product=water_level&application=tempo-earth2-workshop&begin_date=20260525&end_date=20260602&datum=MSL&station=8575512&time_zone=gmt&units=metric&interval=6&format=json,0.007,"0,0,0,0",v
2026-05-25 19:00:00+00:00,0.368,8575512,"Annapolis, MD",water_level,MSL,metric,NOAA CO-OPS Data API,https://api.tidesandcurrents.noaa.gov/api/prod/datagetter?product=water_level&application=tempo-earth2-workshop&begin_date=20260525&end_date=20260602&datum=MSL&station=8575512&time_zone=gmt&units=metric&interval=6&format=json,0.007,"0,0,0,0",v
2026-05-25 19:06:00+00:00,0.362,8575512,"Annapolis, MD",water_level,MSL,metric,NOAA CO-OPS Data API,https://api.tidesandcurrents.noaa.gov/api/prod/datagetter?product=water_level&application=tempo-earth2-workshop&begin_date=20260525&end_date=20260602&datum=MSL&station=8575512&time_zone=gmt&units=metric&interval=6&format=json,0.007,"0,0,0,0",v
2026-05-25 19:12:00+00:00,0.358,8575512,"Annapolis, MD",water_level,MSL,metric,NOAA CO-OPS Data API,https://api.tidesandcurrents.noaa.gov/api/prod/datagetter?product=water_level&application=tempo-earth2-workshop&begin_date=20260525&end_date=20260602&datum=MSL&station=8575512&time_zone=gmt&units=metric&interval=6&format=json,0.007,"0,0,0,0",v
2026-05-25 19:18:00+00:00,0.356,8575512,"Annapolis, MD",water_level,MSL,metric,NOAA CO-OPS Data API,https://api.tidesandcurrents.noaa.gov/api/prod/datagetter?product=water_level&application=tempo-earth2-workshop&begin_date=20260525&end_date=20260602&datum=MSL&station=8575512&time_zone=gmt&units=metric&interval=6&format=json,0.007,"0,0,0,0",v
2026-05-25 19:24:00+00:00,0.346,8575512,"Annapolis, MD",water_level,MSL,metric,NOAA CO-OPS Data API,https://api.tidesandcurrents.noaa.gov/api/prod/datagetter?product=water_level&application=tempo-earth2-workshop&begin_date=20260525&end_date=20260602&datum=MSL&station=8575512&time_zone=gmt&units=metric&interval=6&format=json,0.007,"0,0,0,0",v
2026-05-25 19:30:00+00:00,0.34,8575512,"Annapolis, MD",water_level,MSL,metric,NOAA CO-OPS Data API,https://api.tidesandcurrents.noaa.gov/api/prod/datagetter?product=water_level&application=tempo-earth2-workshop&begin_date=20260525&end_date=20260602&datum=MSL&station=8575512&time_zone=gmt&units=metric&interval=6&format=json,0.007,"0,0,0,0",v
2026-05-25 19:36:00+00:00,0.331,8575512,"Annapolis, MD",water_level,MSL,metric,NOAA CO-OPS Data API,https://api.tidesandcurrents.noaa.gov/api/prod/datagetter?product=water_level&application=tempo-earth2-workshop&begin_date=20260525&end_date=20260602&datum=MSL&station=8575512&time_zone=gmt&units=metric&interval=6&format=json,0.007,"0,0,0,0",v
2026-05-25 19:42:00+00:00,0.318,8575512,"Annapolis, MD",water_level,MSL,metric,NOAA CO-OPS Data API,https://api.tidesandcurrents.noaa.gov/api/prod/datagetter?product=water_level&application=tempo-earth2-workshop&begin_date=20260525&end_date=20260602&datum=MSL&station=8575512&time_zone=gmt&units=metric&interval=6&format=json,0.007,"0,0,0,0",v
2026-05-25 19:48:00+00:00,0.316,8575512,"Annapolis, MD",water_level,MSL,metric,NOAA CO-OPS Data API,https://api.tidesandcurrents.noaa.gov/api/prod/datagetter?product=water_level&application=tempo-earth2-workshop&begin_date=20260525&end_date=20260602&datum=MSL&station=8575512&time_zone=gmt&units=metric&interval=6&format=json,0.007,"0,0,0,0",v
2026-05-25 19:54:00+00:00,0.311,8575512,"Annapolis, MD",water_level,MSL,metric,NOAA CO-OPS Data API,https://api.tidesandcurrents.noaa.gov/api/prod/datagetter?product=water_level&application=tempo-earth2-workshop&begin_date=20260525&end_date=20260602&datum=MSL&station=8575512&time_zone=gmt&units=metric&interval=6&format=json,0.007,"0,0,0,0",v
2026-05-25 20:00:00+00:00,0.308,8575512,"Annapolis, MD",water_level,MSL,metric,NOAA CO-OPS Data API,https://api.tidesandcurrents.noaa.gov/api/prod/datagetter?product=water_level&application=tempo-earth2-workshop&begin_date=20260525&end_date=20260602&datum=MSL&station=8575512&time_zone=gmt&units=metric&interval=6&format=json,0.007,"0,0,0,0",v
2026-05-25 20:06:00+00:00,0.304,8575512,"Annapolis, MD",water_level,MSL,metric,NOAA CO-OPS Data API,https://api.tidesandcurrents.noaa.gov/api/prod/datagetter?product=water_level&application=tempo-earth2-workshop&begin_date=20260525&end_date=20260602&datum=MSL&station=8575512&time_zone=gmt&units=metric&interval=6&format=json,0.007,"0,0,0,0",v
2026-05-25 20:12:00+00:00,0.299,8575512,"Annapolis, MD",water_level,MSL,metric,NOAA CO-OPS Data API,https://api.tidesandcurrents.noaa.gov/api/prod/datagetter?product=water_level&application=tempo-earth2-workshop&begin_date=20260525&end_date=20260602&datum=MSL&station=8575512&time_zone=gmt&units=metric&interval=6&format=json,0.007,"0,0,0,0",v
2026-05-25 20:18:00+00:00,0.295,8575512,"Annapolis, MD",water_level,MSL,metric,NOAA CO-OPS Data API,https://api.tidesandcurrents.noaa.gov/api/prod/datagetter?product=water_level&application=tempo-earth2-workshop&begin_date=20260525&end_date=20260602&datum=MSL&station=8575512&time_zone=gmt&units=metric&interval=6&format=json,0.007,"0,0,0,0",v
2026-05-25 20:24:00+00:00,0.288,8575512,"Annapolis, MD",water_level,MSL,metric,NOAA CO-OPS Data API,https://api.tidesandcurrents.noaa.gov/api/prod/datagetter?product=water_level&application=tempo-earth2-workshop&begin_date=20260525&end_date=20260602&datum=MSL&station=8575512&time_zone=gmt&units=metric&interval=6&format=json,0.007,"0,0,0,0",v
2026-05-25 20:30:00+00:00,0.284,8575512,"Annapolis, MD",water_level,MSL,metric,NOAA CO-OPS Data API,https://api.tidesandcurrents.noaa.gov/api/prod/datagetter?product=water_level&application=tempo-earth2-workshop&begin_date=20260525&end_date=20260602&datum=MSL&station=8575512&time_zone=gmt&units=metric&interval=6&format=json,0.007,"0,0,0,0",v
2026-05-25 20:36:00+00:00,0.277,8575512,"Annapolis, MD",water_level,MSL,metric,NOAA CO-OPS Data API,https://api.tidesandcurrents.noaa.gov/api/prod/datagetter?product=water_level&application=tempo-earth2-workshop&begin_date=20260525&end_date=20260602&datum=MSL&station=8575512&time_zone=gmt&units=metric&interval=6&format=json,0.007,"0,0,0,0",v
2026-05-25 20:42:00+00:00,0.273,8575512,"Annapolis, MD",water_level,MSL,metric,NOAA CO-OPS Data API,https://api.tidesandcurrents.noaa.gov/api/prod/datagetter?product=water_level&application=tempo-earth2-workshop&begin_date=20260525&end_date=20260602&datum=MSL&station=8575512&time_zone=gmt&units=metric&interval=6&format=json,0.007,"0,0,0,0",v
2026-05-25 20:48:00+00:00,0.263,8575512,"Annapolis, MD",water_level,MSL,metric,NOAA CO-OPS Data API,https://api.tidesandcurrents.noaa.gov/api/prod/datagetter?product=water_level&application=tempo-earth2-workshop&begin_date=20260525&end_date=20260602&datum=MSL&station=8575512&time_zone=gmt&units=metric&interval=6&format=json,0.007,"0,0,0,0",v
2026-05-25 20:54:00+00:00,0.252,8575512,"Annapolis, MD",water_level,MSL,metric,NOAA CO-OPS Data API,https://api.tidesandcurrents.noaa.gov/api/prod/datagetter?product=water_level&application=tempo-earth2-workshop&begin_date=20260525&end_date=20260602&datum=MSL&station=8575512&time_zone=gmt&units=metric&interval=6&format=json,0.007,"0,0,0,0",v
2026-05-25 21:00:00+00:00,0.245,8575512,"Annapolis, MD",water_level,MSL,metric,NOAA CO-OPS Data API,https://api.tidesandcurrents.noaa.gov/api/prod/datagetter?product=water_level&application=tempo-earth2-workshop&begin_date=20260525&end_date=20260602&datum=MSL&station=8575512&time_zone=gmt&units=metric&interval=6&format=json,0.007,"0,0,0,0",v
2026-05-25 21:06:00+00:00,0.239,8575512,"Annapolis, MD",water_level,MSL,metric,NOAA CO-OPS Data API,https://api.tidesandcurrents.noaa.gov/api/prod/datagetter?product=water_level&application=tempo-earth2-workshop&begin_date=20260525&end_date=20260602&datum=MSL&station=8575512&time_zone=gmt&units=metric&interval=6&format=json,0.007,"0,0,0,0",v
2026-05-25 21:12:00+00:00,0.234,8575512,"Annapolis, MD",water_level,MSL,metric,NOAA CO-OPS Data API,https://api.tidesandcurrents.noaa.gov/api/prod/datagetter?product=water_level&application=tempo-earth2-workshop&begin_date=20260525&end_date=20260602&datum=MSL&station=8575512&time_zone=gmt&units=metric&interval=6&format=json,0.007,"0,0,0,0",v
2026-05-25 21:18:00+00:00,0.23,8575512,"Annapolis, MD",water_level,MSL,metric,NOAA CO-OPS Data API,https://api.tidesandcurrents.noaa.gov/api/prod/datagetter?product=water_level&application=tempo-earth2-workshop&begin_date=20260525&end_date=20260602&datum=MSL&station=8575512&time_zone=gmt&units=metric&interval=6&format=json,0.007,"0,0,0,0",v
2026-05-25 21:24:00+00:00,0.225,8575512,"Annapolis, MD",water_level,MSL,metric,NOAA CO-OPS Data API,https://api.tidesandcurrents.noaa.gov/api/prod/datagetter?product=water_level&application=tempo-earth2-workshop&begin_date=20260525&end_date=20260602&datum=MSL&station=8575512&time_zone=gmt&units=metric&interval=6&format=json,0.007,"0,0,0,0",v
2026-05-25 21:30:00+00:00,0.218,8575512,"Annapolis, MD",water_level,MSL,metric,NOAA CO-OPS Data API,https://api.tidesandcurrents.noaa.gov/api/prod/datagetter?product=water_level&application=tempo-earth2-workshop&begin_date=20260525&end_date=20260602&datum=MSL&station=8575512&time_zone=gmt&units=metric&interval=6&format=json,0.007,"0,0,0,0",v
2026-05-25 21:36:00+00:00,0.213,8575512,"Annapolis, MD",water_level,MSL,metric,NOAA CO-OPS Data API,https://api.tidesandcurrents.noaa.gov/api/prod/datagetter?product=water_level&application=tempo-earth2-workshop&begin_date=20260525&end_date=20260602&datum=MSL&station=8575512&time_zone=gmt&units=metric&interval=6&format=json,0.007,"0,0,0,0",v
2026-05-25 21:42:00+00:00,0.207,8575512,"Annapolis, MD",water_level,MSL,metric,NOAA CO-OPS Data API,https://api.tidesandcurrents.noaa.gov/api/prod/datagetter?product=water_level&application=tempo-earth2-workshop&begin_date=20260525&end_date=20260602&datum=MSL&station=8575512&time_zone=gmt&units=metric&interval=6&format=json,0.007,"0,0,0,0",v
2026-05-25 21:48:00+00:00,0.197,8575512,"Annapolis, MD",water_level,MSL,metric,NOAA CO-OPS Data API,https://api.tidesandcurrents.noaa.gov/api/prod/datagetter?product=water_level&application=tempo-earth2-workshop&begin_date=20260525&end_date=20260602&datum=MSL&station=8575512&time_zone=gmt&units=metric&interval=6&format=json,0.007,"0,0,0,0",v
2026-05-25 21:54:00+00:00,0.188,8575512,"Annapolis, MD",water_level,MSL,metric,NOAA CO-OPS Data API,https://api.tidesandcurrents.noaa.gov/api/prod/datagetter?product=water_level&application=tempo-earth2-workshop&begin_date=20260525&end_date=20260602&datum=MSL&station=8575512&time_zone=gmt&units=metric&interval=6&format=json,0.007,"0,0,0,0",v
2026-05-25 22:00:00+00:00,0.184,8575512,"Annapolis, MD",water_level,MSL,metric,NOAA CO-OPS Data API,https://api.tidesandcurrents.noaa.gov/api/prod/datagetter?product=water_level&application=tempo-earth2-workshop&begin_date=20260525&end_date=20260602&datum=MSL&station=8575512&time_zone=gmt&units=metric&interval=6&format=json,0.007,"0,0,0,0",v
2026-05-25 22:06:00+00:00,0.181,8575512,"Annapolis, MD",water_level,MSL,metric,NOAA CO-OPS Data API,https://api.tidesandcurrents.noaa.gov/api/prod/datagetter?product=water_level&application=tempo-earth2-workshop&begin_date=20260525&end_date=20260602&datum=MSL&station=8575512&time_zone=gmt&units=metric&interval=6&format=json,0.007,"0,0,0,0",v
2026-05-25 22:12:00+00:00,0.171,8575512,"Annapolis, MD",water_level,MSL,metric,NOAA CO-OPS Data API,https://api.tidesandcurrents.noaa.gov/api/prod/datagetter?product=water_level&application=tempo-earth2-workshop&begin_date=20260525&end_date=20260602&datum=MSL&station=8575512&time_zone=gmt&units=metric&interval=6&format=json,0.007,"0,0,0,0",v
2026-05-25 22:18:00+00:00,0.167,8575512,"Annapolis, MD",water_level,MSL,metric,NOAA CO-OPS Data API,https://api.tidesandcurrents.noaa.gov/api/prod/datagetter?product=water_level&application=tempo-earth2-workshop&begin_date=20260525&end_date=20260602&datum=MSL&station=8575512&time_zone=gmt&units=metric&interval=6&format=json,0.007,"0,0,0,0",v
2026-05-25 22:24:00+00:00,0.163,8575512,"Annapolis, MD",water_level,MSL,metric,NOAA CO-OPS Data API,https://api.tidesandcurrents.noaa.gov/api/prod/datagetter?product=water_level&application=tempo-earth2-workshop&begin_date=20260525&end_date=20260602&datum=MSL&station=8575512&time_zone=gmt&units=metric&interval=6&format=json,0.007,"0,0,0,0",v
2026-05-25 22:30:00+00:00,0.16,8575512,"Annapolis, MD",water_level,MSL,metric,NOAA CO-OPS Data API,https://api.tidesandcurrents.noaa.gov/api/prod/datagetter?product=water_level&application=tempo-earth2-workshop&begin_date=20260525&end_date=20260602&datum=MSL&station=8575512&time_zone=gmt&units=metric&interval=6&format=json,0.007,"0,0,0,0",v
2026-05-25 22:36:00+00:00,0.152,8575512,"Annapolis, MD",water_level,MSL,metric,NOAA CO-OPS Data API,https://api.tidesandcurrents.noaa.gov/api/prod/datagetter?product=water_level&application=tempo-earth2-workshop&begin_date=20260525&end_date=20260602&datum=MSL&station=8575512&time_zone=gmt&units=metric&interval=6&format=json,0.007,"0,0,0,0",v
2026-05-25 22:42:00+00:00,0.146,8575512,"Annapolis, MD",water_level,MSL,metric,NOAA CO-OPS Data API,https://api.tidesandcurrents.noaa.gov/api/prod/datagetter?product=water_level&application=tempo-earth2-workshop&begin_date=20260525&end_date=20260602&datum=MSL&station=8575512&time_zone=gmt&units=metric&interval=6&format=json,0.007,"0,0,0,0",v
2026-05-25 22:48:00+00:00,0.143,8575512,"Annapolis, MD",water_level,MSL,metric,NOAA CO-OPS Data API,https://api.tidesandcurrents.noaa.gov/api/prod/datagetter?product=water_level&application=tempo-earth2-workshop&begin_date=20260525&end_date=20260602&datum=MSL&station=8575512&time_zone=gmt&units=metric&interval=6&format=json,0.007,"0,0,0,0",v
2026-05-25 22:54:00+00:00,0.142,8575512,"Annapolis, MD",water_level,MSL,metric,NOAA CO-OPS Data API,https://api.tidesandcurrents.noaa.gov/api/prod/datagetter?product=water_level&application=tempo-earth2-workshop&begin_date=20260525&end_date=20260602&datum=MSL&station=8575512&time_zone=gmt&units=metric&interval=6&format=json,0.007,"0,0,0,0",v
2026-05-25 23:00:00+00:00,0.14,8575512,"Annapolis, MD",water_level,MSL,metric,NOAA CO-OPS Data API,https://api.tidesandcurrents.noaa.gov/api/prod/datagetter?product=water_level&application=tempo-earth2-workshop&begin_date=20260525&end_date=20260602&datum=MSL&station=8575512&time_zone=gmt&units=metric&interval=6&format=json,0.007,"0,0,0,0",v
2026-05-25 23:06:00+00:00,0.137,8575512,"Annapolis, MD",water_level,MSL,metric,NOAA CO-OPS Data API,https://api.tidesandcurrents.noaa.gov/api/prod/datagetter?product=water_level&application=tempo-earth2-workshop&begin_date=20260525&end_date=20260602&datum=MSL&station=8575512&time_zone=gmt&units=metric&interval=6&format=json,0.007,"0,0,0,0",v
2026-05-25 23:12:00+00:00,0.132,8575512,"Annapolis, MD",water_level,MSL,metric,NOAA CO-OPS Data API,https://api.tidesandcurrents.noaa.gov/api/prod/datagetter?product=water_level&application=tempo-earth2-workshop&begin_date=20260525&end_date=20260602&datum=MSL&station=8575512&time_zone=gmt&units=metric&interval=6&format=json,0.007,"0,0,0,0",v
2026-05-25 23:18:00+00:00,0.129,8575512,"Annapolis, MD",water_level,MSL,metric,NOAA CO-OPS Data API,https://api.tidesandcurrents.noaa.gov/api/prod/datagetter?product=water_level&application=tempo-earth2-workshop&begin_date=20260525&end_date=20260602&datum=MSL&station=8575512&time_zone=gmt&units=metric&interval=6&format=json,0.007,"0,0,0,0",v
2026-05-25 23:24:00+00:00,0.129,8575512,"Annapolis, MD",water_level,MSL,metric,NOAA CO-OPS Data API,https://api.tidesandcurrents.noaa.gov/api/prod/datagetter?product=water_level&application=tempo-earth2-workshop&begin_date=20260525&end_date=20260602&datum=MSL&station=8575512&time_zone=gmt&units=metric&interval=6&format=json,0.007,"0,0,0,0",v
2026-05-25 23:30:00+00:00,0.128,8575512,"Annapolis, MD",water_level,MSL,metric,NOAA CO-OPS Data API,https://api.tidesandcurrents.noaa.gov/api/prod/datagetter?product=water_level&application=tempo-earth2-workshop&begin_date=20260525&end_date=20260602&datum=MSL&station=8575512&time_zone=gmt&units=metric&interval=6&format=json,0.007,"0,0,0,0",v
2026-05-25 23:36:00+00:00,0.127,8575512,"Annapolis, MD",water_level,MSL,metric,NOAA CO-OPS Data API,https://api.tidesandcurrents.noaa.gov/api/prod/datagetter?product=water_level&application=tempo-earth2-workshop&begin_date=20260525&end_date=20260602&datum=MSL&station=8575512&time_zone=gmt&units=metric&interval=6&format=json,0.007,"0,0,0,0",v
2026-05-25 23:42:00+00:00,0.126,8575512,"Annapolis, MD",water_level,MSL,metric,NOAA CO-OPS Data API,https://api.tidesandcurrents.noaa.gov/api/prod/datagetter?product=water_level&application=tempo-earth2-workshop&begin_date=20260525&end_date=20260602&datum=MSL&station=8575512&time_zone=gmt&units=metric&interval=6&format=json,0.007,"0,0,0,0",v
2026-05-25 23:48:00+00:00,0.128,8575512,"Annapolis, MD",water_level,MSL,metric,NOAA CO-OPS Data API,https://api.tidesandcurrents.noaa.gov/api/prod/datagetter?product=water_level&application=tempo-earth2-workshop&begin_date=20260525&end_date=20260602&datum=MSL&station=8575512&time_zone=gmt&units=metric&interval=6&format=json,0.007,"0,0,0,0",v
2026-05-25 23:54:00+00:00,0.129,8575512,"Annapolis, MD",water_level,MSL,metric,NOAA CO-OPS Data API,https://api.tidesandcurrents.noaa.gov/api/prod/datagetter?product=water_level&application=tempo-earth2-workshop&begin_date=20260525&end_date=20260602&datum=MSL&station=8575512&time_zone=gmt&units=metric&interval=6&format=json,0.007,"0,0,0,0",v
2026-05-26 00:00:00+00:00,0.13,8575512,"Annapolis, MD",water_level,MSL,metric,NOAA CO-OPS Data API,https://api.tidesandcurrents.noaa.gov/api/prod/datagetter?product=water_level&application=tempo-earth2-workshop&begin_date=20260525&end_date=20260602&datum=MSL&station=8575512&time_zone=gmt&units=metric&interval=6&format=json,0.007,"0,0,0,0",v
2026-05-26 00:06:00+00:00,0.132,8575512,"Annapolis, MD",water_level,MSL,metric,NOAA CO-OPS Data API,https://api.tidesandcurrents.noaa.gov/api/prod/datagetter?product=water_level&application=tempo-earth2-workshop&begin_date=20260525&end_date=20260602&datum=MSL&station=8575512&time_zone=gmt&units=metric&interval=6&format=json,0.007,"0,0,0,0",v
2026-05-26 00:12:00+00:00,0.133,8575512,"Annapolis, MD",water_level,MSL,metric,NOAA CO-OPS Data API,https://api.tidesandcurrents.noaa.gov/api/prod/datagetter?product=water_level&application=tempo-earth2-workshop&begin_date=20260525&end_date=20260602&datum=MSL&station=8575512&time_zone=gmt&units=metric&interval=6&format=json,0.007,"0,0,0,0",v
2026-05-26 00:18:00+00:00,0.133,8575512,"Annapolis, MD",water_level,MSL,metric,NOAA CO-OPS Data API,https://api.tidesandcurrents.noaa.gov/api/prod/datagetter?product=water_level&application=tempo-earth2-workshop&begin_date=20260525&end_date=20260602&datum=MSL&station=8575512&time_zone=gmt&units=metric&interval=6&format=json,0.007,"0,0,0,0",v
2026-05-26 00:24:00+00:00,0.136,8575512,"Annapolis, MD",water_level,MSL,metric,NOAA CO-OPS Data API,https://api.tidesandcurrents.noaa.gov/api/prod/datagetter?product=water_level&application=tempo-earth2-workshop&begin_date=20260525&end_date=20260602&datum=MSL&station=8575512&time_zone=gmt&units=metric&interval=6&format=json,0.007,"0,0,0,0",v
2026-05-26 00:30:00+00:00,0.138,8575512,"Annapolis, MD",water_level,MSL,metric,NOAA CO-OPS Data API,https://api.tidesandcurrents.noaa.gov/api/prod/datagetter?product=water_level&application=tempo-earth2-workshop&begin_date=20260525&end_date=20260602&datum=MSL&station=8575512&time_zone=gmt&units=metric&interval=6&format=json,0.007,"0,0,0,0",v
2026-05-26 00:36:00+00:00,0.14,8575512,"Annapolis, MD",water_level,MSL,metric,NOAA CO-OPS Data API,https://api.tidesandcurrents.noaa.gov/api/prod/datagetter?product=water_level&application=tempo-earth2-workshop&begin_date=20260525&end_date=20260602&datum=MSL&station=8575512&time_zone=gmt&units=metric&interval=6&format=json,0.007,"0,0,0,0",v
2026-05-26 00:42:00+00:00,0.144,8575512,"Annapolis, MD",water_level,MSL,metric,NOAA CO-OPS Data API,https://api.tidesandcurrents.noaa.gov/api/prod/datagetter?product=water_level&application=tempo-earth2-workshop&begin_date=20260525&end_date=20260602&datum=MSL&station=8575512&time_zone=gmt&units=metric&interval=6&format=json,0.007,"0,0,0,0",v
2026-05-26 00:48:00+00:00,0.151,8575512,"Annapolis, MD",water_level,MSL,metric,NOAA CO-OPS Data API,https://api.tidesandcurrents.noaa.gov/api/prod/datagetter?product=water_level&application=tempo-earth2-workshop&begin_date=20260525&end_date=20260602&datum=MSL&station=8575512&time_zone=gmt&units=metric&interval=6&format=json,0.007,"0,0,0,0",v
2026-05-26 00:54:00+00:00,0.159,8575512,"Annapolis, MD",water_level,MSL,metric,NOAA CO-OPS Data API,https://api.tidesandcurrents.noaa.gov/api/prod/datagetter?product=water_level&application=tempo-earth2-workshop&begin_date=20260525&end_date=20260602&datum=MSL&station=8575512&time_zone=gmt&units=metric&interval=6&format=json,0.007,"0,0,0,0",v
2026-05-26 01:00:00+00:00,0.165,8575512,"Annapolis, MD",water_level,MSL,metric,NOAA CO-OPS Data API,https://api.tidesandcurrents.noaa.gov/api/prod/datagetter?product=water_level&application=tempo-earth2-workshop&begin_date=20260525&end_date=20260602&datum=MSL&station=8575512&time_zone=gmt&units=metric&interval=6&format=json,0.007,"0,0,0,0",v
2026-05-26 01:06:00+00:00,0.17,8575512,"Annapolis, MD",water_level,MSL,metric,NOAA CO-OPS Data API,https://api.tidesandcurrents.noaa.gov/api/prod/datagetter?product=water_level&application=tempo-earth2-workshop&begin_date=20260525&end_date=20260602&datum=MSL&station=8575512&time_zone=gmt&units=metric&interval=6&format=json,0.007,"0,0,0,0",v
2026-05-26 01:12:00+00:00,0.177,8575512,"Annapolis, MD",water_level,MSL,metric,NOAA CO-OPS Data API,https://api.tidesandcurrents.noaa.gov/api/prod/datagetter?product=water_level&application=tempo-earth2-workshop&begin_date=20260525&end_date=20260602&datum=MSL&station=8575512&time_zone=gmt&units=metric&interval=6&format=json,0.007,"0,0,0,0",v
2026-05-26 01:18:00+00:00,0.186,8575512,"Annapolis, MD",water_level,MSL,metric,NOAA CO-OPS Data API,https://api.tidesandcurrents.noaa.gov/api/prod/datagetter?product=water_level&application=tempo-earth2-workshop&begin_date=20260525&end_date=20260602&datum=MSL&station=8575512&time_zone=gmt&units=metric&interval=6&format=json,0.007,"0,0,0,0",v
2026-05-26 01:24:00+00:00,0.192,8575512,"Annapolis, MD",water_level,MSL,metric,NOAA CO-OPS Data API,https://api.tidesandcurrents.noaa.gov/api/prod/datagetter?product=water_level&application=tempo-earth2-workshop&begin_date=20260525&end_date=20260602&datum=MSL&station=8575512&time_zone=gmt&units=metric&interval=6&format=json,0.007,"0,0,0,0",v
2026-05-26 01:30:00+00:00,0.198,8575512,"Annapolis, MD",water_level,MSL,metric,NOAA CO-OPS Data API,https://api.tidesandcurrents.noaa.gov/api/prod/datagetter?product=water_level&application=tempo-earth2-workshop&begin_date=20260525&end_date=20260602&datum=MSL&station=8575512&time_zone=gmt&units=metric&interval=6&format=json,0.007,"0,0,0,0",v
2026-05-26 01:36:00+00:00,0.203,8575512,"Annapolis, MD",water_level,MSL,metric,NOAA CO-OPS Data API,https://api.tidesandcurrents.noaa.gov/api/prod/datagetter?product=water_level&application=tempo-earth2-workshop&begin_date=20260525&end_date=20260602&datum=MSL&station=8575512&time_zone=gmt&units=metric&interval=6&format=json,0.007,"0,0,0,0",v
2026-05-26 01:42:00+00:00,0.212,8575512,"Annapolis, MD",water_level,MSL,metric,NOAA CO-OPS Data API,https://api.tidesandcurrents.noaa.gov/api/prod/datagetter?product=water_level&application=tempo-earth2-workshop&begin_date=20260525&end_date=20260602&datum=MSL&station=8575512&time_zone=gmt&units=metric&interval=6&format=json,0.007,"0,0,0,0",v
2026-05-26 01:48:00+00:00,0.22,8575512,"Annapolis, MD",water_level,MSL,metric,NOAA CO-OPS Data API,https://api.tidesandcurrents.noaa.gov/api/prod/datagetter?product=water_level&application=tempo-earth2-workshop&begin_date=20260525&end_date=20260602&datum=MSL&station=8575512&time_zone=gmt&units=metric&interval=6&format=json,0.007,"0,0,0,0",v
2026-05-26 01:54:00+00:00,0.224,8575512,"Annapolis, MD",water_level,MSL,metric,NOAA CO-OPS Data API,https://api.tidesandcurrents.noaa.gov/api/prod/datagetter?product=water_level&application=tempo-earth2-workshop&begin_date=20260525&end_date=20260602&datum=MSL&station=8575512&time_zone=gmt&units=metric&interval=6&format=json,0.007,"0,0,0,0",v
2026-05-26 02:00:00+00:00,0.231,8575512,"Annapolis, MD",water_level,MSL,metric,NOAA CO-OPS Data API,https://api.tidesandcurrents.noaa.gov/api/prod/datagetter?product=water_level&application=tempo-earth2-workshop&begin_date=20260525&end_date=20260602&datum=MSL&station=8575512&time_zone=gmt&units=metric&interval=6&format=json,0.007,"0,0,0,0",v
2026-05-26 02:06:00+00:00,0.239,8575512,"Annapolis, MD",water_level,MSL,metric,NOAA CO-OPS Data API,https://api.tidesandcurrents.noaa.gov/api/prod/datagetter?product=water_level&application=tempo-earth2-workshop&begin_date=20260525&end_date=20260602&datum=MSL&station=8575512&time_zone=gmt&units=metric&interval=6&format=json,0.007,"0,0,0,0",v
2026-05-26 02:12:00+00:00,0.246,8575512,"Annapolis, MD",water_level,MSL,metric,NOAA CO-OPS Data API,https://api.tidesandcurrents.noaa.gov/api/prod/datagetter?product=water_level&application=tempo-earth2-workshop&begin_date=20260525&end_date=20260602&datum=MSL&station=8575512&time_zone=gmt&units=metric&interval=6&format=json,0.007,"0,0,0,0",v
2026-05-26 02:18:00+00:00,0.253,8575512,"Annapolis, MD",water_level,MSL,metric,NOAA CO-OPS Data API,https://api.tidesandcurrents.noaa.gov/api/prod/datagetter?product=water_level&application=tempo-earth2-workshop&begin_date=20260525&end_date=20260602&datum=MSL&station=8575512&time_zone=gmt&units=metric&interval=6&format=json,0.007,"0,0,0,0",v
2026-05-26 02:24:00+00:00,0.26,8575512,"Annapolis, MD",water_level,MSL,metric,NOAA CO-OPS Data API,https://api.tidesandcurrents.noaa.gov/api/prod/datagetter?product=water_level&application=tempo-earth2-workshop&begin_date=20260525&end_date=20260602&datum=MSL&station=8575512&time_zone=gmt&units=metric&interval=6&format=json,0.007,"0,0,0,0",v
2026-05-26 02:30:00+00:00,0.267,8575512,"Annapolis, MD",water_level,MSL,metric,NOAA CO-OPS Data API,https://api.tidesandcurrents.noaa.gov/api/prod/datagetter?product=water_level&application=tempo-earth2-workshop&begin_date=20260525&end_date=20260602&datum=MSL&station=8575512&time_zone=gmt&units=metric&interval=6&format=json,0.007,"0,0,0,0",v
2026-05-26 02:36:00+00:00,0.275,8575512,"Annapolis, MD",water_level,MSL,metric,NOAA CO-OPS Data API,https://api.tidesandcurrents.noaa.gov/api/prod/datagetter?product=water_level&application=tempo-earth2-workshop&begin_date=20260525&end_date=20260602&datum=MSL&station=8575512&time_zone=gmt&units=metric&interval=6&format=json,0.007,"0,0,0,0",v
2026-05-26 02:42:00+00:00,0.285,8575512,"Annapolis, MD",water_level,MSL,metric,NOAA CO-OPS Data API,https://api.tidesandcurrents.noaa.gov/api/prod/datagetter?product=water_level&application=tempo-earth2-workshop&begin_date=20260525&end_date=20260602&datum=MSL&station=8575512&time_zone=gmt&units=metric&interval=6&format=json,0.007,"0,0,0,0",v
2026-05-26 02:48:00+00:00,0.293,8575512,"Annapolis, MD",water_level,MSL,metric,NOAA CO-OPS Data API,https://api.tidesandcurrents.noaa.gov/api/prod/datagetter?product=water_level&application=tempo-earth2-workshop&begin_date=20260525&end_date=20260602&datum=MSL&station=8575512&time_zone=gmt&units=metric&interval=6&format=json,0.007,"0,0,0,0",v
2026-05-26 02:54:00+00:00,0.297,8575512,"Annapolis, MD",water_level,MSL,metric,NOAA CO-OPS Data API,https://api.tidesandcurrents.noaa.gov/api/prod/datagetter?product=water_level&application=tempo-earth2-workshop&begin_date=20260525&end_date=20260602&datum=MSL&station=8575512&time_zone=gmt&units=metric&interval=6&format=json,0.007,"0,0,0,0",v
2026-05-26 03:00:00+00:00,0.304,8575512,"Annapolis, MD",water_level,MSL,metric,NOAA CO-OPS Data API,https://api.tidesandcurrents.noaa.gov/api/prod/datagetter?product=water_level&application=tempo-earth2-workshop&begin_date=20260525&end_date=20260602&datum=MSL&station=8575512&time_zone=gmt&units=metric&interval=6&format=json,0.007,"0,0,0,0",v
2026-05-26 03:06:00+00:00,0.311,8575512,"Annapolis, MD",water_level,MSL,metric,NOAA CO-OPS Data API,https://api.tidesandcurrents.noaa.gov/api/prod/datagetter?product=water_level&application=tempo-earth2-workshop&begin_date=20260525&end_date=20260602&datum=MSL&station=8575512&time_zone=gmt&units=metric&interval=6&format=json,0.007,"0,0,0,0",v
2026-05-26 03:12:00+00:00,0.317,8575512,"Annapolis, MD",water_level,MSL,metric,NOAA CO-OPS Data API,https://api.tidesandcurrents.noaa.gov/api/prod/datagetter?product=water_level&application=tempo-earth2-workshop&begin_date=20260525&end_date=20260602&datum=MSL&station=8575512&time_zone=gmt&units=metric&interval=6&format=json,0.007,"0,0,0,0",v
2026-05-26 03:18:00+00:00,0.323,8575512,"Annapolis, MD",water_level,MSL,metric,NOAA CO-OPS Data API,https://api.tidesandcurrents.noaa.gov/api/prod/datagetter?product=water_level&application=tempo-earth2-workshop&begin_date=20260525&end_date=20260602&datum=MSL&station=8575512&time_zone=gmt&units=metric&interval=6&format=json,0.007,"0,0,0,0",v
2026-05-26 03:24:00+00:00,0.33,8575512,"Annapolis, MD",water_level,MSL,metric,NOAA CO-OPS Data API,https://api.tidesandcurrents.noaa.gov/api/prod/datagetter?product=water_level&application=tempo-earth2-workshop&begin_date=20260525&end_date=20260602&datum=MSL&station=8575512&time_zone=gmt&units=metric&interval=6&format=json,0.007,"0,0,0,0",v
2026-05-26 03:30:00+00:00,0.338,8575512,"Annapolis, MD",water_level,MSL,metric,NOAA CO-OPS Data API,https://api.tidesandcurrents.noaa.gov/api/prod/datagetter?product=water_level&application=tempo-earth2-workshop&begin_date=20260525&end_date=20260602&datum=MSL&station=8575512&time_zone=gmt&units=metric&interval=6&format=json,0.007,"0,0,0,0",v
2026-05-26 03:36:00+00:00,0.347,8575512,"Annapolis, MD",water_level,MSL,metric,NOAA CO-OPS Data API,https://api.tidesandcurrents.noaa.gov/api/prod/datagetter?product=water_level&application=tempo-earth2-workshop&begin_date=20260525&end_date=20260602&datum=MSL&station=8575512&time_zone=gmt&units=metric&interval=6&format=json,0.007,"0,0,0,0",v
2026-05-26 03:42:00+00:00,0.357,8575512,"Annapolis, MD",water_level,MSL,metric,NOAA CO-OPS Data API,https://api.tidesandcurrents.noaa.gov/api/prod/datagetter?product=water_level&application=tempo-earth2-workshop&begin_date=20260525&end_date=20260602&datum=MSL&station=8575512&time_zone=gmt&units=metric&interval=6&format=json,0.007,"0,0,0,0",v
2026-05-26 03:48:00+00:00,0.365,8575512,"Annapolis, MD",water_level,MSL,metric,NOAA CO-OPS Data API,https://api.tidesandcurrents.noaa.gov/api/prod/datagetter?product=water_level&application=tempo-earth2-workshop&begin_date=20260525&end_date=20260602&datum=MSL&station=8575512&time_zone=gmt&units=metric&interval=6&format=json,0.007,"0,0,0,0",v
2026-05-26 03:54:00+00:00,0.375,8575512,"Annapolis, MD",water_level,MSL,metric,NOAA CO-OPS Data API,https://api.tidesandcurrents.noaa.gov/api/prod/datagetter?product=water_level&application=tempo-earth2-workshop&begin_date=20260525&end_date=20260602&datum=MSL&station=8575512&time_zone=gmt&units=metric&interval=6&format=json,0.007,"0,0,0,0",v
2026-05-26 04:00:00+00:00,0.384,8575512,"Annapolis, MD",water_level,MSL,metric,NOAA CO-OPS Data API,https://api.tidesandcurrents.noaa.gov/api/prod/datagetter?product=water_level&application=tempo-earth2-workshop&begin_date=20260525&end_date=20260602&datum=MSL&station=8575512&time_zone=gmt&units=metric&interval=6&format=json,0.007,"0,0,0,0",v
2026-05-26 04:06:00+00:00,0.389,8575512,"Annapolis, MD",water_level,MSL,metric,NOAA CO-OPS Data API,https://api.tidesandcurrents.noaa.gov/api/prod/datagetter?product=water_level&application=tempo-earth2-workshop&begin_date=20260525&end_date=20260602&datum=MSL&station=8575512&time_zone=gmt&units=metric&interval=6&format=json,0.007,"0,0,0,0",v
2026-05-26 04:12:00+00:00,0.392,8575512,"Annapolis, MD",water_level,MSL,metric,NOAA CO-OPS Data API,https://api.tidesandcurrents.noaa.gov/api/prod/datagetter?product=water_level&application=tempo-earth2-workshop&begin_date=20260525&end_date=20260602&datum=MSL&station=8575512&time_zone=gmt&units=metric&interval=6&format=json,0.007,"0,0,0,0",v
2026-05-26 04:18:00+00:00,0.397,8575512,"Annapolis, MD",water_level,MSL,metric,NOAA CO-OPS Data API,https://api.tidesandcurrents.noaa.gov/api/prod/datagetter?product=water_level&application=tempo-earth2-workshop&begin_date=20260525&end_date=20260602&datum=MSL&station=8575512&time_zone=gmt&units=metric&interval=6&format=json,0.007,"0,0,0,0",v
2026-05-26 04:24:00+00:00,0.399,8575512,"Annapolis, MD",water_level,MSL,metric,NOAA CO-OPS Data API,https://api.tidesandcurrents.noaa.gov/api/prod/datagetter?product=water_level&application=tempo-earth2-workshop&begin_date=20260525&end_date=20260602&datum=MSL&station=8575512&time_zone=gmt&units=metric&interval=6&format=json,0.007,"0,0,0,0",v
2026-05-26 04:30:00+00:00,0.406,8575512,"Annapolis, MD",water_level,MSL,metric,NOAA CO-OPS Data API,https://api.tidesandcurrents.noaa.gov/api/prod/datagetter?product=water_level&application=tempo-earth2-workshop&begin_date=20260525&end_date=20260602&datum=MSL&station=8575512&time_zone=gmt&units=metric&interval=6&format=json,0.007,"0,0,0,0",v
2026-05-26 04:36:00+00:00,0.412,8575512,"Annapolis, MD",water_level,MSL,metric,NOAA CO-OPS Data API,https://api.tidesandcurrents.noaa.gov/api/prod/datagetter?product=water_level&application=tempo-earth2-workshop&begin_date=20260525&end_date=20260602&datum=MSL&station=8575512&time_zone=gmt&units=metric&interval=6&format=json,0.007,"0,0,0,0",v
2026-05-26 04:42:00+00:00,0.416,8575512,"Annapolis, MD",water_level,MSL,metric,NOAA CO-OPS Data API,https://api.tidesandcurrents.noaa.gov/api/prod/datagetter?product=water_level&application=tempo-earth2-workshop&begin_date=20260525&end_date=20260602&datum=MSL&station=8575512&time_zone=gmt&units=metric&interval=6&format=json,0.007,"0,0,0,0",v
2026-05-26 04:48:00+00:00,0.422,8575512,"Annapolis, MD",water_level,MSL,metric,NOAA CO-OPS Data API,https://api.tidesandcurrents.noaa.gov/api/prod/datagetter?product=water_level&application=tempo-earth2-workshop&begin_date=20260525&end_date=20260602&datum=MSL&station=8575512&time_zone=gmt&units=metric&interval=6&format=json,0.007,"0,0,0,0",v
2026-05-26 04:54:00+00:00,0.431,8575512,"Annapolis, MD",water_level,MSL,metric,NOAA CO-OPS Data API,https://api.tidesandcurrents.noaa.gov/api/prod/datagetter?product=water_level&application=tempo-earth2-workshop&begin_date=20260525&end_date=20260602&datum=MSL&station=8575512&time_zone=gmt&units=metric&interval=6&format=json,0.007,"0,0,0,0",v
2026-05-26 05:00:00+00:00,0.434,8575512,"Annapolis, MD",water_level,MSL,metric,NOAA CO-OPS Data API,https://api.tidesandcurrents.noaa.gov/api/prod/datagetter?product=water_level&application=tempo-earth2-workshop&begin_date=20260525&end_date=20260602&datum=MSL&station=8575512&time_zone=gmt&units=metric&interval=6&format=json,0.007,"0,0,0,0",v
2026-05-26 05:06:00+00:00,0.432,8575512,"Annapolis, MD",water_level,MSL,metric,NOAA CO-OPS Data API,https://api.tidesandcurrents.noaa.gov/api/prod/datagetter?product=water_level&application=tempo-earth2-workshop&begin_date=20260525&end_date=20260602&datum=MSL&station=8575512&time_zone=gmt&units=metric&interval=6&format=json,0.007,"0,0,0,0",v
2026-05-26 05:12:00+00:00,0.439,8575512,"Annapolis, MD",water_level,MSL,metric,NOAA CO-OPS Data API,https://api.tidesandcurrents.noaa.gov/api/prod/datagetter?product=water_level&application=tempo-earth2-workshop&begin_date=20260525&end_date=20260602&datum=MSL&station=8575512&time_zone=gmt&units=metric&interval=6&format=json,0.007,"0,0,0,0",v
2026-05-26 05:18:00+00:00,0.447,8575512,"Annapolis, MD",water_level,MSL,metric,NOAA CO-OPS Data API,https://api.tidesandcurrents.noaa.gov/api/prod/datagetter?product=water_level&application=tempo-earth2-workshop&begin_date=20260525&end_date=20260602&datum=MSL&station=8575512&time_zone=gmt&units=metric&interval=6&format=json,0.007,"0,0,0,0",v
2026-05-26 05:24:00+00:00,0.451,8575512,"Annapolis, MD",water_level,MSL,metric,NOAA CO-OPS Data API,https://api.tidesandcurrents.noaa.gov/api/prod/datagetter?product=water_level&application=tempo-earth2-workshop&begin_date=20260525&end_date=20260602&datum=MSL&station=8575512&time_zone=gmt&units=metric&interval=6&format=json,0.007,"0,0,0,0",v
2026-05-26 05:30:00+00:00,0.453,8575512,"Annapolis, MD",water_level,MSL,metric,NOAA CO-OPS Data API,https://api.tidesandcurrents.noaa.gov/api/prod/datagetter?product=water_level&application=tempo-earth2-workshop&begin_date=20260525&end_date=20260602&datum=MSL&station=8575512&time_zone=gmt&units=metric&interval=6&format=json,0.007,"0,0,0,0",v
2026-05-26 05:36:00+00:00,0.46,8575512,"Annapolis, MD",water_level,MSL,metric,NOAA CO-OPS Data API,https://api.tidesandcurrents.noaa.gov/api/prod/datagetter?product=water_level&application=tempo-earth2-workshop&begin_date=20260525&end_date=20260602&datum=MSL&station=8575512&time_zone=gmt&units=metric&interval=6&format=json,0.007,"0,0,0,0",v
2026-05-26 05:42:00+00:00,0.461,8575512,"Annapolis, MD",water_level,MSL,metric,NOAA CO-OPS Data API,https://api.tidesandcurrents.noaa.gov/api/prod/datagetter?product=water_level&application=tempo-earth2-workshop&begin_date=20260525&end_date=20260602&datum=MSL&station=8575512&time_zone=gmt&units=metric&interval=6&format=json,0.007,"0,0,0,0",v
2026-05-26 05:48:00+00:00,0.462,8575512,"Annapolis, MD",water_level,MSL,metric,NOAA CO-OPS Data API,https://api.tidesandcurrents.noaa.gov/api/prod/datagetter?product=water_level&application=tempo-earth2-workshop&begin_date=20260525&end_date=20260602&datum=MSL&station=8575512&time_zone=gmt&units=metric&interval=6&format=json,0.007,"0,0,0,0",v
2026-05-26 05:54:00+00:00,0.469,8575512,"Annapolis, MD",water_level,MSL,metric,NOAA CO-OPS Data API,https://api.tidesandcurrents.noaa.gov/api/prod/datagetter?product=water_level&application=tempo-earth2-workshop&begin_date=20260525&end_date=20260602&datum=MSL&station=8575512&time_zone=gmt&units=metric&interval=6&format=json,0.007,"0,0,0,0",v
2026-05-26 06:00:00+00:00,0.465,8575512,"Annapolis, MD",water_level,MSL,metric,NOAA CO-OPS Data API,https://api.tidesandcurrents.noaa.gov/api/prod/datagetter?product=water_level&application=tempo-earth2-workshop&begin_date=20260525&end_date=20260602&datum=MSL&station=8575512&time_zone=gmt&units=metric&interval=6&format=json,0.007,"0,0,0,0",v
2026-05-26 06:06:00+00:00,0.464,8575512,"Annapolis, MD",water_level,MSL,metric,NOAA CO-OPS Data API,https://api.tidesandcurrents.noaa.gov/api/prod/datagetter?product=water_level&application=tempo-earth2-workshop&begin_date=20260525&end_date=20260602&datum=MSL&station=8575512&time_zone=gmt&units=metric&interval=6&format=json,0.007,"0,0,0,0",v
2026-05-26 06:12:00+00:00,0.463,8575512,"Annapolis, MD",water_level,MSL,metric,NOAA CO-OPS Data API,https://api.tidesandcurrents.noaa.gov/api/prod/datagetter?product=water_level&application=tempo-earth2-workshop&begin_date=20260525&end_date=20260602&datum=MSL&station=8575512&time_zone=gmt&units=metric&interval=6&format=json,0.007,"0,0,0,0",v
2026-05-26 06:18:00+00:00,0.457,8575512,"Annapolis, MD",water_level,MSL,metric,NOAA CO-OPS Data API,https://api.tidesandcurrents.noaa.gov/api/prod/datagetter?product=water_level&application=tempo-earth2-workshop&begin_date=20260525&end_date=20260602&datum=MSL&station=8575512&time_zone=gmt&units=metric&interval=6&format=json,0.007,"0,0,0,0",v
2026-05-26 06:24:00+00:00,0.455,8575512,"Annapolis, MD",water_level,MSL,metric,NOAA CO-OPS Data API,https://api.tidesandcurrents.noaa.gov/api/prod/datagetter?product=water_level&application=tempo-earth2-workshop&begin_date=20260525&end_date=20260602&datum=MSL&station=8575512&time_zone=gmt&units=metric&interval=6&format=json,0.007,"0,0,0,0",v
2026-05-26 06:30:00+00:00,0.453,8575512,"Annapolis, MD",water_level,MSL,metric,NOAA CO-OPS Data API,https://api.tidesandcurrents.noaa.gov/api/prod/datagetter?product=water_level&application=tempo-earth2-workshop&begin_date=20260525&end_date=20260602&datum=MSL&station=8575512&time_zone=gmt&units=metric&interval=6&format=json,0.007,"0,0,0,0",v
2026-05-26 06:36:00+00:00,0.457,8575512,"Annapolis, MD",water_level,MSL,metric,NOAA CO-OPS Data API,https://api.tidesandcurrents.noaa.gov/api/prod/datagetter?product=water_level&application=tempo-earth2-workshop&begin_date=20260525&end_date=20260602&datum=MSL&station=8575512&time_zone=gmt&units=metric&interval=6&format=json,0.007,"0,0,0,0",v
2026-05-26 06:42:00+00:00,0.458,8575512,"Annapolis, MD",water_level,MSL,metric,NOAA CO-OPS Data API,https://api.tidesandcurrents.noaa.gov/api/prod/datagetter?product=water_level&application=tempo-earth2-workshop&begin_date=20260525&end_date=20260602&datum=MSL&station=8575512&time_zone=gmt&units=metric&interval=6&format=json,0.007,"0,0,0,0",v
2026-05-26 06:48:00+00:00,0.452,8575512,"Annapolis, MD",water_level,MSL,metric,NOAA CO-OPS Data API,https://api.tidesandcurrents.noaa.gov/api/prod/datagetter?product=water_level&application=tempo-earth2-workshop&begin_date=20260525&end_date=20260602&datum=MSL&station=8575512&time_zone=gmt&units=metric&interval=6&format=json,0.007,"0,0,0,0",v
2026-05-26 06:54:00+00:00,0.454,8575512,"Annapolis, MD",water_level,MSL,metric,NOAA CO-OPS Data API,https://api.tidesandcurrents.noaa.gov/api/prod/datagetter?product=water_level&application=tempo-earth2-workshop&begin_date=20260525&end_date=20260602&datum=MSL&station=8575512&time_zone=gmt&units=metric&interval=6&format=json,0.007,"0,0,0,0",v
2026-05-26 07:00:00+00:00,0.45,8575512,"Annapolis, MD",water_level,MSL,metric,NOAA CO-OPS Data API,https://api.tidesandcurrents.noaa.gov/api/prod/datagetter?product=water_level&application=tempo-earth2-workshop&begin_date=20260525&end_date=20260602&datum=MSL&station=8575512&time_zone=gmt&units=metric&interval=6&format=json,0.007,"0,0,0,0",v
2026-05-26 07:06:00+00:00,0.445,8575512,"Annapolis, MD",water_level,MSL,metric,NOAA CO-OPS Data API,https://api.tidesandcurrents.noaa.gov/api/prod/datagetter?product=water_level&application=tempo-earth2-workshop&begin_date=20260525&end_date=20260602&datum=MSL&station=8575512&time_zone=gmt&units=metric&interval=6&format=json,0.007,"0,0,0,0",v
2026-05-26 07:12:00+00:00,0.44,8575512,"Annapolis, MD",water_level,MSL,metric,NOAA CO-OPS Data API,https://api.tidesandcurrents.noaa.gov/api/prod/datagetter?product=water_level&application=tempo-earth2-workshop&begin_date=20260525&end_date=20260602&datum=MSL&station=8575512&time_zone=gmt&units=metric&interval=6&format=json,0.007,"0,0,0,0",v
2026-05-26 07:18:00+00:00,0.438,8575512,"Annapolis, MD",water_level,MSL,metric,NOAA CO-OPS Data API,https://api.tidesandcurrents.noaa.gov/api/prod/datagetter?product=water_level&application=tempo-earth2-workshop&begin_date=20260525&end_date=20260602&datum=MSL&station=8575512&time_zone=gmt&units=metric&interval=6&format=json,0.007,"0,0,0,0",v
2026-05-26 07:24:00+00:00,0.436,8575512,"Annapolis, MD",water_level,MSL,metric,NOAA CO-OPS Data API,https://api.tidesandcurrents.noaa.gov/api/prod/datagetter?product=water_level&application=tempo-earth2-workshop&begin_date=20260525&end_date=20260602&datum=MSL&station=8575512&time_zone=gmt&units=metric&interval=6&format=json,0.007,"0,0,0,0",v
2026-05-26 07:30:00+00:00,0.434,8575512,"Annapolis, MD",water_level,MSL,metric,NOAA CO-OPS Data API,https://api.tidesandcurrents.noaa.gov/api/prod/datagetter?product=water_level&application=tempo-earth2-workshop&begin_date=20260525&end_date=20260602&datum=MSL&station=8575512&time_zone=gmt&units=metric&interval=6&format=json,0.007,"0,0,0,0",v
2026-05-26 07:36:00+00:00,0.43,8575512,"Annapolis, MD",water_level,MSL,metric,NOAA CO-OPS Data API,https://api.tidesandcurrents.noaa.gov/api/prod/datagetter?product=water_level&application=tempo-earth2-workshop&begin_date=20260525&end_date=20260602&datum=MSL&station=8575512&time_zone=gmt&units=metric&interval=6&format=json,0.007,"0,0,0,0",v
2026-05-26 07:42:00+00:00,0.423,8575512,"Annapolis, MD",water_level,MSL,metric,NOAA CO-OPS Data API,https://api.tidesandcurrents.noaa.gov/api/prod/datagetter?product=water_level&application=tempo-earth2-workshop&begin_date=20260525&end_date=20260602&datum=MSL&station=8575512&time_zone=gmt&units=metric&interval=6&format=json,0.007,"0,0,0,0",v
2026-05-26 07:48:00+00:00,0.42,8575512,"Annapolis, MD",water_level,MSL,metric,NOAA CO-OPS Data API,https://api.tidesandcurrents.noaa.gov/api/prod/datagetter?product=water_level&application=tempo-earth2-workshop&begin_date=20260525&end_date=20260602&datum=MSL&station=8575512&time_zone=gmt&units=metric&interval=6&format=json,0.007,"0,0,0,0",v
2026-05-26 07:54:00+00:00,0.413,8575512,"Annapolis, MD",water_level,MSL,metric,NOAA CO-OPS Data API,https://api.tidesandcurrents.noaa.gov/api/prod/datagetter?product=water_level&application=tempo-earth2-workshop&begin_date=20260525&end_date=20260602&datum=MSL&station=8575512&time_zone=gmt&units=metric&interval=6&format=json,0.007,"0,0,0,0",v
2026-05-26 08:00:00+00:00,0.408,8575512,"Annapolis, MD",water_level,MSL,metric,NOAA CO-OPS Data API,https://api.tidesandcurrents.noaa.gov/api/prod/datagetter?product=water_level&application=tempo-earth2-workshop&begin_date=20260525&end_date=20260602&datum=MSL&station=8575512&time_zone=gmt&units=metric&interval=6&format=json,0.007,"0,0,0,0",v
2026-05-26 08:06:00+00:00,0.402,8575512,"Annapolis, MD",water_level,MSL,metric,NOAA CO-OPS Data API,https://api.tidesandcurrents.noaa.gov/api/prod/datagetter?product=water_level&application=tempo-earth2-workshop&begin_date=20260525&end_date=20260602&datum=MSL&station=8575512&time_zone=gmt&units=metric&interval=6&format=json,0.007,"0,0,0,0",v
2026-05-26 08:12:00+00:00,0.395,8575512,"Annapolis, MD",water_level,MSL,metric,NOAA CO-OPS Data API,https://api.tidesandcurrents.noaa.gov/api/prod/datagetter?product=water_level&application=tempo-earth2-workshop&begin_date=20260525&end_date=20260602&datum=MSL&station=8575512&time_zone=gmt&units=metric&interval=6&format=json,0.007,"0,0,0,0",v
2026-05-26 08:18:00+00:00,0.387,8575512,"Annapolis, MD",water_level,MSL,metric,NOAA CO-OPS Data API,https://api.tidesandcurrents.noaa.gov/api/prod/datagetter?product=water_level&application=tempo-earth2-workshop&begin_date=20260525&end_date=20260602&datum=MSL&station=8575512&time_zone=gmt&units=metric&interval=6&format=json,0.007,"0,0,0,0",v
2026-05-26 08:24:00+00:00,0.38,8575512,"Annapolis, MD",water_level,MSL,metric,NOAA CO-OPS Data API,https://api.tidesandcurrents.noaa.gov/api/prod/datagetter?product=water_level&application=tempo-earth2-workshop&begin_date=20260525&end_date=20260602&datum=MSL&station=8575512&time_zone=gmt&units=metric&interval=6&format=json,0.007,"0,0,0,0",v
2026-05-26 08:30:00+00:00,0.374,8575512,"Annapolis, MD",water_level,MSL,metric,NOAA CO-OPS Data API,https://api.tidesandcurrents.noaa.gov/api/prod/datagetter?product=water_level&application=tempo-earth2-workshop&begin_date=20260525&end_date=20260602&datum=MSL&station=8575512&time_zone=gmt&units=metric&interval=6&format=json,0.007,"0,0,0,0",v
2026-05-26 08:36:00+00:00,0.371,8575512,"Annapolis, MD",water_level,MSL,metric,NOAA CO-OPS Data API,https://api.tidesandcurrents.noaa.gov/api/prod/datagetter?product=water_level&application=tempo-earth2-workshop&begin_date=20260525&end_date=20260602&datum=MSL&station=8575512&time_zone=gmt&units=metric&interval=6&format=json,0.007,"0,0,0,0",v
2026-05-26 08:42:00+00:00,0.364,8575512,"Annapolis, MD",water_level,MSL,metric,NOAA CO-OPS Data API,https://api.tidesandcurrents.noaa.gov/api/prod/datagetter?product=water_level&application=tempo-earth2-workshop&begin_date=20260525&end_date=20260602&datum=MSL&station=8575512&time_zone=gmt&units=metric&interval=6&format=json,0.007,"0,0,0,0",v
2026-05-26 08:48:00+00:00,0.361,8575512,"Annapolis, MD",water_level,MSL,metric,NOAA CO-OPS Data API,https://api.tidesandcurrents.noaa.gov/api/prod/datagetter?product=water_level&application=tempo-earth2-workshop&begin_date=20260525&end_date=20260602&datum=MSL&station=8575512&time_zone=gmt&units=metric&interval=6&format=json,0.007,"0,0,0,0",v
2026-05-26 08:54:00+00:00,0.354,8575512,"Annapolis, MD",water_level,MSL,metric,NOAA CO-OPS Data API,https://api.tidesandcurrents.noaa.gov/api/prod/datagetter?product=water_level&application=tempo-earth2-workshop&begin_date=20260525&end_date=20260602&datum=MSL&station=8575512&time_zone=gmt&units=metric&interval=6&format=json,0.007,"0,0,0,0",v
2026-05-26 09:00:00+00:00,0.347,8575512,"Annapolis, MD",water_level,MSL,metric,NOAA CO-OPS Data API,https://api.tidesandcurrents.noaa.gov/api/prod/datagetter?product=water_level&application=tempo-earth2-workshop&begin_date=20260525&end_date=20260602&datum=MSL&station=8575512&time_zone=gmt&units=metric&interval=6&format=json,0.007,"0,0,0,0",v
2026-05-26 09:06:00+00:00,0.34,8575512,"Annapolis, MD",water_level,MSL,metric,NOAA CO-OPS Data API,https://api.tidesandcurrents.noaa.gov/api/prod/datagetter?product=water_level&application=tempo-earth2-workshop&begin_date=20260525&end_date=20260602&datum=MSL&station=8575512&time_zone=gmt&units=metric&interval=6&format=json,0.007,"0,0,0,0",v
2026-05-26 09:12:00+00:00,0.333,8575512,"Annapolis, MD",water_level,MSL,metric,NOAA CO-OPS Data API,https://api.tidesandcurrents.noaa.gov/api/prod/datagetter?product=water_level&application=tempo-earth2-workshop&begin_date=20260525&end_date=20260602&datum=MSL&station=8575512&time_zone=gmt&units=metric&interval=6&format=json,0.007,"0,0,0,0",v
2026-05-26 09:18:00+00:00,0.326,8575512,"Annapolis, MD",water_level,MSL,metric,NOAA CO-OPS Data API,https://api.tidesandcurrents.noaa.gov/api/prod/datagetter?product=water_level&application=tempo-earth2-workshop&begin_date=20260525&end_date=20260602&datum=MSL&station=8575512&time_zone=gmt&units=metric&interval=6&format=json,0.007,"0,0,0,0",v
2026-05-26 09:24:00+00:00,0.319,8575512,"Annapolis, MD",water_level,MSL,metric,NOAA CO-OPS Data API,https://api.tidesandcurrents.noaa.gov/api/prod/datagetter?product=water_level&application=tempo-earth2-workshop&begin_date=20260525&end_date=20260602&datum=MSL&station=8575512&time_zone=gmt&units=metric&interval=6&format=json,0.007,"0,0,0,0",v
2026-05-26 09:30:00+00:00,0.313,8575512,"Annapolis, MD",water_level,MSL,metric,NOAA CO-OPS Data API,https://api.tidesandcurrents.noaa.gov/api/prod/datagetter?product=water_level&application=tempo-earth2-workshop&begin_date=20260525&end_date=20260602&datum=MSL&station=8575512&time_zone=gmt&units=metric&interval=6&format=json,0.007,"0,0,0,0",v
2026-05-26 09:36:00+00:00,0.308,8575512,"Annapolis, MD",water_level,MSL,metric,NOAA CO-OPS Data API,https://api.tidesandcurrents.noaa.gov/api/prod/datagetter?product=water_level&application=tempo-earth2-workshop&begin_date=20260525&end_date=20260602&datum=MSL&station=8575512&time_zone=gmt&units=metric&interval=6&format=json,0.007,"0,0,0,0",v
2026-05-26 09:42:00+00:00,0.299,8575512,"Annapolis, MD",water_level,MSL,metric,NOAA CO-OPS Data API,https://api.tidesandcurrents.noaa.gov/api/prod/datagetter?product=water_level&application=tempo-earth2-workshop&begin_date=20260525&end_date=20260602&datum=MSL&station=8575512&time_zone=gmt&units=metric&interval=6&format=json,0.007,"0,0,0,0",v
2026-05-26 09:48:00+00:00,0.292,8575512,"Annapolis, MD",water_level,MSL,metric,NOAA CO-OPS Data API,https://api.tidesandcurrents.noaa.gov/api/prod/datagetter?product=water_level&application=tempo-earth2-workshop&begin_date=20260525&end_date=20260602&datum=MSL&station=8575512&time_zone=gmt&units=metric&interval=6&format=json,0.007,"0,0,0,0",v
2026-05-26 09:54:00+00:00,0.285,8575512,"Annapolis, MD",water_level,MSL,metric,NOAA CO-OPS Data API,https://api.tidesandcurrents.noaa.gov/api/prod/datagetter?product=water_level&application=tempo-earth2-workshop&begin_date=20260525&end_date=20260602&datum=MSL&station=8575512&time_zone=gmt&units=metric&interval=6&format=json,0.007,"0,0,0,0",v
2026-05-26 10:00:00+00:00,0.278,8575512,"Annapolis, MD",water_level,MSL,metric,NOAA CO-OPS Data API,https://api.tidesandcurrents.noaa.gov/api/prod/datagetter?product=water_level&application=tempo-earth2-workshop&begin_date=20260525&end_date=20260602&datum=MSL&station=8575512&time_zone=gmt&units=metric&interval=6&format=json,0.007,"0,0,0,0",v
2026-05-26 10:06:00+00:00,0.27,8575512,"Annapolis, MD",water_level,MSL,metric,NOAA CO-OPS Data API,https://api.tidesandcurrents.noaa.gov/api/prod/datagetter?product=water_level&application=tempo-earth2-workshop&begin_date=20260525&end_date=20260602&datum=MSL&station=8575512&time_zone=gmt&units=metric&interval=6&format=json,0.007,"0,0,0,0",v
2026-05-26 10:12:00+00:00,0.264,8575512,"Annapolis, MD",water_level,MSL,metric,NOAA CO-OPS Data API,https://api.tidesandcurrents.noaa.gov/api/prod/datagetter?product=water_level&application=tempo-earth2-workshop&begin_date=20260525&end_date=20260602&datum=MSL&station=8575512&time_zone=gmt&units=metric&interval=6&format=json,0.007,"0,0,0,0",v
2026-05-26 10:18:00+00:00,0.257,8575512,"Annapolis, MD",water_level,MSL,metric,NOAA CO-OPS Data API,https://api.tidesandcurrents.noaa.gov/api/prod/datagetter?product=water_level&application=tempo-earth2-workshop&begin_date=20260525&end_date=20260602&datum=MSL&station=8575512&time_zone=gmt&units=metric&interval=6&format=json,0.007,"0,0,0,0",v
2026-05-26 10:24:00+00:00,0.248,8575512,"Annapolis, MD",water_level,MSL,metric,NOAA CO-OPS Data API,https://api.tidesandcurrents.noaa.gov/api/prod/datagetter?product=water_level&application=tempo-earth2-workshop&begin_date=20260525&end_date=20260602&datum=MSL&station=8575512&time_zone=gmt&units=metric&interval=6&format=json,0.007,"0,0,0,0",v
2026-05-26 10:30:00+00:00,0.242,8575512,"Annapolis, MD",water_level,MSL,metric,NOAA CO-OPS Data API,https://api.tidesandcurrents.noaa.gov/api/prod/datagetter?product=water_level&application=tempo-earth2-workshop&begin_date=20260525&end_date=20260602&datum=MSL&station=8575512&time_zone=gmt&units=metric&interval=6&format=json,0.007,"0,0,0,0",v
2026-05-26 10:36:00+00:00,0.236,8575512,"Annapolis, MD",water_level,MSL,metric,NOAA CO-OPS Data API,https://api.tidesandcurrents.noaa.gov/api/prod/datagetter?product=water_level&application=tempo-earth2-workshop&begin_date=20260525&end_date=20260602&datum=MSL&station=8575512&time_zone=gmt&units=metric&interval=6&format=json,0.007,"0,0,0,0",v
2026-05-26 10:42:00+00:00,0.23,8575512,"Annapolis, MD",water_level,MSL,metric,NOAA CO-OPS Data API,https://api.tidesandcurrents.noaa.gov/api/prod/datagetter?product=water_level&application=tempo-earth2-workshop&begin_date=20260525&end_date=20260602&datum=MSL&station=8575512&time_zone=gmt&units=metric&interval=6&format=json,0.007,"0,0,0,0",v
2026-05-26 10:48:00+00:00,0.227,8575512,"Annapolis, MD",water_level,MSL,metric,NOAA CO-OPS Data API,https://api.tidesandcurrents.noaa.gov/api/prod/datagetter?product=water_level&application=tempo-earth2-workshop&begin_date=20260525&end_date=20260602&datum=MSL&station=8575512&time_zone=gmt&units=metric&interval=6&format=json,0.007,"0,0,0,0",v
2026-05-26 10:54:00+00:00,0.221,8575512,"Annapolis, MD",water_level,MSL,metric,NOAA CO-OPS Data API,https://api.tidesandcurrents.noaa.gov/api/prod/datagetter?product=water_level&application=tempo-earth2-workshop&begin_date=20260525&end_date=20260602&datum=MSL&station=8575512&time_zone=gmt&units=metric&interval=6&format=json,0.007,"0,0,0,0",v
2026-05-26 11:00:00+00:00,0.214,8575512,"Annapolis, MD",water_level,MSL,metric,NOAA CO-OPS Data API,https://api.tidesandcurrents.noaa.gov/api/prod/datagetter?product=water_level&application=tempo-earth2-workshop&begin_date=20260525&end_date=20260602&datum=MSL&station=8575512&time_zone=gmt&units=metric&interval=6&format=json,0.007,"0,0,0,0",v
2026-05-26 11:06:00+00:00,0.205,8575512,"Annapolis, MD",water_level,MSL,metric,NOAA CO-OPS Data API,https://api.tidesandcurrents.noaa.gov/api/prod/datagetter?product=water_level&application=tempo-earth2-workshop&begin_date=20260525&end_date=20260602&datum=MSL&station=8575512&time_zone=gmt&units=metric&interval=6&format=json,0.007,"0,0,0,0",v
2026-05-26 11:12:00+00:00,0.199,8575512,"Annapolis, MD",water_level,MSL,metric,NOAA CO-OPS Data API,https://api.tidesandcurrents.noaa.gov/api/prod/datagetter?product=water_level&application=tempo-earth2-workshop&begin_date=20260525&end_date=20260602&datum=MSL&station=8575512&time_zone=gmt&units=metric&interval=6&format=json,0.007,"0,0,0,0",v
2026-05-26 11:18:00+00:00,0.192,8575512,"Annapolis, MD",water_level,MSL,metric,NOAA CO-OPS Data API,https://api.tidesandcurrents.noaa.gov/api/prod/datagetter?product=water_level&application=tempo-earth2-workshop&begin_date=20260525&end_date=20260602&datum=MSL&station=8575512&time_zone=gmt&units=metric&interval=6&format=json,0.007,"0,0,0,0",v
2026-05-26 11:24:00+00:00,0.184,8575512,"Annapolis, MD",water_level,MSL,metric,NOAA CO-OPS Data API,https://api.tidesandcurrents.noaa.gov/api/prod/datagetter?product=water_level&application=tempo-earth2-workshop&begin_date=20260525&end_date=20260602&datum=MSL&station=8575512&time_zone=gmt&units=metric&interval=6&format=json,0.007,"0,0,0,0",v
2026-05-26 11:30:00+00:00,0.179,8575512,"Annapolis, MD",water_level,MSL,metric,NOAA CO-OPS Data API,https://api.tidesandcurrents.noaa.gov/api/prod/datagetter?product=water_level&application=tempo-earth2-workshop&begin_date=20260525&end_date=20260602&datum=MSL&station=8575512&time_zone=gmt&units=metric&interval=6&format=json,0.007,"0,0,0,0",v
2026-05-26 11:36:00+00:00,0.174,8575512,"Annapolis, MD",water_level,MSL,metric,NOAA CO-OPS Data API,https://api.tidesandcurrents.noaa.gov/api/prod/datagetter?product=water_level&application=tempo-earth2-workshop&begin_date=20260525&end_date=20260602&datum=MSL&station=8575512&time_zone=gmt&units=metric&interval=6&format=json,0.007,"0,0,0,0",v
2026-05-26 11:42:00+00:00,0.171,8575512,"Annapolis, MD",water_level,MSL,metric,NOAA CO-OPS Data API,https://api.tidesandcurrents.noaa.gov/api/prod/datagetter?product=water_level&application=tempo-earth2-workshop&begin_date=20260525&end_date=20260602&datum=MSL&station=8575512&time_zone=gmt&units=metric&interval=6&format=json,0.007,"0,0,0,0",v
2026-05-26 11:48:00+00:00,0.166,8575512,"Annapolis, MD",water_level,MSL,metric,NOAA CO-OPS Data API,https://api.tidesandcurrents.noaa.gov/api/prod/datagetter?product=water_level&application=tempo-earth2-workshop&begin_date=20260525&end_date=20260602&datum=MSL&station=8575512&time_zone=gmt&units=metric&interval=6&format=json,0.007,"0,0,0,0",v
2026-05-26 11:54:00+00:00,0.16,8575512,"Annapolis, MD",water_level,MSL,metric,NOAA CO-OPS Data API,https://api.tidesandcurrents.noaa.gov/api/prod/datagetter?product=water_level&application=tempo-earth2-workshop&begin_date=20260525&end_date=20260602&datum=MSL&station=8575512&time_zone=gmt&units=metric&interval=6&format=json,0.007,"0,0,0,0",v
2026-05-26 12:00:00+00:00,0.154,8575512,"Annapolis, MD",water_level,MSL,metric,NOAA CO-OPS Data API,https://api.tidesandcurrents.noaa.gov/api/prod/datagetter?product=water_level&application=tempo-earth2-workshop&begin_date=20260525&end_date=20260602&datum=MSL&station=8575512&time_zone=gmt&units=metric&interval=6&format=json,0.007,"0,0,0,0",v
2026-05-26 12:06:00+00:00,0.15,8575512,"Annapolis, MD",water_level,MSL,metric,NOAA CO-OPS Data API,https://api.tidesandcurrents.noaa.gov/api/prod/datagetter?product=water_level&application=tempo-earth2-workshop&begin_date=20260525&end_date=20260602&datum=MSL&station=8575512&time_zone=gmt&units=metric&interval=6&format=json,0.007,"0,0,0,0",v
2026-05-26 12:12:00+00:00,0.148,8575512,"Annapolis, MD",water_level,MSL,metric,NOAA CO-OPS Data API,https://api.tidesandcurrents.noaa.gov/api/prod/datagetter?product=water_level&application=tempo-earth2-workshop&begin_date=20260525&end_date=20260602&datum=MSL&station=8575512&time_zone=gmt&units=metric&interval=6&format=json,0.007,"0,0,0,0",v
2026-05-26 12:18:00+00:00,0.147,8575512,"Annapolis, MD",water_level,MSL,metric,NOAA CO-OPS Data API,https://api.tidesandcurrents.noaa.gov/api/prod/datagetter?product=water_level&application=tempo-earth2-workshop&begin_date=20260525&end_date=20260602&datum=MSL&station=8575512&time_zone=gmt&units=metric&interval=6&format=json,0.007,"0,0,0,0",v
2026-05-26 12:24:00+00:00,0.141,8575512,"Annapolis, MD",water_level,MSL,metric,NOAA CO-OPS Data API,https://api.tidesandcurrents.noaa.gov/api/prod/datagetter?product=water_level&application=tempo-earth2-workshop&begin_date=20260525&end_date=20260602&datum=MSL&station=8575512&time_zone=gmt&units=metric&interval=6&format=json,0.007,"0,0,0,0",v
2026-05-26 12:30:00+00:00,0.138,8575512,"Annapolis, MD",water_level,MSL,metric,NOAA CO-OPS Data API,https://api.tidesandcurrents.noaa.gov/api/prod/datagetter?product=water_level&application=tempo-earth2-workshop&begin_date=20260525&end_date=20260602&datum=MSL&station=8575512&time_zone=gmt&units=metric&interval=6&format=json,0.007,"0,0,0,0",v
2026-05-26 12:36:00+00:00,0.137,8575512,"Annapolis, MD",water_level,MSL,metric,NOAA CO-OPS Data API,https://api.tidesandcurrents.noaa.gov/api/prod/datagetter?product=water_level&application=tempo-earth2-workshop&begin_date=20260525&end_date=20260602&datum=MSL&station=8575512&time_zone=gmt&units=metric&interval=6&format=json,0.007,"0,0,0,0",v
2026-05-26 12:42:00+00:00,0.134,8575512,"Annapolis, MD",water_level,MSL,metric,NOAA CO-OPS Data API,https://api.tidesandcurrents.noaa.gov/api/prod/datagetter?product=water_level&application=tempo-earth2-workshop&begin_date=20260525&end_date=20260602&datum=MSL&station=8575512&time_zone=gmt&units=metric&interval=6&format=json,0.007,"0,0,0,0",v
2026-05-26 12:48:00+00:00,0.132,8575512,"Annapolis, MD",water_level,MSL,metric,NOAA CO-OPS Data API,https://api.tidesandcurrents.noaa.gov/api/prod/datagetter?product=water_level&application=tempo-earth2-workshop&begin_date=20260525&end_date=20260602&datum=MSL&station=8575512&time_zone=gmt&units=metric&interval=6&format=json,0.007,"0,0,0,0",v
2026-05-26 12:54:00+00:00,0.129,8575512,"Annapolis, MD",water_level,MSL,metric,NOAA CO-OPS Data API,https://api.tidesandcurrents.noaa.gov/api/prod/datagetter?product=water_level&application=tempo-earth2-workshop&begin_date=20260525&end_date=20260602&datum=MSL&station=8575512&time_zone=gmt&units=metric&interval=6&format=json,0.007,"0,0,0,0",v
2026-05-26 13:00:00+00:00,0.127,8575512,"Annapolis, MD",water_level,MSL,metric,NOAA CO-OPS Data API,https://api.tidesandcurrents.noaa.gov/api/prod/datagetter?product=water_level&application=tempo-earth2-workshop&begin_date=20260525&end_date=20260602&datum=MSL&station=8575512&time_zone=gmt&units=metric&interval=6&format=json,0.007,"0,0,0,0",v
2026-05-26 13:06:00+00:00,0.124,8575512,"Annapolis, MD",water_level,MSL,metric,NOAA CO-OPS Data API,https://api.tidesandcurrents.noaa.gov/api/prod/datagetter?product=water_level&application=tempo-earth2-workshop&begin_date=20260525&end_date=20260602&datum=MSL&station=8575512&time_zone=gmt&units=metric&interval=6&format=json,0.007,"0,0,0,0",v
2026-05-26 13:12:00+00:00,0.122,8575512,"Annapolis, MD",water_level,MSL,metric,NOAA CO-OPS Data API,https://api.tidesandcurrents.noaa.gov/api/prod/datagetter?product=water_level&application=tempo-earth2-workshop&begin_date=20260525&end_date=20260602&datum=MSL&station=8575512&time_zone=gmt&units=metric&interval=6&format=json,0.007,"0,0,0,0",v
2026-05-26 13:18:00+00:00,0.119,8575512,"Annapolis, MD",water_level,MSL,metric,NOAA CO-OPS Data API,https://api.tidesandcurrents.noaa.gov/api/prod/datagetter?product=water_level&application=tempo-earth2-workshop&begin_date=20260525&end_date=20260602&datum=MSL&station=8575512&time_zone=gmt&units=metric&interval=6&format=json,0.007,"0,0,0,0",v
2026-05-26 13:24:00+00:00,0.122,8575512,"Annapolis, MD",water_level,MSL,metric,NOAA CO-OPS Data API,https://api.tidesandcurrents.noaa.gov/api/prod/datagetter?product=water_level&application=tempo-earth2-workshop&begin_date=20260525&end_date=20260602&datum=MSL&station=8575512&time_zone=gmt&units=metric&interval=6&format=json,0.007,"0,0,0,0",v
2026-05-26 13:30:00+00:00,0.125,8575512,"Annapolis, MD",water_level,MSL,metric,NOAA CO-OPS Data API,https://api.tidesandcurrents.noaa.gov/api/prod/datagetter?product=water_level&application=tempo-earth2-workshop&begin_date=20260525&end_date=20260602&datum=MSL&station=8575512&time_zone=gmt&units=metric&interval=6&format=json,0.007,"0,0,0,0",v
2026-05-26 13:36:00+00:00,0.127,8575512,"Annapolis, MD",water_level,MSL,metric,NOAA CO-OPS Data API,https://api.tidesandcurrents.noaa.gov/api/prod/datagetter?product=water_level&application=tempo-earth2-workshop&begin_date=20260525&end_date=20260602&datum=MSL&station=8575512&time_zone=gmt&units=metric&interval=6&format=json,0.007,"0,0,0,0",v
2026-05-26 13:42:00+00:00,0.126,8575512,"Annapolis, MD",water_level,MSL,metric,NOAA CO-OPS Data API,https://api.tidesandcurrents.noaa.gov/api/prod/datagetter?product=water_level&application=tempo-earth2-workshop&begin_date=20260525&end_date=20260602&datum=MSL&station=8575512&time_zone=gmt&units=metric&interval=6&format=json,0.007,"0,0,0,0",v
2026-05-26 13:48:00+00:00,0.126,8575512,"Annapolis, MD",water_level,MSL,metric,NOAA CO-OPS Data API,https://api.tidesandcurrents.noaa.gov/api/prod/datagetter?product=water_level&application=tempo-earth2-workshop&begin_date=20260525&end_date=20260602&datum=MSL&station=8575512&time_zone=gmt&units=metric&interval=6&format=json,0.007,"0,0,0,0",v
2026-05-26 13:54:00+00:00,0.129,8575512,"Annapolis, MD",water_level,MSL,metric,NOAA CO-OPS Data API,https://api.tidesandcurrents.noaa.gov/api/prod/datagetter?product=water_level&application=tempo-earth2-workshop&begin_date=20260525&end_date=20260602&datum=MSL&station=8575512&time_zone=gmt&units=metric&interval=6&format=json,0.007,"0,0,0,0",v
2026-05-26 14:00:00+00:00,0.13,8575512,"Annapolis, MD",water_level,MSL,metric,NOAA CO-OPS Data API,https://api.tidesandcurrents.noaa.gov/api/prod/datagetter?product=water_level&application=tempo-earth2-workshop&begin_date=20260525&end_date=20260602&datum=MSL&station=8575512&time_zone=gmt&units=metric&interval=6&format=json,0.007,"0,0,0,0",v
2026-05-26 14:06:00+00:00,0.131,8575512,"Annapolis, MD",water_level,MSL,metric,NOAA CO-OPS Data API,https://api.tidesandcurrents.noaa.gov/api/prod/datagetter?product=water_level&application=tempo-earth2-workshop&begin_date=20260525&end_date=20260602&datum=MSL&station=8575512&time_zone=gmt&units=metric&interval=6&format=json,0.007,"0,0,0,0",v
2026-05-26 14:12:00+00:00,0.135,8575512,"Annapolis, MD",water_level,MSL,metric,NOAA CO-OPS Data API,https://api.tidesandcurrents.noaa.gov/api/prod/datagetter?product=water_level&application=tempo-earth2-workshop&begin_date=20260525&end_date=20260602&datum=MSL&station=8575512&time_zone=gmt&units=metric&interval=6&format=json,0.007,"0,0,0,0",v
2026-05-26 14:18:00+00:00,0.137,8575512,"Annapolis, MD",water_level,MSL,metric,NOAA CO-OPS Data API,https://api.tidesandcurrents.noaa.gov/api/prod/datagetter?product=water_level&application=tempo-earth2-workshop&begin_date=20260525&end_date=20260602&datum=MSL&station=8575512&time_zone=gmt&units=metric&interval=6&format=json,0.007,"0,0,0,0",v
2026-05-26 14:24:00+00:00,0.139,8575512,"Annapolis, MD",water_level,MSL,metric,NOAA CO-OPS Data API,https://api.tidesandcurrents.noaa.gov/api/prod/datagetter?product=water_level&application=tempo-earth2-workshop&begin_date=20260525&end_date=20260602&datum=MSL&station=8575512&time_zone=gmt&units=metric&interval=6&format=json,0.007,"0,0,0,0",v
2026-05-26 14:30:00+00:00,0.141,8575512,"Annapolis, MD",water_level,MSL,metric,NOAA CO-OPS Data API,https://api.tidesandcurrents.noaa.gov/api/prod/datagetter?product=water_level&application=tempo-earth2-workshop&begin_date=20260525&end_date=20260602&datum=MSL&station=8575512&time_zone=gmt&units=metric&interval=6&format=json,0.007,"0,0,0,0",v
2026-05-26 14:36:00+00:00,0.143,8575512,"Annapolis, MD",water_level,MSL,metric,NOAA CO-OPS Data API,https://api.tidesandcurrents.noaa.gov/api/prod/datagetter?product=water_level&application=tempo-earth2-workshop&begin_date=20260525&end_date=20260602&datum=MSL&station=8575512&time_zone=gmt&units=metric&interval=6&format=json,0.007,"0,0,0,0",v
2026-05-26 14:42:00+00:00,0.146,8575512,"Annapolis, MD",water_level,MSL,metric,NOAA CO-OPS Data API,https://api.tidesandcurrents.noaa.gov/api/prod/datagetter?product=water_level&application=tempo-earth2-workshop&begin_date=20260525&end_date=20260602&datum=MSL&station=8575512&time_zone=gmt&units=metric&interval=6&format=json,0.007,"0,0,0,0",v
2026-05-26 14:48:00+00:00,0.148,8575512,"Annapolis, MD",water_level,MSL,metric,NOAA CO-OPS Data API,https://api.tidesandcurrents.noaa.gov/api/prod/datagetter?product=water_level&application=tempo-earth2-workshop&begin_date=20260525&end_date=20260602&datum=MSL&station=8575512&time_zone=gmt&units=metric&interval=6&format=json,0.007,"0,0,0,0",v
2026-05-26 14:54:00+00:00,0.153,8575512,"Annapolis, MD",water_level,MSL,metric,NOAA CO-OPS Data API,https://api.tidesandcurrents.noaa.gov/api/prod/datagetter?product=water_level&application=tempo-earth2-workshop&begin_date=20260525&end_date=20260602&datum=MSL&station=8575512&time_zone=gmt&units=metric&interval=6&format=json,0.007,"0,0,0,0",v
2026-05-26 15:00:00+00:00,0.151,8575512,"Annapolis, MD",water_level,MSL,metric,NOAA CO-OPS Data API,https://api.tidesandcurrents.noaa.gov/api/prod/datagetter?product=water_level&application=tempo-earth2-workshop&begin_date=20260525&end_date=20260602&datum=MSL&station=8575512&time_zone=gmt&units=metric&interval=6&format=json,0.007,"0,0,0,0",v
2026-05-26 15:06:00+00:00,0.152,8575512,"Annapolis, MD",water_level,MSL,metric,NOAA CO-OPS Data API,https://api.tidesandcurrents.noaa.gov/api/prod/datagetter?product=water_level&application=tempo-earth2-workshop&begin_date=20260525&end_date=20260602&datum=MSL&station=8575512&time_zone=gmt&units=metric&interval=6&format=json,0.007,"0,0,0,0",v
2026-05-26 15:12:00+00:00,0.158,8575512,"Annapolis, MD",water_level,MSL,metric,NOAA CO-OPS Data API,https://api.tidesandcurrents.noaa.gov/api/prod/datagetter?product=water_level&application=tempo-earth2-workshop&begin_date=20260525&end_date=20260602&datum=MSL&station=8575512&time_zone=gmt&units=metric&interval=6&format=json,0.007,"0,0,0,0",v
2026-05-26 15:18:00+00:00,0.163,8575512,"Annapolis, MD",water_level,MSL,metric,NOAA CO-OPS Data API,https://api.tidesandcurrents.noaa.gov/api/prod/datagetter?product=water_level&application=tempo-earth2-workshop&begin_date=20260525&end_date=20260602&datum=MSL&station=8575512&time_zone=gmt&units=metric&interval=6&format=json,0.007,"0,0,0,0",v
2026-05-26 15:24:00+00:00,0.168,8575512,"Annapolis, MD",water_level,MSL,metric,NOAA CO-OPS Data API,https://api.tidesandcurrents.noaa.gov/api/prod/datagetter?product=water_level&application=tempo-earth2-workshop&begin_date=20260525&end_date=20260602&datum=MSL&station=8575512&time_zone=gmt&units=metric&interval=6&format=json,0.007,"0,0,0,0",v
2026-05-26 15:30:00+00:00,0.172,8575512,"Annapolis, MD",water_level,MSL,metric,NOAA CO-OPS Data API,https://api.tidesandcurrents.noaa.gov/api/prod/datagetter?product=water_level&application=tempo-earth2-workshop&begin_date=20260525&end_date=20260602&datum=MSL&station=8575512&time_zone=gmt&units=metric&interval=6&format=json,0.007,"0,0,0,0",v
2026-05-26 15:36:00+00:00,0.174,8575512,"Annapolis, MD",water_level,MSL,metric,NOAA CO-OPS Data API,https://api.tidesandcurrents.noaa.gov/api/prod/datagetter?product=water_level&application=tempo-earth2-workshop&begin_date=20260525&end_date=20260602&datum=MSL&station=8575512&time_zone=gmt&units=metric&interval=6&format=json,0.007,"0,0,0,0",v
2026-05-26 15:42:00+00:00,0.178,8575512,"Annapolis, MD",water_level,MSL,metric,NOAA CO-OPS Data API,https://api.tidesandcurrents.noaa.gov/api/prod/datagetter?product=water_level&application=tempo-earth2-workshop&begin_date=20260525&end_date=20260602&datum=MSL&station=8575512&time_zone=gmt&units=metric&interval=6&format=json,0.007,"0,0,0,0",v
2026-05-26 15:48:00+00:00,0.18,8575512,"Annapolis, MD",water_level,MSL,metric,NOAA CO-OPS Data API,https://api.tidesandcurrents.noaa.gov/api/prod/datagetter?product=water_level&application=tempo-earth2-workshop&begin_date=20260525&end_date=20260602&datum=MSL&station=8575512&time_zone=gmt&units=metric&interval=6&format=json,0.007,"0,0,0,0",v
2026-05-26 15:54:00+00:00,0.182,8575512,"Annapolis, MD",water_level,MSL,metric,NOAA CO-OPS Data API,https://api.tidesandcurrents.noaa.gov/api/prod/datagetter?product=water_level&application=tempo-earth2-workshop&begin_date=20260525&end_date=20260602&datum=MSL&station=8575512&time_zone=gmt&units=metric&interval=6&format=json,0.007,"0,0,0,0",v
2026-05-26 16:00:00+00:00,0.187,8575512,"Annapolis, MD",water_level,MSL,metric,NOAA CO-OPS Data API,https://api.tidesandcurrents.noaa.gov/api/prod/datagetter?product=water_level&application=tempo-earth2-workshop&begin_date=20260525&end_date=20260602&datum=MSL&station=8575512&time_zone=gmt&units=metric&interval=6&format=json,0.007,"0,0,0,0",v
2026-05-26 16:06:00+00:00,0.188,8575512,"Annapolis, MD",water_level,MSL,metric,NOAA CO-OPS Data API,https://api.tidesandcurrents.noaa.gov/api/prod/datagetter?product=water_level&application=tempo-earth2-workshop&begin_date=20260525&end_date=20260602&datum=MSL&station=8575512&time_zone=gmt&units=metric&interval=6&format=json,0.007,"0,0,0,0",v
2026-05-26 16:12:00+00:00,0.19,8575512,"Annapolis, MD",water_level,MSL,metric,NOAA CO-OPS Data API,https://api.tidesandcurrents.noaa.gov/api/prod/datagetter?product=water_level&application=tempo-earth2-workshop&begin_date=20260525&end_date=20260602&datum=MSL&station=8575512&time_zone=gmt&units=metric&interval=6&format=json,0.007,"0,0,0,0",v
2026-05-26 16:18:00+00:00,0.195,8575512,"Annapolis, MD",water_level,MSL,metric,NOAA CO-OPS Data API,https://api.tidesandcurrents.noaa.gov/api/prod/datagetter?product=water_level&application=tempo-earth2-workshop&begin_date=20260525&end_date=20260602&datum=MSL&station=8575512&time_zone=gmt&units=metric&interval=6&format=json,0.007,"0,0,0,0",v
2026-05-26 16:24:00+00:00,0.195,8575512,"Annapolis, MD",water_level,MSL,metric,NOAA CO-OPS Data API,https://api.tidesandcurrents.noaa.gov/api/prod/datagetter?product=water_level&application=tempo-earth2-workshop&begin_date=20260525&end_date=20260602&datum=MSL&station=8575512&time_zone=gmt&units=metric&interval=6&format=json,0.007,"0,0,0,0",v
2026-05-26 16:30:00+00:00,0.197,8575512,"Annapolis, MD",water_level,MSL,metric,NOAA CO-OPS Data API,https://api.tidesandcurrents.noaa.gov/api/prod/datagetter?product=water_level&application=tempo-earth2-workshop&begin_date=20260525&end_date=20260602&datum=MSL&station=8575512&time_zone=gmt&units=metric&interval=6&format=json,0.007,"0,0,0,0",v
2026-05-26 16:36:00+00:00,0.203,8575512,"Annapolis, MD",water_level,MSL,metric,NOAA CO-OPS Data API,https://api.tidesandcurrents.noaa.gov/api/prod/datagetter?product=water_level&application=tempo-earth2-workshop&begin_date=20260525&end_date=20260602&datum=MSL&station=8575512&time_zone=gmt&units=metric&interval=6&format=json,0.007,"0,0,0,0",v
2026-05-26 16:42:00+00:00,0.206,8575512,"Annapolis, MD",water_level,MSL,metric,NOAA CO-OPS Data API,https://api.tidesandcurrents.noaa.gov/api/prod/datagetter?product=water_level&application=tempo-earth2-workshop&begin_date=20260525&end_date=20260602&datum=MSL&station=8575512&time_zone=gmt&units=metric&interval=6&format=json,0.007,"0,0,0,0",v
2026-05-26 16:48:00+00:00,0.208,8575512,"Annapolis, MD",water_level,MSL,metric,NOAA CO-OPS Data API,https://api.tidesandcurrents.noaa.gov/api/prod/datagetter?product=water_level&application=tempo-earth2-workshop&begin_date=20260525&end_date=20260602&datum=MSL&station=8575512&time_zone=gmt&units=metric&interval=6&format=json,0.007,"0,0,0,0",v
2026-05-26 16:54:00+00:00,0.209,8575512,"Annapolis, MD",water_level,MSL,metric,NOAA CO-OPS Data API,https://api.tidesandcurrents.noaa.gov/api/prod/datagetter?product=water_level&application=tempo-earth2-workshop&begin_date=20260525&end_date=20260602&datum=MSL&station=8575512&time_zone=gmt&units=metric&interval=6&format=json,0.007,"0,0,0,0",v
2026-05-26 17:00:00+00:00,0.21,8575512,"Annapolis, MD",water_level,MSL,metric,NOAA CO-OPS Data API,https://api.tidesandcurrents.noaa.gov/api/prod/datagetter?product=water_level&application=tempo-earth2-workshop&begin_date=20260525&end_date=20260602&datum=MSL&station=8575512&time_zone=gmt&units=metric&interval=6&format=json,0.007,"0,0,0,0",v
2026-05-26 17:06:00+00:00,0.214,8575512,"Annapolis, MD",water_level,MSL,metric,NOAA CO-OPS Data API,https://api.tidesandcurrents.noaa.gov/api/prod/datagetter?product=water_level&application=tempo-earth2-workshop&begin_date=20260525&end_date=20260602&datum=MSL&station=8575512&time_zone=gmt&units=metric&interval=6&format=json,0.007,"0,0,0,0",v
2026-05-26 17:12:00+00:00,0.214,8575512,"Annapolis, MD",water_level,MSL,metric,NOAA CO-OPS Data API,https://api.tidesandcurrents.noaa.gov/api/prod/datagetter?product=water_level&application=tempo-earth2-workshop&begin_date=20260525&end_date=20260602&datum=MSL&station=8575512&time_zone=gmt&units=metric&interval=6&format=json,0.007,"0,0,0,0",v
2026-05-26 17:18:00+00:00,0.215,8575512,"Annapolis, MD",water_level,MSL,metric,NOAA CO-OPS Data API,https://api.tidesandcurrents.noaa.gov/api/prod/datagetter?product=water_level&application=tempo-earth2-workshop&begin_date=20260525&end_date=20260602&datum=MSL&station=8575512&time_zone=gmt&units=metric&interval=6&format=json,0.007,"0,0,0,0",v
2026-05-26 17:24:00+00:00,0.215,8575512,"Annapolis, MD",water_level,MSL,metric,NOAA CO-OPS Data API,https://api.tidesandcurrents.noaa.gov/api/prod/datagetter?product=water_level&application=tempo-earth2-workshop&begin_date=20260525&end_date=20260602&datum=MSL&station=8575512&time_zone=gmt&units=metric&interval=6&format=json,0.007,"0,0,0,0",v
2026-05-26 17:30:00+00:00,0.217,8575512,"Annapolis, MD",water_level,MSL,metric,NOAA CO-OPS Data API,https://api.tidesandcurrents.noaa.gov/api/prod/datagetter?product=water_level&application=tempo-earth2-workshop&begin_date=20260525&end_date=20260602&datum=MSL&station=8575512&time_zone=gmt&units=metric&interval=6&format=json,0.007,"0,0,0,0",v
2026-05-26 17:36:00+00:00,0.216,8575512,"Annapolis, MD",water_level,MSL,metric,NOAA CO-OPS Data API,https://api.tidesandcurrents.noaa.gov/api/prod/datagetter?product=water_level&application=tempo-earth2-workshop&begin_date=20260525&end_date=20260602&datum=MSL&station=8575512&time_zone=gmt&units=metric&interval=6&format=json,0.007,"0,0,0,0",v
2026-05-26 17:42:00+00:00,0.217,8575512,"Annapolis, MD",water_level,MSL,metric,NOAA CO-OPS Data API,https://api.tidesandcurrents.noaa.gov/api/prod/datagetter?product=water_level&application=tempo-earth2-workshop&begin_date=20260525&end_date=20260602&datum=MSL&station=8575512&time_zone=gmt&units=metric&interval=6&format=json,0.007,"0,0,0,0",v
2026-05-26 17:48:00+00:00,0.218,8575512,"Annapolis, MD",water_level,MSL,metric,NOAA CO-OPS Data API,https://api.tidesandcurrents.noaa.gov/api/prod/datagetter?product=water_level&application=tempo-earth2-workshop&begin_date=20260525&end_date=20260602&datum=MSL&station=8575512&time_zone=gmt&units=metric&interval=6&format=json,0.007,"0,0,0,0",v
2026-05-26 17:54:00+00:00,0.217,8575512,"Annapolis, MD",water_level,MSL,metric,NOAA CO-OPS Data API,https://api.tidesandcurrents.noaa.gov/api/prod/datagetter?product=water_level&application=tempo-earth2-workshop&begin_date=20260525&end_date=20260602&datum=MSL&station=8575512&time_zone=gmt&units=metric&interval=6&format=json,0.007,"0,0,0,0",v
2026-05-26 18:00:00+00:00,0.219,8575512,"Annapolis, MD",water_level,MSL,metric,NOAA CO-OPS Data API,https://api.tidesandcurrents.noaa.gov/api/prod/datagetter?product=water_level&application=tempo-earth2-workshop&begin_date=20260525&end_date=20260602&datum=MSL&station=8575512&time_zone=gmt&units=metric&interval=6&format=json,0.007,"0,0,0,0",v
2026-05-26 18:06:00+00:00,0.22,8575512,"Annapolis, MD",water_level,MSL,metric,NOAA CO-OPS Data API,https://api.tidesandcurrents.noaa.gov/api/prod/datagetter?product=water_level&application=tempo-earth2-workshop&begin_date=20260525&end_date=20260602&datum=MSL&station=8575512&time_zone=gmt&units=metric&interval=6&format=json,0.007,"0,0,0,0",v
2026-05-26 18:12:00+00:00,0.22,8575512,"Annapolis, MD",water_level,MSL,metric,NOAA CO-OPS Data API,https://api.tidesandcurrents.noaa.gov/api/prod/datagetter?product=water_level&application=tempo-earth2-workshop&begin_date=20260525&end_date=20260602&datum=MSL&station=8575512&time_zone=gmt&units=metric&interval=6&format=json,0.007,"0,0,0,0",v
2026-05-26 18:18:00+00:00,0.222,8575512,"Annapolis, MD",water_level,MSL,metric,NOAA CO-OPS Data API,https://api.tidesandcurrents.noaa.gov/api/prod/datagetter?product=water_level&application=tempo-earth2-workshop&begin_date=20260525&end_date=20260602&datum=MSL&station=8575512&time_zone=gmt&units=metric&interval=6&format=json,0.007,"0,0,0,0",v
2026-05-26 18:24:00+00:00,0.218,8575512,"Annapolis, MD",water_level,MSL,metric,NOAA CO-OPS Data API,https://api.tidesandcurrents.noaa.gov/api/prod/datagetter?product=water_level&application=tempo-earth2-workshop&begin_date=20260525&end_date=20260602&datum=MSL&station=8575512&time_zone=gmt&units=metric&interval=6&format=json,0.007,"0,0,0,0",v
2026-05-26 18:30:00+00:00,0.215,8575512,"Annapolis, MD",water_level,MSL,metric,NOAA CO-OPS Data API,https://api.tidesandcurrents.noaa.gov/api/prod/datagetter?product=water_level&application=tempo-earth2-workshop&begin_date=20260525&end_date=20260602&datum=MSL&station=8575512&time_zone=gmt&units=metric&interval=6&format=json,0.007,"0,0,0,0",v
2026-05-26 18:36:00+00:00,0.213,8575512,"Annapolis, MD",water_level,MSL,metric,NOAA CO-OPS Data API,https://api.tidesandcurrents.noaa.gov/api/prod/datagetter?product=water_level&application=tempo-earth2-workshop&begin_date=20260525&end_date=20260602&datum=MSL&station=8575512&time_zone=gmt&units=metric&interval=6&format=json,0.007,"0,0,0,0",v
2026-05-26 18:42:00+00:00,0.208,8575512,"Annapolis, MD",water_level,MSL,metric,NOAA CO-OPS Data API,https://api.tidesandcurrents.noaa.gov/api/prod/datagetter?product=water_level&application=tempo-earth2-workshop&begin_date=20260525&end_date=20260602&datum=MSL&station=8575512&time_zone=gmt&units=metric&interval=6&format=json,0.007,"0,0,0,0",v
2026-05-26 18:48:00+00:00,0.206,8575512,"Annapolis, MD",water_level,MSL,metric,NOAA CO-OPS Data API,https://api.tidesandcurrents.noaa.gov/api/prod/datagetter?product=water_level&application=tempo-earth2-workshop&begin_date=20260525&end_date=20260602&datum=MSL&station=8575512&time_zone=gmt&units=metric&interval=6&format=json,0.007,"0,0,0,0",v
2026-05-26 18:54:00+00:00,0.205,8575512,"Annapolis, MD",water_level,MSL,metric,NOAA CO-OPS Data API,https://api.tidesandcurrents.noaa.gov/api/prod/datagetter?product=water_level&application=tempo-earth2-workshop&begin_date=20260525&end_date=20260602&datum=MSL&station=8575512&time_zone=gmt&units=metric&interval=6&format=json,0.007,"0,0,0,0",v
2026-05-26 19:00:00+00:00,0.203,8575512,"Annapolis, MD",water_level,MSL,metric,NOAA CO-OPS Data API,https://api.tidesandcurrents.noaa.gov/api/prod/datagetter?product=water_level&application=tempo-earth2-workshop&begin_date=20260525&end_date=20260602&datum=MSL&station=8575512&time_zone=gmt&units=metric&interval=6&format=json,0.007,"0,0,0,0",v
2026-05-26 19:06:00+00:00,0.199,8575512,"Annapolis, MD",water_level,MSL,metric,NOAA CO-OPS Data API,https://api.tidesandcurrents.noaa.gov/api/prod/datagetter?product=water_level&application=tempo-earth2-workshop&begin_date=20260525&end_date=20260602&datum=MSL&station=8575512&time_zone=gmt&units=metric&interval=6&format=json,0.007,"0,0,0,0",v
2026-05-26 19:12:00+00:00,0.191,8575512,"Annapolis, MD",water_level,MSL,metric,NOAA CO-OPS Data API,https://api.tidesandcurrents.noaa.gov/api/prod/datagetter?product=water_level&application=tempo-earth2-workshop&begin_date=20260525&end_date=20260602&datum=MSL&station=8575512&time_zone=gmt&units=metric&interval=6&format=json,0.007,"0,0,0,0",v
2026-05-26 19:18:00+00:00,0.186,8575512,"Annapolis, MD",water_level,MSL,metric,NOAA CO-OPS Data API,https://api.tidesandcurrents.noaa.gov/api/prod/datagetter?product=water_level&application=tempo-earth2-workshop&begin_date=20260525&end_date=20260602&datum=MSL&station=8575512&time_zone=gmt&units=metric&interval=6&format=json,0.007,"0,0,0,0",v
2026-05-26 19:24:00+00:00,0.186,8575512,"Annapolis, MD",water_level,MSL,metric,NOAA CO-OPS Data API,https://api.tidesandcurrents.noaa.gov/api/prod/datagetter?product=water_level&application=tempo-earth2-workshop&begin_date=20260525&end_date=20260602&datum=MSL&station=8575512&time_zone=gmt&units=metric&interval=6&format=json,0.007,"0,0,0,0",v
2026-05-26 19:30:00+00:00,0.182,8575512,"Annapolis, MD",water_level,MSL,metric,NOAA CO-OPS Data API,https://api.tidesandcurrents.noaa.gov/api/prod/datagetter?product=water_level&application=tempo-earth2-workshop&begin_date=20260525&end_date=20260602&datum=MSL&station=8575512&time_zone=gmt&units=metric&interval=6&format=json,0.007,"0,0,0,0",v
2026-05-26 19:36:00+00:00,0.177,8575512,"Annapolis, MD",water_level,MSL,metric,NOAA CO-OPS Data API,https://api.tidesandcurrents.noaa.gov/api/prod/datagetter?product=water_level&application=tempo-earth2-workshop&begin_date=20260525&end_date=20260602&datum=MSL&station=8575512&time_zone=gmt&units=metric&interval=6&format=json,0.007,"0,0,0,0",v
2026-05-26 19:42:00+00:00,0.17,8575512,"Annapolis, MD",water_level,MSL,metric,NOAA CO-OPS Data API,https://api.tidesandcurrents.noaa.gov/api/prod/datagetter?product=water_level&application=tempo-earth2-workshop&begin_date=20260525&end_date=20260602&datum=MSL&station=8575512&time_zone=gmt&units=metric&interval=6&format=json,0.007,"0,0,0,0",v
2026-05-26 19:48:00+00:00,0.162,8575512,"Annapolis, MD",water_level,MSL,metric,NOAA CO-OPS Data API,https://api.tidesandcurrents.noaa.gov/api/prod/datagetter?product=water_level&application=tempo-earth2-workshop&begin_date=20260525&end_date=20260602&datum=MSL&station=8575512&time_zone=gmt&units=metric&interval=6&format=json,0.007,"0,0,0,0",v
2026-05-26 19:54:00+00:00,0.159,8575512,"Annapolis, MD",water_level,MSL,metric,NOAA CO-OPS Data API,https://api.tidesandcurrents.noaa.gov/api/prod/datagetter?product=water_level&application=tempo-earth2-workshop&begin_date=20260525&end_date=20260602&datum=MSL&station=8575512&time_zone=gmt&units=metric&interval=6&format=json,0.007,"0,0,0,0",v
2026-05-26 20:00:00+00:00,0.153,8575512,"Annapolis, MD",water_level,MSL,metric,NOAA CO-OPS Data API,https://api.tidesandcurrents.noaa.gov/api/prod/datagetter?product=water_level&application=tempo-earth2-workshop&begin_date=20260525&end_date=20260602&datum=MSL&station=8575512&time_zone=gmt&units=metric&interval=6&format=json,0.007,"0,0,0,0",v
2026-05-26 20:06:00+00:00,0.145,8575512,"Annapolis, MD",water_level,MSL,metric,NOAA CO-OPS Data API,https://api.tidesandcurrents.noaa.gov/api/prod/datagetter?product=water_level&application=tempo-earth2-workshop&begin_date=20260525&end_date=20260602&datum=MSL&station=8575512&time_zone=gmt&units=metric&interval=6&format=json,0.007,"0,0,0,0",v
2026-05-26 20:12:00+00:00,0.137,8575512,"Annapolis, MD",water_level,MSL,metric,NOAA CO-OPS Data API,https://api.tidesandcurrents.noaa.gov/api/prod/datagetter?product=water_level&application=tempo-earth2-workshop&begin_date=20260525&end_date=20260602&datum=MSL&station=8575512&time_zone=gmt&units=metric&interval=6&format=json,0.007,"0,0,0,0",v
2026-05-26 20:18:00+00:00,0.13,8575512,"Annapolis, MD",water_level,MSL,metric,NOAA CO-OPS Data API,https://api.tidesandcurrents.noaa.gov/api/prod/datagetter?product=water_level&application=tempo-earth2-workshop&begin_date=20260525&end_date=20260602&datum=MSL&station=8575512&time_zone=gmt&units=metric&interval=6&format=json,0.007,"0,0,0,0",v
2026-05-26 20:24:00+00:00,0.122,8575512,"Annapolis, MD",water_level,MSL,metric,NOAA CO-OPS Data API,https://api.tidesandcurrents.noaa.gov/api/prod/datagetter?product=water_level&application=tempo-earth2-workshop&begin_date=20260525&end_date=20260602&datum=MSL&station=8575512&time_zone=gmt&units=metric&interval=6&format=json,0.007,"0,0,0,0",v
2026-05-26 20:30:00+00:00,0.113,8575512,"Annapolis, MD",water_level,MSL,metric,NOAA CO-OPS Data API,https://api.tidesandcurrents.noaa.gov/api/prod/datagetter?product=water_level&application=tempo-earth2-workshop&begin_date=20260525&end_date=20260602&datum=MSL&station=8575512&time_zone=gmt&units=metric&interval=6&format=json,0.007,"0,0,0,0",v
2026-05-26 20:36:00+00:00,0.105,8575512,"Annapolis, MD",water_level,MSL,metric,NOAA CO-OPS Data API,https://api.tidesandcurrents.noaa.gov/api/prod/datagetter?product=water_level&application=tempo-earth2-workshop&begin_date=20260525&end_date=20260602&datum=MSL&station=8575512&time_zone=gmt&units=metric&interval=6&format=json,0.007,"0,0,0,0",v
2026-05-26 20:42:00+00:00,0.099,8575512,"Annapolis, MD",water_level,MSL,metric,NOAA CO-OPS Data API,https://api.tidesandcurrents.noaa.gov/api/prod/datagetter?product=water_level&application=tempo-earth2-workshop&begin_date=20260525&end_date=20260602&datum=MSL&station=8575512&time_zone=gmt&units=metric&interval=6&format=json,0.007,"0,0,0,0",v
2026-05-26 20:48:00+00:00,0.094,8575512,"Annapolis, MD",water_level,MSL,metric,NOAA CO-OPS Data API,https://api.tidesandcurrents.noaa.gov/api/prod/datagetter?product=water_level&application=tempo-earth2-workshop&begin_date=20260525&end_date=20260602&datum=MSL&station=8575512&time_zone=gmt&units=metric&interval=6&format=json,0.007,"0,0,0,0",v
2026-05-26 20:54:00+00:00,0.088,8575512,"Annapolis, MD",water_level,MSL,metric,NOAA CO-OPS Data API,https://api.tidesandcurrents.noaa.gov/api/prod/datagetter?product=water_level&application=tempo-earth2-workshop&begin_date=20260525&end_date=20260602&datum=MSL&station=8575512&time_zone=gmt&units=metric&interval=6&format=json,0.007,"0,0,0,0",v
2026-05-26 21:00:00+00:00,0.085,8575512,"Annapolis, MD",water_level,MSL,metric,NOAA CO-OPS Data API,https://api.tidesandcurrents.noaa.gov/api/prod/datagetter?product=water_level&application=tempo-earth2-workshop&begin_date=20260525&end_date=20260602&datum=MSL&station=8575512&time_zone=gmt&units=metric&interval=6&format=json,0.007,"0,0,0,0",v
2026-05-26 21:06:00+00:00,0.074,8575512,"Annapolis, MD",water_level,MSL,metric,NOAA CO-OPS Data API,https://api.tidesandcurrents.noaa.gov/api/prod/datagetter?product=water_level&application=tempo-earth2-workshop&begin_date=20260525&end_date=20260602&datum=MSL&station=8575512&time_zone=gmt&units=metric&interval=6&format=json,0.007,"0,0,0,0",v
2026-05-26 21:12:00+00:00,0.071,8575512,"Annapolis, MD",water_level,MSL,metric,NOAA CO-OPS Data API,https://api.tidesandcurrents.noaa.gov/api/prod/datagetter?product=water_level&application=tempo-earth2-workshop&begin_date=20260525&end_date=20260602&datum=MSL&station=8575512&time_zone=gmt&units=metric&interval=6&format=json,0.007,"0,0,0,0",v
2026-05-26 21:18:00+00:00,0.064,8575512,"Annapolis, MD",water_level,MSL,metric,NOAA CO-OPS Data API,https://api.tidesandcurrents.noaa.gov/api/prod/datagetter?product=water_level&application=tempo-earth2-workshop&begin_date=20260525&end_date=20260602&datum=MSL&station=8575512&time_zone=gmt&units=metric&interval=6&format=json,0.007,"0,0,0,0",v
2026-05-26 21:24:00+00:00,0.055,8575512,"Annapolis, MD",water_level,MSL,metric,NOAA CO-OPS Data API,https://api.tidesandcurrents.noaa.gov/api/prod/datagetter?product=water_level&application=tempo-earth2-workshop&begin_date=20260525&end_date=20260602&datum=MSL&station=8575512&time_zone=gmt&units=metric&interval=6&format=json,0.007,"0,0,0,0",v
2026-05-26 21:30:00+00:00,0.046,8575512,"Annapolis, MD",water_level,MSL,metric,NOAA CO-OPS Data API,https://api.tidesandcurrents.noaa.gov/api/prod/datagetter?product=water_level&application=tempo-earth2-workshop&begin_date=20260525&end_date=20260602&datum=MSL&station=8575512&time_zone=gmt&units=metric&interval=6&format=json,0.007,"0,0,0,0",v
2026-05-26 21:36:00+00:00,0.043,8575512,"Annapolis, MD",water_level,MSL,metric,NOAA CO-OPS Data API,https://api.tidesandcurrents.noaa.gov/api/prod/datagetter?product=water_level&application=tempo-earth2-workshop&begin_date=20260525&end_date=20260602&datum=MSL&station=8575512&time_zone=gmt&units=metric&interval=6&format=json,0.007,"0,0,0,0",v
2026-05-26 21:42:00+00:00,0.032,8575512,"Annapolis, MD",water_level,MSL,metric,NOAA CO-OPS Data API,https://api.tidesandcurrents.noaa.gov/api/prod/datagetter?product=water_level&application=tempo-earth2-workshop&begin_date=20260525&end_date=20260602&datum=MSL&station=8575512&time_zone=gmt&units=metric&interval=6&format=json,0.007,"0,0,0,0",v
2026-05-26 21:48:00+00:00,0.023,8575512,"Annapolis, MD",water_level,MSL,metric,NOAA CO-OPS Data API,https://api.tidesandcurrents.noaa.gov/api/prod/datagetter?product=water_level&application=tempo-earth2-workshop&begin_date=20260525&end_date=20260602&datum=MSL&station=8575512&time_zone=gmt&units=metric&interval=6&format=json,0.007,"0,0,0,0",v
2026-05-26 21:54:00+00:00,0.017,8575512,"Annapolis, MD",water_level,MSL,metric,NOAA CO-OPS Data API,https://api.tidesandcurrents.noaa.gov/api/prod/datagetter?product=water_level&application=tempo-earth2-workshop&begin_date=20260525&end_date=20260602&datum=MSL&station=8575512&time_zone=gmt&units=metric&interval=6&format=json,0.007,"0,0,0,0",v
2026-05-26 22:00:00+00:00,0.008,8575512,"Annapolis, MD",water_level,MSL,metric,NOAA CO-OPS Data API,https://api.tidesandcurrents.noaa.gov/api/prod/datagetter?product=water_level&application=tempo-earth2-workshop&begin_date=20260525&end_date=20260602&datum=MSL&station=8575512&time_zone=gmt&units=metric&interval=6&format=json,0.007,"0,0,0,0",v
2026-05-26 22:06:00+00:00,0.004,8575512,"Annapolis, MD",water_level,MSL,metric,NOAA CO-OPS Data API,https://api.tidesandcurrents.noaa.gov/api/prod/datagetter?product=water_level&application=tempo-earth2-workshop&begin_date=20260525&end_date=20260602&datum=MSL&station=8575512&time_zone=gmt&units=metric&interval=6&format=json,0.007,"0,0,0,0",v
2026-05-26 22:12:00+00:00,-0.003,8575512,"Annapolis, MD",water_level,MSL,metric,NOAA CO-OPS Data API,https://api.tidesandcurrents.noaa.gov/api/prod/datagetter?product=water_level&application=tempo-earth2-workshop&begin_date=20260525&end_date=20260602&datum=MSL&station=8575512&time_zone=gmt&units=metric&interval=6&format=json,0.007,"0,0,0,0",v
2026-05-26 22:18:00+00:00,-0.009,8575512,"Annapolis, MD",water_level,MSL,metric,NOAA CO-OPS Data API,https://api.tidesandcurrents.noaa.gov/api/prod/datagetter?product=water_level&application=tempo-earth2-workshop&begin_date=20260525&end_date=20260602&datum=MSL&station=8575512&time_zone=gmt&units=metric&interval=6&format=json,0.007,"0,0,0,0",v
2026-05-26 22:24:00+00:00,-0.012,8575512,"Annapolis, MD",water_level,MSL,metric,NOAA CO-OPS Data API,https://api.tidesandcurrents.noaa.gov/api/prod/datagetter?product=water_level&application=tempo-earth2-workshop&begin_date=20260525&end_date=20260602&datum=MSL&station=8575512&time_zone=gmt&units=metric&interval=6&format=json,0.007,"0,0,0,0",v
2026-05-26 22:30:00+00:00,-0.022,8575512,"Annapolis, MD",water_level,MSL,metric,NOAA CO-OPS Data API,https://api.tidesandcurrents.noaa.gov/api/prod/datagetter?product=water_level&application=tempo-earth2-workshop&begin_date=20260525&end_date=20260602&datum=MSL&station=8575512&time_zone=gmt&units=metric&interval=6&format=json,0.007,"0,0,0,0",v
2026-05-26 22:36:00+00:00,-0.026,8575512,"Annapolis, MD",water_level,MSL,metric,NOAA CO-OPS Data API,https://api.tidesandcurrents.noaa.gov/api/prod/datagetter?product=water_level&application=tempo-earth2-workshop&begin_date=20260525&end_date=20260602&datum=MSL&station=8575512&time_zone=gmt&units=metric&interval=6&format=json,0.007,"0,0,0,0",v
2026-05-26 22:42:00+00:00,-0.032,8575512,"Annapolis, MD",water_level,MSL,metric,NOAA CO-OPS Data API,https://api.tidesandcurrents.noaa.gov/api/prod/datagetter?product=water_level&application=tempo-earth2-workshop&begin_date=20260525&end_date=20260602&datum=MSL&station=8575512&time_zone=gmt&units=metric&interval=6&format=json,0.007,"0,0,0,0",v
2026-05-26 22:48:00+00:00,-0.039,8575512,"Annapolis, MD",water_level,MSL,metric,NOAA CO-OPS Data API,https://api.tidesandcurrents.noaa.gov/api/prod/datagetter?product=water_level&application=tempo-earth2-workshop&begin_date=20260525&end_date=20260602&datum=MSL&station=8575512&time_zone=gmt&units=metric&interval=6&format=json,0.007,"0,0,0,0",v
2026-05-26 22:54:00+00:00,-0.043,8575512,"Annapolis, MD",water_level,MSL,metric,NOAA CO-OPS Data API,https://api.tidesandcurrents.noaa.gov/api/prod/datagetter?product=water_level&application=tempo-earth2-workshop&begin_date=20260525&end_date=20260602&datum=MSL&station=8575512&time_zone=gmt&units=metric&interval=6&format=json,0.007,"0,0,0,0",v
2026-05-26 23:00:00+00:00,-0.049,8575512,"Annapolis, MD",water_level,MSL,metric,NOAA CO-OPS Data API,https://api.tidesandcurrents.noaa.gov/api/prod/datagetter?product=water_level&application=tempo-earth2-workshop&begin_date=20260525&end_date=20260602&datum=MSL&station=8575512&time_zone=gmt&units=metric&interval=6&format=json,0.007,"0,0,0,0",v
2026-05-26 23:06:00+00:00,-0.057,8575512,"Annapolis, MD",water_level,MSL,metric,NOAA CO-OPS Data API,https://api.tidesandcurrents.noaa.gov/api/prod/datagetter?product=water_level&application=tempo-earth2-workshop&begin_date=20260525&end_date=20260602&datum=MSL&station=8575512&time_zone=gmt&units=metric&interval=6&format=json,0.007,"0,0,0,0",v
2026-05-26 23:12:00+00:00,-0.062,8575512,"Annapolis, MD",water_level,MSL,metric,NOAA CO-OPS Data API,https://api.tidesandcurrents.noaa.gov/api/prod/datagetter?product=water_level&application=tempo-earth2-workshop&begin_date=20260525&end_date=20260602&datum=MSL&station=8575512&time_zone=gmt&units=metric&interval=6&format=json,0.007,"0,0,0,0",v
2026-05-26 23:18:00+00:00,-0.069,8575512,"Annapolis, MD",water_level,MSL,metric,NOAA CO-OPS Data API,https://api.tidesandcurrents.noaa.gov/api/prod/datagetter?product=water_level&application=tempo-earth2-workshop&begin_date=20260525&end_date=20260602&datum=MSL&station=8575512&time_zone=gmt&units=metric&interval=6&format=json,0.007,"0,0,0,0",v
2026-05-26 23:24:00+00:00,-0.076,8575512,"Annapolis, MD",water_level,MSL,metric,NOAA CO-OPS Data API,https://api.tidesandcurrents.noaa.gov/api/prod/datagetter?product=water_level&application=tempo-earth2-workshop&begin_date=20260525&end_date=20260602&datum=MSL&station=8575512&time_zone=gmt&units=metric&interval=6&format=json,0.007,"0,0,0,0",v
2026-05-26 23:30:00+00:00,-0.078,8575512,"Annapolis, MD",water_level,MSL,metric,NOAA CO-OPS Data API,https://api.tidesandcurrents.noaa.gov/api/prod/datagetter?product=water_level&application=tempo-earth2-workshop&begin_date=20260525&end_date=20260602&datum=MSL&station=8575512&time_zone=gmt&units=metric&interval=6&format=json,0.007,"0,0,0,0",v
2026-05-26 23:36:00+00:00,-0.083,8575512,"Annapolis, MD",water_level,MSL,metric,NOAA CO-OPS Data API,https://api.tidesandcurrents.noaa.gov/api/prod/datagetter?product=water_level&application=tempo-earth2-workshop&begin_date=20260525&end_date=20260602&datum=MSL&station=8575512&time_zone=gmt&units=metric&interval=6&format=json,0.007,"0,0,0,0",v
2026-05-26 23:42:00+00:00,-0.085,8575512,"Annapolis, MD",water_level,MSL,metric,NOAA CO-OPS Data API,https://api.tidesandcurrents.noaa.gov/api/prod/datagetter?product=water_level&application=tempo-earth2-workshop&begin_date=20260525&end_date=20260602&datum=MSL&station=8575512&time_zone=gmt&units=metric&interval=6&format=json,0.007,"0,0,0,0",v
2026-05-26 23:48:00+00:00,-0.089,8575512,"Annapolis, MD",water_level,MSL,metric,NOAA CO-OPS Data API,https://api.tidesandcurrents.noaa.gov/api/prod/datagetter?product=water_level&application=tempo-earth2-workshop&begin_date=20260525&end_date=20260602&datum=MSL&station=8575512&time_zone=gmt&units=metric&interval=6&format=json,0.007,"0,0,0,0",v
2026-05-26 23:54:00+00:00,-0.091,8575512,"Annapolis, MD",water_level,MSL,metric,NOAA CO-OPS Data API,https://api.tidesandcurrents.noaa.gov/api/prod/datagetter?product=water_level&application=tempo-earth2-workshop&begin_date=20260525&end_date=20260602&datum=MSL&station=8575512&time_zone=gmt&units=metric&interval=6&format=json,0.007,"0,0,0,0",v
2026-05-27 00:00:00+00:00,-0.093,8575512,"Annapolis, MD",water_level,MSL,metric,NOAA CO-OPS Data API,https://api.tidesandcurrents.noaa.gov/api/prod/datagetter?product=water_level&application=tempo-earth2-workshop&begin_date=20260525&end_date=20260602&datum=MSL&station=8575512&time_zone=gmt&units=metric&interval=6&format=json,0.007,"0,0,0,0",v
2026-05-27 00:06:00+00:00,-0.095,8575512,"Annapolis, MD",water_level,MSL,metric,NOAA CO-OPS Data API,https://api.tidesandcurrents.noaa.gov/api/prod/datagetter?product=water_level&application=tempo-earth2-workshop&begin_date=20260525&end_date=20260602&datum=MSL&station=8575512&time_zone=gmt&units=metric&interval=6&format=json,0.007,"0,0,0,0",v
2026-05-27 00:12:00+00:00,-0.095,8575512,"Annapolis, MD",water_level,MSL,metric,NOAA CO-OPS Data API,https://api.tidesandcurrents.noaa.gov/api/prod/datagetter?product=water_level&application=tempo-earth2-workshop&begin_date=20260525&end_date=20260602&datum=MSL&station=8575512&time_zone=gmt&units=metric&interval=6&format=json,0.007,"0,0,0,0",v
2026-05-27 00:18:00+00:00,-0.094,8575512,"Annapolis, MD",water_level,MSL,metric,NOAA CO-OPS Data API,https://api.tidesandcurrents.noaa.gov/api/prod/datagetter?product=water_level&application=tempo-earth2-workshop&begin_date=20260525&end_date=20260602&datum=MSL&station=8575512&time_zone=gmt&units=metric&interval=6&format=json,0.007,"0,0,0,0",v
2026-05-27 00:24:00+00:00,-0.092,8575512,"Annapolis, MD",water_level,MSL,metric,NOAA CO-OPS Data API,https://api.tidesandcurrents.noaa.gov/api/prod/datagetter?product=water_level&application=tempo-earth2-workshop&begin_date=20260525&end_date=20260602&datum=MSL&station=8575512&time_zone=gmt&units=metric&interval=6&format=json,0.007,"0,0,0,0",v
2026-05-27 00:30:00+00:00,-0.091,8575512,"Annapolis, MD",water_level,MSL,metric,NOAA CO-OPS Data API,https://api.tidesandcurrents.noaa.gov/api/prod/datagetter?product=water_level&application=tempo-earth2-workshop&begin_date=20260525&end_date=20260602&datum=MSL&station=8575512&time_zone=gmt&units=metric&interval=6&format=json,0.007,"0,0,0,0",v
2026-05-27 00:36:00+00:00,-0.09,8575512,"Annapolis, MD",water_level,MSL,metric,NOAA CO-OPS Data API,https://api.tidesandcurrents.noaa.gov/api/prod/datagetter?product=water_level&application=tempo-earth2-workshop&begin_date=20260525&end_date=20260602&datum=MSL&station=8575512&time_zone=gmt&units=metric&interval=6&format=json,0.007,"0,0,0,0",v
2026-05-27 00:42:00+00:00,-0.089,8575512,"Annapolis, MD",water_level,MSL,metric,NOAA CO-OPS Data API,https://api.tidesandcurrents.noaa.gov/api/prod/datagetter?product=water_level&application=tempo-earth2-workshop&begin_date=20260525&end_date=20260602&datum=MSL&station=8575512&time_zone=gmt&units=metric&interval=6&format=json,0.007,"0,0,0,0",v
2026-05-27 00:48:00+00:00,-0.086,8575512,"Annapolis, MD",water_level,MSL,metric,NOAA CO-OPS Data API,https://api.tidesandcurrents.noaa.gov/api/prod/datagetter?product=water_level&application=tempo-earth2-workshop&begin_date=20260525&end_date=20260602&datum=MSL&station=8575512&time_zone=gmt&units=metric&interval=6&format=json,0.007,"0,0,0,0",v
2026-05-27 00:54:00+00:00,-0.083,8575512,"Annapolis, MD",water_level,MSL,metric,NOAA CO-OPS Data API,https://api.tidesandcurrents.noaa.gov/api/prod/datagetter?product=water_level&application=tempo-earth2-workshop&begin_date=20260525&end_date=20260602&datum=MSL&station=8575512&time_zone=gmt&units=metric&interval=6&format=json,0.007,"0,0,0,0",v
2026-05-27 01:00:00+00:00,-0.079,8575512,"Annapolis, MD",water_level,MSL,metric,NOAA CO-OPS Data API,https://api.tidesandcurrents.noaa.gov/api/prod/datagetter?product=water_level&application=tempo-earth2-workshop&begin_date=20260525&end_date=20260602&datum=MSL&station=8575512&time_zone=gmt&units=metric&interval=6&format=json,0.007,"0,0,0,0",v
2026-05-27 01:06:00+00:00,-0.076,8575512,"Annapolis, MD",water_level,MSL,metric,NOAA CO-OPS Data API,https://api.tidesandcurrents.noaa.gov/api/prod/datagetter?product=water_level&application=tempo-earth2-workshop&begin_date=20260525&end_date=20260602&datum=MSL&station=8575512&time_zone=gmt&units=metric&interval=6&format=json,0.007,"0,0,0,0",v
2026-05-27 01:12:00+00:00,-0.07,8575512,"Annapolis, MD",water_level,MSL,metric,NOAA CO-OPS Data API,https://api.tidesandcurrents.noaa.gov/api/prod/datagetter?product=water_level&application=tempo-earth2-workshop&begin_date=20260525&end_date=20260602&datum=MSL&station=8575512&time_zone=gmt&units=metric&interval=6&format=json,0.007,"0,0,0,0",v
2026-05-27 01:18:00+00:00,-0.068,8575512,"Annapolis, MD",water_level,MSL,metric,NOAA CO-OPS Data API,https://api.tidesandcurrents.noaa.gov/api/prod/datagetter?product=water_level&application=tempo-earth2-workshop&begin_date=20260525&end_date=20260602&datum=MSL&station=8575512&time_zone=gmt&units=metric&interval=6&format=json,0.007,"0,0,0,0",v
2026-05-27 01:24:00+00:00,-0.068,8575512,"Annapolis, MD",water_level,MSL,metric,NOAA CO-OPS Data API,https://api.tidesandcurrents.noaa.gov/api/prod/datagetter?product=water_level&application=tempo-earth2-workshop&begin_date=20260525&end_date=20260602&datum=MSL&station=8575512&time_zone=gmt&units=metric&interval=6&format=json,0.007,"0,0,0,0",v
2026-05-27 01:30:00+00:00,-0.066,8575512,"Annapolis, MD",water_level,MSL,metric,NOAA CO-OPS Data API,https://api.tidesandcurrents.noaa.gov/api/prod/datagetter?product=water_level&application=tempo-earth2-workshop&begin_date=20260525&end_date=20260602&datum=MSL&station=8575512&time_zone=gmt&units=metric&interval=6&format=json,0.007,"0,0,0,0",v
2026-05-27 01:36:00+00:00,-0.057,8575512,"Annapolis, MD",water_level,MSL,metric,NOAA CO-OPS Data API,https://api.tidesandcurrents.noaa.gov/api/prod/datagetter?product=water_level&application=tempo-earth2-workshop&begin_date=20260525&end_date=20260602&datum=MSL&station=8575512&time_zone=gmt&units=metric&interval=6&format=json,0.007,"0,0,0,0",v
2026-05-27 01:42:00+00:00,-0.047,8575512,"Annapolis, MD",water_level,MSL,metric,NOAA CO-OPS Data API,https://api.tidesandcurrents.noaa.gov/api/prod/datagetter?product=water_level&application=tempo-earth2-workshop&begin_date=20260525&end_date=20260602&datum=MSL&station=8575512&time_zone=gmt&units=metric&interval=6&format=json,0.007,"0,0,0,0",v
2026-05-27 01:48:00+00:00,-0.037,8575512,"Annapolis, MD",water_level,MSL,metric,NOAA CO-OPS Data API,https://api.tidesandcurrents.noaa.gov/api/prod/datagetter?product=water_level&application=tempo-earth2-workshop&begin_date=20260525&end_date=20260602&datum=MSL&station=8575512&time_zone=gmt&units=metric&interval=6&format=json,0.007,"0,0,0,0",v
2026-05-27 01:54:00+00:00,-0.029,8575512,"Annapolis, MD",water_level,MSL,metric,NOAA CO-OPS Data API,https://api.tidesandcurrents.noaa.gov/api/prod/datagetter?product=water_level&application=tempo-earth2-workshop&begin_date=20260525&end_date=20260602&datum=MSL&station=8575512&time_zone=gmt&units=metric&interval=6&format=json,0.007,"0,0,0,0",v
2026-05-27 02:00:00+00:00,-0.021,8575512,"Annapolis, MD",water_level,MSL,metric,NOAA CO-OPS Data API,https://api.tidesandcurrents.noaa.gov/api/prod/datagetter?product=water_level&application=tempo-earth2-workshop&begin_date=20260525&end_date=20260602&datum=MSL&station=8575512&time_zone=gmt&units=metric&interval=6&format=json,0.007,"0,0,0,0",v
2026-05-27 02:06:00+00:00,-0.006,8575512,"Annapolis, MD",water_level,MSL,metric,NOAA CO-OPS Data API,https://api.tidesandcurrents.noaa.gov/api/prod/datagetter?product=water_level&application=tempo-earth2-workshop&begin_date=20260525&end_date=20260602&datum=MSL&station=8575512&time_zone=gmt&units=metric&interval=6&format=json,0.007,"0,0,0,0",v
2026-05-27 02:12:00+00:00,0.006,8575512,"Annapolis, MD",water_level,MSL,metric,NOAA CO-OPS Data API,https://api.tidesandcurrents.noaa.gov/api/prod/datagetter?product=water_level&application=tempo-earth2-workshop&begin_date=20260525&end_date=20260602&datum=MSL&station=8575512&time_zone=gmt&units=metric&interval=6&format=json,0.007,"0,0,0,0",v
2026-05-27 02:18:00+00:00,0.015,8575512,"Annapolis, MD",water_level,MSL,metric,NOAA CO-OPS Data API,https://api.tidesandcurrents.noaa.gov/api/prod/datagetter?product=water_level&application=tempo-earth2-workshop&begin_date=20260525&end_date=20260602&datum=MSL&station=8575512&time_zone=gmt&units=metric&interval=6&format=json,0.007,"0,0,0,0",v
2026-05-27 02:24:00+00:00,0.022,8575512,"Annapolis, MD",water_level,MSL,metric,NOAA CO-OPS Data API,https://api.tidesandcurrents.noaa.gov/api/prod/datagetter?product=water_level&application=tempo-earth2-workshop&begin_date=20260525&end_date=20260602&datum=MSL&station=8575512&time_zone=gmt&units=metric&interval=6&format=json,0.007,"0,0,0,0",v
2026-05-27 02:30:00+00:00,0.027,8575512,"Annapolis, MD",water_level,MSL,metric,NOAA CO-OPS Data API,https://api.tidesandcurrents.noaa.gov/api/prod/datagetter?product=water_level&application=tempo-earth2-workshop&begin_date=20260525&end_date=20260602&datum=MSL&station=8575512&time_zone=gmt&units=metric&interval=6&format=json,0.007,"0,0,0,0",v
2026-05-27 02:36:00+00:00,0.036,8575512,"Annapolis, MD",water_level,MSL,metric,NOAA CO-OPS Data API,https://api.tidesandcurrents.noaa.gov/api/prod/datagetter?product=water_level&application=tempo-earth2-workshop&begin_date=20260525&end_date=20260602&datum=MSL&station=8575512&time_zone=gmt&units=metric&interval=6&format=json,0.007,"0,0,0,0",v
2026-05-27 02:42:00+00:00,0.043,8575512,"Annapolis, MD",water_level,MSL,metric,NOAA CO-OPS Data API,https://api.tidesandcurrents.noaa.gov/api/prod/datagetter?product=water_level&application=tempo-earth2-workshop&begin_date=20260525&end_date=20260602&datum=MSL&station=8575512&time_zone=gmt&units=metric&interval=6&format=json,0.007,"0,0,0,0",v
2026-05-27 02:48:00+00:00,0.051,8575512,"Annapolis, MD",water_level,MSL,metric,NOAA CO-OPS Data API,https://api.tidesandcurrents.noaa.gov/api/prod/datagetter?product=water_level&application=tempo-earth2-workshop&begin_date=20260525&end_date=20260602&datum=MSL&station=8575512&time_zone=gmt&units=metric&interval=6&format=json,0.007,"0,0,0,0",v
2026-05-27 02:54:00+00:00,0.059,8575512,"Annapolis, MD",water_level,MSL,metric,NOAA CO-OPS Data API,https://api.tidesandcurrents.noaa.gov/api/prod/datagetter?product=water_level&application=tempo-earth2-workshop&begin_date=20260525&end_date=20260602&datum=MSL&station=8575512&time_zone=gmt&units=metric&interval=6&format=json,0.007,"0,0,0,0",v
2026-05-27 03:00:00+00:00,0.066,8575512,"Annapolis, MD",water_level,MSL,metric,NOAA CO-OPS Data API,https://api.tidesandcurrents.noaa.gov/api/prod/datagetter?product=water_level&application=tempo-earth2-workshop&begin_date=20260525&end_date=20260602&datum=MSL&station=8575512&time_zone=gmt&units=metric&interval=6&format=json,0.007,"0,0,0,0",v
2026-05-27 03:06:00+00:00,0.084,8575512,"Annapolis, MD",water_level,MSL,metric,NOAA CO-OPS Data API,https://api.tidesandcurrents.noaa.gov/api/prod/datagetter?product=water_level&application=tempo-earth2-workshop&begin_date=20260525&end_date=20260602&datum=MSL&station=8575512&time_zone=gmt&units=metric&interval=6&format=json,0.007,"0,0,0,0",v
2026-05-27 03:12:00+00:00,0.099,8575512,"Annapolis, MD",water_level,MSL,metric,NOAA CO-OPS Data API,https://api.tidesandcurrents.noaa.gov/api/prod/datagetter?product=water_level&application=tempo-earth2-workshop&begin_date=20260525&end_date=20260602&datum=MSL&station=8575512&time_zone=gmt&units=metric&interval=6&format=json,0.007,"0,0,0,0",v
2026-05-27 03:18:00+00:00,0.107,8575512,"Annapolis, MD",water_level,MSL,metric,NOAA CO-OPS Data API,https://api.tidesandcurrents.noaa.gov/api/prod/datagetter?product=water_level&application=tempo-earth2-workshop&begin_date=20260525&end_date=20260602&datum=MSL&station=8575512&time_zone=gmt&units=metric&interval=6&format=json,0.007,"0,0,0,0",v
2026-05-27 03:24:00+00:00,0.117,8575512,"Annapolis, MD",water_level,MSL,metric,NOAA CO-OPS Data API,https://api.tidesandcurrents.noaa.gov/api/prod/datagetter?product=water_level&application=tempo-earth2-workshop&begin_date=20260525&end_date=20260602&datum=MSL&station=8575512&time_zone=gmt&units=metric&interval=6&format=json,0.007,"0,0,0,0",v
2026-05-27 03:30:00+00:00,0.127,8575512,"Annapolis, MD",water_level,MSL,metric,NOAA CO-OPS Data API,https://api.tidesandcurrents.noaa.gov/api/prod/datagetter?product=water_level&application=tempo-earth2-workshop&begin_date=20260525&end_date=20260602&datum=MSL&station=8575512&time_zone=gmt&units=metric&interval=6&format=json,0.007,"0,0,0,0",v
2026-05-27 03:36:00+00:00,0.136,8575512,"Annapolis, MD",water_level,MSL,metric,NOAA CO-OPS Data API,https://api.tidesandcurrents.noaa.gov/api/prod/datagetter?product=water_level&application=tempo-earth2-workshop&begin_date=20260525&end_date=20260602&datum=MSL&station=8575512&time_zone=gmt&units=metric&interval=6&format=json,0.007,"0,0,0,0",v
2026-05-27 03:42:00+00:00,0.143,8575512,"Annapolis, MD",water_level,MSL,metric,NOAA CO-OPS Data API,https://api.tidesandcurrents.noaa.gov/api/prod/datagetter?product=water_level&application=tempo-earth2-workshop&begin_date=20260525&end_date=20260602&datum=MSL&station=8575512&time_zone=gmt&units=metric&interval=6&format=json,0.007,"0,0,0,0",v
2026-05-27 03:48:00+00:00,0.153,8575512,"Annapolis, MD",water_level,MSL,metric,NOAA CO-OPS Data API,https://api.tidesandcurrents.noaa.gov/api/prod/datagetter?product=water_level&application=tempo-earth2-workshop&begin_date=20260525&end_date=20260602&datum=MSL&station=8575512&time_zone=gmt&units=metric&interval=6&format=json,0.007,"0,0,0,0",v
2026-05-27 03:54:00+00:00,0.162,8575512,"Annapolis, MD",water_level,MSL,metric,NOAA CO-OPS Data API,https://api.tidesandcurrents.noaa.gov/api/prod/datagetter?product=water_level&application=tempo-earth2-workshop&begin_date=20260525&end_date=20260602&datum=MSL&station=8575512&time_zone=gmt&units=metric&interval=6&format=json,0.007,"0,0,0,0",v
2026-05-27 04:00:00+00:00,0.172,8575512,"Annapolis, MD",water_level,MSL,metric,NOAA CO-OPS Data API,https://api.tidesandcurrents.noaa.gov/api/prod/datagetter?product=water_level&application=tempo-earth2-workshop&begin_date=20260525&end_date=20260602&datum=MSL&station=8575512&time_zone=gmt&units=metric&interval=6&format=json,0.007,"0,0,0,0",v
2026-05-27 04:06:00+00:00,0.179,8575512,"Annapolis, MD",water_level,MSL,metric,NOAA CO-OPS Data API,https://api.tidesandcurrents.noaa.gov/api/prod/datagetter?product=water_level&application=tempo-earth2-workshop&begin_date=20260525&end_date=20260602&datum=MSL&station=8575512&time_zone=gmt&units=metric&interval=6&format=json,0.007,"0,0,0,0",v
2026-05-27 04:12:00+00:00,0.188,8575512,"Annapolis, MD",water_level,MSL,metric,NOAA CO-OPS Data API,https://api.tidesandcurrents.noaa.gov/api/prod/datagetter?product=water_level&application=tempo-earth2-workshop&begin_date=20260525&end_date=20260602&datum=MSL&station=8575512&time_zone=gmt&units=metric&interval=6&format=json,0.007,"0,0,0,0",v
2026-05-27 04:18:00+00:00,0.197,8575512,"Annapolis, MD",water_level,MSL,metric,NOAA CO-OPS Data API,https://api.tidesandcurrents.noaa.gov/api/prod/datagetter?product=water_level&application=tempo-earth2-workshop&begin_date=20260525&end_date=20260602&datum=MSL&station=8575512&time_zone=gmt&units=metric&interval=6&format=json,0.007,"0,0,0,0",v
2026-05-27 04:24:00+00:00,0.205,8575512,"Annapolis, MD",water_level,MSL,metric,NOAA CO-OPS Data API,https://api.tidesandcurrents.noaa.gov/api/prod/datagetter?product=water_level&application=tempo-earth2-workshop&begin_date=20260525&end_date=20260602&datum=MSL&station=8575512&time_zone=gmt&units=metric&interval=6&format=json,0.007,"0,0,0,0",v
2026-05-27 04:30:00+00:00,0.212,8575512,"Annapolis, MD",water_level,MSL,metric,NOAA CO-OPS Data API,https://api.tidesandcurrents.noaa.gov/api/prod/datagetter?product=water_level&application=tempo-earth2-workshop&begin_date=20260525&end_date=20260602&datum=MSL&station=8575512&time_zone=gmt&units=metric&interval=6&format=json,0.007,"0,0,0,0",v
2026-05-27 04:36:00+00:00,0.217,8575512,"Annapolis, MD",water_level,MSL,metric,NOAA CO-OPS Data API,https://api.tidesandcurrents.noaa.gov/api/prod/datagetter?product=water_level&application=tempo-earth2-workshop&begin_date=20260525&end_date=20260602&datum=MSL&station=8575512&time_zone=gmt&units=metric&interval=6&format=json,0.007,"0,0,0,0",v
2026-05-27 04:42:00+00:00,0.227,8575512,"Annapolis, MD",water_level,MSL,metric,NOAA CO-OPS Data API,https://api.tidesandcurrents.noaa.gov/api/prod/datagetter?product=water_level&application=tempo-earth2-workshop&begin_date=20260525&end_date=20260602&datum=MSL&station=8575512&time_zone=gmt&units=metric&interval=6&format=json,0.007,"0,0,0,0",v
2026-05-27 04:48:00+00:00,0.238,8575512,"Annapolis, MD",water_level,MSL,metric,NOAA CO-OPS Data API,https://api.tidesandcurrents.noaa.gov/api/prod/datagetter?product=water_level&application=tempo-earth2-workshop&begin_date=20260525&end_date=20260602&datum=MSL&station=8575512&time_zone=gmt&units=metric&interval=6&format=json,0.007,"0,0,0,0",v
2026-05-27 04:54:00+00:00,0.245,8575512,"Annapolis, MD",water_level,MSL,metric,NOAA CO-OPS Data API,https://api.tidesandcurrents.noaa.gov/api/prod/datagetter?product=water_level&application=tempo-earth2-workshop&begin_date=20260525&end_date=20260602&datum=MSL&station=8575512&time_zone=gmt&units=metric&interval=6&format=json,0.007,"0,0,0,0",v
2026-05-27 05:00:00+00:00,0.258,8575512,"Annapolis, MD",water_level,MSL,metric,NOAA CO-OPS Data API,https://api.tidesandcurrents.noaa.gov/api/prod/datagetter?product=water_level&application=tempo-earth2-workshop&begin_date=20260525&end_date=20260602&datum=MSL&station=8575512&time_zone=gmt&units=metric&interval=6&format=json,0.007,"0,0,0,0",v
2026-05-27 05:06:00+00:00,0.269,8575512,"Annapolis, MD",water_level,MSL,metric,NOAA CO-OPS Data API,https://api.tidesandcurrents.noaa.gov/api/prod/datagetter?product=water_level&application=tempo-earth2-workshop&begin_date=20260525&end_date=20260602&datum=MSL&station=8575512&time_zone=gmt&units=metric&interval=6&format=json,0.007,"0,0,0,0",v
2026-05-27 05:12:00+00:00,0.274,8575512,"Annapolis, MD",water_level,MSL,metric,NOAA CO-OPS Data API,https://api.tidesandcurrents.noaa.gov/api/prod/datagetter?product=water_level&application=tempo-earth2-workshop&begin_date=20260525&end_date=20260602&datum=MSL&station=8575512&time_zone=gmt&units=metric&interval=6&format=json,0.007,"0,0,0,0",v
2026-05-27 05:18:00+00:00,0.283,8575512,"Annapolis, MD",water_level,MSL,metric,NOAA CO-OPS Data API,https://api.tidesandcurrents.noaa.gov/api/prod/datagetter?product=water_level&application=tempo-earth2-workshop&begin_date=20260525&end_date=20260602&datum=MSL&station=8575512&time_zone=gmt&units=metric&interval=6&format=json,0.007,"0,0,0,0",v
2026-05-27 05:24:00+00:00,0.29,8575512,"Annapolis, MD",water_level,MSL,metric,NOAA CO-OPS Data API,https://api.tidesandcurrents.noaa.gov/api/prod/datagetter?product=water_level&application=tempo-earth2-workshop&begin_date=20260525&end_date=20260602&datum=MSL&station=8575512&time_zone=gmt&units=metric&interval=6&format=json,0.007,"0,0,0,0",v
2026-05-27 05:30:00+00:00,0.299,8575512,"Annapolis, MD",water_level,MSL,metric,NOAA CO-OPS Data API,https://api.tidesandcurrents.noaa.gov/api/prod/datagetter?product=water_level&application=tempo-earth2-workshop&begin_date=20260525&end_date=20260602&datum=MSL&station=8575512&time_zone=gmt&units=metric&interval=6&format=json,0.007,"0,0,0,0",v
2026-05-27 05:36:00+00:00,0.306,8575512,"Annapolis, MD",water_level,MSL,metric,NOAA CO-OPS Data API,https://api.tidesandcurrents.noaa.gov/api/prod/datagetter?product=water_level&application=tempo-earth2-workshop&begin_date=20260525&end_date=20260602&datum=MSL&station=8575512&time_zone=gmt&units=metric&interval=6&format=json,0.007,"0,0,0,0",v
2026-05-27 05:42:00+00:00,0.313,8575512,"Annapolis, MD",water_level,MSL,metric,NOAA CO-OPS Data API,https://api.tidesandcurrents.noaa.gov/api/prod/datagetter?product=water_level&application=tempo-earth2-workshop&begin_date=20260525&end_date=20260602&datum=MSL&station=8575512&time_zone=gmt&units=metric&interval=6&format=json,0.007,"0,0,0,0",v
2026-05-27 05:48:00+00:00,0.32,8575512,"Annapolis, MD",water_level,MSL,metric,NOAA CO-OPS Data API,https://api.tidesandcurrents.noaa.gov/api/prod/datagetter?product=water_level&application=tempo-earth2-workshop&begin_date=20260525&end_date=20260602&datum=MSL&station=8575512&time_zone=gmt&units=metric&interval=6&format=json,0.007,"0,0,0,0",v
2026-05-27 05:54:00+00:00,0.328,8575512,"Annapolis, MD",water_level,MSL,metric,NOAA CO-OPS Data API,https://api.tidesandcurrents.noaa.gov/api/prod/datagetter?product=water_level&application=tempo-earth2-workshop&begin_date=20260525&end_date=20260602&datum=MSL&station=8575512&time_zone=gmt&units=metric&interval=6&format=json,0.007,"0,0,0,0",v
2026-05-27 06:00:00+00:00,0.335,8575512,"Annapolis, MD",water_level,MSL,metric,NOAA CO-OPS Data API,https://api.tidesandcurrents.noaa.gov/api/prod/datagetter?product=water_level&application=tempo-earth2-workshop&begin_date=20260525&end_date=20260602&datum=MSL&station=8575512&time_zone=gmt&units=metric&interval=6&format=json,0.007,"0,0,0,0",v
2026-05-27 06:06:00+00:00,0.339,8575512,"Annapolis, MD",water_level,MSL,metric,NOAA CO-OPS Data API,https://api.tidesandcurrents.noaa.gov/api/prod/datagetter?product=water_level&application=tempo-earth2-workshop&begin_date=20260525&end_date=20260602&datum=MSL&station=8575512&time_zone=gmt&units=metric&interval=6&format=json,0.007,"0,0,0,0",v
2026-05-27 06:12:00+00:00,0.345,8575512,"Annapolis, MD",water_level,MSL,metric,NOAA CO-OPS Data API,https://api.tidesandcurrents.noaa.gov/api/prod/datagetter?product=water_level&application=tempo-earth2-workshop&begin_date=20260525&end_date=20260602&datum=MSL&station=8575512&time_zone=gmt&units=metric&interval=6&format=json,0.007,"0,0,0,0",v
2026-05-27 06:18:00+00:00,0.351,8575512,"Annapolis, MD",water_level,MSL,metric,NOAA CO-OPS Data API,https://api.tidesandcurrents.noaa.gov/api/prod/datagetter?product=water_level&application=tempo-earth2-workshop&begin_date=20260525&end_date=20260602&datum=MSL&station=8575512&time_zone=gmt&units=metric&interval=6&format=json,0.007,"0,0,0,0",v
2026-05-27 06:24:00+00:00,0.356,8575512,"Annapolis, MD",water_level,MSL,metric,NOAA CO-OPS Data API,https://api.tidesandcurrents.noaa.gov/api/prod/datagetter?product=water_level&application=tempo-earth2-workshop&begin_date=20260525&end_date=20260602&datum=MSL&station=8575512&time_zone=gmt&units=metric&interval=6&format=json,0.007,"0,0,0,0",v
2026-05-27 06:30:00+00:00,0.359,8575512,"Annapolis, MD",water_level,MSL,metric,NOAA CO-OPS Data API,https://api.tidesandcurrents.noaa.gov/api/prod/datagetter?product=water_level&application=tempo-earth2-workshop&begin_date=20260525&end_date=20260602&datum=MSL&station=8575512&time_zone=gmt&units=metric&interval=6&format=json,0.007,"0,0,0,0",v
2026-05-27 06:36:00+00:00,0.364,8575512,"Annapolis, MD",water_level,MSL,metric,NOAA CO-OPS Data API,https://api.tidesandcurrents.noaa.gov/api/prod/datagetter?product=water_level&application=tempo-earth2-workshop&begin_date=20260525&end_date=20260602&datum=MSL&station=8575512&time_zone=gmt&units=metric&interval=6&format=json,0.007,"0,0,0,0",v
2026-05-27 06:42:00+00:00,0.369,8575512,"Annapolis, MD",water_level,MSL,metric,NOAA CO-OPS Data API,https://api.tidesandcurrents.noaa.gov/api/prod/datagetter?product=water_level&application=tempo-earth2-workshop&begin_date=20260525&end_date=20260602&datum=MSL&station=8575512&time_zone=gmt&units=metric&interval=6&format=json,0.007,"0,0,0,0",v
2026-05-27 06:48:00+00:00,0.375,8575512,"Annapolis, MD",water_level,MSL,metric,NOAA CO-OPS Data API,https://api.tidesandcurrents.noaa.gov/api/prod/datagetter?product=water_level&application=tempo-earth2-workshop&begin_date=20260525&end_date=20260602&datum=MSL&station=8575512&time_zone=gmt&units=metric&interval=6&format=json,0.007,"0,0,0,0",v
2026-05-27 06:54:00+00:00,0.381,8575512,"Annapolis, MD",water_level,MSL,metric,NOAA CO-OPS Data API,https://api.tidesandcurrents.noaa.gov/api/prod/datagetter?product=water_level&application=tempo-earth2-workshop&begin_date=20260525&end_date=20260602&datum=MSL&station=8575512&time_zone=gmt&units=metric&interval=6&format=json,0.007,"0,0,0,0",v
2026-05-27 07:00:00+00:00,0.385,8575512,"Annapolis, MD",water_level,MSL,metric,NOAA CO-OPS Data API,https://api.tidesandcurrents.noaa.gov/api/prod/datagetter?product=water_level&application=tempo-earth2-workshop&begin_date=20260525&end_date=20260602&datum=MSL&station=8575512&time_zone=gmt&units=metric&interval=6&format=json,0.007,"0,0,0,0",v
2026-05-27 07:06:00+00:00,0.379,8575512,"Annapolis, MD",water_level,MSL,metric,NOAA CO-OPS Data API,https://api.tidesandcurrents.noaa.gov/api/prod/datagetter?product=water_level&application=tempo-earth2-workshop&begin_date=20260525&end_date=20260602&datum=MSL&station=8575512&time_zone=gmt&units=metric&interval=6&format=json,0.007,"0,0,0,0",v
2026-05-27 07:12:00+00:00,0.382,8575512,"Annapolis, MD",water_level,MSL,metric,NOAA CO-OPS Data API,https://api.tidesandcurrents.noaa.gov/api/prod/datagetter?product=water_level&application=tempo-earth2-workshop&begin_date=20260525&end_date=20260602&datum=MSL&station=8575512&time_zone=gmt&units=metric&interval=6&format=json,0.007,"0,0,0,0",v
2026-05-27 07:18:00+00:00,0.389,8575512,"Annapolis, MD",water_level,MSL,metric,NOAA CO-OPS Data API,https://api.tidesandcurrents.noaa.gov/api/prod/datagetter?product=water_level&application=tempo-earth2-workshop&begin_date=20260525&end_date=20260602&datum=MSL&station=8575512&time_zone=gmt&units=metric&interval=6&format=json,0.007,"0,0,0,0",v
2026-05-27 07:24:00+00:00,0.39,8575512,"Annapolis, MD",water_level,MSL,metric,NOAA CO-OPS Data API,https://api.tidesandcurrents.noaa.gov/api/prod/datagetter?product=water_level&application=tempo-earth2-workshop&begin_date=20260525&end_date=20260602&datum=MSL&station=8575512&time_zone=gmt&units=metric&interval=6&format=json,0.007,"0,0,0,0",v
2026-05-27 07:30:00+00:00,0.391,8575512,"Annapolis, MD",water_level,MSL,metric,NOAA CO-OPS Data API,https://api.tidesandcurrents.noaa.gov/api/prod/datagetter?product=water_level&application=tempo-earth2-workshop&begin_date=20260525&end_date=20260602&datum=MSL&station=8575512&time_zone=gmt&units=metric&interval=6&format=json,0.007,"0,0,0,0",v
2026-05-27 07:36:00+00:00,0.391,8575512,"Annapolis, MD",water_level,MSL,metric,NOAA CO-OPS Data API,https://api.tidesandcurrents.noaa.gov/api/prod/datagetter?product=water_level&application=tempo-earth2-workshop&begin_date=20260525&end_date=20260602&datum=MSL&station=8575512&time_zone=gmt&units=metric&interval=6&format=json,0.007,"0,0,0,0",v
2026-05-27 07:42:00+00:00,0.392,8575512,"Annapolis, MD",water_level,MSL,metric,NOAA CO-OPS Data API,https://api.tidesandcurrents.noaa.gov/api/prod/datagetter?product=water_level&application=tempo-earth2-workshop&begin_date=20260525&end_date=20260602&datum=MSL&station=8575512&time_zone=gmt&units=metric&interval=6&format=json,0.007,"0,0,0,0",v
2026-05-27 07:48:00+00:00,0.393,8575512,"Annapolis, MD",water_level,MSL,metric,NOAA CO-OPS Data API,https://api.tidesandcurrents.noaa.gov/api/prod/datagetter?product=water_level&application=tempo-earth2-workshop&begin_date=20260525&end_date=20260602&datum=MSL&station=8575512&time_zone=gmt&units=metric&interval=6&format=json,0.007,"0,0,0,0",v
2026-05-27 07:54:00+00:00,0.391,8575512,"Annapolis, MD",water_level,MSL,metric,NOAA CO-OPS Data API,https://api.tidesandcurrents.noaa.gov/api/prod/datagetter?product=water_level&application=tempo-earth2-workshop&begin_date=20260525&end_date=20260602&datum=MSL&station=8575512&time_zone=gmt&units=metric&interval=6&format=json,0.007,"0,0,0,0",v
2026-05-27 08:00:00+00:00,0.389,8575512,"Annapolis, MD",water_level,MSL,metric,NOAA CO-OPS Data API,https://api.tidesandcurrents.noaa.gov/api/prod/datagetter?product=water_level&application=tempo-earth2-workshop&begin_date=20260525&end_date=20260602&datum=MSL&station=8575512&time_zone=gmt&units=metric&interval=6&format=json,0.007,"0,0,0,0",v
2026-05-27 08:06:00+00:00,0.386,8575512,"Annapolis, MD",water_level,MSL,metric,NOAA CO-OPS Data API,https://api.tidesandcurrents.noaa.gov/api/prod/datagetter?product=water_level&application=tempo-earth2-workshop&begin_date=20260525&end_date=20260602&datum=MSL&station=8575512&time_zone=gmt&units=metric&interval=6&format=json,0.007,"0,0,0,0",v
2026-05-27 08:12:00+00:00,0.382,8575512,"Annapolis, MD",water_level,MSL,metric,NOAA CO-OPS Data API,https://api.tidesandcurrents.noaa.gov/api/prod/datagetter?product=water_level&application=tempo-earth2-workshop&begin_date=20260525&end_date=20260602&datum=MSL&station=8575512&time_zone=gmt&units=metric&interval=6&format=json,0.007,"0,0,0,0",v
2026-05-27 08:18:00+00:00,0.379,8575512,"Annapolis, MD",water_level,MSL,metric,NOAA CO-OPS Data API,https://api.tidesandcurrents.noaa.gov/api/prod/datagetter?product=water_level&application=tempo-earth2-workshop&begin_date=20260525&end_date=20260602&datum=MSL&station=8575512&time_zone=gmt&units=metric&interval=6&format=json,0.007,"0,0,0,0",v
2026-05-27 08:24:00+00:00,0.378,8575512,"Annapolis, MD",water_level,MSL,metric,NOAA CO-OPS Data API,https://api.tidesandcurrents.noaa.gov/api/prod/datagetter?product=water_level&application=tempo-earth2-workshop&begin_date=20260525&end_date=20260602&datum=MSL&station=8575512&time_zone=gmt&units=metric&interval=6&format=json,0.007,"0,0,0,0",v
2026-05-27 08:30:00+00:00,0.373,8575512,"Annapolis, MD",water_level,MSL,metric,NOAA CO-OPS Data API,https://api.tidesandcurrents.noaa.gov/api/prod/datagetter?product=water_level&application=tempo-earth2-workshop&begin_date=20260525&end_date=20260602&datum=MSL&station=8575512&time_zone=gmt&units=metric&interval=6&format=json,0.007,"0,0,0,0",v
2026-05-27 08:36:00+00:00,0.371,8575512,"Annapolis, MD",water_level,MSL,metric,NOAA CO-OPS Data API,https://api.tidesandcurrents.noaa.gov/api/prod/datagetter?product=water_level&application=tempo-earth2-workshop&begin_date=20260525&end_date=20260602&datum=MSL&station=8575512&time_zone=gmt&units=metric&interval=6&format=json,0.007,"0,0,0,0",v
2026-05-27 08:42:00+00:00,0.37,8575512,"Annapolis, MD",water_level,MSL,metric,NOAA CO-OPS Data API,https://api.tidesandcurrents.noaa.gov/api/prod/datagetter?product=water_level&application=tempo-earth2-workshop&begin_date=20260525&end_date=20260602&datum=MSL&station=8575512&time_zone=gmt&units=metric&interval=6&format=json,0.007,"0,0,0,0",v
2026-05-27 08:48:00+00:00,0.368,8575512,"Annapolis, MD",water_level,MSL,metric,NOAA CO-OPS Data API,https://api.tidesandcurrents.noaa.gov/api/prod/datagetter?product=water_level&application=tempo-earth2-workshop&begin_date=20260525&end_date=20260602&datum=MSL&station=8575512&time_zone=gmt&units=metric&interval=6&format=json,0.007,"0,0,0,0",v
2026-05-27 08:54:00+00:00,0.363,8575512,"Annapolis, MD",water_level,MSL,metric,NOAA CO-OPS Data API,https://api.tidesandcurrents.noaa.gov/api/prod/datagetter?product=water_level&application=tempo-earth2-workshop&begin_date=20260525&end_date=20260602&datum=MSL&station=8575512&time_zone=gmt&units=metric&interval=6&format=json,0.007,"0,0,0,0",v
2026-05-27 09:00:00+00:00,0.36,8575512,"Annapolis, MD",water_level,MSL,metric,NOAA CO-OPS Data API,https://api.tidesandcurrents.noaa.gov/api/prod/datagetter?product=water_level&application=tempo-earth2-workshop&begin_date=20260525&end_date=20260602&datum=MSL&station=8575512&time_zone=gmt&units=metric&interval=6&format=json,0.007,"0,0,0,0",v
2026-05-27 09:06:00+00:00,0.355,8575512,"Annapolis, MD",water_level,MSL,metric,NOAA CO-OPS Data API,https://api.tidesandcurrents.noaa.gov/api/prod/datagetter?product=water_level&application=tempo-earth2-workshop&begin_date=20260525&end_date=20260602&datum=MSL&station=8575512&time_zone=gmt&units=metric&interval=6&format=json,0.007,"0,0,0,0",v
2026-05-27 09:12:00+00:00,0.353,8575512,"Annapolis, MD",water_level,MSL,metric,NOAA CO-OPS Data API,https://api.tidesandcurrents.noaa.gov/api/prod/datagetter?product=water_level&application=tempo-earth2-workshop&begin_date=20260525&end_date=20260602&datum=MSL&station=8575512&time_zone=gmt&units=metric&interval=6&format=json,0.007,"0,0,0,0",v
2026-05-27 09:18:00+00:00,0.348,8575512,"Annapolis, MD",water_level,MSL,metric,NOAA CO-OPS Data API,https://api.tidesandcurrents.noaa.gov/api/prod/datagetter?product=water_level&application=tempo-earth2-workshop&begin_date=20260525&end_date=20260602&datum=MSL&station=8575512&time_zone=gmt&units=metric&interval=6&format=json,0.007,"0,0,0,0",v
2026-05-27 09:24:00+00:00,0.343,8575512,"Annapolis, MD",water_level,MSL,metric,NOAA CO-OPS Data API,https://api.tidesandcurrents.noaa.gov/api/prod/datagetter?product=water_level&application=tempo-earth2-workshop&begin_date=20260525&end_date=20260602&datum=MSL&station=8575512&time_zone=gmt&units=metric&interval=6&format=json,0.007,"0,0,0,0",v
2026-05-27 09:30:00+00:00,0.341,8575512,"Annapolis, MD",water_level,MSL,metric,NOAA CO-OPS Data API,https://api.tidesandcurrents.noaa.gov/api/prod/datagetter?product=water_level&application=tempo-earth2-workshop&begin_date=20260525&end_date=20260602&datum=MSL&station=8575512&time_zone=gmt&units=metric&interval=6&format=json,0.007,"0,0,0,0",v
2026-05-27 09:36:00+00:00,0.337,8575512,"Annapolis, MD",water_level,MSL,metric,NOAA CO-OPS Data API,https://api.tidesandcurrents.noaa.gov/api/prod/datagetter?product=water_level&application=tempo-earth2-workshop&begin_date=20260525&end_date=20260602&datum=MSL&station=8575512&time_zone=gmt&units=metric&interval=6&format=json,0.007,"0,0,0,0",v
2026-05-27 09:42:00+00:00,0.332,8575512,"Annapolis, MD",water_level,MSL,metric,NOAA CO-OPS Data API,https://api.tidesandcurrents.noaa.gov/api/prod/datagetter?product=water_level&application=tempo-earth2-workshop&begin_date=20260525&end_date=20260602&datum=MSL&station=8575512&time_zone=gmt&units=metric&interval=6&format=json,0.007,"0,0,0,0",v
2026-05-27 09:48:00+00:00,0.328,8575512,"Annapolis, MD",water_level,MSL,metric,NOAA CO-OPS Data API,https://api.tidesandcurrents.noaa.gov/api/prod/datagetter?product=water_level&application=tempo-earth2-workshop&begin_date=20260525&end_date=20260602&datum=MSL&station=8575512&time_zone=gmt&units=metric&interval=6&format=json,0.007,"0,0,0,0",v
2026-05-27 09:54:00+00:00,0.319,8575512,"Annapolis, MD",water_level,MSL,metric,NOAA CO-OPS Data API,https://api.tidesandcurrents.noaa.gov/api/prod/datagetter?product=water_level&application=tempo-earth2-workshop&begin_date=20260525&end_date=20260602&datum=MSL&station=8575512&time_zone=gmt&units=metric&interval=6&format=json,0.007,"0,0,0,0",v
2026-05-27 10:00:00+00:00,0.315,8575512,"Annapolis, MD",water_level,MSL,metric,NOAA CO-OPS Data API,https://api.tidesandcurrents.noaa.gov/api/prod/datagetter?product=water_level&application=tempo-earth2-workshop&begin_date=20260525&end_date=20260602&datum=MSL&station=8575512&time_zone=gmt&units=metric&interval=6&format=json,0.007,"0,0,0,0",v
2026-05-27 10:06:00+00:00,0.31,8575512,"Annapolis, MD",water_level,MSL,metric,NOAA CO-OPS Data API,https://api.tidesandcurrents.noaa.gov/api/prod/datagetter?product=water_level&application=tempo-earth2-workshop&begin_date=20260525&end_date=20260602&datum=MSL&station=8575512&time_zone=gmt&units=metric&interval=6&format=json,0.007,"0,0,0,0",v
2026-05-27 10:12:00+00:00,0.302,8575512,"Annapolis, MD",water_level,MSL,metric,NOAA CO-OPS Data API,https://api.tidesandcurrents.noaa.gov/api/prod/datagetter?product=water_level&application=tempo-earth2-workshop&begin_date=20260525&end_date=20260602&datum=MSL&station=8575512&time_zone=gmt&units=metric&interval=6&format=json,0.007,"0,0,0,0",v
2026-05-27 10:18:00+00:00,0.297,8575512,"Annapolis, MD",water_level,MSL,metric,NOAA CO-OPS Data API,https://api.tidesandcurrents.noaa.gov/api/prod/datagetter?product=water_level&application=tempo-earth2-workshop&begin_date=20260525&end_date=20260602&datum=MSL&station=8575512&time_zone=gmt&units=metric&interval=6&format=json,0.007,"0,0,0,0",v
2026-05-27 10:24:00+00:00,0.293,8575512,"Annapolis, MD",water_level,MSL,metric,NOAA CO-OPS Data API,https://api.tidesandcurrents.noaa.gov/api/prod/datagetter?product=water_level&application=tempo-earth2-workshop&begin_date=20260525&end_date=20260602&datum=MSL&station=8575512&time_zone=gmt&units=metric&interval=6&format=json,0.007,"0,0,0,0",v
2026-05-27 10:30:00+00:00,0.289,8575512,"Annapolis, MD",water_level,MSL,metric,NOAA CO-OPS Data API,https://api.tidesandcurrents.noaa.gov/api/prod/datagetter?product=water_level&application=tempo-earth2-workshop&begin_date=20260525&end_date=20260602&datum=MSL&station=8575512&time_zone=gmt&units=metric&interval=6&format=json,0.007,"0,0,0,0",v
2026-05-27 10:36:00+00:00,0.282,8575512,"Annapolis, MD",water_level,MSL,metric,NOAA CO-OPS Data API,https://api.tidesandcurrents.noaa.gov/api/prod/datagetter?product=water_level&application=tempo-earth2-workshop&begin_date=20260525&end_date=20260602&datum=MSL&station=8575512&time_zone=gmt&units=metric&interval=6&format=json,0.007,"0,0,0,0",v
2026-05-27 10:42:00+00:00,0.273,8575512,"Annapolis, MD",water_level,MSL,metric,NOAA CO-OPS Data API,https://api.tidesandcurrents.noaa.gov/api/prod/datagetter?product=water_level&application=tempo-earth2-workshop&begin_date=20260525&end_date=20260602&datum=MSL&station=8575512&time_zone=gmt&units=metric&interval=6&format=json,0.007,"0,0,0,0",v
2026-05-27 10:48:00+00:00,0.269,8575512,"Annapolis, MD",water_level,MSL,metric,NOAA CO-OPS Data API,https://api.tidesandcurrents.noaa.gov/api/prod/datagetter?product=water_level&application=tempo-earth2-workshop&begin_date=20260525&end_date=20260602&datum=MSL&station=8575512&time_zone=gmt&units=metric&interval=6&format=json,0.007,"0,0,0,0",v
2026-05-27 10:54:00+00:00,0.268,8575512,"Annapolis, MD",water_level,MSL,metric,NOAA CO-OPS Data API,https://api.tidesandcurrents.noaa.gov/api/prod/datagetter?product=water_level&application=tempo-earth2-workshop&begin_date=20260525&end_date=20260602&datum=MSL&station=8575512&time_zone=gmt&units=metric&interval=6&format=json,0.007,"0,0,0,0",v
2026-05-27 11:00:00+00:00,0.265,8575512,"Annapolis, MD",water_level,MSL,metric,NOAA CO-OPS Data API,https://api.tidesandcurrents.noaa.gov/api/prod/datagetter?product=water_level&application=tempo-earth2-workshop&begin_date=20260525&end_date=20260602&datum=MSL&station=8575512&time_zone=gmt&units=metric&interval=6&format=json,0.007,"0,0,0,0",v
2026-05-27 11:06:00+00:00,0.259,8575512,"Annapolis, MD",water_level,MSL,metric,NOAA CO-OPS Data API,https://api.tidesandcurrents.noaa.gov/api/prod/datagetter?product=water_level&application=tempo-earth2-workshop&begin_date=20260525&end_date=20260602&datum=MSL&station=8575512&time_zone=gmt&units=metric&interval=6&format=json,0.007,"0,0,0,0",v
2026-05-27 11:12:00+00:00,0.251,8575512,"Annapolis, MD",water_level,MSL,metric,NOAA CO-OPS Data API,https://api.tidesandcurrents.noaa.gov/api/prod/datagetter?product=water_level&application=tempo-earth2-workshop&begin_date=20260525&end_date=20260602&datum=MSL&station=8575512&time_zone=gmt&units=metric&interval=6&format=json,0.007,"0,0,0,0",v
2026-05-27 11:18:00+00:00,0.245,8575512,"Annapolis, MD",water_level,MSL,metric,NOAA CO-OPS Data API,https://api.tidesandcurrents.noaa.gov/api/prod/datagetter?product=water_level&application=tempo-earth2-workshop&begin_date=20260525&end_date=20260602&datum=MSL&station=8575512&time_zone=gmt&units=metric&interval=6&format=json,0.007,"0,0,0,0",v
2026-05-27 11:24:00+00:00,0.243,8575512,"Annapolis, MD",water_level,MSL,metric,NOAA CO-OPS Data API,https://api.tidesandcurrents.noaa.gov/api/prod/datagetter?product=water_level&application=tempo-earth2-workshop&begin_date=20260525&end_date=20260602&datum=MSL&station=8575512&time_zone=gmt&units=metric&interval=6&format=json,0.007,"0,0,0,0",v
2026-05-27 11:30:00+00:00,0.234,8575512,"Annapolis, MD",water_level,MSL,metric,NOAA CO-OPS Data API,https://api.tidesandcurrents.noaa.gov/api/prod/datagetter?product=water_level&application=tempo-earth2-workshop&begin_date=20260525&end_date=20260602&datum=MSL&station=8575512&time_zone=gmt&units=metric&interval=6&format=json,0.007,"0,0,0,0",v
2026-05-27 11:36:00+00:00,0.228,8575512,"Annapolis, MD",water_level,MSL,metric,NOAA CO-OPS Data API,https://api.tidesandcurrents.noaa.gov/api/prod/datagetter?product=water_level&application=tempo-earth2-workshop&begin_date=20260525&end_date=20260602&datum=MSL&station=8575512&time_zone=gmt&units=metric&interval=6&format=json,0.007,"0,0,0,0",v
2026-05-27 11:42:00+00:00,0.223,8575512,"Annapolis, MD",water_level,MSL,metric,NOAA CO-OPS Data API,https://api.tidesandcurrents.noaa.gov/api/prod/datagetter?product=water_level&application=tempo-earth2-workshop&begin_date=20260525&end_date=20260602&datum=MSL&station=8575512&time_zone=gmt&units=metric&interval=6&format=json,0.007,"0,0,0,0",v
2026-05-27 11:48:00+00:00,0.216,8575512,"Annapolis, MD",water_level,MSL,metric,NOAA CO-OPS Data API,https://api.tidesandcurrents.noaa.gov/api/prod/datagetter?product=water_level&application=tempo-earth2-workshop&begin_date=20260525&end_date=20260602&datum=MSL&station=8575512&time_zone=gmt&units=metric&interval=6&format=json,0.007,"0,0,0,0",v
2026-05-27 11:54:00+00:00,0.209,8575512,"Annapolis, MD",water_level,MSL,metric,NOAA CO-OPS Data API,https://api.tidesandcurrents.noaa.gov/api/prod/datagetter?product=water_level&application=tempo-earth2-workshop&begin_date=20260525&end_date=20260602&datum=MSL&station=8575512&time_zone=gmt&units=metric&interval=6&format=json,0.007,"0,0,0,0",v
2026-05-27 12:00:00+00:00,0.2,8575512,"Annapolis, MD",water_level,MSL,metric,NOAA CO-OPS Data API,https://api.tidesandcurrents.noaa.gov/api/prod/datagetter?product=water_level&application=tempo-earth2-workshop&begin_date=20260525&end_date=20260602&datum=MSL&station=8575512&time_zone=gmt&units=metric&interval=6&format=json,0.007,"0,0,0,0",v
2026-05-27 12:06:00+00:00,0.195,8575512,"Annapolis, MD",water_level,MSL,metric,NOAA CO-OPS Data API,https://api.tidesandcurrents.noaa.gov/api/prod/datagetter?product=water_level&application=tempo-earth2-workshop&begin_date=20260525&end_date=20260602&datum=MSL&station=8575512&time_zone=gmt&units=metric&interval=6&format=json,0.007,"0,0,0,0",v
2026-05-27 12:12:00+00:00,0.188,8575512,"Annapolis, MD",water_level,MSL,metric,NOAA CO-OPS Data API,https://api.tidesandcurrents.noaa.gov/api/prod/datagetter?product=water_level&application=tempo-earth2-workshop&begin_date=20260525&end_date=20260602&datum=MSL&station=8575512&time_zone=gmt&units=metric&interval=6&format=json,0.007,"0,0,0,0",v
2026-05-27 12:18:00+00:00,0.181,8575512,"Annapolis, MD",water_level,MSL,metric,NOAA CO-OPS Data API,https://api.tidesandcurrents.noaa.gov/api/prod/datagetter?product=water_level&application=tempo-earth2-workshop&begin_date=20260525&end_date=20260602&datum=MSL&station=8575512&time_zone=gmt&units=metric&interval=6&format=json,0.007,"0,0,0,0",v
2026-05-27 12:24:00+00:00,0.18,8575512,"Annapolis, MD",water_level,MSL,metric,NOAA CO-OPS Data API,https://api.tidesandcurrents.noaa.gov/api/prod/datagetter?product=water_level&application=tempo-earth2-workshop&begin_date=20260525&end_date=20260602&datum=MSL&station=8575512&time_zone=gmt&units=metric&interval=6&format=json,0.007,"0,0,0,0",v
2026-05-27 12:30:00+00:00,0.176,8575512,"Annapolis, MD",water_level,MSL,metric,NOAA CO-OPS Data API,https://api.tidesandcurrents.noaa.gov/api/prod/datagetter?product=water_level&application=tempo-earth2-workshop&begin_date=20260525&end_date=20260602&datum=MSL&station=8575512&time_zone=gmt&units=metric&interval=6&format=json,0.007,"0,0,0,0",v
2026-05-27 12:36:00+00:00,0.172,8575512,"Annapolis, MD",water_level,MSL,metric,NOAA CO-OPS Data API,https://api.tidesandcurrents.noaa.gov/api/prod/datagetter?product=water_level&application=tempo-earth2-workshop&begin_date=20260525&end_date=20260602&datum=MSL&station=8575512&time_zone=gmt&units=metric&interval=6&format=json,0.007,"0,0,0,0",v
2026-05-27 12:42:00+00:00,0.17,8575512,"Annapolis, MD",water_level,MSL,metric,NOAA CO-OPS Data API,https://api.tidesandcurrents.noaa.gov/api/prod/datagetter?product=water_level&application=tempo-earth2-workshop&begin_date=20260525&end_date=20260602&datum=MSL&station=8575512&time_zone=gmt&units=metric&interval=6&format=json,0.007,"0,0,0,0",v
2026-05-27 12:48:00+00:00,0.167,8575512,"Annapolis, MD",water_level,MSL,metric,NOAA CO-OPS Data API,https://api.tidesandcurrents.noaa.gov/api/prod/datagetter?product=water_level&application=tempo-earth2-workshop&begin_date=20260525&end_date=20260602&datum=MSL&station=8575512&time_zone=gmt&units=metric&interval=6&format=json,0.007,"0,0,0,0",v
2026-05-27 12:54:00+00:00,0.162,8575512,"Annapolis, MD",water_level,MSL,metric,NOAA CO-OPS Data API,https://api.tidesandcurrents.noaa.gov/api/prod/datagetter?product=water_level&application=tempo-earth2-workshop&begin_date=20260525&end_date=20260602&datum=MSL&station=8575512&time_zone=gmt&units=metric&interval=6&format=json,0.007,"0,0,0,0",v
2026-05-27 13:00:00+00:00,0.157,8575512,"Annapolis, MD",water_level,MSL,metric,NOAA CO-OPS Data API,https://api.tidesandcurrents.noaa.gov/api/prod/datagetter?product=water_level&application=tempo-earth2-workshop&begin_date=20260525&end_date=20260602&datum=MSL&station=8575512&time_zone=gmt&units=metric&interval=6&format=json,0.007,"0,0,0,0",v
2026-05-27 13:06:00+00:00,0.154,8575512,"Annapolis, MD",water_level,MSL,metric,NOAA CO-OPS Data API,https://api.tidesandcurrents.noaa.gov/api/prod/datagetter?product=water_level&application=tempo-earth2-workshop&begin_date=20260525&end_date=20260602&datum=MSL&station=8575512&time_zone=gmt&units=metric&interval=6&format=json,0.007,"0,0,0,0",v
2026-05-27 13:12:00+00:00,0.152,8575512,"Annapolis, MD",water_level,MSL,metric,NOAA CO-OPS Data API,https://api.tidesandcurrents.noaa.gov/api/prod/datagetter?product=water_level&application=tempo-earth2-workshop&begin_date=20260525&end_date=20260602&datum=MSL&station=8575512&time_zone=gmt&units=metric&interval=6&format=json,0.007,"0,0,0,0",v
2026-05-27 13:18:00+00:00,0.149,8575512,"Annapolis, MD",water_level,MSL,metric,NOAA CO-OPS Data API,https://api.tidesandcurrents.noaa.gov/api/prod/datagetter?product=water_level&application=tempo-earth2-workshop&begin_date=20260525&end_date=20260602&datum=MSL&station=8575512&time_zone=gmt&units=metric&interval=6&format=json,0.007,"0,0,0,0",v
2026-05-27 13:24:00+00:00,0.148,8575512,"Annapolis, MD",water_level,MSL,metric,NOAA CO-OPS Data API,https://api.tidesandcurrents.noaa.gov/api/prod/datagetter?product=water_level&application=tempo-earth2-workshop&begin_date=20260525&end_date=20260602&datum=MSL&station=8575512&time_zone=gmt&units=metric&interval=6&format=json,0.007,"0,0,0,0",v
2026-05-27 13:30:00+00:00,0.147,8575512,"Annapolis, MD",water_level,MSL,metric,NOAA CO-OPS Data API,https://api.tidesandcurrents.noaa.gov/api/prod/datagetter?product=water_level&application=tempo-earth2-workshop&begin_date=20260525&end_date=20260602&datum=MSL&station=8575512&time_zone=gmt&units=metric&interval=6&format=json,0.007,"0,0,0,0",v
2026-05-27 13:36:00+00:00,0.144,8575512,"Annapolis, MD",water_level,MSL,metric,NOAA CO-OPS Data API,https://api.tidesandcurrents.noaa.gov/api/prod/datagetter?product=water_level&application=tempo-earth2-workshop&begin_date=20260525&end_date=20260602&datum=MSL&station=8575512&time_zone=gmt&units=metric&interval=6&format=json,0.007,"0,0,0,0",v
2026-05-27 13:42:00+00:00,0.144,8575512,"Annapolis, MD",water_level,MSL,metric,NOAA CO-OPS Data API,https://api.tidesandcurrents.noaa.gov/api/prod/datagetter?product=water_level&application=tempo-earth2-workshop&begin_date=20260525&end_date=20260602&datum=MSL&station=8575512&time_zone=gmt&units=metric&interval=6&format=json,0.007,"0,0,0,0",v
2026-05-27 13:48:00+00:00,0.145,8575512,"Annapolis, MD",water_level,MSL,metric,NOAA CO-OPS Data API,https://api.tidesandcurrents.noaa.gov/api/prod/datagetter?product=water_level&application=tempo-earth2-workshop&begin_date=20260525&end_date=20260602&datum=MSL&station=8575512&time_zone=gmt&units=metric&interval=6&format=json,0.007,"0,0,0,0",v
2026-05-27 13:54:00+00:00,0.145,8575512,"Annapolis, MD",water_level,MSL,metric,NOAA CO-OPS Data API,https://api.tidesandcurrents.noaa.gov/api/prod/datagetter?product=water_level&application=tempo-earth2-workshop&begin_date=20260525&end_date=20260602&datum=MSL&station=8575512&time_zone=gmt&units=metric&interval=6&format=json,0.007,"0,0,0,0",v
2026-05-27 14:00:00+00:00,0.147,8575512,"Annapolis, MD",water_level,MSL,metric,NOAA CO-OPS Data API,https://api.tidesandcurrents.noaa.gov/api/prod/datagetter?product=water_level&application=tempo-earth2-workshop&begin_date=20260525&end_date=20260602&datum=MSL&station=8575512&time_zone=gmt&units=metric&interval=6&format=json,0.007,"0,0,0,0",v
2026-05-27 14:06:00+00:00,0.147,8575512,"Annapolis, MD",water_level,MSL,metric,NOAA CO-OPS Data API,https://api.tidesandcurrents.noaa.gov/api/prod/datagetter?product=water_level&application=tempo-earth2-workshop&begin_date=20260525&end_date=20260602&datum=MSL&station=8575512&time_zone=gmt&units=metric&interval=6&format=json,0.007,"0,0,0,0",v
2026-05-27 14:12:00+00:00,0.15,8575512,"Annapolis, MD",water_level,MSL,metric,NOAA CO-OPS Data API,https://api.tidesandcurrents.noaa.gov/api/prod/datagetter?product=water_level&application=tempo-earth2-workshop&begin_date=20260525&end_date=20260602&datum=MSL&station=8575512&time_zone=gmt&units=metric&interval=6&format=json,0.007,"0,0,0,0",v
2026-05-27 14:18:00+00:00,0.152,8575512,"Annapolis, MD",water_level,MSL,metric,NOAA CO-OPS Data API,https://api.tidesandcurrents.noaa.gov/api/prod/datagetter?product=water_level&application=tempo-earth2-workshop&begin_date=20260525&end_date=20260602&datum=MSL&station=8575512&time_zone=gmt&units=metric&interval=6&format=json,0.007,"0,0,0,0",v
2026-05-27 14:24:00+00:00,0.156,8575512,"Annapolis, MD",water_level,MSL,metric,NOAA CO-OPS Data API,https://api.tidesandcurrents.noaa.gov/api/prod/datagetter?product=water_level&application=tempo-earth2-workshop&begin_date=20260525&end_date=20260602&datum=MSL&station=8575512&time_zone=gmt&units=metric&interval=6&format=json,0.007,"0,0,0,0",v
2026-05-27 14:30:00+00:00,0.159,8575512,"Annapolis, MD",water_level,MSL,metric,NOAA CO-OPS Data API,https://api.tidesandcurrents.noaa.gov/api/prod/datagetter?product=water_level&application=tempo-earth2-workshop&begin_date=20260525&end_date=20260602&datum=MSL&station=8575512&time_zone=gmt&units=metric&interval=6&format=json,0.007,"0,0,0,0",v
2026-05-27 14:36:00+00:00,0.158,8575512,"Annapolis, MD",water_level,MSL,metric,NOAA CO-OPS Data API,https://api.tidesandcurrents.noaa.gov/api/prod/datagetter?product=water_level&application=tempo-earth2-workshop&begin_date=20260525&end_date=20260602&datum=MSL&station=8575512&time_zone=gmt&units=metric&interval=6&format=json,0.007,"0,0,0,0",v
2026-05-27 14:42:00+00:00,0.162,8575512,"Annapolis, MD",water_level,MSL,metric,NOAA CO-OPS Data API,https://api.tidesandcurrents.noaa.gov/api/prod/datagetter?product=water_level&application=tempo-earth2-workshop&begin_date=20260525&end_date=20260602&datum=MSL&station=8575512&time_zone=gmt&units=metric&interval=6&format=json,0.007,"0,0,0,0",v
2026-05-27 14:48:00+00:00,0.165,8575512,"Annapolis, MD",water_level,MSL,metric,NOAA CO-OPS Data API,https://api.tidesandcurrents.noaa.gov/api/prod/datagetter?product=water_level&application=tempo-earth2-workshop&begin_date=20260525&end_date=20260602&datum=MSL&station=8575512&time_zone=gmt&units=metric&interval=6&format=json,0.007,"0,0,0,0",v
2026-05-27 14:54:00+00:00,0.17,8575512,"Annapolis, MD",water_level,MSL,metric,NOAA CO-OPS Data API,https://api.tidesandcurrents.noaa.gov/api/prod/datagetter?product=water_level&application=tempo-earth2-workshop&begin_date=20260525&end_date=20260602&datum=MSL&station=8575512&time_zone=gmt&units=metric&interval=6&format=json,0.007,"0,0,0,0",v
2026-05-27 15:00:00+00:00,0.172,8575512,"Annapolis, MD",water_level,MSL,metric,NOAA CO-OPS Data API,https://api.tidesandcurrents.noaa.gov/api/prod/datagetter?product=water_level&application=tempo-earth2-workshop&begin_date=20260525&end_date=20260602&datum=MSL&station=8575512&time_zone=gmt&units=metric&interval=6&format=json,0.007,"0,0,0,0",v
2026-05-27 15:06:00+00:00,0.179,8575512,"Annapolis, MD",water_level,MSL,metric,NOAA CO-OPS Data API,https://api.tidesandcurrents.noaa.gov/api/prod/datagetter?product=water_level&application=tempo-earth2-workshop&begin_date=20260525&end_date=20260602&datum=MSL&station=8575512&time_zone=gmt&units=metric&interval=6&format=json,0.007,"0,0,0,0",v
2026-05-27 15:12:00+00:00,0.179,8575512,"Annapolis, MD",water_level,MSL,metric,NOAA CO-OPS Data API,https://api.tidesandcurrents.noaa.gov/api/prod/datagetter?product=water_level&application=tempo-earth2-workshop&begin_date=20260525&end_date=20260602&datum=MSL&station=8575512&time_zone=gmt&units=metric&interval=6&format=json,0.007,"0,0,0,0",v
2026-05-27 15:18:00+00:00,0.186,8575512,"Annapolis, MD",water_level,MSL,metric,NOAA CO-OPS Data API,https://api.tidesandcurrents.noaa.gov/api/prod/datagetter?product=water_level&application=tempo-earth2-workshop&begin_date=20260525&end_date=20260602&datum=MSL&station=8575512&time_zone=gmt&units=metric&interval=6&format=json,0.007,"0,0,0,0",v
2026-05-27 15:24:00+00:00,0.196,8575512,"Annapolis, MD",water_level,MSL,metric,NOAA CO-OPS Data API,https://api.tidesandcurrents.noaa.gov/api/prod/datagetter?product=water_level&application=tempo-earth2-workshop&begin_date=20260525&end_date=20260602&datum=MSL&station=8575512&time_zone=gmt&units=metric&interval=6&format=json,0.007,"0,0,0,0",v
2026-05-27 15:30:00+00:00,0.203,8575512,"Annapolis, MD",water_level,MSL,metric,NOAA CO-OPS Data API,https://api.tidesandcurrents.noaa.gov/api/prod/datagetter?product=water_level&application=tempo-earth2-workshop&begin_date=20260525&end_date=20260602&datum=MSL&station=8575512&time_zone=gmt&units=metric&interval=6&format=json,0.007,"0,0,0,0",v
2026-05-27 15:36:00+00:00,0.215,8575512,"Annapolis, MD",water_level,MSL,metric,NOAA CO-OPS Data API,https://api.tidesandcurrents.noaa.gov/api/prod/datagetter?product=water_level&application=tempo-earth2-workshop&begin_date=20260525&end_date=20260602&datum=MSL&station=8575512&time_zone=gmt&units=metric&interval=6&format=json,0.007,"0,0,0,0",v
2026-05-27 15:42:00+00:00,0.221,8575512,"Annapolis, MD",water_level,MSL,metric,NOAA CO-OPS Data API,https://api.tidesandcurrents.noaa.gov/api/prod/datagetter?product=water_level&application=tempo-earth2-workshop&begin_date=20260525&end_date=20260602&datum=MSL&station=8575512&time_zone=gmt&units=metric&interval=6&format=json,0.007,"0,0,0,0",v
2026-05-27 15:48:00+00:00,0.218,8575512,"Annapolis, MD",water_level,MSL,metric,NOAA CO-OPS Data API,https://api.tidesandcurrents.noaa.gov/api/prod/datagetter?product=water_level&application=tempo-earth2-workshop&begin_date=20260525&end_date=20260602&datum=MSL&station=8575512&time_zone=gmt&units=metric&interval=6&format=json,0.007,"0,0,0,0",v
2026-05-27 15:54:00+00:00,0.22,8575512,"Annapolis, MD",water_level,MSL,metric,NOAA CO-OPS Data API,https://api.tidesandcurrents.noaa.gov/api/prod/datagetter?product=water_level&application=tempo-earth2-workshop&begin_date=20260525&end_date=20260602&datum=MSL&station=8575512&time_zone=gmt&units=metric&interval=6&format=json,0.007,"0,0,0,0",v
2026-05-27 16:00:00+00:00,0.224,8575512,"Annapolis, MD",water_level,MSL,metric,NOAA CO-OPS Data API,https://api.tidesandcurrents.noaa.gov/api/prod/datagetter?product=water_level&application=tempo-earth2-workshop&begin_date=20260525&end_date=20260602&datum=MSL&station=8575512&time_zone=gmt&units=metric&interval=6&format=json,0.007,"0,0,0,0",v
2026-05-27 16:06:00+00:00,0.223,8575512,"Annapolis, MD",water_level,MSL,metric,NOAA CO-OPS Data API,https://api.tidesandcurrents.noaa.gov/api/prod/datagetter?product=water_level&application=tempo-earth2-workshop&begin_date=20260525&end_date=20260602&datum=MSL&station=8575512&time_zone=gmt&units=metric&interval=6&format=json,0.007,"0,0,0,0",v
2026-05-27 16:12:00+00:00,0.226,8575512,"Annapolis, MD",water_level,MSL,metric,NOAA CO-OPS Data API,https://api.tidesandcurrents.noaa.gov/api/prod/datagetter?product=water_level&application=tempo-earth2-workshop&begin_date=20260525&end_date=20260602&datum=MSL&station=8575512&time_zone=gmt&units=metric&interval=6&format=json,0.007,"0,0,0,0",v
2026-05-27 16:18:00+00:00,0.229,8575512,"Annapolis, MD",water_level,MSL,metric,NOAA CO-OPS Data API,https://api.tidesandcurrents.noaa.gov/api/prod/datagetter?product=water_level&application=tempo-earth2-workshop&begin_date=20260525&end_date=20260602&datum=MSL&station=8575512&time_zone=gmt&units=metric&interval=6&format=json,0.007,"0,0,0,0",v
2026-05-27 16:24:00+00:00,0.239,8575512,"Annapolis, MD",water_level,MSL,metric,NOAA CO-OPS Data API,https://api.tidesandcurrents.noaa.gov/api/prod/datagetter?product=water_level&application=tempo-earth2-workshop&begin_date=20260525&end_date=20260602&datum=MSL&station=8575512&time_zone=gmt&units=metric&interval=6&format=json,0.007,"0,0,0,0",v
2026-05-27 16:30:00+00:00,0.247,8575512,"Annapolis, MD",water_level,MSL,metric,NOAA CO-OPS Data API,https://api.tidesandcurrents.noaa.gov/api/prod/datagetter?product=water_level&application=tempo-earth2-workshop&begin_date=20260525&end_date=20260602&datum=MSL&station=8575512&time_zone=gmt&units=metric&interval=6&format=json,0.007,"0,0,0,0",v
2026-05-27 16:36:00+00:00,0.251,8575512,"Annapolis, MD",water_level,MSL,metric,NOAA CO-OPS Data API,https://api.tidesandcurrents.noaa.gov/api/prod/datagetter?product=water_level&application=tempo-earth2-workshop&begin_date=20260525&end_date=20260602&datum=MSL&station=8575512&time_zone=gmt&units=metric&interval=6&format=json,0.007,"0,0,0,0",v
2026-05-27 16:42:00+00:00,0.256,8575512,"Annapolis, MD",water_level,MSL,metric,NOAA CO-OPS Data API,https://api.tidesandcurrents.noaa.gov/api/prod/datagetter?product=water_level&application=tempo-earth2-workshop&begin_date=20260525&end_date=20260602&datum=MSL&station=8575512&time_zone=gmt&units=metric&interval=6&format=json,0.007,"0,0,0,0",v
2026-05-27 16:48:00+00:00,0.262,8575512,"Annapolis, MD",water_level,MSL,metric,NOAA CO-OPS Data API,https://api.tidesandcurrents.noaa.gov/api/prod/datagetter?product=water_level&application=tempo-earth2-workshop&begin_date=20260525&end_date=20260602&datum=MSL&station=8575512&time_zone=gmt&units=metric&interval=6&format=json,0.007,"0,0,0,0",v
2026-05-27 16:54:00+00:00,0.269,8575512,"Annapolis, MD",water_level,MSL,metric,NOAA CO-OPS Data API,https://api.tidesandcurrents.noaa.gov/api/prod/datagetter?product=water_level&application=tempo-earth2-workshop&begin_date=20260525&end_date=20260602&datum=MSL&station=8575512&time_zone=gmt&units=metric&interval=6&format=json,0.007,"0,0,0,0",v
2026-05-27 17:00:00+00:00,0.276,8575512,"Annapolis, MD",water_level,MSL,metric,NOAA CO-OPS Data API,https://api.tidesandcurrents.noaa.gov/api/prod/datagetter?product=water_level&application=tempo-earth2-workshop&begin_date=20260525&end_date=20260602&datum=MSL&station=8575512&time_zone=gmt&units=metric&interval=6&format=json,0.007,"0,0,0,0",v
2026-05-27 17:06:00+00:00,0.279,8575512,"Annapolis, MD",water_level,MSL,metric,NOAA CO-OPS Data API,https://api.tidesandcurrents.noaa.gov/api/prod/datagetter?product=water_level&application=tempo-earth2-workshop&begin_date=20260525&end_date=20260602&datum=MSL&station=8575512&time_zone=gmt&units=metric&interval=6&format=json,0.007,"0,0,0,0",v
2026-05-27 17:12:00+00:00,0.28,8575512,"Annapolis, MD",water_level,MSL,metric,NOAA CO-OPS Data API,https://api.tidesandcurrents.noaa.gov/api/prod/datagetter?product=water_level&application=tempo-earth2-workshop&begin_date=20260525&end_date=20260602&datum=MSL&station=8575512&time_zone=gmt&units=metric&interval=6&format=json,0.007,"0,0,0,0",v
2026-05-27 17:18:00+00:00,0.28,8575512,"Annapolis, MD",water_level,MSL,metric,NOAA CO-OPS Data API,https://api.tidesandcurrents.noaa.gov/api/prod/datagetter?product=water_level&application=tempo-earth2-workshop&begin_date=20260525&end_date=20260602&datum=MSL&station=8575512&time_zone=gmt&units=metric&interval=6&format=json,0.007,"0,0,0,0",v
2026-05-27 17:24:00+00:00,0.281,8575512,"Annapolis, MD",water_level,MSL,metric,NOAA CO-OPS Data API,https://api.tidesandcurrents.noaa.gov/api/prod/datagetter?product=water_level&application=tempo-earth2-workshop&begin_date=20260525&end_date=20260602&datum=MSL&station=8575512&time_zone=gmt&units=metric&interval=6&format=json,0.007,"0,0,0,0",v
2026-05-27 17:30:00+00:00,0.283,8575512,"Annapolis, MD",water_level,MSL,metric,NOAA CO-OPS Data API,https://api.tidesandcurrents.noaa.gov/api/prod/datagetter?product=water_level&application=tempo-earth2-workshop&begin_date=20260525&end_date=20260602&datum=MSL&station=8575512&time_zone=gmt&units=metric&interval=6&format=json,0.007,"0,0,0,0",v
2026-05-27 17:36:00+00:00,0.287,8575512,"Annapolis, MD",water_level,MSL,metric,NOAA CO-OPS Data API,https://api.tidesandcurrents.noaa.gov/api/prod/datagetter?product=water_level&application=tempo-earth2-workshop&begin_date=20260525&end_date=20260602&datum=MSL&station=8575512&time_zone=gmt&units=metric&interval=6&format=json,0.007,"0,0,0,0",v
2026-05-27 17:42:00+00:00,0.293,8575512,"Annapolis, MD",water_level,MSL,metric,NOAA CO-OPS Data API,https://api.tidesandcurrents.noaa.gov/api/prod/datagetter?product=water_level&application=tempo-earth2-workshop&begin_date=20260525&end_date=20260602&datum=MSL&station=8575512&time_zone=gmt&units=metric&interval=6&format=json,0.007,"0,0,0,0",v
2026-05-27 17:48:00+00:00,0.297,8575512,"Annapolis, MD",water_level,MSL,metric,NOAA CO-OPS Data API,https://api.tidesandcurrents.noaa.gov/api/prod/datagetter?product=water_level&application=tempo-earth2-workshop&begin_date=20260525&end_date=20260602&datum=MSL&station=8575512&time_zone=gmt&units=metric&interval=6&format=json,0.007,"0,0,0,0",v
2026-05-27 17:54:00+00:00,0.3,8575512,"Annapolis, MD",water_level,MSL,metric,NOAA CO-OPS Data API,https://api.tidesandcurrents.noaa.gov/api/prod/datagetter?product=water_level&application=tempo-earth2-workshop&begin_date=20260525&end_date=20260602&datum=MSL&station=8575512&time_zone=gmt&units=metric&interval=6&format=json,0.007,"0,0,0,0",v
2026-05-27 18:00:00+00:00,0.298,8575512,"Annapolis, MD",water_level,MSL,metric,NOAA CO-OPS Data API,https://api.tidesandcurrents.noaa.gov/api/prod/datagetter?product=water_level&application=tempo-earth2-workshop&begin_date=20260525&end_date=20260602&datum=MSL&station=8575512&time_zone=gmt&units=metric&interval=6&format=json,0.007,"0,0,0,0",v
2026-05-27 18:06:00+00:00,0.302,8575512,"Annapolis, MD",water_level,MSL,metric,NOAA CO-OPS Data API,https://api.tidesandcurrents.noaa.gov/api/prod/datagetter?product=water_level&application=tempo-earth2-workshop&begin_date=20260525&end_date=20260602&datum=MSL&station=8575512&time_zone=gmt&units=metric&interval=6&format=json,0.007,"0,0,0,0",v
2026-05-27 18:12:00+00:00,0.306,8575512,"Annapolis, MD",water_level,MSL,metric,NOAA CO-OPS Data API,https://api.tidesandcurrents.noaa.gov/api/prod/datagetter?product=water_level&application=tempo-earth2-workshop&begin_date=20260525&end_date=20260602&datum=MSL&station=8575512&time_zone=gmt&units=metric&interval=6&format=json,0.007,"0,0,0,0",v
2026-05-27 18:18:00+00:00,0.311,8575512,"Annapolis, MD",water_level,MSL,metric,NOAA CO-OPS Data API,https://api.tidesandcurrents.noaa.gov/api/prod/datagetter?product=water_level&application=tempo-earth2-workshop&begin_date=20260525&end_date=20260602&datum=MSL&station=8575512&time_zone=gmt&units=metric&interval=6&format=json,0.007,"0,0,0,0",v
2026-05-27 18:24:00+00:00,0.318,8575512,"Annapolis, MD",water_level,MSL,metric,NOAA CO-OPS Data API,https://api.tidesandcurrents.noaa.gov/api/prod/datagetter?product=water_level&application=tempo-earth2-workshop&begin_date=20260525&end_date=20260602&datum=MSL&station=8575512&time_zone=gmt&units=metric&interval=6&format=json,0.007,"0,0,0,0",v
2026-05-27 18:30:00+00:00,0.316,8575512,"Annapolis, MD",water_level,MSL,metric,NOAA CO-OPS Data API,https://api.tidesandcurrents.noaa.gov/api/prod/datagetter?product=water_level&application=tempo-earth2-workshop&begin_date=20260525&end_date=20260602&datum=MSL&station=8575512&time_zone=gmt&units=metric&interval=6&format=json,0.007,"0,0,0,0",v
2026-05-27 18:36:00+00:00,0.311,8575512,"Annapolis, MD",water_level,MSL,metric,NOAA CO-OPS Data API,https://api.tidesandcurrents.noaa.gov/api/prod/datagetter?product=water_level&application=tempo-earth2-workshop&begin_date=20260525&end_date=20260602&datum=MSL&station=8575512&time_zone=gmt&units=metric&interval=6&format=json,0.007,"0,0,0,0",v
2026-05-27 18:42:00+00:00,0.315,8575512,"Annapolis, MD",water_level,MSL,metric,NOAA CO-OPS Data API,https://api.tidesandcurrents.noaa.gov/api/prod/datagetter?product=water_level&application=tempo-earth2-workshop&begin_date=20260525&end_date=20260602&datum=MSL&station=8575512&time_zone=gmt&units=metric&interval=6&format=json,0.007,"0,0,0,0",v
2026-05-27 18:48:00+00:00,0.318,8575512,"Annapolis, MD",water_level,MSL,metric,NOAA CO-OPS Data API,https://api.tidesandcurrents.noaa.gov/api/prod/datagetter?product=water_level&application=tempo-earth2-workshop&begin_date=20260525&end_date=20260602&datum=MSL&station=8575512&time_zone=gmt&units=metric&interval=6&format=json,0.007,"0,0,0,0",v
2026-05-27 18:54:00+00:00,0.322,8575512,"Annapolis, MD",water_level,MSL,metric,NOAA CO-OPS Data API,https://api.tidesandcurrents.noaa.gov/api/prod/datagetter?product=water_level&application=tempo-earth2-workshop&begin_date=20260525&end_date=20260602&datum=MSL&station=8575512&time_zone=gmt&units=metric&interval=6&format=json,0.007,"0,0,0,0",v
2026-05-27 19:00:00+00:00,0.321,8575512,"Annapolis, MD",water_level,MSL,metric,NOAA CO-OPS Data API,https://api.tidesandcurrents.noaa.gov/api/prod/datagetter?product=water_level&application=tempo-earth2-workshop&begin_date=20260525&end_date=20260602&datum=MSL&station=8575512&time_zone=gmt&units=metric&interval=6&format=json,0.007,"0,0,0,0",v
2026-05-27 19:06:00+00:00,0.321,8575512,"Annapolis, MD",water_level,MSL,metric,NOAA CO-OPS Data API,https://api.tidesandcurrents.noaa.gov/api/prod/datagetter?product=water_level&application=tempo-earth2-workshop&begin_date=20260525&end_date=20260602&datum=MSL&station=8575512&time_zone=gmt&units=metric&interval=6&format=json,0.007,"0,0,0,0",v
2026-05-27 19:12:00+00:00,0.324,8575512,"Annapolis, MD",water_level,MSL,metric,NOAA CO-OPS Data API,https://api.tidesandcurrents.noaa.gov/api/prod/datagetter?product=water_level&application=tempo-earth2-workshop&begin_date=20260525&end_date=20260602&datum=MSL&station=8575512&time_zone=gmt&units=metric&interval=6&format=json,0.007,"0,0,0,0",v
2026-05-27 19:18:00+00:00,0.321,8575512,"Annapolis, MD",water_level,MSL,metric,NOAA CO-OPS Data API,https://api.tidesandcurrents.noaa.gov/api/prod/datagetter?product=water_level&application=tempo-earth2-workshop&begin_date=20260525&end_date=20260602&datum=MSL&station=8575512&time_zone=gmt&units=metric&interval=6&format=json,0.007,"0,0,0,0",v
2026-05-27 19:24:00+00:00,0.319,8575512,"Annapolis, MD",water_level,MSL,metric,NOAA CO-OPS Data API,https://api.tidesandcurrents.noaa.gov/api/prod/datagetter?product=water_level&application=tempo-earth2-workshop&begin_date=20260525&end_date=20260602&datum=MSL&station=8575512&time_zone=gmt&units=metric&interval=6&format=json,0.007,"0,0,0,0",v
2026-05-27 19:30:00+00:00,0.32,8575512,"Annapolis, MD",water_level,MSL,metric,NOAA CO-OPS Data API,https://api.tidesandcurrents.noaa.gov/api/prod/datagetter?product=water_level&application=tempo-earth2-workshop&begin_date=20260525&end_date=20260602&datum=MSL&station=8575512&time_zone=gmt&units=metric&interval=6&format=json,0.007,"0,0,0,0",v
2026-05-27 19:36:00+00:00,0.315,8575512,"Annapolis, MD",water_level,MSL,metric,NOAA CO-OPS Data API,https://api.tidesandcurrents.noaa.gov/api/prod/datagetter?product=water_level&application=tempo-earth2-workshop&begin_date=20260525&end_date=20260602&datum=MSL&station=8575512&time_zone=gmt&units=metric&interval=6&format=json,0.007,"0,0,0,0",v
2026-05-27 19:42:00+00:00,0.322,8575512,"Annapolis, MD",water_level,MSL,metric,NOAA CO-OPS Data API,https://api.tidesandcurrents.noaa.gov/api/prod/datagetter?product=water_level&application=tempo-earth2-workshop&begin_date=20260525&end_date=20260602&datum=MSL&station=8575512&time_zone=gmt&units=metric&interval=6&format=json,0.007,"0,0,0,0",v
2026-05-27 19:48:00+00:00,0.321,8575512,"Annapolis, MD",water_level,MSL,metric,NOAA CO-OPS Data API,https://api.tidesandcurrents.noaa.gov/api/prod/datagetter?product=water_level&application=tempo-earth2-workshop&begin_date=20260525&end_date=20260602&datum=MSL&station=8575512&time_zone=gmt&units=metric&interval=6&format=json,0.007,"0,0,0,0",v
2026-05-27 19:54:00+00:00,0.314,8575512,"Annapolis, MD",water_level,MSL,metric,NOAA CO-OPS Data API,https://api.tidesandcurrents.noaa.gov/api/prod/datagetter?product=water_level&application=tempo-earth2-workshop&begin_date=20260525&end_date=20260602&datum=MSL&station=8575512&time_zone=gmt&units=metric&interval=6&format=json,0.007,"0,0,0,0",v
2026-05-27 20:00:00+00:00,0.31,8575512,"Annapolis, MD",water_level,MSL,metric,NOAA CO-OPS Data API,https://api.tidesandcurrents.noaa.gov/api/prod/datagetter?product=water_level&application=tempo-earth2-workshop&begin_date=20260525&end_date=20260602&datum=MSL&station=8575512&time_zone=gmt&units=metric&interval=6&format=json,0.007,"0,0,0,0",v
2026-05-27 20:06:00+00:00,0.309,8575512,"Annapolis, MD",water_level,MSL,metric,NOAA CO-OPS Data API,https://api.tidesandcurrents.noaa.gov/api/prod/datagetter?product=water_level&application=tempo-earth2-workshop&begin_date=20260525&end_date=20260602&datum=MSL&station=8575512&time_zone=gmt&units=metric&interval=6&format=json,0.007,"0,0,0,0",v
2026-05-27 20:12:00+00:00,0.303,8575512,"Annapolis, MD",water_level,MSL,metric,NOAA CO-OPS Data API,https://api.tidesandcurrents.noaa.gov/api/prod/datagetter?product=water_level&application=tempo-earth2-workshop&begin_date=20260525&end_date=20260602&datum=MSL&station=8575512&time_zone=gmt&units=metric&interval=6&format=json,0.007,"0,0,0,0",v
2026-05-27 20:18:00+00:00,0.302,8575512,"Annapolis, MD",water_level,MSL,metric,NOAA CO-OPS Data API,https://api.tidesandcurrents.noaa.gov/api/prod/datagetter?product=water_level&application=tempo-earth2-workshop&begin_date=20260525&end_date=20260602&datum=MSL&station=8575512&time_zone=gmt&units=metric&interval=6&format=json,0.007,"0,0,0,0",v
2026-05-27 20:24:00+00:00,0.296,8575512,"Annapolis, MD",water_level,MSL,metric,NOAA CO-OPS Data API,https://api.tidesandcurrents.noaa.gov/api/prod/datagetter?product=water_level&application=tempo-earth2-workshop&begin_date=20260525&end_date=20260602&datum=MSL&station=8575512&time_zone=gmt&units=metric&interval=6&format=json,0.007,"0,0,0,0",v
2026-05-27 20:30:00+00:00,0.296,8575512,"Annapolis, MD",water_level,MSL,metric,NOAA CO-OPS Data API,https://api.tidesandcurrents.noaa.gov/api/prod/datagetter?product=water_level&application=tempo-earth2-workshop&begin_date=20260525&end_date=20260602&datum=MSL&station=8575512&time_zone=gmt&units=metric&interval=6&format=json,0.007,"0,0,0,0",v
2026-05-27 20:36:00+00:00,0.297,8575512,"Annapolis, MD",water_level,MSL,metric,NOAA CO-OPS Data API,https://api.tidesandcurrents.noaa.gov/api/prod/datagetter?product=water_level&application=tempo-earth2-workshop&begin_date=20260525&end_date=20260602&datum=MSL&station=8575512&time_zone=gmt&units=metric&interval=6&format=json,0.007,"0,0,0,0",v
2026-05-27 20:42:00+00:00,0.286,8575512,"Annapolis, MD",water_level,MSL,metric,NOAA CO-OPS Data API,https://api.tidesandcurrents.noaa.gov/api/prod/datagetter?product=water_level&application=tempo-earth2-workshop&begin_date=20260525&end_date=20260602&datum=MSL&station=8575512&time_zone=gmt&units=metric&interval=6&format=json,0.007,"0,0,0,0",v
2026-05-27 20:48:00+00:00,0.277,8575512,"Annapolis, MD",water_level,MSL,metric,NOAA CO-OPS Data API,https://api.tidesandcurrents.noaa.gov/api/prod/datagetter?product=water_level&application=tempo-earth2-workshop&begin_date=20260525&end_date=20260602&datum=MSL&station=8575512&time_zone=gmt&units=metric&interval=6&format=json,0.007,"0,0,0,0",v
2026-05-27 20:54:00+00:00,0.271,8575512,"Annapolis, MD",water_level,MSL,metric,NOAA CO-OPS Data API,https://api.tidesandcurrents.noaa.gov/api/prod/datagetter?product=water_level&application=tempo-earth2-workshop&begin_date=20260525&end_date=20260602&datum=MSL&station=8575512&time_zone=gmt&units=metric&interval=6&format=json,0.007,"0,0,0,0",v
2026-05-27 21:00:00+00:00,0.263,8575512,"Annapolis, MD",water_level,MSL,metric,NOAA CO-OPS Data API,https://api.tidesandcurrents.noaa.gov/api/prod/datagetter?product=water_level&application=tempo-earth2-workshop&begin_date=20260525&end_date=20260602&datum=MSL&station=8575512&time_zone=gmt&units=metric&interval=6&format=json,0.007,"0,0,0,0",v
2026-05-27 21:06:00+00:00,0.259,8575512,"Annapolis, MD",water_level,MSL,metric,NOAA CO-OPS Data API,https://api.tidesandcurrents.noaa.gov/api/prod/datagetter?product=water_level&application=tempo-earth2-workshop&begin_date=20260525&end_date=20260602&datum=MSL&station=8575512&time_zone=gmt&units=metric&interval=6&format=json,0.007,"0,0,0,0",v
2026-05-27 21:12:00+00:00,0.248,8575512,"Annapolis, MD",water_level,MSL,metric,NOAA CO-OPS Data API,https://api.tidesandcurrents.noaa.gov/api/prod/datagetter?product=water_level&application=tempo-earth2-workshop&begin_date=20260525&end_date=20260602&datum=MSL&station=8575512&time_zone=gmt&units=metric&interval=6&format=json,0.007,"0,0,0,0",v
2026-05-27 21:18:00+00:00,0.242,8575512,"Annapolis, MD",water_level,MSL,metric,NOAA CO-OPS Data API,https://api.tidesandcurrents.noaa.gov/api/prod/datagetter?product=water_level&application=tempo-earth2-workshop&begin_date=20260525&end_date=20260602&datum=MSL&station=8575512&time_zone=gmt&units=metric&interval=6&format=json,0.007,"0,0,0,0",v
2026-05-27 21:24:00+00:00,0.239,8575512,"Annapolis, MD",water_level,MSL,metric,NOAA CO-OPS Data API,https://api.tidesandcurrents.noaa.gov/api/prod/datagetter?product=water_level&application=tempo-earth2-workshop&begin_date=20260525&end_date=20260602&datum=MSL&station=8575512&time_zone=gmt&units=metric&interval=6&format=json,0.007,"0,0,0,0",v
2026-05-27 21:30:00+00:00,0.235,8575512,"Annapolis, MD",water_level,MSL,metric,NOAA CO-OPS Data API,https://api.tidesandcurrents.noaa.gov/api/prod/datagetter?product=water_level&application=tempo-earth2-workshop&begin_date=20260525&end_date=20260602&datum=MSL&station=8575512&time_zone=gmt&units=metric&interval=6&format=json,0.007,"0,0,0,0",v
2026-05-27 21:36:00+00:00,0.227,8575512,"Annapolis, MD",water_level,MSL,metric,NOAA CO-OPS Data API,https://api.tidesandcurrents.noaa.gov/api/prod/datagetter?product=water_level&application=tempo-earth2-workshop&begin_date=20260525&end_date=20260602&datum=MSL&station=8575512&time_zone=gmt&units=metric&interval=6&format=json,0.007,"0,0,0,0",v
2026-05-27 21:42:00+00:00,0.217,8575512,"Annapolis, MD",water_level,MSL,metric,NOAA CO-OPS Data API,https://api.tidesandcurrents.noaa.gov/api/prod/datagetter?product=water_level&application=tempo-earth2-workshop&begin_date=20260525&end_date=20260602&datum=MSL&station=8575512&time_zone=gmt&units=metric&interval=6&format=json,0.007,"0,0,0,0",v
2026-05-27 21:48:00+00:00,0.21,8575512,"Annapolis, MD",water_level,MSL,metric,NOAA CO-OPS Data API,https://api.tidesandcurrents.noaa.gov/api/prod/datagetter?product=water_level&application=tempo-earth2-workshop&begin_date=20260525&end_date=20260602&datum=MSL&station=8575512&time_zone=gmt&units=metric&interval=6&format=json,0.007,"0,0,0,0",v
2026-05-27 21:54:00+00:00,0.204,8575512,"Annapolis, MD",water_level,MSL,metric,NOAA CO-OPS Data API,https://api.tidesandcurrents.noaa.gov/api/prod/datagetter?product=water_level&application=tempo-earth2-workshop&begin_date=20260525&end_date=20260602&datum=MSL&station=8575512&time_zone=gmt&units=metric&interval=6&format=json,0.007,"0,0,0,0",v
2026-05-27 22:00:00+00:00,0.196,8575512,"Annapolis, MD",water_level,MSL,metric,NOAA CO-OPS Data API,https://api.tidesandcurrents.noaa.gov/api/prod/datagetter?product=water_level&application=tempo-earth2-workshop&begin_date=20260525&end_date=20260602&datum=MSL&station=8575512&time_zone=gmt&units=metric&interval=6&format=json,0.007,"0,0,0,0",v
2026-05-27 22:06:00+00:00,0.191,8575512,"Annapolis, MD",water_level,MSL,metric,NOAA CO-OPS Data API,https://api.tidesandcurrents.noaa.gov/api/prod/datagetter?product=water_level&application=tempo-earth2-workshop&begin_date=20260525&end_date=20260602&datum=MSL&station=8575512&time_zone=gmt&units=metric&interval=6&format=json,0.007,"0,0,0,0",v
2026-05-27 22:12:00+00:00,0.188,8575512,"Annapolis, MD",water_level,MSL,metric,NOAA CO-OPS Data API,https://api.tidesandcurrents.noaa.gov/api/prod/datagetter?product=water_level&application=tempo-earth2-workshop&begin_date=20260525&end_date=20260602&datum=MSL&station=8575512&time_zone=gmt&units=metric&interval=6&format=json,0.007,"0,0,0,0",v
2026-05-27 22:18:00+00:00,0.182,8575512,"Annapolis, MD",water_level,MSL,metric,NOAA CO-OPS Data API,https://api.tidesandcurrents.noaa.gov/api/prod/datagetter?product=water_level&application=tempo-earth2-workshop&begin_date=20260525&end_date=20260602&datum=MSL&station=8575512&time_zone=gmt&units=metric&interval=6&format=json,0.007,"0,0,0,0",v
2026-05-27 22:24:00+00:00,0.177,8575512,"Annapolis, MD",water_level,MSL,metric,NOAA CO-OPS Data API,https://api.tidesandcurrents.noaa.gov/api/prod/datagetter?product=water_level&application=tempo-earth2-workshop&begin_date=20260525&end_date=20260602&datum=MSL&station=8575512&time_zone=gmt&units=metric&interval=6&format=json,0.007,"0,0,0,0",v
2026-05-27 22:30:00+00:00,0.173,8575512,"Annapolis, MD",water_level,MSL,metric,NOAA CO-OPS Data API,https://api.tidesandcurrents.noaa.gov/api/prod/datagetter?product=water_level&application=tempo-earth2-workshop&begin_date=20260525&end_date=20260602&datum=MSL&station=8575512&time_zone=gmt&units=metric&interval=6&format=json,0.007,"0,0,0,0",v
2026-05-27 22:36:00+00:00,0.164,8575512,"Annapolis, MD",water_level,MSL,metric,NOAA CO-OPS Data API,https://api.tidesandcurrents.noaa.gov/api/prod/datagetter?product=water_level&application=tempo-earth2-workshop&begin_date=20260525&end_date=20260602&datum=MSL&station=8575512&time_zone=gmt&units=metric&interval=6&format=json,0.007,"0,0,0,0",v
2026-05-27 22:42:00+00:00,0.157,8575512,"Annapolis, MD",water_level,MSL,metric,NOAA CO-OPS Data API,https://api.tidesandcurrents.noaa.gov/api/prod/datagetter?product=water_level&application=tempo-earth2-workshop&begin_date=20260525&end_date=20260602&datum=MSL&station=8575512&time_zone=gmt&units=metric&interval=6&format=json,0.007,"0,0,0,0",v
2026-05-27 22:48:00+00:00,0.151,8575512,"Annapolis, MD",water_level,MSL,metric,NOAA CO-OPS Data API,https://api.tidesandcurrents.noaa.gov/api/prod/datagetter?product=water_level&application=tempo-earth2-workshop&begin_date=20260525&end_date=20260602&datum=MSL&station=8575512&time_zone=gmt&units=metric&interval=6&format=json,0.007,"0,0,0,0",v
2026-05-27 22:54:00+00:00,0.142,8575512,"Annapolis, MD",water_level,MSL,metric,NOAA CO-OPS Data API,https://api.tidesandcurrents.noaa.gov/api/prod/datagetter?product=water_level&application=tempo-earth2-workshop&begin_date=20260525&end_date=20260602&datum=MSL&station=8575512&time_zone=gmt&units=metric&interval=6&format=json,0.007,"0,0,0,0",v
2026-05-27 23:00:00+00:00,0.134,8575512,"Annapolis, MD",water_level,MSL,metric,NOAA CO-OPS Data API,https://api.tidesandcurrents.noaa.gov/api/prod/datagetter?product=water_level&application=tempo-earth2-workshop&begin_date=20260525&end_date=20260602&datum=MSL&station=8575512&time_zone=gmt&units=metric&interval=6&format=json,0.007,"0,0,0,0",v
2026-05-27 23:06:00+00:00,0.126,8575512,"Annapolis, MD",water_level,MSL,metric,NOAA CO-OPS Data API,https://api.tidesandcurrents.noaa.gov/api/prod/datagetter?product=water_level&application=tempo-earth2-workshop&begin_date=20260525&end_date=20260602&datum=MSL&station=8575512&time_zone=gmt&units=metric&interval=6&format=json,0.007,"0,0,0,0",v
2026-05-27 23:12:00+00:00,0.119,8575512,"Annapolis, MD",water_level,MSL,metric,NOAA CO-OPS Data API,https://api.tidesandcurrents.noaa.gov/api/prod/datagetter?product=water_level&application=tempo-earth2-workshop&begin_date=20260525&end_date=20260602&datum=MSL&station=8575512&time_zone=gmt&units=metric&interval=6&format=json,0.007,"0,0,0,0",v
2026-05-27 23:18:00+00:00,0.112,8575512,"Annapolis, MD",water_level,MSL,metric,NOAA CO-OPS Data API,https://api.tidesandcurrents.noaa.gov/api/prod/datagetter?product=water_level&application=tempo-earth2-workshop&begin_date=20260525&end_date=20260602&datum=MSL&station=8575512&time_zone=gmt&units=metric&interval=6&format=json,0.007,"0,0,0,0",v
2026-05-27 23:24:00+00:00,0.107,8575512,"Annapolis, MD",water_level,MSL,metric,NOAA CO-OPS Data API,https://api.tidesandcurrents.noaa.gov/api/prod/datagetter?product=water_level&application=tempo-earth2-workshop&begin_date=20260525&end_date=20260602&datum=MSL&station=8575512&time_zone=gmt&units=metric&interval=6&format=json,0.007,"0,0,0,0",v
2026-05-27 23:30:00+00:00,0.103,8575512,"Annapolis, MD",water_level,MSL,metric,NOAA CO-OPS Data API,https://api.tidesandcurrents.noaa.gov/api/prod/datagetter?product=water_level&application=tempo-earth2-workshop&begin_date=20260525&end_date=20260602&datum=MSL&station=8575512&time_zone=gmt&units=metric&interval=6&format=json,0.007,"0,0,0,0",v
2026-05-27 23:36:00+00:00,0.099,8575512,"Annapolis, MD",water_level,MSL,metric,NOAA CO-OPS Data API,https://api.tidesandcurrents.noaa.gov/api/prod/datagetter?product=water_level&application=tempo-earth2-workshop&begin_date=20260525&end_date=20260602&datum=MSL&station=8575512&time_zone=gmt&units=metric&interval=6&format=json,0.007,"0,0,0,0",v
2026-05-27 23:42:00+00:00,0.089,8575512,"Annapolis, MD",water_level,MSL,metric,NOAA CO-OPS Data API,https://api.tidesandcurrents.noaa.gov/api/prod/datagetter?product=water_level&application=tempo-earth2-workshop&begin_date=20260525&end_date=20260602&datum=MSL&station=8575512&time_zone=gmt&units=metric&interval=6&format=json,0.007,"0,0,0,0",v
2026-05-27 23:48:00+00:00,0.081,8575512,"Annapolis, MD",water_level,MSL,metric,NOAA CO-OPS Data API,https://api.tidesandcurrents.noaa.gov/api/prod/datagetter?product=water_level&application=tempo-earth2-workshop&begin_date=20260525&end_date=20260602&datum=MSL&station=8575512&time_zone=gmt&units=metric&interval=6&format=json,0.007,"0,0,0,0",v
2026-05-27 23:54:00+00:00,0.071,8575512,"Annapolis, MD",water_level,MSL,metric,NOAA CO-OPS Data API,https://api.tidesandcurrents.noaa.gov/api/prod/datagetter?product=water_level&application=tempo-earth2-workshop&begin_date=20260525&end_date=20260602&datum=MSL&station=8575512&time_zone=gmt&units=metric&interval=6&format=json,0.007,"0,0,0,0",v
2026-05-28 00:00:00+00:00,0.065,8575512,"Annapolis, MD",water_level,MSL,metric,NOAA CO-OPS Data API,https://api.tidesandcurrents.noaa.gov/api/prod/datagetter?product=water_level&application=tempo-earth2-workshop&begin_date=20260525&end_date=20260602&datum=MSL&station=8575512&time_zone=gmt&units=metric&interval=6&format=json,0.007,"0,0,0,0",v
2026-05-28 00:06:00+00:00,0.059,8575512,"Annapolis, MD",water_level,MSL,metric,NOAA CO-OPS Data API,https://api.tidesandcurrents.noaa.gov/api/prod/datagetter?product=water_level&application=tempo-earth2-workshop&begin_date=20260525&end_date=20260602&datum=MSL&station=8575512&time_zone=gmt&units=metric&interval=6&format=json,0.007,"0,0,0,0",v
2026-05-28 00:12:00+00:00,0.057,8575512,"Annapolis, MD",water_level,MSL,metric,NOAA CO-OPS Data API,https://api.tidesandcurrents.noaa.gov/api/prod/datagetter?product=water_level&application=tempo-earth2-workshop&begin_date=20260525&end_date=20260602&datum=MSL&station=8575512&time_zone=gmt&units=metric&interval=6&format=json,0.007,"0,0,0,0",v
2026-05-28 00:18:00+00:00,0.055,8575512,"Annapolis, MD",water_level,MSL,metric,NOAA CO-OPS Data API,https://api.tidesandcurrents.noaa.gov/api/prod/datagetter?product=water_level&application=tempo-earth2-workshop&begin_date=20260525&end_date=20260602&datum=MSL&station=8575512&time_zone=gmt&units=metric&interval=6&format=json,0.007,"0,0,0,0",v
2026-05-28 00:24:00+00:00,0.049,8575512,"Annapolis, MD",water_level,MSL,metric,NOAA CO-OPS Data API,https://api.tidesandcurrents.noaa.gov/api/prod/datagetter?product=water_level&application=tempo-earth2-workshop&begin_date=20260525&end_date=20260602&datum=MSL&station=8575512&time_zone=gmt&units=metric&interval=6&format=json,0.007,"0,0,0,0",v
2026-05-28 00:30:00+00:00,0.046,8575512,"Annapolis, MD",water_level,MSL,metric,NOAA CO-OPS Data API,https://api.tidesandcurrents.noaa.gov/api/prod/datagetter?product=water_level&application=tempo-earth2-workshop&begin_date=20260525&end_date=20260602&datum=MSL&station=8575512&time_zone=gmt&units=metric&interval=6&format=json,0.007,"0,0,0,0",v
2026-05-28 00:36:00+00:00,0.041,8575512,"Annapolis, MD",water_level,MSL,metric,NOAA CO-OPS Data API,https://api.tidesandcurrents.noaa.gov/api/prod/datagetter?product=water_level&application=tempo-earth2-workshop&begin_date=20260525&end_date=20260602&datum=MSL&station=8575512&time_zone=gmt&units=metric&interval=6&format=json,0.007,"0,0,0,0",v
2026-05-28 00:42:00+00:00,0.036,8575512,"Annapolis, MD",water_level,MSL,metric,NOAA CO-OPS Data API,https://api.tidesandcurrents.noaa.gov/api/prod/datagetter?product=water_level&application=tempo-earth2-workshop&begin_date=20260525&end_date=20260602&datum=MSL&station=8575512&time_zone=gmt&units=metric&interval=6&format=json,0.007,"0,0,0,0",v
2026-05-28 00:48:00+00:00,0.035,8575512,"Annapolis, MD",water_level,MSL,metric,NOAA CO-OPS Data API,https://api.tidesandcurrents.noaa.gov/api/prod/datagetter?product=water_level&application=tempo-earth2-workshop&begin_date=20260525&end_date=20260602&datum=MSL&station=8575512&time_zone=gmt&units=metric&interval=6&format=json,0.007,"0,0,0,0",v
2026-05-28 00:54:00+00:00,0.032,8575512,"Annapolis, MD",water_level,MSL,metric,NOAA CO-OPS Data API,https://api.tidesandcurrents.noaa.gov/api/prod/datagetter?product=water_level&application=tempo-earth2-workshop&begin_date=20260525&end_date=20260602&datum=MSL&station=8575512&time_zone=gmt&units=metric&interval=6&format=json,0.007,"0,0,0,0",v
2026-05-28 01:00:00+00:00,0.027,8575512,"Annapolis, MD",water_level,MSL,metric,NOAA CO-OPS Data API,https://api.tidesandcurrents.noaa.gov/api/prod/datagetter?product=water_level&application=tempo-earth2-workshop&begin_date=20260525&end_date=20260602&datum=MSL&station=8575512&time_zone=gmt&units=metric&interval=6&format=json,0.007,"0,0,0,0",v
2026-05-28 01:06:00+00:00,0.024,8575512,"Annapolis, MD",water_level,MSL,metric,NOAA CO-OPS Data API,https://api.tidesandcurrents.noaa.gov/api/prod/datagetter?product=water_level&application=tempo-earth2-workshop&begin_date=20260525&end_date=20260602&datum=MSL&station=8575512&time_zone=gmt&units=metric&interval=6&format=json,0.007,"0,0,0,0",v
2026-05-28 01:12:00+00:00,0.02,8575512,"Annapolis, MD",water_level,MSL,metric,NOAA CO-OPS Data API,https://api.tidesandcurrents.noaa.gov/api/prod/datagetter?product=water_level&application=tempo-earth2-workshop&begin_date=20260525&end_date=20260602&datum=MSL&station=8575512&time_zone=gmt&units=metric&interval=6&format=json,0.007,"0,0,0,0",v
2026-05-28 01:18:00+00:00,0.019,8575512,"Annapolis, MD",water_level,MSL,metric,NOAA CO-OPS Data API,https://api.tidesandcurrents.noaa.gov/api/prod/datagetter?product=water_level&application=tempo-earth2-workshop&begin_date=20260525&end_date=20260602&datum=MSL&station=8575512&time_zone=gmt&units=metric&interval=6&format=json,0.007,"0,0,0,0",v
2026-05-28 01:24:00+00:00,0.017,8575512,"Annapolis, MD",water_level,MSL,metric,NOAA CO-OPS Data API,https://api.tidesandcurrents.noaa.gov/api/prod/datagetter?product=water_level&application=tempo-earth2-workshop&begin_date=20260525&end_date=20260602&datum=MSL&station=8575512&time_zone=gmt&units=metric&interval=6&format=json,0.007,"0,0,0,0",v
2026-05-28 01:30:00+00:00,0.013,8575512,"Annapolis, MD",water_level,MSL,metric,NOAA CO-OPS Data API,https://api.tidesandcurrents.noaa.gov/api/prod/datagetter?product=water_level&application=tempo-earth2-workshop&begin_date=20260525&end_date=20260602&datum=MSL&station=8575512&time_zone=gmt&units=metric&interval=6&format=json,0.007,"0,0,0,0",v
2026-05-28 01:36:00+00:00,0.015,8575512,"Annapolis, MD",water_level,MSL,metric,NOAA CO-OPS Data API,https://api.tidesandcurrents.noaa.gov/api/prod/datagetter?product=water_level&application=tempo-earth2-workshop&begin_date=20260525&end_date=20260602&datum=MSL&station=8575512&time_zone=gmt&units=metric&interval=6&format=json,0.007,"0,0,0,0",v
2026-05-28 01:42:00+00:00,0.013,8575512,"Annapolis, MD",water_level,MSL,metric,NOAA CO-OPS Data API,https://api.tidesandcurrents.noaa.gov/api/prod/datagetter?product=water_level&application=tempo-earth2-workshop&begin_date=20260525&end_date=20260602&datum=MSL&station=8575512&time_zone=gmt&units=metric&interval=6&format=json,0.007,"0,0,0,0",v
2026-05-28 01:48:00+00:00,0.016,8575512,"Annapolis, MD",water_level,MSL,metric,NOAA CO-OPS Data API,https://api.tidesandcurrents.noaa.gov/api/prod/datagetter?product=water_level&application=tempo-earth2-workshop&begin_date=20260525&end_date=20260602&datum=MSL&station=8575512&time_zone=gmt&units=metric&interval=6&format=json,0.007,"0,0,0,0",v
2026-05-28 01:54:00+00:00,0.019,8575512,"Annapolis, MD",water_level,MSL,metric,NOAA CO-OPS Data API,https://api.tidesandcurrents.noaa.gov/api/prod/datagetter?product=water_level&application=tempo-earth2-workshop&begin_date=20260525&end_date=20260602&datum=MSL&station=8575512&time_zone=gmt&units=metric&interval=6&format=json,0.007,"0,0,0,0",v
2026-05-28 02:00:00+00:00,0.019,8575512,"Annapolis, MD",water_level,MSL,metric,NOAA CO-OPS Data API,https://api.tidesandcurrents.noaa.gov/api/prod/datagetter?product=water_level&application=tempo-earth2-workshop&begin_date=20260525&end_date=20260602&datum=MSL&station=8575512&time_zone=gmt&units=metric&interval=6&format=json,0.007,"0,0,0,0",v
2026-05-28 02:06:00+00:00,0.023,8575512,"Annapolis, MD",water_level,MSL,metric,NOAA CO-OPS Data API,https://api.tidesandcurrents.noaa.gov/api/prod/datagetter?product=water_level&application=tempo-earth2-workshop&begin_date=20260525&end_date=20260602&datum=MSL&station=8575512&time_zone=gmt&units=metric&interval=6&format=json,0.007,"0,0,0,0",v
2026-05-28 02:12:00+00:00,0.028,8575512,"Annapolis, MD",water_level,MSL,metric,NOAA CO-OPS Data API,https://api.tidesandcurrents.noaa.gov/api/prod/datagetter?product=water_level&application=tempo-earth2-workshop&begin_date=20260525&end_date=20260602&datum=MSL&station=8575512&time_zone=gmt&units=metric&interval=6&format=json,0.007,"0,0,0,0",v
2026-05-28 02:18:00+00:00,0.031,8575512,"Annapolis, MD",water_level,MSL,metric,NOAA CO-OPS Data API,https://api.tidesandcurrents.noaa.gov/api/prod/datagetter?product=water_level&application=tempo-earth2-workshop&begin_date=20260525&end_date=20260602&datum=MSL&station=8575512&time_zone=gmt&units=metric&interval=6&format=json,0.007,"0,0,0,0",v
2026-05-28 02:24:00+00:00,0.037,8575512,"Annapolis, MD",water_level,MSL,metric,NOAA CO-OPS Data API,https://api.tidesandcurrents.noaa.gov/api/prod/datagetter?product=water_level&application=tempo-earth2-workshop&begin_date=20260525&end_date=20260602&datum=MSL&station=8575512&time_zone=gmt&units=metric&interval=6&format=json,0.007,"0,0,0,0",v
2026-05-28 02:30:00+00:00,0.044,8575512,"Annapolis, MD",water_level,MSL,metric,NOAA CO-OPS Data API,https://api.tidesandcurrents.noaa.gov/api/prod/datagetter?product=water_level&application=tempo-earth2-workshop&begin_date=20260525&end_date=20260602&datum=MSL&station=8575512&time_zone=gmt&units=metric&interval=6&format=json,0.007,"0,0,0,0",v
2026-05-28 02:36:00+00:00,0.048,8575512,"Annapolis, MD",water_level,MSL,metric,NOAA CO-OPS Data API,https://api.tidesandcurrents.noaa.gov/api/prod/datagetter?product=water_level&application=tempo-earth2-workshop&begin_date=20260525&end_date=20260602&datum=MSL&station=8575512&time_zone=gmt&units=metric&interval=6&format=json,0.007,"0,0,0,0",v
2026-05-28 02:42:00+00:00,0.055,8575512,"Annapolis, MD",water_level,MSL,metric,NOAA CO-OPS Data API,https://api.tidesandcurrents.noaa.gov/api/prod/datagetter?product=water_level&application=tempo-earth2-workshop&begin_date=20260525&end_date=20260602&datum=MSL&station=8575512&time_zone=gmt&units=metric&interval=6&format=json,0.007,"0,0,0,0",v
2026-05-28 02:48:00+00:00,0.058,8575512,"Annapolis, MD",water_level,MSL,metric,NOAA CO-OPS Data API,https://api.tidesandcurrents.noaa.gov/api/prod/datagetter?product=water_level&application=tempo-earth2-workshop&begin_date=20260525&end_date=20260602&datum=MSL&station=8575512&time_zone=gmt&units=metric&interval=6&format=json,0.007,"0,0,0,0",v
2026-05-28 02:54:00+00:00,0.066,8575512,"Annapolis, MD",water_level,MSL,metric,NOAA CO-OPS Data API,https://api.tidesandcurrents.noaa.gov/api/prod/datagetter?product=water_level&application=tempo-earth2-workshop&begin_date=20260525&end_date=20260602&datum=MSL&station=8575512&time_zone=gmt&units=metric&interval=6&format=json,0.007,"0,0,0,0",v
2026-05-28 03:00:00+00:00,0.076,8575512,"Annapolis, MD",water_level,MSL,metric,NOAA CO-OPS Data API,https://api.tidesandcurrents.noaa.gov/api/prod/datagetter?product=water_level&application=tempo-earth2-workshop&begin_date=20260525&end_date=20260602&datum=MSL&station=8575512&time_zone=gmt&units=metric&interval=6&format=json,0.007,"0,0,0,0",v
2026-05-28 03:06:00+00:00,0.086,8575512,"Annapolis, MD",water_level,MSL,metric,NOAA CO-OPS Data API,https://api.tidesandcurrents.noaa.gov/api/prod/datagetter?product=water_level&application=tempo-earth2-workshop&begin_date=20260525&end_date=20260602&datum=MSL&station=8575512&time_zone=gmt&units=metric&interval=6&format=json,0.007,"0,0,0,0",v
2026-05-28 03:12:00+00:00,0.098,8575512,"Annapolis, MD",water_level,MSL,metric,NOAA CO-OPS Data API,https://api.tidesandcurrents.noaa.gov/api/prod/datagetter?product=water_level&application=tempo-earth2-workshop&begin_date=20260525&end_date=20260602&datum=MSL&station=8575512&time_zone=gmt&units=metric&interval=6&format=json,0.007,"0,0,0,0",v
2026-05-28 03:18:00+00:00,0.11,8575512,"Annapolis, MD",water_level,MSL,metric,NOAA CO-OPS Data API,https://api.tidesandcurrents.noaa.gov/api/prod/datagetter?product=water_level&application=tempo-earth2-workshop&begin_date=20260525&end_date=20260602&datum=MSL&station=8575512&time_zone=gmt&units=metric&interval=6&format=json,0.007,"0,0,0,0",v
2026-05-28 03:24:00+00:00,0.119,8575512,"Annapolis, MD",water_level,MSL,metric,NOAA CO-OPS Data API,https://api.tidesandcurrents.noaa.gov/api/prod/datagetter?product=water_level&application=tempo-earth2-workshop&begin_date=20260525&end_date=20260602&datum=MSL&station=8575512&time_zone=gmt&units=metric&interval=6&format=json,0.007,"0,0,0,0",v
2026-05-28 03:30:00+00:00,0.127,8575512,"Annapolis, MD",water_level,MSL,metric,NOAA CO-OPS Data API,https://api.tidesandcurrents.noaa.gov/api/prod/datagetter?product=water_level&application=tempo-earth2-workshop&begin_date=20260525&end_date=20260602&datum=MSL&station=8575512&time_zone=gmt&units=metric&interval=6&format=json,0.007,"0,0,0,0",v
2026-05-28 03:36:00+00:00,0.135,8575512,"Annapolis, MD",water_level,MSL,metric,NOAA CO-OPS Data API,https://api.tidesandcurrents.noaa.gov/api/prod/datagetter?product=water_level&application=tempo-earth2-workshop&begin_date=20260525&end_date=20260602&datum=MSL&station=8575512&time_zone=gmt&units=metric&interval=6&format=json,0.007,"0,0,0,0",v
2026-05-28 03:42:00+00:00,0.143,8575512,"Annapolis, MD",water_level,MSL,metric,NOAA CO-OPS Data API,https://api.tidesandcurrents.noaa.gov/api/prod/datagetter?product=water_level&application=tempo-earth2-workshop&begin_date=20260525&end_date=20260602&datum=MSL&station=8575512&time_zone=gmt&units=metric&interval=6&format=json,0.007,"0,0,0,0",v
2026-05-28 03:48:00+00:00,0.151,8575512,"Annapolis, MD",water_level,MSL,metric,NOAA CO-OPS Data API,https://api.tidesandcurrents.noaa.gov/api/prod/datagetter?product=water_level&application=tempo-earth2-workshop&begin_date=20260525&end_date=20260602&datum=MSL&station=8575512&time_zone=gmt&units=metric&interval=6&format=json,0.007,"0,0,0,0",v
2026-05-28 03:54:00+00:00,0.156,8575512,"Annapolis, MD",water_level,MSL,metric,NOAA CO-OPS Data API,https://api.tidesandcurrents.noaa.gov/api/prod/datagetter?product=water_level&application=tempo-earth2-workshop&begin_date=20260525&end_date=20260602&datum=MSL&station=8575512&time_zone=gmt&units=metric&interval=6&format=json,0.007,"0,0,0,0",v
2026-05-28 04:00:00+00:00,0.162,8575512,"Annapolis, MD",water_level,MSL,metric,NOAA CO-OPS Data API,https://api.tidesandcurrents.noaa.gov/api/prod/datagetter?product=water_level&application=tempo-earth2-workshop&begin_date=20260525&end_date=20260602&datum=MSL&station=8575512&time_zone=gmt&units=metric&interval=6&format=json,0.007,"0,0,0,0",v
2026-05-28 04:06:00+00:00,0.172,8575512,"Annapolis, MD",water_level,MSL,metric,NOAA CO-OPS Data API,https://api.tidesandcurrents.noaa.gov/api/prod/datagetter?product=water_level&application=tempo-earth2-workshop&begin_date=20260525&end_date=20260602&datum=MSL&station=8575512&time_zone=gmt&units=metric&interval=6&format=json,0.007,"0,0,0,0",v
2026-05-28 04:12:00+00:00,0.179,8575512,"Annapolis, MD",water_level,MSL,metric,NOAA CO-OPS Data API,https://api.tidesandcurrents.noaa.gov/api/prod/datagetter?product=water_level&application=tempo-earth2-workshop&begin_date=20260525&end_date=20260602&datum=MSL&station=8575512&time_zone=gmt&units=metric&interval=6&format=json,0.007,"0,0,0,0",v
2026-05-28 04:18:00+00:00,0.186,8575512,"Annapolis, MD",water_level,MSL,metric,NOAA CO-OPS Data API,https://api.tidesandcurrents.noaa.gov/api/prod/datagetter?product=water_level&application=tempo-earth2-workshop&begin_date=20260525&end_date=20260602&datum=MSL&station=8575512&time_zone=gmt&units=metric&interval=6&format=json,0.007,"0,0,0,0",v
2026-05-28 04:24:00+00:00,0.196,8575512,"Annapolis, MD",water_level,MSL,metric,NOAA CO-OPS Data API,https://api.tidesandcurrents.noaa.gov/api/prod/datagetter?product=water_level&application=tempo-earth2-workshop&begin_date=20260525&end_date=20260602&datum=MSL&station=8575512&time_zone=gmt&units=metric&interval=6&format=json,0.007,"0,0,0,0",v
2026-05-28 04:30:00+00:00,0.207,8575512,"Annapolis, MD",water_level,MSL,metric,NOAA CO-OPS Data API,https://api.tidesandcurrents.noaa.gov/api/prod/datagetter?product=water_level&application=tempo-earth2-workshop&begin_date=20260525&end_date=20260602&datum=MSL&station=8575512&time_zone=gmt&units=metric&interval=6&format=json,0.007,"0,0,0,0",v
2026-05-28 04:36:00+00:00,0.218,8575512,"Annapolis, MD",water_level,MSL,metric,NOAA CO-OPS Data API,https://api.tidesandcurrents.noaa.gov/api/prod/datagetter?product=water_level&application=tempo-earth2-workshop&begin_date=20260525&end_date=20260602&datum=MSL&station=8575512&time_zone=gmt&units=metric&interval=6&format=json,0.007,"0,0,0,0",v
2026-05-28 04:42:00+00:00,0.222,8575512,"Annapolis, MD",water_level,MSL,metric,NOAA CO-OPS Data API,https://api.tidesandcurrents.noaa.gov/api/prod/datagetter?product=water_level&application=tempo-earth2-workshop&begin_date=20260525&end_date=20260602&datum=MSL&station=8575512&time_zone=gmt&units=metric&interval=6&format=json,0.007,"0,0,0,0",v
2026-05-28 04:48:00+00:00,0.23,8575512,"Annapolis, MD",water_level,MSL,metric,NOAA CO-OPS Data API,https://api.tidesandcurrents.noaa.gov/api/prod/datagetter?product=water_level&application=tempo-earth2-workshop&begin_date=20260525&end_date=20260602&datum=MSL&station=8575512&time_zone=gmt&units=metric&interval=6&format=json,0.007,"0,0,0,0",v
2026-05-28 04:54:00+00:00,0.239,8575512,"Annapolis, MD",water_level,MSL,metric,NOAA CO-OPS Data API,https://api.tidesandcurrents.noaa.gov/api/prod/datagetter?product=water_level&application=tempo-earth2-workshop&begin_date=20260525&end_date=20260602&datum=MSL&station=8575512&time_zone=gmt&units=metric&interval=6&format=json,0.007,"0,0,0,0",v
2026-05-28 05:00:00+00:00,0.251,8575512,"Annapolis, MD",water_level,MSL,metric,NOAA CO-OPS Data API,https://api.tidesandcurrents.noaa.gov/api/prod/datagetter?product=water_level&application=tempo-earth2-workshop&begin_date=20260525&end_date=20260602&datum=MSL&station=8575512&time_zone=gmt&units=metric&interval=6&format=json,0.007,"0,0,0,0",v
2026-05-28 05:06:00+00:00,0.265,8575512,"Annapolis, MD",water_level,MSL,metric,NOAA CO-OPS Data API,https://api.tidesandcurrents.noaa.gov/api/prod/datagetter?product=water_level&application=tempo-earth2-workshop&begin_date=20260525&end_date=20260602&datum=MSL&station=8575512&time_zone=gmt&units=metric&interval=6&format=json,0.007,"0,0,0,0",v
2026-05-28 05:12:00+00:00,0.27,8575512,"Annapolis, MD",water_level,MSL,metric,NOAA CO-OPS Data API,https://api.tidesandcurrents.noaa.gov/api/prod/datagetter?product=water_level&application=tempo-earth2-workshop&begin_date=20260525&end_date=20260602&datum=MSL&station=8575512&time_zone=gmt&units=metric&interval=6&format=json,0.007,"0,0,0,0",v
2026-05-28 05:18:00+00:00,0.274,8575512,"Annapolis, MD",water_level,MSL,metric,NOAA CO-OPS Data API,https://api.tidesandcurrents.noaa.gov/api/prod/datagetter?product=water_level&application=tempo-earth2-workshop&begin_date=20260525&end_date=20260602&datum=MSL&station=8575512&time_zone=gmt&units=metric&interval=6&format=json,0.007,"0,0,0,0",v
2026-05-28 05:24:00+00:00,0.281,8575512,"Annapolis, MD",water_level,MSL,metric,NOAA CO-OPS Data API,https://api.tidesandcurrents.noaa.gov/api/prod/datagetter?product=water_level&application=tempo-earth2-workshop&begin_date=20260525&end_date=20260602&datum=MSL&station=8575512&time_zone=gmt&units=metric&interval=6&format=json,0.007,"0,0,0,0",v
2026-05-28 05:30:00+00:00,0.289,8575512,"Annapolis, MD",water_level,MSL,metric,NOAA CO-OPS Data API,https://api.tidesandcurrents.noaa.gov/api/prod/datagetter?product=water_level&application=tempo-earth2-workshop&begin_date=20260525&end_date=20260602&datum=MSL&station=8575512&time_zone=gmt&units=metric&interval=6&format=json,0.007,"0,0,0,0",v
2026-05-28 05:36:00+00:00,0.295,8575512,"Annapolis, MD",water_level,MSL,metric,NOAA CO-OPS Data API,https://api.tidesandcurrents.noaa.gov/api/prod/datagetter?product=water_level&application=tempo-earth2-workshop&begin_date=20260525&end_date=20260602&datum=MSL&station=8575512&time_zone=gmt&units=metric&interval=6&format=json,0.007,"0,0,0,0",v
2026-05-28 05:42:00+00:00,0.3,8575512,"Annapolis, MD",water_level,MSL,metric,NOAA CO-OPS Data API,https://api.tidesandcurrents.noaa.gov/api/prod/datagetter?product=water_level&application=tempo-earth2-workshop&begin_date=20260525&end_date=20260602&datum=MSL&station=8575512&time_zone=gmt&units=metric&interval=6&format=json,0.007,"0,0,0,0",v
2026-05-28 05:48:00+00:00,0.309,8575512,"Annapolis, MD",water_level,MSL,metric,NOAA CO-OPS Data API,https://api.tidesandcurrents.noaa.gov/api/prod/datagetter?product=water_level&application=tempo-earth2-workshop&begin_date=20260525&end_date=20260602&datum=MSL&station=8575512&time_zone=gmt&units=metric&interval=6&format=json,0.007,"0,0,0,0",v
2026-05-28 05:54:00+00:00,0.313,8575512,"Annapolis, MD",water_level,MSL,metric,NOAA CO-OPS Data API,https://api.tidesandcurrents.noaa.gov/api/prod/datagetter?product=water_level&application=tempo-earth2-workshop&begin_date=20260525&end_date=20260602&datum=MSL&station=8575512&time_zone=gmt&units=metric&interval=6&format=json,0.007,"0,0,0,0",v
2026-05-28 06:00:00+00:00,0.317,8575512,"Annapolis, MD",water_level,MSL,metric,NOAA CO-OPS Data API,https://api.tidesandcurrents.noaa.gov/api/prod/datagetter?product=water_level&application=tempo-earth2-workshop&begin_date=20260525&end_date=20260602&datum=MSL&station=8575512&time_zone=gmt&units=metric&interval=6&format=json,0.007,"0,0,0,0",v
2026-05-28 06:06:00+00:00,0.325,8575512,"Annapolis, MD",water_level,MSL,metric,NOAA CO-OPS Data API,https://api.tidesandcurrents.noaa.gov/api/prod/datagetter?product=water_level&application=tempo-earth2-workshop&begin_date=20260525&end_date=20260602&datum=MSL&station=8575512&time_zone=gmt&units=metric&interval=6&format=json,0.007,"0,0,0,0",v
2026-05-28 06:12:00+00:00,0.329,8575512,"Annapolis, MD",water_level,MSL,metric,NOAA CO-OPS Data API,https://api.tidesandcurrents.noaa.gov/api/prod/datagetter?product=water_level&application=tempo-earth2-workshop&begin_date=20260525&end_date=20260602&datum=MSL&station=8575512&time_zone=gmt&units=metric&interval=6&format=json,0.007,"0,0,0,0",v
2026-05-28 06:18:00+00:00,0.34,8575512,"Annapolis, MD",water_level,MSL,metric,NOAA CO-OPS Data API,https://api.tidesandcurrents.noaa.gov/api/prod/datagetter?product=water_level&application=tempo-earth2-workshop&begin_date=20260525&end_date=20260602&datum=MSL&station=8575512&time_zone=gmt&units=metric&interval=6&format=json,0.007,"0,0,0,0",v
2026-05-28 06:24:00+00:00,0.349,8575512,"Annapolis, MD",water_level,MSL,metric,NOAA CO-OPS Data API,https://api.tidesandcurrents.noaa.gov/api/prod/datagetter?product=water_level&application=tempo-earth2-workshop&begin_date=20260525&end_date=20260602&datum=MSL&station=8575512&time_zone=gmt&units=metric&interval=6&format=json,0.007,"0,0,0,0",v
2026-05-28 06:30:00+00:00,0.353,8575512,"Annapolis, MD",water_level,MSL,metric,NOAA CO-OPS Data API,https://api.tidesandcurrents.noaa.gov/api/prod/datagetter?product=water_level&application=tempo-earth2-workshop&begin_date=20260525&end_date=20260602&datum=MSL&station=8575512&time_zone=gmt&units=metric&interval=6&format=json,0.007,"0,0,0,0",v
2026-05-28 06:36:00+00:00,0.358,8575512,"Annapolis, MD",water_level,MSL,metric,NOAA CO-OPS Data API,https://api.tidesandcurrents.noaa.gov/api/prod/datagetter?product=water_level&application=tempo-earth2-workshop&begin_date=20260525&end_date=20260602&datum=MSL&station=8575512&time_zone=gmt&units=metric&interval=6&format=json,0.007,"0,0,0,0",v
2026-05-28 06:42:00+00:00,0.366,8575512,"Annapolis, MD",water_level,MSL,metric,NOAA CO-OPS Data API,https://api.tidesandcurrents.noaa.gov/api/prod/datagetter?product=water_level&application=tempo-earth2-workshop&begin_date=20260525&end_date=20260602&datum=MSL&station=8575512&time_zone=gmt&units=metric&interval=6&format=json,0.007,"0,0,0,0",v
2026-05-28 06:48:00+00:00,0.372,8575512,"Annapolis, MD",water_level,MSL,metric,NOAA CO-OPS Data API,https://api.tidesandcurrents.noaa.gov/api/prod/datagetter?product=water_level&application=tempo-earth2-workshop&begin_date=20260525&end_date=20260602&datum=MSL&station=8575512&time_zone=gmt&units=metric&interval=6&format=json,0.007,"0,0,0,0",v
2026-05-28 06:54:00+00:00,0.38,8575512,"Annapolis, MD",water_level,MSL,metric,NOAA CO-OPS Data API,https://api.tidesandcurrents.noaa.gov/api/prod/datagetter?product=water_level&application=tempo-earth2-workshop&begin_date=20260525&end_date=20260602&datum=MSL&station=8575512&time_zone=gmt&units=metric&interval=6&format=json,0.007,"0,0,0,0",v
2026-05-28 07:00:00+00:00,0.384,8575512,"Annapolis, MD",water_level,MSL,metric,NOAA CO-OPS Data API,https://api.tidesandcurrents.noaa.gov/api/prod/datagetter?product=water_level&application=tempo-earth2-workshop&begin_date=20260525&end_date=20260602&datum=MSL&station=8575512&time_zone=gmt&units=metric&interval=6&format=json,0.007,"0,0,0,0",v
2026-05-28 07:06:00+00:00,0.388,8575512,"Annapolis, MD",water_level,MSL,metric,NOAA CO-OPS Data API,https://api.tidesandcurrents.noaa.gov/api/prod/datagetter?product=water_level&application=tempo-earth2-workshop&begin_date=20260525&end_date=20260602&datum=MSL&station=8575512&time_zone=gmt&units=metric&interval=6&format=json,0.007,"0,0,0,0",v
2026-05-28 07:12:00+00:00,0.397,8575512,"Annapolis, MD",water_level,MSL,metric,NOAA CO-OPS Data API,https://api.tidesandcurrents.noaa.gov/api/prod/datagetter?product=water_level&application=tempo-earth2-workshop&begin_date=20260525&end_date=20260602&datum=MSL&station=8575512&time_zone=gmt&units=metric&interval=6&format=json,0.007,"0,0,0,0",v
2026-05-28 07:18:00+00:00,0.404,8575512,"Annapolis, MD",water_level,MSL,metric,NOAA CO-OPS Data API,https://api.tidesandcurrents.noaa.gov/api/prod/datagetter?product=water_level&application=tempo-earth2-workshop&begin_date=20260525&end_date=20260602&datum=MSL&station=8575512&time_zone=gmt&units=metric&interval=6&format=json,0.007,"0,0,0,0",v
2026-05-28 07:24:00+00:00,0.408,8575512,"Annapolis, MD",water_level,MSL,metric,NOAA CO-OPS Data API,https://api.tidesandcurrents.noaa.gov/api/prod/datagetter?product=water_level&application=tempo-earth2-workshop&begin_date=20260525&end_date=20260602&datum=MSL&station=8575512&time_zone=gmt&units=metric&interval=6&format=json,0.007,"0,0,0,0",v
2026-05-28 07:30:00+00:00,0.409,8575512,"Annapolis, MD",water_level,MSL,metric,NOAA CO-OPS Data API,https://api.tidesandcurrents.noaa.gov/api/prod/datagetter?product=water_level&application=tempo-earth2-workshop&begin_date=20260525&end_date=20260602&datum=MSL&station=8575512&time_zone=gmt&units=metric&interval=6&format=json,0.007,"0,0,0,0",v
2026-05-28 07:36:00+00:00,0.41,8575512,"Annapolis, MD",water_level,MSL,metric,NOAA CO-OPS Data API,https://api.tidesandcurrents.noaa.gov/api/prod/datagetter?product=water_level&application=tempo-earth2-workshop&begin_date=20260525&end_date=20260602&datum=MSL&station=8575512&time_zone=gmt&units=metric&interval=6&format=json,0.007,"0,0,0,0",v
2026-05-28 07:42:00+00:00,0.414,8575512,"Annapolis, MD",water_level,MSL,metric,NOAA CO-OPS Data API,https://api.tidesandcurrents.noaa.gov/api/prod/datagetter?product=water_level&application=tempo-earth2-workshop&begin_date=20260525&end_date=20260602&datum=MSL&station=8575512&time_zone=gmt&units=metric&interval=6&format=json,0.007,"0,0,0,0",v
2026-05-28 07:48:00+00:00,0.417,8575512,"Annapolis, MD",water_level,MSL,metric,NOAA CO-OPS Data API,https://api.tidesandcurrents.noaa.gov/api/prod/datagetter?product=water_level&application=tempo-earth2-workshop&begin_date=20260525&end_date=20260602&datum=MSL&station=8575512&time_zone=gmt&units=metric&interval=6&format=json,0.007,"0,0,0,0",v
2026-05-28 07:54:00+00:00,0.418,8575512,"Annapolis, MD",water_level,MSL,metric,NOAA CO-OPS Data API,https://api.tidesandcurrents.noaa.gov/api/prod/datagetter?product=water_level&application=tempo-earth2-workshop&begin_date=20260525&end_date=20260602&datum=MSL&station=8575512&time_zone=gmt&units=metric&interval=6&format=json,0.007,"0,0,0,0",v
2026-05-28 08:00:00+00:00,0.421,8575512,"Annapolis, MD",water_level,MSL,metric,NOAA CO-OPS Data API,https://api.tidesandcurrents.noaa.gov/api/prod/datagetter?product=water_level&application=tempo-earth2-workshop&begin_date=20260525&end_date=20260602&datum=MSL&station=8575512&time_zone=gmt&units=metric&interval=6&format=json,0.007,"0,0,0,0",v
2026-05-28 08:06:00+00:00,0.422,8575512,"Annapolis, MD",water_level,MSL,metric,NOAA CO-OPS Data API,https://api.tidesandcurrents.noaa.gov/api/prod/datagetter?product=water_level&application=tempo-earth2-workshop&begin_date=20260525&end_date=20260602&datum=MSL&station=8575512&time_zone=gmt&units=metric&interval=6&format=json,0.007,"0,0,0,0",v
2026-05-28 08:12:00+00:00,0.423,8575512,"Annapolis, MD",water_level,MSL,metric,NOAA CO-OPS Data API,https://api.tidesandcurrents.noaa.gov/api/prod/datagetter?product=water_level&application=tempo-earth2-workshop&begin_date=20260525&end_date=20260602&datum=MSL&station=8575512&time_zone=gmt&units=metric&interval=6&format=json,0.007,"0,0,0,0",v
2026-05-28 08:18:00+00:00,0.425,8575512,"Annapolis, MD",water_level,MSL,metric,NOAA CO-OPS Data API,https://api.tidesandcurrents.noaa.gov/api/prod/datagetter?product=water_level&application=tempo-earth2-workshop&begin_date=20260525&end_date=20260602&datum=MSL&station=8575512&time_zone=gmt&units=metric&interval=6&format=json,0.007,"0,0,0,0",v
2026-05-28 08:24:00+00:00,0.424,8575512,"Annapolis, MD",water_level,MSL,metric,NOAA CO-OPS Data API,https://api.tidesandcurrents.noaa.gov/api/prod/datagetter?product=water_level&application=tempo-earth2-workshop&begin_date=20260525&end_date=20260602&datum=MSL&station=8575512&time_zone=gmt&units=metric&interval=6&format=json,0.007,"0,0,0,0",v
2026-05-28 08:30:00+00:00,0.425,8575512,"Annapolis, MD",water_level,MSL,metric,NOAA CO-OPS Data API,https://api.tidesandcurrents.noaa.gov/api/prod/datagetter?product=water_level&application=tempo-earth2-workshop&begin_date=20260525&end_date=20260602&datum=MSL&station=8575512&time_zone=gmt&units=metric&interval=6&format=json,0.007,"0,0,0,0",v
2026-05-28 08:36:00+00:00,0.425,8575512,"Annapolis, MD",water_level,MSL,metric,NOAA CO-OPS Data API,https://api.tidesandcurrents.noaa.gov/api/prod/datagetter?product=water_level&application=tempo-earth2-workshop&begin_date=20260525&end_date=20260602&datum=MSL&station=8575512&time_zone=gmt&units=metric&interval=6&format=json,0.007,"0,0,0,0",v
2026-05-28 08:42:00+00:00,0.422,8575512,"Annapolis, MD",water_level,MSL,metric,NOAA CO-OPS Data API,https://api.tidesandcurrents.noaa.gov/api/prod/datagetter?product=water_level&application=tempo-earth2-workshop&begin_date=20260525&end_date=20260602&datum=MSL&station=8575512&time_zone=gmt&units=metric&interval=6&format=json,0.007,"0,0,0,0",v
2026-05-28 08:48:00+00:00,0.416,8575512,"Annapolis, MD",water_level,MSL,metric,NOAA CO-OPS Data API,https://api.tidesandcurrents.noaa.gov/api/prod/datagetter?product=water_level&application=tempo-earth2-workshop&begin_date=20260525&end_date=20260602&datum=MSL&station=8575512&time_zone=gmt&units=metric&interval=6&format=json,0.007,"0,0,0,0",v
2026-05-28 08:54:00+00:00,0.411,8575512,"Annapolis, MD",water_level,MSL,metric,NOAA CO-OPS Data API,https://api.tidesandcurrents.noaa.gov/api/prod/datagetter?product=water_level&application=tempo-earth2-workshop&begin_date=20260525&end_date=20260602&datum=MSL&station=8575512&time_zone=gmt&units=metric&interval=6&format=json,0.007,"0,0,0,0",v
2026-05-28 09:00:00+00:00,0.407,8575512,"Annapolis, MD",water_level,MSL,metric,NOAA CO-OPS Data API,https://api.tidesandcurrents.noaa.gov/api/prod/datagetter?product=water_level&application=tempo-earth2-workshop&begin_date=20260525&end_date=20260602&datum=MSL&station=8575512&time_zone=gmt&units=metric&interval=6&format=json,0.007,"0,0,0,0",v
2026-05-28 09:06:00+00:00,0.401,8575512,"Annapolis, MD",water_level,MSL,metric,NOAA CO-OPS Data API,https://api.tidesandcurrents.noaa.gov/api/prod/datagetter?product=water_level&application=tempo-earth2-workshop&begin_date=20260525&end_date=20260602&datum=MSL&station=8575512&time_zone=gmt&units=metric&interval=6&format=json,0.007,"0,0,0,0",v
2026-05-28 09:12:00+00:00,0.395,8575512,"Annapolis, MD",water_level,MSL,metric,NOAA CO-OPS Data API,https://api.tidesandcurrents.noaa.gov/api/prod/datagetter?product=water_level&application=tempo-earth2-workshop&begin_date=20260525&end_date=20260602&datum=MSL&station=8575512&time_zone=gmt&units=metric&interval=6&format=json,0.007,"0,0,0,0",v
2026-05-28 09:18:00+00:00,0.389,8575512,"Annapolis, MD",water_level,MSL,metric,NOAA CO-OPS Data API,https://api.tidesandcurrents.noaa.gov/api/prod/datagetter?product=water_level&application=tempo-earth2-workshop&begin_date=20260525&end_date=20260602&datum=MSL&station=8575512&time_zone=gmt&units=metric&interval=6&format=json,0.007,"0,0,0,0",v
2026-05-28 09:24:00+00:00,0.384,8575512,"Annapolis, MD",water_level,MSL,metric,NOAA CO-OPS Data API,https://api.tidesandcurrents.noaa.gov/api/prod/datagetter?product=water_level&application=tempo-earth2-workshop&begin_date=20260525&end_date=20260602&datum=MSL&station=8575512&time_zone=gmt&units=metric&interval=6&format=json,0.007,"0,0,0,0",v
2026-05-28 09:30:00+00:00,0.379,8575512,"Annapolis, MD",water_level,MSL,metric,NOAA CO-OPS Data API,https://api.tidesandcurrents.noaa.gov/api/prod/datagetter?product=water_level&application=tempo-earth2-workshop&begin_date=20260525&end_date=20260602&datum=MSL&station=8575512&time_zone=gmt&units=metric&interval=6&format=json,0.007,"0,0,0,0",v
2026-05-28 09:36:00+00:00,0.374,8575512,"Annapolis, MD",water_level,MSL,metric,NOAA CO-OPS Data API,https://api.tidesandcurrents.noaa.gov/api/prod/datagetter?product=water_level&application=tempo-earth2-workshop&begin_date=20260525&end_date=20260602&datum=MSL&station=8575512&time_zone=gmt&units=metric&interval=6&format=json,0.007,"0,0,0,0",v
2026-05-28 09:42:00+00:00,0.37,8575512,"Annapolis, MD",water_level,MSL,metric,NOAA CO-OPS Data API,https://api.tidesandcurrents.noaa.gov/api/prod/datagetter?product=water_level&application=tempo-earth2-workshop&begin_date=20260525&end_date=20260602&datum=MSL&station=8575512&time_zone=gmt&units=metric&interval=6&format=json,0.007,"0,0,0,0",v
2026-05-28 09:48:00+00:00,0.364,8575512,"Annapolis, MD",water_level,MSL,metric,NOAA CO-OPS Data API,https://api.tidesandcurrents.noaa.gov/api/prod/datagetter?product=water_level&application=tempo-earth2-workshop&begin_date=20260525&end_date=20260602&datum=MSL&station=8575512&time_zone=gmt&units=metric&interval=6&format=json,0.007,"0,0,0,0",v
2026-05-28 09:54:00+00:00,0.36,8575512,"Annapolis, MD",water_level,MSL,metric,NOAA CO-OPS Data API,https://api.tidesandcurrents.noaa.gov/api/prod/datagetter?product=water_level&application=tempo-earth2-workshop&begin_date=20260525&end_date=20260602&datum=MSL&station=8575512&time_zone=gmt&units=metric&interval=6&format=json,0.007,"0,0,0,0",v
2026-05-28 10:00:00+00:00,0.356,8575512,"Annapolis, MD",water_level,MSL,metric,NOAA CO-OPS Data API,https://api.tidesandcurrents.noaa.gov/api/prod/datagetter?product=water_level&application=tempo-earth2-workshop&begin_date=20260525&end_date=20260602&datum=MSL&station=8575512&time_zone=gmt&units=metric&interval=6&format=json,0.007,"0,0,0,0",v
2026-05-28 10:06:00+00:00,0.35,8575512,"Annapolis, MD",water_level,MSL,metric,NOAA CO-OPS Data API,https://api.tidesandcurrents.noaa.gov/api/prod/datagetter?product=water_level&application=tempo-earth2-workshop&begin_date=20260525&end_date=20260602&datum=MSL&station=8575512&time_zone=gmt&units=metric&interval=6&format=json,0.007,"0,0,0,0",v
2026-05-28 10:12:00+00:00,0.344,8575512,"Annapolis, MD",water_level,MSL,metric,NOAA CO-OPS Data API,https://api.tidesandcurrents.noaa.gov/api/prod/datagetter?product=water_level&application=tempo-earth2-workshop&begin_date=20260525&end_date=20260602&datum=MSL&station=8575512&time_zone=gmt&units=metric&interval=6&format=json,0.007,"0,0,0,0",v
2026-05-28 10:18:00+00:00,0.336,8575512,"Annapolis, MD",water_level,MSL,metric,NOAA CO-OPS Data API,https://api.tidesandcurrents.noaa.gov/api/prod/datagetter?product=water_level&application=tempo-earth2-workshop&begin_date=20260525&end_date=20260602&datum=MSL&station=8575512&time_zone=gmt&units=metric&interval=6&format=json,0.007,"0,0,0,0",v
2026-05-28 10:24:00+00:00,0.329,8575512,"Annapolis, MD",water_level,MSL,metric,NOAA CO-OPS Data API,https://api.tidesandcurrents.noaa.gov/api/prod/datagetter?product=water_level&application=tempo-earth2-workshop&begin_date=20260525&end_date=20260602&datum=MSL&station=8575512&time_zone=gmt&units=metric&interval=6&format=json,0.007,"0,0,0,0",v
2026-05-28 10:30:00+00:00,0.321,8575512,"Annapolis, MD",water_level,MSL,metric,NOAA CO-OPS Data API,https://api.tidesandcurrents.noaa.gov/api/prod/datagetter?product=water_level&application=tempo-earth2-workshop&begin_date=20260525&end_date=20260602&datum=MSL&station=8575512&time_zone=gmt&units=metric&interval=6&format=json,0.007,"0,0,0,0",v
2026-05-28 10:36:00+00:00,0.313,8575512,"Annapolis, MD",water_level,MSL,metric,NOAA CO-OPS Data API,https://api.tidesandcurrents.noaa.gov/api/prod/datagetter?product=water_level&application=tempo-earth2-workshop&begin_date=20260525&end_date=20260602&datum=MSL&station=8575512&time_zone=gmt&units=metric&interval=6&format=json,0.007,"0,0,0,0",v
2026-05-28 10:42:00+00:00,0.307,8575512,"Annapolis, MD",water_level,MSL,metric,NOAA CO-OPS Data API,https://api.tidesandcurrents.noaa.gov/api/prod/datagetter?product=water_level&application=tempo-earth2-workshop&begin_date=20260525&end_date=20260602&datum=MSL&station=8575512&time_zone=gmt&units=metric&interval=6&format=json,0.007,"0,0,0,0",v
2026-05-28 10:48:00+00:00,0.3,8575512,"Annapolis, MD",water_level,MSL,metric,NOAA CO-OPS Data API,https://api.tidesandcurrents.noaa.gov/api/prod/datagetter?product=water_level&application=tempo-earth2-workshop&begin_date=20260525&end_date=20260602&datum=MSL&station=8575512&time_zone=gmt&units=metric&interval=6&format=json,0.007,"0,0,0,0",v
2026-05-28 10:54:00+00:00,0.291,8575512,"Annapolis, MD",water_level,MSL,metric,NOAA CO-OPS Data API,https://api.tidesandcurrents.noaa.gov/api/prod/datagetter?product=water_level&application=tempo-earth2-workshop&begin_date=20260525&end_date=20260602&datum=MSL&station=8575512&time_zone=gmt&units=metric&interval=6&format=json,0.007,"0,0,0,0",v
2026-05-28 11:00:00+00:00,0.286,8575512,"Annapolis, MD",water_level,MSL,metric,NOAA CO-OPS Data API,https://api.tidesandcurrents.noaa.gov/api/prod/datagetter?product=water_level&application=tempo-earth2-workshop&begin_date=20260525&end_date=20260602&datum=MSL&station=8575512&time_zone=gmt&units=metric&interval=6&format=json,0.007,"0,0,0,0",v
2026-05-28 11:06:00+00:00,0.277,8575512,"Annapolis, MD",water_level,MSL,metric,NOAA CO-OPS Data API,https://api.tidesandcurrents.noaa.gov/api/prod/datagetter?product=water_level&application=tempo-earth2-workshop&begin_date=20260525&end_date=20260602&datum=MSL&station=8575512&time_zone=gmt&units=metric&interval=6&format=json,0.007,"0,0,0,0",v
2026-05-28 11:12:00+00:00,0.271,8575512,"Annapolis, MD",water_level,MSL,metric,NOAA CO-OPS Data API,https://api.tidesandcurrents.noaa.gov/api/prod/datagetter?product=water_level&application=tempo-earth2-workshop&begin_date=20260525&end_date=20260602&datum=MSL&station=8575512&time_zone=gmt&units=metric&interval=6&format=json,0.007,"0,0,0,0",v
2026-05-28 11:18:00+00:00,0.262,8575512,"Annapolis, MD",water_level,MSL,metric,NOAA CO-OPS Data API,https://api.tidesandcurrents.noaa.gov/api/prod/datagetter?product=water_level&application=tempo-earth2-workshop&begin_date=20260525&end_date=20260602&datum=MSL&station=8575512&time_zone=gmt&units=metric&interval=6&format=json,0.007,"0,0,0,0",v
2026-05-28 11:24:00+00:00,0.253,8575512,"Annapolis, MD",water_level,MSL,metric,NOAA CO-OPS Data API,https://api.tidesandcurrents.noaa.gov/api/prod/datagetter?product=water_level&application=tempo-earth2-workshop&begin_date=20260525&end_date=20260602&datum=MSL&station=8575512&time_zone=gmt&units=metric&interval=6&format=json,0.007,"0,0,0,0",v
2026-05-28 11:30:00+00:00,0.25,8575512,"Annapolis, MD",water_level,MSL,metric,NOAA CO-OPS Data API,https://api.tidesandcurrents.noaa.gov/api/prod/datagetter?product=water_level&application=tempo-earth2-workshop&begin_date=20260525&end_date=20260602&datum=MSL&station=8575512&time_zone=gmt&units=metric&interval=6&format=json,0.007,"0,0,0,0",v
2026-05-28 11:36:00+00:00,0.242,8575512,"Annapolis, MD",water_level,MSL,metric,NOAA CO-OPS Data API,https://api.tidesandcurrents.noaa.gov/api/prod/datagetter?product=water_level&application=tempo-earth2-workshop&begin_date=20260525&end_date=20260602&datum=MSL&station=8575512&time_zone=gmt&units=metric&interval=6&format=json,0.007,"0,0,0,0",v
2026-05-28 11:42:00+00:00,0.237,8575512,"Annapolis, MD",water_level,MSL,metric,NOAA CO-OPS Data API,https://api.tidesandcurrents.noaa.gov/api/prod/datagetter?product=water_level&application=tempo-earth2-workshop&begin_date=20260525&end_date=20260602&datum=MSL&station=8575512&time_zone=gmt&units=metric&interval=6&format=json,0.007,"0,0,0,0",v
2026-05-28 11:48:00+00:00,0.231,8575512,"Annapolis, MD",water_level,MSL,metric,NOAA CO-OPS Data API,https://api.tidesandcurrents.noaa.gov/api/prod/datagetter?product=water_level&application=tempo-earth2-workshop&begin_date=20260525&end_date=20260602&datum=MSL&station=8575512&time_zone=gmt&units=metric&interval=6&format=json,0.007,"0,0,0,0",v
2026-05-28 11:54:00+00:00,0.221,8575512,"Annapolis, MD",water_level,MSL,metric,NOAA CO-OPS Data API,https://api.tidesandcurrents.noaa.gov/api/prod/datagetter?product=water_level&application=tempo-earth2-workshop&begin_date=20260525&end_date=20260602&datum=MSL&station=8575512&time_zone=gmt&units=metric&interval=6&format=json,0.007,"0,0,0,0",v
2026-05-28 12:00:00+00:00,0.216,8575512,"Annapolis, MD",water_level,MSL,metric,NOAA CO-OPS Data API,https://api.tidesandcurrents.noaa.gov/api/prod/datagetter?product=water_level&application=tempo-earth2-workshop&begin_date=20260525&end_date=20260602&datum=MSL&station=8575512&time_zone=gmt&units=metric&interval=6&format=json,0.007,"0,0,0,0",v
2026-05-28 12:06:00+00:00,0.21,8575512,"Annapolis, MD",water_level,MSL,metric,NOAA CO-OPS Data API,https://api.tidesandcurrents.noaa.gov/api/prod/datagetter?product=water_level&application=tempo-earth2-workshop&begin_date=20260525&end_date=20260602&datum=MSL&station=8575512&time_zone=gmt&units=metric&interval=6&format=json,0.007,"0,0,0,0",v
2026-05-28 12:12:00+00:00,0.201,8575512,"Annapolis, MD",water_level,MSL,metric,NOAA CO-OPS Data API,https://api.tidesandcurrents.noaa.gov/api/prod/datagetter?product=water_level&application=tempo-earth2-workshop&begin_date=20260525&end_date=20260602&datum=MSL&station=8575512&time_zone=gmt&units=metric&interval=6&format=json,0.007,"0,0,0,0",v
2026-05-28 12:18:00+00:00,0.197,8575512,"Annapolis, MD",water_level,MSL,metric,NOAA CO-OPS Data API,https://api.tidesandcurrents.noaa.gov/api/prod/datagetter?product=water_level&application=tempo-earth2-workshop&begin_date=20260525&end_date=20260602&datum=MSL&station=8575512&time_zone=gmt&units=metric&interval=6&format=json,0.007,"0,0,0,0",v
2026-05-28 12:24:00+00:00,0.186,8575512,"Annapolis, MD",water_level,MSL,metric,NOAA CO-OPS Data API,https://api.tidesandcurrents.noaa.gov/api/prod/datagetter?product=water_level&application=tempo-earth2-workshop&begin_date=20260525&end_date=20260602&datum=MSL&station=8575512&time_zone=gmt&units=metric&interval=6&format=json,0.007,"0,0,0,0",v
2026-05-28 12:30:00+00:00,0.181,8575512,"Annapolis, MD",water_level,MSL,metric,NOAA CO-OPS Data API,https://api.tidesandcurrents.noaa.gov/api/prod/datagetter?product=water_level&application=tempo-earth2-workshop&begin_date=20260525&end_date=20260602&datum=MSL&station=8575512&time_zone=gmt&units=metric&interval=6&format=json,0.007,"0,0,0,0",v
2026-05-28 12:36:00+00:00,0.173,8575512,"Annapolis, MD",water_level,MSL,metric,NOAA CO-OPS Data API,https://api.tidesandcurrents.noaa.gov/api/prod/datagetter?product=water_level&application=tempo-earth2-workshop&begin_date=20260525&end_date=20260602&datum=MSL&station=8575512&time_zone=gmt&units=metric&interval=6&format=json,0.007,"0,0,0,0",v
2026-05-28 12:42:00+00:00,0.165,8575512,"Annapolis, MD",water_level,MSL,metric,NOAA CO-OPS Data API,https://api.tidesandcurrents.noaa.gov/api/prod/datagetter?product=water_level&application=tempo-earth2-workshop&begin_date=20260525&end_date=20260602&datum=MSL&station=8575512&time_zone=gmt&units=metric&interval=6&format=json,0.007,"0,0,0,0",v
2026-05-28 12:48:00+00:00,0.155,8575512,"Annapolis, MD",water_level,MSL,metric,NOAA CO-OPS Data API,https://api.tidesandcurrents.noaa.gov/api/prod/datagetter?product=water_level&application=tempo-earth2-workshop&begin_date=20260525&end_date=20260602&datum=MSL&station=8575512&time_zone=gmt&units=metric&interval=6&format=json,0.007,"0,0,0,0",v
2026-05-28 12:54:00+00:00,0.15,8575512,"Annapolis, MD",water_level,MSL,metric,NOAA CO-OPS Data API,https://api.tidesandcurrents.noaa.gov/api/prod/datagetter?product=water_level&application=tempo-earth2-workshop&begin_date=20260525&end_date=20260602&datum=MSL&station=8575512&time_zone=gmt&units=metric&interval=6&format=json,0.007,"0,0,0,0",v
2026-05-28 13:00:00+00:00,0.138,8575512,"Annapolis, MD",water_level,MSL,metric,NOAA CO-OPS Data API,https://api.tidesandcurrents.noaa.gov/api/prod/datagetter?product=water_level&application=tempo-earth2-workshop&begin_date=20260525&end_date=20260602&datum=MSL&station=8575512&time_zone=gmt&units=metric&interval=6&format=json,0.007,"0,0,0,0",v
2026-05-28 13:06:00+00:00,0.133,8575512,"Annapolis, MD",water_level,MSL,metric,NOAA CO-OPS Data API,https://api.tidesandcurrents.noaa.gov/api/prod/datagetter?product=water_level&application=tempo-earth2-workshop&begin_date=20260525&end_date=20260602&datum=MSL&station=8575512&time_zone=gmt&units=metric&interval=6&format=json,0.007,"0,0,0,0",v
2026-05-28 13:12:00+00:00,0.124,8575512,"Annapolis, MD",water_level,MSL,metric,NOAA CO-OPS Data API,https://api.tidesandcurrents.noaa.gov/api/prod/datagetter?product=water_level&application=tempo-earth2-workshop&begin_date=20260525&end_date=20260602&datum=MSL&station=8575512&time_zone=gmt&units=metric&interval=6&format=json,0.007,"0,0,0,0",v
2026-05-28 13:18:00+00:00,0.121,8575512,"Annapolis, MD",water_level,MSL,metric,NOAA CO-OPS Data API,https://api.tidesandcurrents.noaa.gov/api/prod/datagetter?product=water_level&application=tempo-earth2-workshop&begin_date=20260525&end_date=20260602&datum=MSL&station=8575512&time_zone=gmt&units=metric&interval=6&format=json,0.007,"0,0,0,0",v
2026-05-28 13:24:00+00:00,0.119,8575512,"Annapolis, MD",water_level,MSL,metric,NOAA CO-OPS Data API,https://api.tidesandcurrents.noaa.gov/api/prod/datagetter?product=water_level&application=tempo-earth2-workshop&begin_date=20260525&end_date=20260602&datum=MSL&station=8575512&time_zone=gmt&units=metric&interval=6&format=json,0.007,"0,0,0,0",v
2026-05-28 13:30:00+00:00,0.113,8575512,"Annapolis, MD",water_level,MSL,metric,NOAA CO-OPS Data API,https://api.tidesandcurrents.noaa.gov/api/prod/datagetter?product=water_level&application=tempo-earth2-workshop&begin_date=20260525&end_date=20260602&datum=MSL&station=8575512&time_zone=gmt&units=metric&interval=6&format=json,0.007,"0,0,0,0",v
2026-05-28 13:36:00+00:00,0.107,8575512,"Annapolis, MD",water_level,MSL,metric,NOAA CO-OPS Data API,https://api.tidesandcurrents.noaa.gov/api/prod/datagetter?product=water_level&application=tempo-earth2-workshop&begin_date=20260525&end_date=20260602&datum=MSL&station=8575512&time_zone=gmt&units=metric&interval=6&format=json,0.007,"0,0,0,0",v
2026-05-28 13:42:00+00:00,0.101,8575512,"Annapolis, MD",water_level,MSL,metric,NOAA CO-OPS Data API,https://api.tidesandcurrents.noaa.gov/api/prod/datagetter?product=water_level&application=tempo-earth2-workshop&begin_date=20260525&end_date=20260602&datum=MSL&station=8575512&time_zone=gmt&units=metric&interval=6&format=json,0.007,"0,0,0,0",v
2026-05-28 13:48:00+00:00,0.094,8575512,"Annapolis, MD",water_level,MSL,metric,NOAA CO-OPS Data API,https://api.tidesandcurrents.noaa.gov/api/prod/datagetter?product=water_level&application=tempo-earth2-workshop&begin_date=20260525&end_date=20260602&datum=MSL&station=8575512&time_zone=gmt&units=metric&interval=6&format=json,0.007,"0,0,0,0",v
2026-05-28 13:54:00+00:00,0.087,8575512,"Annapolis, MD",water_level,MSL,metric,NOAA CO-OPS Data API,https://api.tidesandcurrents.noaa.gov/api/prod/datagetter?product=water_level&application=tempo-earth2-workshop&begin_date=20260525&end_date=20260602&datum=MSL&station=8575512&time_zone=gmt&units=metric&interval=6&format=json,0.007,"0,0,0,0",v
2026-05-28 14:00:00+00:00,0.084,8575512,"Annapolis, MD",water_level,MSL,metric,NOAA CO-OPS Data API,https://api.tidesandcurrents.noaa.gov/api/prod/datagetter?product=water_level&application=tempo-earth2-workshop&begin_date=20260525&end_date=20260602&datum=MSL&station=8575512&time_zone=gmt&units=metric&interval=6&format=json,0.007,"0,0,0,0",v
2026-05-28 14:06:00+00:00,0.08,8575512,"Annapolis, MD",water_level,MSL,metric,NOAA CO-OPS Data API,https://api.tidesandcurrents.noaa.gov/api/prod/datagetter?product=water_level&application=tempo-earth2-workshop&begin_date=20260525&end_date=20260602&datum=MSL&station=8575512&time_zone=gmt&units=metric&interval=6&format=json,0.007,"0,0,0,0",v
2026-05-28 14:12:00+00:00,0.076,8575512,"Annapolis, MD",water_level,MSL,metric,NOAA CO-OPS Data API,https://api.tidesandcurrents.noaa.gov/api/prod/datagetter?product=water_level&application=tempo-earth2-workshop&begin_date=20260525&end_date=20260602&datum=MSL&station=8575512&time_zone=gmt&units=metric&interval=6&format=json,0.007,"0,0,0,0",v
2026-05-28 14:18:00+00:00,0.076,8575512,"Annapolis, MD",water_level,MSL,metric,NOAA CO-OPS Data API,https://api.tidesandcurrents.noaa.gov/api/prod/datagetter?product=water_level&application=tempo-earth2-workshop&begin_date=20260525&end_date=20260602&datum=MSL&station=8575512&time_zone=gmt&units=metric&interval=6&format=json,0.007,"0,0,0,0",v
2026-05-28 14:24:00+00:00,0.077,8575512,"Annapolis, MD",water_level,MSL,metric,NOAA CO-OPS Data API,https://api.tidesandcurrents.noaa.gov/api/prod/datagetter?product=water_level&application=tempo-earth2-workshop&begin_date=20260525&end_date=20260602&datum=MSL&station=8575512&time_zone=gmt&units=metric&interval=6&format=json,0.007,"0,0,0,0",v
2026-05-28 14:30:00+00:00,0.074,8575512,"Annapolis, MD",water_level,MSL,metric,NOAA CO-OPS Data API,https://api.tidesandcurrents.noaa.gov/api/prod/datagetter?product=water_level&application=tempo-earth2-workshop&begin_date=20260525&end_date=20260602&datum=MSL&station=8575512&time_zone=gmt&units=metric&interval=6&format=json,0.007,"0,0,0,0",v
2026-05-28 14:36:00+00:00,0.071,8575512,"Annapolis, MD",water_level,MSL,metric,NOAA CO-OPS Data API,https://api.tidesandcurrents.noaa.gov/api/prod/datagetter?product=water_level&application=tempo-earth2-workshop&begin_date=20260525&end_date=20260602&datum=MSL&station=8575512&time_zone=gmt&units=metric&interval=6&format=json,0.007,"0,0,0,0",v
2026-05-28 14:42:00+00:00,0.069,8575512,"Annapolis, MD",water_level,MSL,metric,NOAA CO-OPS Data API,https://api.tidesandcurrents.noaa.gov/api/prod/datagetter?product=water_level&application=tempo-earth2-workshop&begin_date=20260525&end_date=20260602&datum=MSL&station=8575512&time_zone=gmt&units=metric&interval=6&format=json,0.007,"0,0,0,0",v
2026-05-28 14:48:00+00:00,0.067,8575512,"Annapolis, MD",water_level,MSL,metric,NOAA CO-OPS Data API,https://api.tidesandcurrents.noaa.gov/api/prod/datagetter?product=water_level&application=tempo-earth2-workshop&begin_date=20260525&end_date=20260602&datum=MSL&station=8575512&time_zone=gmt&units=metric&interval=6&format=json,0.007,"0,0,0,0",v
2026-05-28 14:54:00+00:00,0.066,8575512,"Annapolis, MD",water_level,MSL,metric,NOAA CO-OPS Data API,https://api.tidesandcurrents.noaa.gov/api/prod/datagetter?product=water_level&application=tempo-earth2-workshop&begin_date=20260525&end_date=20260602&datum=MSL&station=8575512&time_zone=gmt&units=metric&interval=6&format=json,0.007,"0,0,0,0",v
2026-05-28 15:00:00+00:00,0.067,8575512,"Annapolis, MD",water_level,MSL,metric,NOAA CO-OPS Data API,https://api.tidesandcurrents.noaa.gov/api/prod/datagetter?product=water_level&application=tempo-earth2-workshop&begin_date=20260525&end_date=20260602&datum=MSL&station=8575512&time_zone=gmt&units=metric&interval=6&format=json,0.007,"0,0,0,0",v
2026-05-28 15:06:00+00:00,0.063,8575512,"Annapolis, MD",water_level,MSL,metric,NOAA CO-OPS Data API,https://api.tidesandcurrents.noaa.gov/api/prod/datagetter?product=water_level&application=tempo-earth2-workshop&begin_date=20260525&end_date=20260602&datum=MSL&station=8575512&time_zone=gmt&units=metric&interval=6&format=json,0.007,"0,0,0,0",v
2026-05-28 15:12:00+00:00,0.061,8575512,"Annapolis, MD",water_level,MSL,metric,NOAA CO-OPS Data API,https://api.tidesandcurrents.noaa.gov/api/prod/datagetter?product=water_level&application=tempo-earth2-workshop&begin_date=20260525&end_date=20260602&datum=MSL&station=8575512&time_zone=gmt&units=metric&interval=6&format=json,0.007,"0,0,0,0",v
2026-05-28 15:18:00+00:00,0.065,8575512,"Annapolis, MD",water_level,MSL,metric,NOAA CO-OPS Data API,https://api.tidesandcurrents.noaa.gov/api/prod/datagetter?product=water_level&application=tempo-earth2-workshop&begin_date=20260525&end_date=20260602&datum=MSL&station=8575512&time_zone=gmt&units=metric&interval=6&format=json,0.007,"0,0,0,0",v
2026-05-28 15:24:00+00:00,0.066,8575512,"Annapolis, MD",water_level,MSL,metric,NOAA CO-OPS Data API,https://api.tidesandcurrents.noaa.gov/api/prod/datagetter?product=water_level&application=tempo-earth2-workshop&begin_date=20260525&end_date=20260602&datum=MSL&station=8575512&time_zone=gmt&units=metric&interval=6&format=json,0.007,"0,0,0,0",v
2026-05-28 15:30:00+00:00,0.07,8575512,"Annapolis, MD",water_level,MSL,metric,NOAA CO-OPS Data API,https://api.tidesandcurrents.noaa.gov/api/prod/datagetter?product=water_level&application=tempo-earth2-workshop&begin_date=20260525&end_date=20260602&datum=MSL&station=8575512&time_zone=gmt&units=metric&interval=6&format=json,0.007,"0,0,0,0",v
2026-05-28 15:36:00+00:00,0.069,8575512,"Annapolis, MD",water_level,MSL,metric,NOAA CO-OPS Data API,https://api.tidesandcurrents.noaa.gov/api/prod/datagetter?product=water_level&application=tempo-earth2-workshop&begin_date=20260525&end_date=20260602&datum=MSL&station=8575512&time_zone=gmt&units=metric&interval=6&format=json,0.007,"0,0,0,0",v
2026-05-28 15:42:00+00:00,0.075,8575512,"Annapolis, MD",water_level,MSL,metric,NOAA CO-OPS Data API,https://api.tidesandcurrents.noaa.gov/api/prod/datagetter?product=water_level&application=tempo-earth2-workshop&begin_date=20260525&end_date=20260602&datum=MSL&station=8575512&time_zone=gmt&units=metric&interval=6&format=json,0.007,"0,0,0,0",v
2026-05-28 15:48:00+00:00,0.077,8575512,"Annapolis, MD",water_level,MSL,metric,NOAA CO-OPS Data API,https://api.tidesandcurrents.noaa.gov/api/prod/datagetter?product=water_level&application=tempo-earth2-workshop&begin_date=20260525&end_date=20260602&datum=MSL&station=8575512&time_zone=gmt&units=metric&interval=6&format=json,0.007,"0,0,0,0",v
2026-05-28 15:54:00+00:00,0.076,8575512,"Annapolis, MD",water_level,MSL,metric,NOAA CO-OPS Data API,https://api.tidesandcurrents.noaa.gov/api/prod/datagetter?product=water_level&application=tempo-earth2-workshop&begin_date=20260525&end_date=20260602&datum=MSL&station=8575512&time_zone=gmt&units=metric&interval=6&format=json,0.007,"0,0,0,0",v
2026-05-28 16:00:00+00:00,0.076,8575512,"Annapolis, MD",water_level,MSL,metric,NOAA CO-OPS Data API,https://api.tidesandcurrents.noaa.gov/api/prod/datagetter?product=water_level&application=tempo-earth2-workshop&begin_date=20260525&end_date=20260602&datum=MSL&station=8575512&time_zone=gmt&units=metric&interval=6&format=json,0.007,"0,0,0,0",v
2026-05-28 16:06:00+00:00,0.068,8575512,"Annapolis, MD",water_level,MSL,metric,NOAA CO-OPS Data API,https://api.tidesandcurrents.noaa.gov/api/prod/datagetter?product=water_level&application=tempo-earth2-workshop&begin_date=20260525&end_date=20260602&datum=MSL&station=8575512&time_zone=gmt&units=metric&interval=6&format=json,0.007,"0,0,0,0",v
2026-05-28 16:12:00+00:00,0.074,8575512,"Annapolis, MD",water_level,MSL,metric,NOAA CO-OPS Data API,https://api.tidesandcurrents.noaa.gov/api/prod/datagetter?product=water_level&application=tempo-earth2-workshop&begin_date=20260525&end_date=20260602&datum=MSL&station=8575512&time_zone=gmt&units=metric&interval=6&format=json,0.007,"0,0,0,0",v
2026-05-28 16:18:00+00:00,0.077,8575512,"Annapolis, MD",water_level,MSL,metric,NOAA CO-OPS Data API,https://api.tidesandcurrents.noaa.gov/api/prod/datagetter?product=water_level&application=tempo-earth2-workshop&begin_date=20260525&end_date=20260602&datum=MSL&station=8575512&time_zone=gmt&units=metric&interval=6&format=json,0.007,"0,0,0,0",v
2026-05-28 16:24:00+00:00,0.075,8575512,"Annapolis, MD",water_level,MSL,metric,NOAA CO-OPS Data API,https://api.tidesandcurrents.noaa.gov/api/prod/datagetter?product=water_level&application=tempo-earth2-workshop&begin_date=20260525&end_date=20260602&datum=MSL&station=8575512&time_zone=gmt&units=metric&interval=6&format=json,0.007,"0,0,0,0",v
2026-05-28 16:30:00+00:00,0.077,8575512,"Annapolis, MD",water_level,MSL,metric,NOAA CO-OPS Data API,https://api.tidesandcurrents.noaa.gov/api/prod/datagetter?product=water_level&application=tempo-earth2-workshop&begin_date=20260525&end_date=20260602&datum=MSL&station=8575512&time_zone=gmt&units=metric&interval=6&format=json,0.007,"0,0,0,0",v
2026-05-28 16:36:00+00:00,0.08,8575512,"Annapolis, MD",water_level,MSL,metric,NOAA CO-OPS Data API,https://api.tidesandcurrents.noaa.gov/api/prod/datagetter?product=water_level&application=tempo-earth2-workshop&begin_date=20260525&end_date=20260602&datum=MSL&station=8575512&time_zone=gmt&units=metric&interval=6&format=json,0.007,"0,0,0,0",v
2026-05-28 16:42:00+00:00,0.085,8575512,"Annapolis, MD",water_level,MSL,metric,NOAA CO-OPS Data API,https://api.tidesandcurrents.noaa.gov/api/prod/datagetter?product=water_level&application=tempo-earth2-workshop&begin_date=20260525&end_date=20260602&datum=MSL&station=8575512&time_zone=gmt&units=metric&interval=6&format=json,0.007,"0,0,0,0",v
2026-05-28 16:48:00+00:00,0.091,8575512,"Annapolis, MD",water_level,MSL,metric,NOAA CO-OPS Data API,https://api.tidesandcurrents.noaa.gov/api/prod/datagetter?product=water_level&application=tempo-earth2-workshop&begin_date=20260525&end_date=20260602&datum=MSL&station=8575512&time_zone=gmt&units=metric&interval=6&format=json,0.007,"0,0,0,0",v
2026-05-28 16:54:00+00:00,0.091,8575512,"Annapolis, MD",water_level,MSL,metric,NOAA CO-OPS Data API,https://api.tidesandcurrents.noaa.gov/api/prod/datagetter?product=water_level&application=tempo-earth2-workshop&begin_date=20260525&end_date=20260602&datum=MSL&station=8575512&time_zone=gmt&units=metric&interval=6&format=json,0.007,"0,0,0,0",v
2026-05-28 17:00:00+00:00,0.093,8575512,"Annapolis, MD",water_level,MSL,metric,NOAA CO-OPS Data API,https://api.tidesandcurrents.noaa.gov/api/prod/datagetter?product=water_level&application=tempo-earth2-workshop&begin_date=20260525&end_date=20260602&datum=MSL&station=8575512&time_zone=gmt&units=metric&interval=6&format=json,0.007,"0,0,0,0",v
2026-05-28 17:06:00+00:00,0.093,8575512,"Annapolis, MD",water_level,MSL,metric,NOAA CO-OPS Data API,https://api.tidesandcurrents.noaa.gov/api/prod/datagetter?product=water_level&application=tempo-earth2-workshop&begin_date=20260525&end_date=20260602&datum=MSL&station=8575512&time_zone=gmt&units=metric&interval=6&format=json,0.007,"0,0,0,0",v
2026-05-28 17:12:00+00:00,0.097,8575512,"Annapolis, MD",water_level,MSL,metric,NOAA CO-OPS Data API,https://api.tidesandcurrents.noaa.gov/api/prod/datagetter?product=water_level&application=tempo-earth2-workshop&begin_date=20260525&end_date=20260602&datum=MSL&station=8575512&time_zone=gmt&units=metric&interval=6&format=json,0.007,"0,0,0,0",v
2026-05-28 17:18:00+00:00,0.099,8575512,"Annapolis, MD",water_level,MSL,metric,NOAA CO-OPS Data API,https://api.tidesandcurrents.noaa.gov/api/prod/datagetter?product=water_level&application=tempo-earth2-workshop&begin_date=20260525&end_date=20260602&datum=MSL&station=8575512&time_zone=gmt&units=metric&interval=6&format=json,0.007,"0,0,0,0",v
2026-05-28 17:24:00+00:00,0.101,8575512,"Annapolis, MD",water_level,MSL,metric,NOAA CO-OPS Data API,https://api.tidesandcurrents.noaa.gov/api/prod/datagetter?product=water_level&application=tempo-earth2-workshop&begin_date=20260525&end_date=20260602&datum=MSL&station=8575512&time_zone=gmt&units=metric&interval=6&format=json,0.007,"0,0,0,0",v
2026-05-28 17:30:00+00:00,0.108,8575512,"Annapolis, MD",water_level,MSL,metric,NOAA CO-OPS Data API,https://api.tidesandcurrents.noaa.gov/api/prod/datagetter?product=water_level&application=tempo-earth2-workshop&begin_date=20260525&end_date=20260602&datum=MSL&station=8575512&time_zone=gmt&units=metric&interval=6&format=json,0.007,"0,0,0,0",v
2026-05-28 17:36:00+00:00,0.107,8575512,"Annapolis, MD",water_level,MSL,metric,NOAA CO-OPS Data API,https://api.tidesandcurrents.noaa.gov/api/prod/datagetter?product=water_level&application=tempo-earth2-workshop&begin_date=20260525&end_date=20260602&datum=MSL&station=8575512&time_zone=gmt&units=metric&interval=6&format=json,0.007,"0,0,0,0",v
2026-05-28 17:42:00+00:00,0.109,8575512,"Annapolis, MD",water_level,MSL,metric,NOAA CO-OPS Data API,https://api.tidesandcurrents.noaa.gov/api/prod/datagetter?product=water_level&application=tempo-earth2-workshop&begin_date=20260525&end_date=20260602&datum=MSL&station=8575512&time_zone=gmt&units=metric&interval=6&format=json,0.007,"0,0,0,0",v
2026-05-28 17:48:00+00:00,0.117,8575512,"Annapolis, MD",water_level,MSL,metric,NOAA CO-OPS Data API,https://api.tidesandcurrents.noaa.gov/api/prod/datagetter?product=water_level&application=tempo-earth2-workshop&begin_date=20260525&end_date=20260602&datum=MSL&station=8575512&time_zone=gmt&units=metric&interval=6&format=json,0.007,"0,0,0,0",v
2026-05-28 17:54:00+00:00,0.119,8575512,"Annapolis, MD",water_level,MSL,metric,NOAA CO-OPS Data API,https://api.tidesandcurrents.noaa.gov/api/prod/datagetter?product=water_level&application=tempo-earth2-workshop&begin_date=20260525&end_date=20260602&datum=MSL&station=8575512&time_zone=gmt&units=metric&interval=6&format=json,0.007,"0,0,0,0",v
2026-05-28 18:00:00+00:00,0.119,8575512,"Annapolis, MD",water_level,MSL,metric,NOAA CO-OPS Data API,https://api.tidesandcurrents.noaa.gov/api/prod/datagetter?product=water_level&application=tempo-earth2-workshop&begin_date=20260525&end_date=20260602&datum=MSL&station=8575512&time_zone=gmt&units=metric&interval=6&format=json,0.007,"0,0,0,0",v
2026-05-28 18:06:00+00:00,0.124,8575512,"Annapolis, MD",water_level,MSL,metric,NOAA CO-OPS Data API,https://api.tidesandcurrents.noaa.gov/api/prod/datagetter?product=water_level&application=tempo-earth2-workshop&begin_date=20260525&end_date=20260602&datum=MSL&station=8575512&time_zone=gmt&units=metric&interval=6&format=json,0.007,"0,0,0,0",v
2026-05-28 18:12:00+00:00,0.125,8575512,"Annapolis, MD",water_level,MSL,metric,NOAA CO-OPS Data API,https://api.tidesandcurrents.noaa.gov/api/prod/datagetter?product=water_level&application=tempo-earth2-workshop&begin_date=20260525&end_date=20260602&datum=MSL&station=8575512&time_zone=gmt&units=metric&interval=6&format=json,0.007,"0,0,0,0",v
2026-05-28 18:18:00+00:00,0.127,8575512,"Annapolis, MD",water_level,MSL,metric,NOAA CO-OPS Data API,https://api.tidesandcurrents.noaa.gov/api/prod/datagetter?product=water_level&application=tempo-earth2-workshop&begin_date=20260525&end_date=20260602&datum=MSL&station=8575512&time_zone=gmt&units=metric&interval=6&format=json,0.007,"0,0,0,0",v
2026-05-28 18:24:00+00:00,0.135,8575512,"Annapolis, MD",water_level,MSL,metric,NOAA CO-OPS Data API,https://api.tidesandcurrents.noaa.gov/api/prod/datagetter?product=water_level&application=tempo-earth2-workshop&begin_date=20260525&end_date=20260602&datum=MSL&station=8575512&time_zone=gmt&units=metric&interval=6&format=json,0.007,"0,0,0,0",v
2026-05-28 18:30:00+00:00,0.136,8575512,"Annapolis, MD",water_level,MSL,metric,NOAA CO-OPS Data API,https://api.tidesandcurrents.noaa.gov/api/prod/datagetter?product=water_level&application=tempo-earth2-workshop&begin_date=20260525&end_date=20260602&datum=MSL&station=8575512&time_zone=gmt&units=metric&interval=6&format=json,0.007,"0,0,0,0",v
2026-05-28 18:36:00+00:00,0.141,8575512,"Annapolis, MD",water_level,MSL,metric,NOAA CO-OPS Data API,https://api.tidesandcurrents.noaa.gov/api/prod/datagetter?product=water_level&application=tempo-earth2-workshop&begin_date=20260525&end_date=20260602&datum=MSL&station=8575512&time_zone=gmt&units=metric&interval=6&format=json,0.007,"0,0,0,0",v
2026-05-28 18:42:00+00:00,0.145,8575512,"Annapolis, MD",water_level,MSL,metric,NOAA CO-OPS Data API,https://api.tidesandcurrents.noaa.gov/api/prod/datagetter?product=water_level&application=tempo-earth2-workshop&begin_date=20260525&end_date=20260602&datum=MSL&station=8575512&time_zone=gmt&units=metric&interval=6&format=json,0.007,"0,0,0,0",v
2026-05-28 18:48:00+00:00,0.153,8575512,"Annapolis, MD",water_level,MSL,metric,NOAA CO-OPS Data API,https://api.tidesandcurrents.noaa.gov/api/prod/datagetter?product=water_level&application=tempo-earth2-workshop&begin_date=20260525&end_date=20260602&datum=MSL&station=8575512&time_zone=gmt&units=metric&interval=6&format=json,0.007,"0,0,0,0",v
2026-05-28 18:54:00+00:00,0.155,8575512,"Annapolis, MD",water_level,MSL,metric,NOAA CO-OPS Data API,https://api.tidesandcurrents.noaa.gov/api/prod/datagetter?product=water_level&application=tempo-earth2-workshop&begin_date=20260525&end_date=20260602&datum=MSL&station=8575512&time_zone=gmt&units=metric&interval=6&format=json,0.007,"0,0,0,0",v
2026-05-28 19:00:00+00:00,0.151,8575512,"Annapolis, MD",water_level,MSL,metric,NOAA CO-OPS Data API,https://api.tidesandcurrents.noaa.gov/api/prod/datagetter?product=water_level&application=tempo-earth2-workshop&begin_date=20260525&end_date=20260602&datum=MSL&station=8575512&time_zone=gmt&units=metric&interval=6&format=json,0.007,"0,0,0,0",v
2026-05-28 19:06:00+00:00,0.155,8575512,"Annapolis, MD",water_level,MSL,metric,NOAA CO-OPS Data API,https://api.tidesandcurrents.noaa.gov/api/prod/datagetter?product=water_level&application=tempo-earth2-workshop&begin_date=20260525&end_date=20260602&datum=MSL&station=8575512&time_zone=gmt&units=metric&interval=6&format=json,0.007,"0,0,0,0",v
2026-05-28 19:12:00+00:00,0.154,8575512,"Annapolis, MD",water_level,MSL,metric,NOAA CO-OPS Data API,https://api.tidesandcurrents.noaa.gov/api/prod/datagetter?product=water_level&application=tempo-earth2-workshop&begin_date=20260525&end_date=20260602&datum=MSL&station=8575512&time_zone=gmt&units=metric&interval=6&format=json,0.007,"0,0,0,0",v
2026-05-28 19:18:00+00:00,0.154,8575512,"Annapolis, MD",water_level,MSL,metric,NOAA CO-OPS Data API,https://api.tidesandcurrents.noaa.gov/api/prod/datagetter?product=water_level&application=tempo-earth2-workshop&begin_date=20260525&end_date=20260602&datum=MSL&station=8575512&time_zone=gmt&units=metric&interval=6&format=json,0.007,"0,0,0,0",v
2026-05-28 19:24:00+00:00,0.156,8575512,"Annapolis, MD",water_level,MSL,metric,NOAA CO-OPS Data API,https://api.tidesandcurrents.noaa.gov/api/prod/datagetter?product=water_level&application=tempo-earth2-workshop&begin_date=20260525&end_date=20260602&datum=MSL&station=8575512&time_zone=gmt&units=metric&interval=6&format=json,0.007,"0,0,0,0",v
2026-05-28 19:30:00+00:00,0.153,8575512,"Annapolis, MD",water_level,MSL,metric,NOAA CO-OPS Data API,https://api.tidesandcurrents.noaa.gov/api/prod/datagetter?product=water_level&application=tempo-earth2-workshop&begin_date=20260525&end_date=20260602&datum=MSL&station=8575512&time_zone=gmt&units=metric&interval=6&format=json,0.007,"0,0,0,0",v
2026-05-28 19:36:00+00:00,0.156,8575512,"Annapolis, MD",water_level,MSL,metric,NOAA CO-OPS Data API,https://api.tidesandcurrents.noaa.gov/api/prod/datagetter?product=water_level&application=tempo-earth2-workshop&begin_date=20260525&end_date=20260602&datum=MSL&station=8575512&time_zone=gmt&units=metric&interval=6&format=json,0.007,"0,0,0,0",v
2026-05-28 19:42:00+00:00,0.16,8575512,"Annapolis, MD",water_level,MSL,metric,NOAA CO-OPS Data API,https://api.tidesandcurrents.noaa.gov/api/prod/datagetter?product=water_level&application=tempo-earth2-workshop&begin_date=20260525&end_date=20260602&datum=MSL&station=8575512&time_zone=gmt&units=metric&interval=6&format=json,0.007,"0,0,0,0",v
2026-05-28 19:48:00+00:00,0.163,8575512,"Annapolis, MD",water_level,MSL,metric,NOAA CO-OPS Data API,https://api.tidesandcurrents.noaa.gov/api/prod/datagetter?product=water_level&application=tempo-earth2-workshop&begin_date=20260525&end_date=20260602&datum=MSL&station=8575512&time_zone=gmt&units=metric&interval=6&format=json,0.007,"0,0,0,0",v
2026-05-28 19:54:00+00:00,0.165,8575512,"Annapolis, MD",water_level,MSL,metric,NOAA CO-OPS Data API,https://api.tidesandcurrents.noaa.gov/api/prod/datagetter?product=water_level&application=tempo-earth2-workshop&begin_date=20260525&end_date=20260602&datum=MSL&station=8575512&time_zone=gmt&units=metric&interval=6&format=json,0.007,"0,0,0,0",v
2026-05-28 20:00:00+00:00,0.164,8575512,"Annapolis, MD",water_level,MSL,metric,NOAA CO-OPS Data API,https://api.tidesandcurrents.noaa.gov/api/prod/datagetter?product=water_level&application=tempo-earth2-workshop&begin_date=20260525&end_date=20260602&datum=MSL&station=8575512&time_zone=gmt&units=metric&interval=6&format=json,0.007,"0,0,0,0",v
2026-05-28 20:06:00+00:00,0.168,8575512,"Annapolis, MD",water_level,MSL,metric,NOAA CO-OPS Data API,https://api.tidesandcurrents.noaa.gov/api/prod/datagetter?product=water_level&application=tempo-earth2-workshop&begin_date=20260525&end_date=20260602&datum=MSL&station=8575512&time_zone=gmt&units=metric&interval=6&format=json,0.007,"0,0,0,0",v
2026-05-28 20:12:00+00:00,0.162,8575512,"Annapolis, MD",water_level,MSL,metric,NOAA CO-OPS Data API,https://api.tidesandcurrents.noaa.gov/api/prod/datagetter?product=water_level&application=tempo-earth2-workshop&begin_date=20260525&end_date=20260602&datum=MSL&station=8575512&time_zone=gmt&units=metric&interval=6&format=json,0.007,"0,0,0,0",v
2026-05-28 20:18:00+00:00,0.159,8575512,"Annapolis, MD",water_level,MSL,metric,NOAA CO-OPS Data API,https://api.tidesandcurrents.noaa.gov/api/prod/datagetter?product=water_level&application=tempo-earth2-workshop&begin_date=20260525&end_date=20260602&datum=MSL&station=8575512&time_zone=gmt&units=metric&interval=6&format=json,0.007,"0,0,0,0",v
2026-05-28 20:24:00+00:00,0.16,8575512,"Annapolis, MD",water_level,MSL,metric,NOAA CO-OPS Data API,https://api.tidesandcurrents.noaa.gov/api/prod/datagetter?product=water_level&application=tempo-earth2-workshop&begin_date=20260525&end_date=20260602&datum=MSL&station=8575512&time_zone=gmt&units=metric&interval=6&format=json,0.007,"0,0,0,0",v
2026-05-28 20:30:00+00:00,0.156,8575512,"Annapolis, MD",water_level,MSL,metric,NOAA CO-OPS Data API,https://api.tidesandcurrents.noaa.gov/api/prod/datagetter?product=water_level&application=tempo-earth2-workshop&begin_date=20260525&end_date=20260602&datum=MSL&station=8575512&time_zone=gmt&units=metric&interval=6&format=json,0.007,"0,0,0,0",v
2026-05-28 20:36:00+00:00,0.149,8575512,"Annapolis, MD",water_level,MSL,metric,NOAA CO-OPS Data API,https://api.tidesandcurrents.noaa.gov/api/prod/datagetter?product=water_level&application=tempo-earth2-workshop&begin_date=20260525&end_date=20260602&datum=MSL&station=8575512&time_zone=gmt&units=metric&interval=6&format=json,0.007,"0,0,0,0",v
2026-05-28 20:42:00+00:00,0.147,8575512,"Annapolis, MD",water_level,MSL,metric,NOAA CO-OPS Data API,https://api.tidesandcurrents.noaa.gov/api/prod/datagetter?product=water_level&application=tempo-earth2-workshop&begin_date=20260525&end_date=20260602&datum=MSL&station=8575512&time_zone=gmt&units=metric&interval=6&format=json,0.007,"0,0,0,0",v
2026-05-28 20:48:00+00:00,0.143,8575512,"Annapolis, MD",water_level,MSL,metric,NOAA CO-OPS Data API,https://api.tidesandcurrents.noaa.gov/api/prod/datagetter?product=water_level&application=tempo-earth2-workshop&begin_date=20260525&end_date=20260602&datum=MSL&station=8575512&time_zone=gmt&units=metric&interval=6&format=json,0.007,"0,0,0,0",v
2026-05-28 20:54:00+00:00,0.137,8575512,"Annapolis, MD",water_level,MSL,metric,NOAA CO-OPS Data API,https://api.tidesandcurrents.noaa.gov/api/prod/datagetter?product=water_level&application=tempo-earth2-workshop&begin_date=20260525&end_date=20260602&datum=MSL&station=8575512&time_zone=gmt&units=metric&interval=6&format=json,0.007,"0,0,0,0",v
2026-05-28 21:00:00+00:00,0.137,8575512,"Annapolis, MD",water_level,MSL,metric,NOAA CO-OPS Data API,https://api.tidesandcurrents.noaa.gov/api/prod/datagetter?product=water_level&application=tempo-earth2-workshop&begin_date=20260525&end_date=20260602&datum=MSL&station=8575512&time_zone=gmt&units=metric&interval=6&format=json,0.007,"0,0,0,0",v
2026-05-28 21:06:00+00:00,0.137,8575512,"Annapolis, MD",water_level,MSL,metric,NOAA CO-OPS Data API,https://api.tidesandcurrents.noaa.gov/api/prod/datagetter?product=water_level&application=tempo-earth2-workshop&begin_date=20260525&end_date=20260602&datum=MSL&station=8575512&time_zone=gmt&units=metric&interval=6&format=json,0.007,"0,0,0,0",v
2026-05-28 21:12:00+00:00,0.131,8575512,"Annapolis, MD",water_level,MSL,metric,NOAA CO-OPS Data API,https://api.tidesandcurrents.noaa.gov/api/prod/datagetter?product=water_level&application=tempo-earth2-workshop&begin_date=20260525&end_date=20260602&datum=MSL&station=8575512&time_zone=gmt&units=metric&interval=6&format=json,0.007,"0,0,0,0",v
2026-05-28 21:18:00+00:00,0.129,8575512,"Annapolis, MD",water_level,MSL,metric,NOAA CO-OPS Data API,https://api.tidesandcurrents.noaa.gov/api/prod/datagetter?product=water_level&application=tempo-earth2-workshop&begin_date=20260525&end_date=20260602&datum=MSL&station=8575512&time_zone=gmt&units=metric&interval=6&format=json,0.007,"0,0,0,0",v
2026-05-28 21:24:00+00:00,0.122,8575512,"Annapolis, MD",water_level,MSL,metric,NOAA CO-OPS Data API,https://api.tidesandcurrents.noaa.gov/api/prod/datagetter?product=water_level&application=tempo-earth2-workshop&begin_date=20260525&end_date=20260602&datum=MSL&station=8575512&time_zone=gmt&units=metric&interval=6&format=json,0.007,"0,0,0,0",v
2026-05-28 21:30:00+00:00,0.114,8575512,"Annapolis, MD",water_level,MSL,metric,NOAA CO-OPS Data API,https://api.tidesandcurrents.noaa.gov/api/prod/datagetter?product=water_level&application=tempo-earth2-workshop&begin_date=20260525&end_date=20260602&datum=MSL&station=8575512&time_zone=gmt&units=metric&interval=6&format=json,0.007,"0,0,0,0",v
2026-05-28 21:36:00+00:00,0.113,8575512,"Annapolis, MD",water_level,MSL,metric,NOAA CO-OPS Data API,https://api.tidesandcurrents.noaa.gov/api/prod/datagetter?product=water_level&application=tempo-earth2-workshop&begin_date=20260525&end_date=20260602&datum=MSL&station=8575512&time_zone=gmt&units=metric&interval=6&format=json,0.007,"0,0,0,0",v
2026-05-28 21:42:00+00:00,0.106,8575512,"Annapolis, MD",water_level,MSL,metric,NOAA CO-OPS Data API,https://api.tidesandcurrents.noaa.gov/api/prod/datagetter?product=water_level&application=tempo-earth2-workshop&begin_date=20260525&end_date=20260602&datum=MSL&station=8575512&time_zone=gmt&units=metric&interval=6&format=json,0.007,"0,0,0,0",v
2026-05-28 21:48:00+00:00,0.108,8575512,"Annapolis, MD",water_level,MSL,metric,NOAA CO-OPS Data API,https://api.tidesandcurrents.noaa.gov/api/prod/datagetter?product=water_level&application=tempo-earth2-workshop&begin_date=20260525&end_date=20260602&datum=MSL&station=8575512&time_zone=gmt&units=metric&interval=6&format=json,0.007,"0,0,0,0",v
2026-05-28 21:54:00+00:00,0.104,8575512,"Annapolis, MD",water_level,MSL,metric,NOAA CO-OPS Data API,https://api.tidesandcurrents.noaa.gov/api/prod/datagetter?product=water_level&application=tempo-earth2-workshop&begin_date=20260525&end_date=20260602&datum=MSL&station=8575512&time_zone=gmt&units=metric&interval=6&format=json,0.007,"0,0,0,0",v
2026-05-28 22:00:00+00:00,0.093,8575512,"Annapolis, MD",water_level,MSL,metric,NOAA CO-OPS Data API,https://api.tidesandcurrents.noaa.gov/api/prod/datagetter?product=water_level&application=tempo-earth2-workshop&begin_date=20260525&end_date=20260602&datum=MSL&station=8575512&time_zone=gmt&units=metric&interval=6&format=json,0.007,"0,0,0,0",v
2026-05-28 22:06:00+00:00,0.09,8575512,"Annapolis, MD",water_level,MSL,metric,NOAA CO-OPS Data API,https://api.tidesandcurrents.noaa.gov/api/prod/datagetter?product=water_level&application=tempo-earth2-workshop&begin_date=20260525&end_date=20260602&datum=MSL&station=8575512&time_zone=gmt&units=metric&interval=6&format=json,0.007,"0,0,0,0",v
2026-05-28 22:12:00+00:00,0.086,8575512,"Annapolis, MD",water_level,MSL,metric,NOAA CO-OPS Data API,https://api.tidesandcurrents.noaa.gov/api/prod/datagetter?product=water_level&application=tempo-earth2-workshop&begin_date=20260525&end_date=20260602&datum=MSL&station=8575512&time_zone=gmt&units=metric&interval=6&format=json,0.007,"0,0,0,0",v
2026-05-28 22:18:00+00:00,0.08,8575512,"Annapolis, MD",water_level,MSL,metric,NOAA CO-OPS Data API,https://api.tidesandcurrents.noaa.gov/api/prod/datagetter?product=water_level&application=tempo-earth2-workshop&begin_date=20260525&end_date=20260602&datum=MSL&station=8575512&time_zone=gmt&units=metric&interval=6&format=json,0.007,"0,0,0,0",v
2026-05-28 22:24:00+00:00,0.072,8575512,"Annapolis, MD",water_level,MSL,metric,NOAA CO-OPS Data API,https://api.tidesandcurrents.noaa.gov/api/prod/datagetter?product=water_level&application=tempo-earth2-workshop&begin_date=20260525&end_date=20260602&datum=MSL&station=8575512&time_zone=gmt&units=metric&interval=6&format=json,0.007,"0,0,0,0",v
2026-05-28 22:30:00+00:00,0.068,8575512,"Annapolis, MD",water_level,MSL,metric,NOAA CO-OPS Data API,https://api.tidesandcurrents.noaa.gov/api/prod/datagetter?product=water_level&application=tempo-earth2-workshop&begin_date=20260525&end_date=20260602&datum=MSL&station=8575512&time_zone=gmt&units=metric&interval=6&format=json,0.007,"0,0,0,0",v
2026-05-28 22:36:00+00:00,0.063,8575512,"Annapolis, MD",water_level,MSL,metric,NOAA CO-OPS Data API,https://api.tidesandcurrents.noaa.gov/api/prod/datagetter?product=water_level&application=tempo-earth2-workshop&begin_date=20260525&end_date=20260602&datum=MSL&station=8575512&time_zone=gmt&units=metric&interval=6&format=json,0.007,"0,0,0,0",v
2026-05-28 22:42:00+00:00,0.055,8575512,"Annapolis, MD",water_level,MSL,metric,NOAA CO-OPS Data API,https://api.tidesandcurrents.noaa.gov/api/prod/datagetter?product=water_level&application=tempo-earth2-workshop&begin_date=20260525&end_date=20260602&datum=MSL&station=8575512&time_zone=gmt&units=metric&interval=6&format=json,0.007,"0,0,0,0",v
2026-05-28 22:48:00+00:00,0.048,8575512,"Annapolis, MD",water_level,MSL,metric,NOAA CO-OPS Data API,https://api.tidesandcurrents.noaa.gov/api/prod/datagetter?product=water_level&application=tempo-earth2-workshop&begin_date=20260525&end_date=20260602&datum=MSL&station=8575512&time_zone=gmt&units=metric&interval=6&format=json,0.007,"0,0,0,0",v
2026-05-28 22:54:00+00:00,0.043,8575512,"Annapolis, MD",water_level,MSL,metric,NOAA CO-OPS Data API,https://api.tidesandcurrents.noaa.gov/api/prod/datagetter?product=water_level&application=tempo-earth2-workshop&begin_date=20260525&end_date=20260602&datum=MSL&station=8575512&time_zone=gmt&units=metric&interval=6&format=json,0.007,"0,0,0,0",v
2026-05-28 23:00:00+00:00,0.04,8575512,"Annapolis, MD",water_level,MSL,metric,NOAA CO-OPS Data API,https://api.tidesandcurrents.noaa.gov/api/prod/datagetter?product=water_level&application=tempo-earth2-workshop&begin_date=20260525&end_date=20260602&datum=MSL&station=8575512&time_zone=gmt&units=metric&interval=6&format=json,0.007,"0,0,0,0",v
2026-05-28 23:06:00+00:00,0.037,8575512,"Annapolis, MD",water_level,MSL,metric,NOAA CO-OPS Data API,https://api.tidesandcurrents.noaa.gov/api/prod/datagetter?product=water_level&application=tempo-earth2-workshop&begin_date=20260525&end_date=20260602&datum=MSL&station=8575512&time_zone=gmt&units=metric&interval=6&format=json,0.007,"0,0,0,0",v
2026-05-28 23:12:00+00:00,0.034,8575512,"Annapolis, MD",water_level,MSL,metric,NOAA CO-OPS Data API,https://api.tidesandcurrents.noaa.gov/api/prod/datagetter?product=water_level&application=tempo-earth2-workshop&begin_date=20260525&end_date=20260602&datum=MSL&station=8575512&time_zone=gmt&units=metric&interval=6&format=json,0.007,"0,0,0,0",v
2026-05-28 23:18:00+00:00,0.025,8575512,"Annapolis, MD",water_level,MSL,metric,NOAA CO-OPS Data API,https://api.tidesandcurrents.noaa.gov/api/prod/datagetter?product=water_level&application=tempo-earth2-workshop&begin_date=20260525&end_date=20260602&datum=MSL&station=8575512&time_zone=gmt&units=metric&interval=6&format=json,0.007,"0,0,0,0",v
2026-05-28 23:24:00+00:00,0.018,8575512,"Annapolis, MD",water_level,MSL,metric,NOAA CO-OPS Data API,https://api.tidesandcurrents.noaa.gov/api/prod/datagetter?product=water_level&application=tempo-earth2-workshop&begin_date=20260525&end_date=20260602&datum=MSL&station=8575512&time_zone=gmt&units=metric&interval=6&format=json,0.007,"0,0,0,0",v
2026-05-28 23:30:00+00:00,0.017,8575512,"Annapolis, MD",water_level,MSL,metric,NOAA CO-OPS Data API,https://api.tidesandcurrents.noaa.gov/api/prod/datagetter?product=water_level&application=tempo-earth2-workshop&begin_date=20260525&end_date=20260602&datum=MSL&station=8575512&time_zone=gmt&units=metric&interval=6&format=json,0.007,"0,0,0,0",v
2026-05-28 23:36:00+00:00,0.005,8575512,"Annapolis, MD",water_level,MSL,metric,NOAA CO-OPS Data API,https://api.tidesandcurrents.noaa.gov/api/prod/datagetter?product=water_level&application=tempo-earth2-workshop&begin_date=20260525&end_date=20260602&datum=MSL&station=8575512&time_zone=gmt&units=metric&interval=6&format=json,0.007,"0,0,0,0",v
2026-05-28 23:42:00+00:00,0.006,8575512,"Annapolis, MD",water_level,MSL,metric,NOAA CO-OPS Data API,https://api.tidesandcurrents.noaa.gov/api/prod/datagetter?product=water_level&application=tempo-earth2-workshop&begin_date=20260525&end_date=20260602&datum=MSL&station=8575512&time_zone=gmt&units=metric&interval=6&format=json,0.007,"0,0,0,0",v
2026-05-28 23:48:00+00:00,0.003,8575512,"Annapolis, MD",water_level,MSL,metric,NOAA CO-OPS Data API,https://api.tidesandcurrents.noaa.gov/api/prod/datagetter?product=water_level&application=tempo-earth2-workshop&begin_date=20260525&end_date=20260602&datum=MSL&station=8575512&time_zone=gmt&units=metric&interval=6&format=json,0.007,"0,0,0,0",v
2026-05-28 23:54:00+00:00,-0.002,8575512,"Annapolis, MD",water_level,MSL,metric,NOAA CO-OPS Data API,https://api.tidesandcurrents.noaa.gov/api/prod/datagetter?product=water_level&application=tempo-earth2-workshop&begin_date=20260525&end_date=20260602&datum=MSL&station=8575512&time_zone=gmt&units=metric&interval=6&format=json,0.007,"0,0,0,0",v
2026-05-29 00:00:00+00:00,-0.006,8575512,"Annapolis, MD",water_level,MSL,metric,NOAA CO-OPS Data API,https://api.tidesandcurrents.noaa.gov/api/prod/datagetter?product=water_level&application=tempo-earth2-workshop&begin_date=20260525&end_date=20260602&datum=MSL&station=8575512&time_zone=gmt&units=metric&interval=6&format=json,0.007,"0,0,0,0",v
2026-05-29 00:06:00+00:00,-0.014,8575512,"Annapolis, MD",water_level,MSL,metric,NOAA CO-OPS Data API,https://api.tidesandcurrents.noaa.gov/api/prod/datagetter?product=water_level&application=tempo-earth2-workshop&begin_date=20260525&end_date=20260602&datum=MSL&station=8575512&time_zone=gmt&units=metric&interval=6&format=json,0.007,"0,0,0,0",v
2026-05-29 00:12:00+00:00,-0.021,8575512,"Annapolis, MD",water_level,MSL,metric,NOAA CO-OPS Data API,https://api.tidesandcurrents.noaa.gov/api/prod/datagetter?product=water_level&application=tempo-earth2-workshop&begin_date=20260525&end_date=20260602&datum=MSL&station=8575512&time_zone=gmt&units=metric&interval=6&format=json,0.007,"0,0,0,0",v
2026-05-29 00:18:00+00:00,-0.029,8575512,"Annapolis, MD",water_level,MSL,metric,NOAA CO-OPS Data API,https://api.tidesandcurrents.noaa.gov/api/prod/datagetter?product=water_level&application=tempo-earth2-workshop&begin_date=20260525&end_date=20260602&datum=MSL&station=8575512&time_zone=gmt&units=metric&interval=6&format=json,0.007,"0,0,0,0",v
2026-05-29 00:24:00+00:00,-0.034,8575512,"Annapolis, MD",water_level,MSL,metric,NOAA CO-OPS Data API,https://api.tidesandcurrents.noaa.gov/api/prod/datagetter?product=water_level&application=tempo-earth2-workshop&begin_date=20260525&end_date=20260602&datum=MSL&station=8575512&time_zone=gmt&units=metric&interval=6&format=json,0.007,"0,0,0,0",v
2026-05-29 00:30:00+00:00,-0.036,8575512,"Annapolis, MD",water_level,MSL,metric,NOAA CO-OPS Data API,https://api.tidesandcurrents.noaa.gov/api/prod/datagetter?product=water_level&application=tempo-earth2-workshop&begin_date=20260525&end_date=20260602&datum=MSL&station=8575512&time_zone=gmt&units=metric&interval=6&format=json,0.007,"0,0,0,0",v
2026-05-29 00:36:00+00:00,-0.032,8575512,"Annapolis, MD",water_level,MSL,metric,NOAA CO-OPS Data API,https://api.tidesandcurrents.noaa.gov/api/prod/datagetter?product=water_level&application=tempo-earth2-workshop&begin_date=20260525&end_date=20260602&datum=MSL&station=8575512&time_zone=gmt&units=metric&interval=6&format=json,0.007,"0,0,0,0",v
2026-05-29 00:42:00+00:00,-0.038,8575512,"Annapolis, MD",water_level,MSL,metric,NOAA CO-OPS Data API,https://api.tidesandcurrents.noaa.gov/api/prod/datagetter?product=water_level&application=tempo-earth2-workshop&begin_date=20260525&end_date=20260602&datum=MSL&station=8575512&time_zone=gmt&units=metric&interval=6&format=json,0.007,"0,0,0,0",v
2026-05-29 00:48:00+00:00,-0.042,8575512,"Annapolis, MD",water_level,MSL,metric,NOAA CO-OPS Data API,https://api.tidesandcurrents.noaa.gov/api/prod/datagetter?product=water_level&application=tempo-earth2-workshop&begin_date=20260525&end_date=20260602&datum=MSL&station=8575512&time_zone=gmt&units=metric&interval=6&format=json,0.007,"0,0,0,0",v
2026-05-29 00:54:00+00:00,-0.042,8575512,"Annapolis, MD",water_level,MSL,metric,NOAA CO-OPS Data API,https://api.tidesandcurrents.noaa.gov/api/prod/datagetter?product=water_level&application=tempo-earth2-workshop&begin_date=20260525&end_date=20260602&datum=MSL&station=8575512&time_zone=gmt&units=metric&interval=6&format=json,0.007,"0,0,0,0",v
2026-05-29 01:00:00+00:00,-0.036,8575512,"Annapolis, MD",water_level,MSL,metric,NOAA CO-OPS Data API,https://api.tidesandcurrents.noaa.gov/api/prod/datagetter?product=water_level&application=tempo-earth2-workshop&begin_date=20260525&end_date=20260602&datum=MSL&station=8575512&time_zone=gmt&units=metric&interval=6&format=json,0.007,"0,0,0,0",v
2026-05-29 01:06:00+00:00,-0.047,8575512,"Annapolis, MD",water_level,MSL,metric,NOAA CO-OPS Data API,https://api.tidesandcurrents.noaa.gov/api/prod/datagetter?product=water_level&application=tempo-earth2-workshop&begin_date=20260525&end_date=20260602&datum=MSL&station=8575512&time_zone=gmt&units=metric&interval=6&format=json,0.007,"0,0,0,0",v
2026-05-29 01:12:00+00:00,-0.047,8575512,"Annapolis, MD",water_level,MSL,metric,NOAA CO-OPS Data API,https://api.tidesandcurrents.noaa.gov/api/prod/datagetter?product=water_level&application=tempo-earth2-workshop&begin_date=20260525&end_date=20260602&datum=MSL&station=8575512&time_zone=gmt&units=metric&interval=6&format=json,0.007,"0,0,0,0",v
2026-05-29 01:18:00+00:00,-0.053,8575512,"Annapolis, MD",water_level,MSL,metric,NOAA CO-OPS Data API,https://api.tidesandcurrents.noaa.gov/api/prod/datagetter?product=water_level&application=tempo-earth2-workshop&begin_date=20260525&end_date=20260602&datum=MSL&station=8575512&time_zone=gmt&units=metric&interval=6&format=json,0.007,"0,0,0,0",v
2026-05-29 01:24:00+00:00,-0.049,8575512,"Annapolis, MD",water_level,MSL,metric,NOAA CO-OPS Data API,https://api.tidesandcurrents.noaa.gov/api/prod/datagetter?product=water_level&application=tempo-earth2-workshop&begin_date=20260525&end_date=20260602&datum=MSL&station=8575512&time_zone=gmt&units=metric&interval=6&format=json,0.007,"0,0,0,0",v
2026-05-29 01:30:00+00:00,-0.049,8575512,"Annapolis, MD",water_level,MSL,metric,NOAA CO-OPS Data API,https://api.tidesandcurrents.noaa.gov/api/prod/datagetter?product=water_level&application=tempo-earth2-workshop&begin_date=20260525&end_date=20260602&datum=MSL&station=8575512&time_zone=gmt&units=metric&interval=6&format=json,0.007,"0,0,0,0",v
2026-05-29 01:36:00+00:00,-0.054,8575512,"Annapolis, MD",water_level,MSL,metric,NOAA CO-OPS Data API,https://api.tidesandcurrents.noaa.gov/api/prod/datagetter?product=water_level&application=tempo-earth2-workshop&begin_date=20260525&end_date=20260602&datum=MSL&station=8575512&time_zone=gmt&units=metric&interval=6&format=json,0.007,"0,0,0,0",v
2026-05-29 01:42:00+00:00,-0.053,8575512,"Annapolis, MD",water_level,MSL,metric,NOAA CO-OPS Data API,https://api.tidesandcurrents.noaa.gov/api/prod/datagetter?product=water_level&application=tempo-earth2-workshop&begin_date=20260525&end_date=20260602&datum=MSL&station=8575512&time_zone=gmt&units=metric&interval=6&format=json,0.007,"0,0,0,0",v
2026-05-29 01:48:00+00:00,-0.056,8575512,"Annapolis, MD",water_level,MSL,metric,NOAA CO-OPS Data API,https://api.tidesandcurrents.noaa.gov/api/prod/datagetter?product=water_level&application=tempo-earth2-workshop&begin_date=20260525&end_date=20260602&datum=MSL&station=8575512&time_zone=gmt&units=metric&interval=6&format=json,0.007,"0,0,0,0",v
2026-05-29 01:54:00+00:00,-0.057,8575512,"Annapolis, MD",water_level,MSL,metric,NOAA CO-OPS Data API,https://api.tidesandcurrents.noaa.gov/api/prod/datagetter?product=water_level&application=tempo-earth2-workshop&begin_date=20260525&end_date=20260602&datum=MSL&station=8575512&time_zone=gmt&units=metric&interval=6&format=json,0.007,"0,0,0,0",v
2026-05-29 02:00:00+00:00,-0.052,8575512,"Annapolis, MD",water_level,MSL,metric,NOAA CO-OPS Data API,https://api.tidesandcurrents.noaa.gov/api/prod/datagetter?product=water_level&application=tempo-earth2-workshop&begin_date=20260525&end_date=20260602&datum=MSL&station=8575512&time_zone=gmt&units=metric&interval=6&format=json,0.007,"0,0,0,0",v
2026-05-29 02:06:00+00:00,-0.051,8575512,"Annapolis, MD",water_level,MSL,metric,NOAA CO-OPS Data API,https://api.tidesandcurrents.noaa.gov/api/prod/datagetter?product=water_level&application=tempo-earth2-workshop&begin_date=20260525&end_date=20260602&datum=MSL&station=8575512&time_zone=gmt&units=metric&interval=6&format=json,0.007,"0,0,0,0",v
2026-05-29 02:12:00+00:00,-0.05,8575512,"Annapolis, MD",water_level,MSL,metric,NOAA CO-OPS Data API,https://api.tidesandcurrents.noaa.gov/api/prod/datagetter?product=water_level&application=tempo-earth2-workshop&begin_date=20260525&end_date=20260602&datum=MSL&station=8575512&time_zone=gmt&units=metric&interval=6&format=json,0.007,"0,0,0,0",v
2026-05-29 02:18:00+00:00,-0.046,8575512,"Annapolis, MD",water_level,MSL,metric,NOAA CO-OPS Data API,https://api.tidesandcurrents.noaa.gov/api/prod/datagetter?product=water_level&application=tempo-earth2-workshop&begin_date=20260525&end_date=20260602&datum=MSL&station=8575512&time_zone=gmt&units=metric&interval=6&format=json,0.007,"0,0,0,0",v
2026-05-29 02:24:00+00:00,-0.046,8575512,"Annapolis, MD",water_level,MSL,metric,NOAA CO-OPS Data API,https://api.tidesandcurrents.noaa.gov/api/prod/datagetter?product=water_level&application=tempo-earth2-workshop&begin_date=20260525&end_date=20260602&datum=MSL&station=8575512&time_zone=gmt&units=metric&interval=6&format=json,0.007,"0,0,0,0",v
2026-05-29 02:30:00+00:00,-0.048,8575512,"Annapolis, MD",water_level,MSL,metric,NOAA CO-OPS Data API,https://api.tidesandcurrents.noaa.gov/api/prod/datagetter?product=water_level&application=tempo-earth2-workshop&begin_date=20260525&end_date=20260602&datum=MSL&station=8575512&time_zone=gmt&units=metric&interval=6&format=json,0.007,"0,0,0,0",v
2026-05-29 02:36:00+00:00,-0.044,8575512,"Annapolis, MD",water_level,MSL,metric,NOAA CO-OPS Data API,https://api.tidesandcurrents.noaa.gov/api/prod/datagetter?product=water_level&application=tempo-earth2-workshop&begin_date=20260525&end_date=20260602&datum=MSL&station=8575512&time_zone=gmt&units=metric&interval=6&format=json,0.007,"0,0,0,0",v
2026-05-29 02:42:00+00:00,-0.038,8575512,"Annapolis, MD",water_level,MSL,metric,NOAA CO-OPS Data API,https://api.tidesandcurrents.noaa.gov/api/prod/datagetter?product=water_level&application=tempo-earth2-workshop&begin_date=20260525&end_date=20260602&datum=MSL&station=8575512&time_zone=gmt&units=metric&interval=6&format=json,0.007,"0,0,0,0",v
2026-05-29 02:48:00+00:00,-0.031,8575512,"Annapolis, MD",water_level,MSL,metric,NOAA CO-OPS Data API,https://api.tidesandcurrents.noaa.gov/api/prod/datagetter?product=water_level&application=tempo-earth2-workshop&begin_date=20260525&end_date=20260602&datum=MSL&station=8575512&time_zone=gmt&units=metric&interval=6&format=json,0.007,"0,0,0,0",v
2026-05-29 02:54:00+00:00,-0.029,8575512,"Annapolis, MD",water_level,MSL,metric,NOAA CO-OPS Data API,https://api.tidesandcurrents.noaa.gov/api/prod/datagetter?product=water_level&application=tempo-earth2-workshop&begin_date=20260525&end_date=20260602&datum=MSL&station=8575512&time_zone=gmt&units=metric&interval=6&format=json,0.007,"0,0,0,0",v
2026-05-29 03:00:00+00:00,-0.03,8575512,"Annapolis, MD",water_level,MSL,metric,NOAA CO-OPS Data API,https://api.tidesandcurrents.noaa.gov/api/prod/datagetter?product=water_level&application=tempo-earth2-workshop&begin_date=20260525&end_date=20260602&datum=MSL&station=8575512&time_zone=gmt&units=metric&interval=6&format=json,0.007,"0,0,0,0",v
2026-05-29 03:06:00+00:00,-0.025,8575512,"Annapolis, MD",water_level,MSL,metric,NOAA CO-OPS Data API,https://api.tidesandcurrents.noaa.gov/api/prod/datagetter?product=water_level&application=tempo-earth2-workshop&begin_date=20260525&end_date=20260602&datum=MSL&station=8575512&time_zone=gmt&units=metric&interval=6&format=json,0.007,"0,0,0,0",v
2026-05-29 03:12:00+00:00,-0.021,8575512,"Annapolis, MD",water_level,MSL,metric,NOAA CO-OPS Data API,https://api.tidesandcurrents.noaa.gov/api/prod/datagetter?product=water_level&application=tempo-earth2-workshop&begin_date=20260525&end_date=20260602&datum=MSL&station=8575512&time_zone=gmt&units=metric&interval=6&format=json,0.007,"0,0,0,0",v
2026-05-29 03:18:00+00:00,-0.016,8575512,"Annapolis, MD",water_level,MSL,metric,NOAA CO-OPS Data API,https://api.tidesandcurrents.noaa.gov/api/prod/datagetter?product=water_level&application=tempo-earth2-workshop&begin_date=20260525&end_date=20260602&datum=MSL&station=8575512&time_zone=gmt&units=metric&interval=6&format=json,0.007,"0,0,0,0",v
2026-05-29 03:24:00+00:00,-0.008,8575512,"Annapolis, MD",water_level,MSL,metric,NOAA CO-OPS Data API,https://api.tidesandcurrents.noaa.gov/api/prod/datagetter?product=water_level&application=tempo-earth2-workshop&begin_date=20260525&end_date=20260602&datum=MSL&station=8575512&time_zone=gmt&units=metric&interval=6&format=json,0.007,"0,0,0,0",v
2026-05-29 03:30:00+00:00,-0.004,8575512,"Annapolis, MD",water_level,MSL,metric,NOAA CO-OPS Data API,https://api.tidesandcurrents.noaa.gov/api/prod/datagetter?product=water_level&application=tempo-earth2-workshop&begin_date=20260525&end_date=20260602&datum=MSL&station=8575512&time_zone=gmt&units=metric&interval=6&format=json,0.007,"0,0,0,0",v
2026-05-29 03:36:00+00:00,0.002,8575512,"Annapolis, MD",water_level,MSL,metric,NOAA CO-OPS Data API,https://api.tidesandcurrents.noaa.gov/api/prod/datagetter?product=water_level&application=tempo-earth2-workshop&begin_date=20260525&end_date=20260602&datum=MSL&station=8575512&time_zone=gmt&units=metric&interval=6&format=json,0.007,"0,0,0,0",v
2026-05-29 03:42:00+00:00,0.009,8575512,"Annapolis, MD",water_level,MSL,metric,NOAA CO-OPS Data API,https://api.tidesandcurrents.noaa.gov/api/prod/datagetter?product=water_level&application=tempo-earth2-workshop&begin_date=20260525&end_date=20260602&datum=MSL&station=8575512&time_zone=gmt&units=metric&interval=6&format=json,0.007,"0,0,0,0",v
2026-05-29 03:48:00+00:00,0.013,8575512,"Annapolis, MD",water_level,MSL,metric,NOAA CO-OPS Data API,https://api.tidesandcurrents.noaa.gov/api/prod/datagetter?product=water_level&application=tempo-earth2-workshop&begin_date=20260525&end_date=20260602&datum=MSL&station=8575512&time_zone=gmt&units=metric&interval=6&format=json,0.007,"0,0,0,0",v
2026-05-29 03:54:00+00:00,0.021,8575512,"Annapolis, MD",water_level,MSL,metric,NOAA CO-OPS Data API,https://api.tidesandcurrents.noaa.gov/api/prod/datagetter?product=water_level&application=tempo-earth2-workshop&begin_date=20260525&end_date=20260602&datum=MSL&station=8575512&time_zone=gmt&units=metric&interval=6&format=json,0.007,"0,0,0,0",v
2026-05-29 04:00:00+00:00,0.028,8575512,"Annapolis, MD",water_level,MSL,metric,NOAA CO-OPS Data API,https://api.tidesandcurrents.noaa.gov/api/prod/datagetter?product=water_level&application=tempo-earth2-workshop&begin_date=20260525&end_date=20260602&datum=MSL&station=8575512&time_zone=gmt&units=metric&interval=6&format=json,0.007,"0,0,0,0",v
2026-05-29 04:06:00+00:00,0.034,8575512,"Annapolis, MD",water_level,MSL,metric,NOAA CO-OPS Data API,https://api.tidesandcurrents.noaa.gov/api/prod/datagetter?product=water_level&application=tempo-earth2-workshop&begin_date=20260525&end_date=20260602&datum=MSL&station=8575512&time_zone=gmt&units=metric&interval=6&format=json,0.007,"0,0,0,0",v
2026-05-29 04:12:00+00:00,0.04,8575512,"Annapolis, MD",water_level,MSL,metric,NOAA CO-OPS Data API,https://api.tidesandcurrents.noaa.gov/api/prod/datagetter?product=water_level&application=tempo-earth2-workshop&begin_date=20260525&end_date=20260602&datum=MSL&station=8575512&time_zone=gmt&units=metric&interval=6&format=json,0.007,"0,0,0,0",v
2026-05-29 04:18:00+00:00,0.045,8575512,"Annapolis, MD",water_level,MSL,metric,NOAA CO-OPS Data API,https://api.tidesandcurrents.noaa.gov/api/prod/datagetter?product=water_level&application=tempo-earth2-workshop&begin_date=20260525&end_date=20260602&datum=MSL&station=8575512&time_zone=gmt&units=metric&interval=6&format=json,0.007,"0,0,0,0",v
2026-05-29 04:24:00+00:00,0.048,8575512,"Annapolis, MD",water_level,MSL,metric,NOAA CO-OPS Data API,https://api.tidesandcurrents.noaa.gov/api/prod/datagetter?product=water_level&application=tempo-earth2-workshop&begin_date=20260525&end_date=20260602&datum=MSL&station=8575512&time_zone=gmt&units=metric&interval=6&format=json,0.007,"0,0,0,0",v
2026-05-29 04:30:00+00:00,0.053,8575512,"Annapolis, MD",water_level,MSL,metric,NOAA CO-OPS Data API,https://api.tidesandcurrents.noaa.gov/api/prod/datagetter?product=water_level&application=tempo-earth2-workshop&begin_date=20260525&end_date=20260602&datum=MSL&station=8575512&time_zone=gmt&units=metric&interval=6&format=json,0.007,"0,0,0,0",v
2026-05-29 04:36:00+00:00,0.067,8575512,"Annapolis, MD",water_level,MSL,metric,NOAA CO-OPS Data API,https://api.tidesandcurrents.noaa.gov/api/prod/datagetter?product=water_level&application=tempo-earth2-workshop&begin_date=20260525&end_date=20260602&datum=MSL&station=8575512&time_zone=gmt&units=metric&interval=6&format=json,0.007,"0,0,0,0",v
2026-05-29 04:42:00+00:00,0.08,8575512,"Annapolis, MD",water_level,MSL,metric,NOAA CO-OPS Data API,https://api.tidesandcurrents.noaa.gov/api/prod/datagetter?product=water_level&application=tempo-earth2-workshop&begin_date=20260525&end_date=20260602&datum=MSL&station=8575512&time_zone=gmt&units=metric&interval=6&format=json,0.007,"0,0,0,0",v
2026-05-29 04:48:00+00:00,0.087,8575512,"Annapolis, MD",water_level,MSL,metric,NOAA CO-OPS Data API,https://api.tidesandcurrents.noaa.gov/api/prod/datagetter?product=water_level&application=tempo-earth2-workshop&begin_date=20260525&end_date=20260602&datum=MSL&station=8575512&time_zone=gmt&units=metric&interval=6&format=json,0.007,"0,0,0,0",v
2026-05-29 04:54:00+00:00,0.088,8575512,"Annapolis, MD",water_level,MSL,metric,NOAA CO-OPS Data API,https://api.tidesandcurrents.noaa.gov/api/prod/datagetter?product=water_level&application=tempo-earth2-workshop&begin_date=20260525&end_date=20260602&datum=MSL&station=8575512&time_zone=gmt&units=metric&interval=6&format=json,0.007,"0,0,0,0",v
2026-05-29 05:00:00+00:00,0.096,8575512,"Annapolis, MD",water_level,MSL,metric,NOAA CO-OPS Data API,https://api.tidesandcurrents.noaa.gov/api/prod/datagetter?product=water_level&application=tempo-earth2-workshop&begin_date=20260525&end_date=20260602&datum=MSL&station=8575512&time_zone=gmt&units=metric&interval=6&format=json,0.007,"0,0,0,0",v
2026-05-29 05:06:00+00:00,0.108,8575512,"Annapolis, MD",water_level,MSL,metric,NOAA CO-OPS Data API,https://api.tidesandcurrents.noaa.gov/api/prod/datagetter?product=water_level&application=tempo-earth2-workshop&begin_date=20260525&end_date=20260602&datum=MSL&station=8575512&time_zone=gmt&units=metric&interval=6&format=json,0.007,"0,0,0,0",v
2026-05-29 05:12:00+00:00,0.112,8575512,"Annapolis, MD",water_level,MSL,metric,NOAA CO-OPS Data API,https://api.tidesandcurrents.noaa.gov/api/prod/datagetter?product=water_level&application=tempo-earth2-workshop&begin_date=20260525&end_date=20260602&datum=MSL&station=8575512&time_zone=gmt&units=metric&interval=6&format=json,0.007,"0,0,0,0",v
2026-05-29 05:18:00+00:00,0.121,8575512,"Annapolis, MD",water_level,MSL,metric,NOAA CO-OPS Data API,https://api.tidesandcurrents.noaa.gov/api/prod/datagetter?product=water_level&application=tempo-earth2-workshop&begin_date=20260525&end_date=20260602&datum=MSL&station=8575512&time_zone=gmt&units=metric&interval=6&format=json,0.007,"0,0,0,0",v
2026-05-29 05:24:00+00:00,0.131,8575512,"Annapolis, MD",water_level,MSL,metric,NOAA CO-OPS Data API,https://api.tidesandcurrents.noaa.gov/api/prod/datagetter?product=water_level&application=tempo-earth2-workshop&begin_date=20260525&end_date=20260602&datum=MSL&station=8575512&time_zone=gmt&units=metric&interval=6&format=json,0.007,"0,0,0,0",v
2026-05-29 05:30:00+00:00,0.142,8575512,"Annapolis, MD",water_level,MSL,metric,NOAA CO-OPS Data API,https://api.tidesandcurrents.noaa.gov/api/prod/datagetter?product=water_level&application=tempo-earth2-workshop&begin_date=20260525&end_date=20260602&datum=MSL&station=8575512&time_zone=gmt&units=metric&interval=6&format=json,0.007,"0,0,0,0",v
2026-05-29 05:36:00+00:00,0.148,8575512,"Annapolis, MD",water_level,MSL,metric,NOAA CO-OPS Data API,https://api.tidesandcurrents.noaa.gov/api/prod/datagetter?product=water_level&application=tempo-earth2-workshop&begin_date=20260525&end_date=20260602&datum=MSL&station=8575512&time_zone=gmt&units=metric&interval=6&format=json,0.007,"0,0,0,0",v
2026-05-29 05:42:00+00:00,0.156,8575512,"Annapolis, MD",water_level,MSL,metric,NOAA CO-OPS Data API,https://api.tidesandcurrents.noaa.gov/api/prod/datagetter?product=water_level&application=tempo-earth2-workshop&begin_date=20260525&end_date=20260602&datum=MSL&station=8575512&time_zone=gmt&units=metric&interval=6&format=json,0.007,"0,0,0,0",v
2026-05-29 05:48:00+00:00,0.161,8575512,"Annapolis, MD",water_level,MSL,metric,NOAA CO-OPS Data API,https://api.tidesandcurrents.noaa.gov/api/prod/datagetter?product=water_level&application=tempo-earth2-workshop&begin_date=20260525&end_date=20260602&datum=MSL&station=8575512&time_zone=gmt&units=metric&interval=6&format=json,0.007,"0,0,0,0",v
2026-05-29 05:54:00+00:00,0.166,8575512,"Annapolis, MD",water_level,MSL,metric,NOAA CO-OPS Data API,https://api.tidesandcurrents.noaa.gov/api/prod/datagetter?product=water_level&application=tempo-earth2-workshop&begin_date=20260525&end_date=20260602&datum=MSL&station=8575512&time_zone=gmt&units=metric&interval=6&format=json,0.007,"0,0,0,0",v
2026-05-29 06:00:00+00:00,0.174,8575512,"Annapolis, MD",water_level,MSL,metric,NOAA CO-OPS Data API,https://api.tidesandcurrents.noaa.gov/api/prod/datagetter?product=water_level&application=tempo-earth2-workshop&begin_date=20260525&end_date=20260602&datum=MSL&station=8575512&time_zone=gmt&units=metric&interval=6&format=json,0.007,"0,0,0,0",v
2026-05-29 06:06:00+00:00,0.189,8575512,"Annapolis, MD",water_level,MSL,metric,NOAA CO-OPS Data API,https://api.tidesandcurrents.noaa.gov/api/prod/datagetter?product=water_level&application=tempo-earth2-workshop&begin_date=20260525&end_date=20260602&datum=MSL&station=8575512&time_zone=gmt&units=metric&interval=6&format=json,0.007,"0,0,0,0",v
2026-05-29 06:12:00+00:00,0.201,8575512,"Annapolis, MD",water_level,MSL,metric,NOAA CO-OPS Data API,https://api.tidesandcurrents.noaa.gov/api/prod/datagetter?product=water_level&application=tempo-earth2-workshop&begin_date=20260525&end_date=20260602&datum=MSL&station=8575512&time_zone=gmt&units=metric&interval=6&format=json,0.007,"0,0,0,0",v
2026-05-29 06:18:00+00:00,0.209,8575512,"Annapolis, MD",water_level,MSL,metric,NOAA CO-OPS Data API,https://api.tidesandcurrents.noaa.gov/api/prod/datagetter?product=water_level&application=tempo-earth2-workshop&begin_date=20260525&end_date=20260602&datum=MSL&station=8575512&time_zone=gmt&units=metric&interval=6&format=json,0.007,"0,0,0,0",v
2026-05-29 06:24:00+00:00,0.217,8575512,"Annapolis, MD",water_level,MSL,metric,NOAA CO-OPS Data API,https://api.tidesandcurrents.noaa.gov/api/prod/datagetter?product=water_level&application=tempo-earth2-workshop&begin_date=20260525&end_date=20260602&datum=MSL&station=8575512&time_zone=gmt&units=metric&interval=6&format=json,0.007,"0,0,0,0",v
2026-05-29 06:30:00+00:00,0.226,8575512,"Annapolis, MD",water_level,MSL,metric,NOAA CO-OPS Data API,https://api.tidesandcurrents.noaa.gov/api/prod/datagetter?product=water_level&application=tempo-earth2-workshop&begin_date=20260525&end_date=20260602&datum=MSL&station=8575512&time_zone=gmt&units=metric&interval=6&format=json,0.007,"0,0,0,0",v
2026-05-29 06:36:00+00:00,0.23,8575512,"Annapolis, MD",water_level,MSL,metric,NOAA CO-OPS Data API,https://api.tidesandcurrents.noaa.gov/api/prod/datagetter?product=water_level&application=tempo-earth2-workshop&begin_date=20260525&end_date=20260602&datum=MSL&station=8575512&time_zone=gmt&units=metric&interval=6&format=json,0.007,"0,0,0,0",v
2026-05-29 06:42:00+00:00,0.235,8575512,"Annapolis, MD",water_level,MSL,metric,NOAA CO-OPS Data API,https://api.tidesandcurrents.noaa.gov/api/prod/datagetter?product=water_level&application=tempo-earth2-workshop&begin_date=20260525&end_date=20260602&datum=MSL&station=8575512&time_zone=gmt&units=metric&interval=6&format=json,0.007,"0,0,0,0",v
2026-05-29 06:48:00+00:00,0.245,8575512,"Annapolis, MD",water_level,MSL,metric,NOAA CO-OPS Data API,https://api.tidesandcurrents.noaa.gov/api/prod/datagetter?product=water_level&application=tempo-earth2-workshop&begin_date=20260525&end_date=20260602&datum=MSL&station=8575512&time_zone=gmt&units=metric&interval=6&format=json,0.007,"0,0,0,0",v
2026-05-29 06:54:00+00:00,0.252,8575512,"Annapolis, MD",water_level,MSL,metric,NOAA CO-OPS Data API,https://api.tidesandcurrents.noaa.gov/api/prod/datagetter?product=water_level&application=tempo-earth2-workshop&begin_date=20260525&end_date=20260602&datum=MSL&station=8575512&time_zone=gmt&units=metric&interval=6&format=json,0.007,"0,0,0,0",v
2026-05-29 07:00:00+00:00,0.258,8575512,"Annapolis, MD",water_level,MSL,metric,NOAA CO-OPS Data API,https://api.tidesandcurrents.noaa.gov/api/prod/datagetter?product=water_level&application=tempo-earth2-workshop&begin_date=20260525&end_date=20260602&datum=MSL&station=8575512&time_zone=gmt&units=metric&interval=6&format=json,0.007,"0,0,0,0",v
2026-05-29 07:06:00+00:00,0.261,8575512,"Annapolis, MD",water_level,MSL,metric,NOAA CO-OPS Data API,https://api.tidesandcurrents.noaa.gov/api/prod/datagetter?product=water_level&application=tempo-earth2-workshop&begin_date=20260525&end_date=20260602&datum=MSL&station=8575512&time_zone=gmt&units=metric&interval=6&format=json,0.007,"0,0,0,0",v
2026-05-29 07:12:00+00:00,0.265,8575512,"Annapolis, MD",water_level,MSL,metric,NOAA CO-OPS Data API,https://api.tidesandcurrents.noaa.gov/api/prod/datagetter?product=water_level&application=tempo-earth2-workshop&begin_date=20260525&end_date=20260602&datum=MSL&station=8575512&time_zone=gmt&units=metric&interval=6&format=json,0.007,"0,0,0,0",v
2026-05-29 07:18:00+00:00,0.276,8575512,"Annapolis, MD",water_level,MSL,metric,NOAA CO-OPS Data API,https://api.tidesandcurrents.noaa.gov/api/prod/datagetter?product=water_level&application=tempo-earth2-workshop&begin_date=20260525&end_date=20260602&datum=MSL&station=8575512&time_zone=gmt&units=metric&interval=6&format=json,0.007,"0,0,0,0",v
2026-05-29 07:24:00+00:00,0.284,8575512,"Annapolis, MD",water_level,MSL,metric,NOAA CO-OPS Data API,https://api.tidesandcurrents.noaa.gov/api/prod/datagetter?product=water_level&application=tempo-earth2-workshop&begin_date=20260525&end_date=20260602&datum=MSL&station=8575512&time_zone=gmt&units=metric&interval=6&format=json,0.007,"0,0,0,0",v
2026-05-29 07:30:00+00:00,0.29,8575512,"Annapolis, MD",water_level,MSL,metric,NOAA CO-OPS Data API,https://api.tidesandcurrents.noaa.gov/api/prod/datagetter?product=water_level&application=tempo-earth2-workshop&begin_date=20260525&end_date=20260602&datum=MSL&station=8575512&time_zone=gmt&units=metric&interval=6&format=json,0.007,"0,0,0,0",v
2026-05-29 07:36:00+00:00,0.294,8575512,"Annapolis, MD",water_level,MSL,metric,NOAA CO-OPS Data API,https://api.tidesandcurrents.noaa.gov/api/prod/datagetter?product=water_level&application=tempo-earth2-workshop&begin_date=20260525&end_date=20260602&datum=MSL&station=8575512&time_zone=gmt&units=metric&interval=6&format=json,0.007,"0,0,0,0",v
2026-05-29 07:42:00+00:00,0.295,8575512,"Annapolis, MD",water_level,MSL,metric,NOAA CO-OPS Data API,https://api.tidesandcurrents.noaa.gov/api/prod/datagetter?product=water_level&application=tempo-earth2-workshop&begin_date=20260525&end_date=20260602&datum=MSL&station=8575512&time_zone=gmt&units=metric&interval=6&format=json,0.007,"0,0,0,0",v
2026-05-29 07:48:00+00:00,0.3,8575512,"Annapolis, MD",water_level,MSL,metric,NOAA CO-OPS Data API,https://api.tidesandcurrents.noaa.gov/api/prod/datagetter?product=water_level&application=tempo-earth2-workshop&begin_date=20260525&end_date=20260602&datum=MSL&station=8575512&time_zone=gmt&units=metric&interval=6&format=json,0.007,"0,0,0,0",v
2026-05-29 07:54:00+00:00,0.304,8575512,"Annapolis, MD",water_level,MSL,metric,NOAA CO-OPS Data API,https://api.tidesandcurrents.noaa.gov/api/prod/datagetter?product=water_level&application=tempo-earth2-workshop&begin_date=20260525&end_date=20260602&datum=MSL&station=8575512&time_zone=gmt&units=metric&interval=6&format=json,0.007,"0,0,0,0",v
2026-05-29 08:00:00+00:00,0.306,8575512,"Annapolis, MD",water_level,MSL,metric,NOAA CO-OPS Data API,https://api.tidesandcurrents.noaa.gov/api/prod/datagetter?product=water_level&application=tempo-earth2-workshop&begin_date=20260525&end_date=20260602&datum=MSL&station=8575512&time_zone=gmt&units=metric&interval=6&format=json,0.007,"0,0,0,0",v
2026-05-29 08:06:00+00:00,0.311,8575512,"Annapolis, MD",water_level,MSL,metric,NOAA CO-OPS Data API,https://api.tidesandcurrents.noaa.gov/api/prod/datagetter?product=water_level&application=tempo-earth2-workshop&begin_date=20260525&end_date=20260602&datum=MSL&station=8575512&time_zone=gmt&units=metric&interval=6&format=json,0.007,"0,0,0,0",v
2026-05-29 08:12:00+00:00,0.313,8575512,"Annapolis, MD",water_level,MSL,metric,NOAA CO-OPS Data API,https://api.tidesandcurrents.noaa.gov/api/prod/datagetter?product=water_level&application=tempo-earth2-workshop&begin_date=20260525&end_date=20260602&datum=MSL&station=8575512&time_zone=gmt&units=metric&interval=6&format=json,0.007,"0,0,0,0",v
2026-05-29 08:18:00+00:00,0.318,8575512,"Annapolis, MD",water_level,MSL,metric,NOAA CO-OPS Data API,https://api.tidesandcurrents.noaa.gov/api/prod/datagetter?product=water_level&application=tempo-earth2-workshop&begin_date=20260525&end_date=20260602&datum=MSL&station=8575512&time_zone=gmt&units=metric&interval=6&format=json,0.007,"0,0,0,0",v
2026-05-29 08:24:00+00:00,0.32,8575512,"Annapolis, MD",water_level,MSL,metric,NOAA CO-OPS Data API,https://api.tidesandcurrents.noaa.gov/api/prod/datagetter?product=water_level&application=tempo-earth2-workshop&begin_date=20260525&end_date=20260602&datum=MSL&station=8575512&time_zone=gmt&units=metric&interval=6&format=json,0.007,"0,0,0,0",v
2026-05-29 08:30:00+00:00,0.319,8575512,"Annapolis, MD",water_level,MSL,metric,NOAA CO-OPS Data API,https://api.tidesandcurrents.noaa.gov/api/prod/datagetter?product=water_level&application=tempo-earth2-workshop&begin_date=20260525&end_date=20260602&datum=MSL&station=8575512&time_zone=gmt&units=metric&interval=6&format=json,0.007,"0,0,0,0",v
2026-05-29 08:36:00+00:00,0.32,8575512,"Annapolis, MD",water_level,MSL,metric,NOAA CO-OPS Data API,https://api.tidesandcurrents.noaa.gov/api/prod/datagetter?product=water_level&application=tempo-earth2-workshop&begin_date=20260525&end_date=20260602&datum=MSL&station=8575512&time_zone=gmt&units=metric&interval=6&format=json,0.007,"0,0,0,0",v
2026-05-29 08:42:00+00:00,0.32,8575512,"Annapolis, MD",water_level,MSL,metric,NOAA CO-OPS Data API,https://api.tidesandcurrents.noaa.gov/api/prod/datagetter?product=water_level&application=tempo-earth2-workshop&begin_date=20260525&end_date=20260602&datum=MSL&station=8575512&time_zone=gmt&units=metric&interval=6&format=json,0.007,"0,0,0,0",v
2026-05-29 08:48:00+00:00,0.32,8575512,"Annapolis, MD",water_level,MSL,metric,NOAA CO-OPS Data API,https://api.tidesandcurrents.noaa.gov/api/prod/datagetter?product=water_level&application=tempo-earth2-workshop&begin_date=20260525&end_date=20260602&datum=MSL&station=8575512&time_zone=gmt&units=metric&interval=6&format=json,0.007,"0,0,0,0",v
2026-05-29 08:54:00+00:00,0.318,8575512,"Annapolis, MD",water_level,MSL,metric,NOAA CO-OPS Data API,https://api.tidesandcurrents.noaa.gov/api/prod/datagetter?product=water_level&application=tempo-earth2-workshop&begin_date=20260525&end_date=20260602&datum=MSL&station=8575512&time_zone=gmt&units=metric&interval=6&format=json,0.007,"0,0,0,0",v
2026-05-29 09:00:00+00:00,0.314,8575512,"Annapolis, MD",water_level,MSL,metric,NOAA CO-OPS Data API,https://api.tidesandcurrents.noaa.gov/api/prod/datagetter?product=water_level&application=tempo-earth2-workshop&begin_date=20260525&end_date=20260602&datum=MSL&station=8575512&time_zone=gmt&units=metric&interval=6&format=json,0.007,"0,0,0,0",v
2026-05-29 09:06:00+00:00,0.314,8575512,"Annapolis, MD",water_level,MSL,metric,NOAA CO-OPS Data API,https://api.tidesandcurrents.noaa.gov/api/prod/datagetter?product=water_level&application=tempo-earth2-workshop&begin_date=20260525&end_date=20260602&datum=MSL&station=8575512&time_zone=gmt&units=metric&interval=6&format=json,0.007,"0,0,0,0",v
2026-05-29 09:12:00+00:00,0.314,8575512,"Annapolis, MD",water_level,MSL,metric,NOAA CO-OPS Data API,https://api.tidesandcurrents.noaa.gov/api/prod/datagetter?product=water_level&application=tempo-earth2-workshop&begin_date=20260525&end_date=20260602&datum=MSL&station=8575512&time_zone=gmt&units=metric&interval=6&format=json,0.007,"0,0,0,0",v
2026-05-29 09:18:00+00:00,0.313,8575512,"Annapolis, MD",water_level,MSL,metric,NOAA CO-OPS Data API,https://api.tidesandcurrents.noaa.gov/api/prod/datagetter?product=water_level&application=tempo-earth2-workshop&begin_date=20260525&end_date=20260602&datum=MSL&station=8575512&time_zone=gmt&units=metric&interval=6&format=json,0.007,"0,0,0,0",v
2026-05-29 09:24:00+00:00,0.31,8575512,"Annapolis, MD",water_level,MSL,metric,NOAA CO-OPS Data API,https://api.tidesandcurrents.noaa.gov/api/prod/datagetter?product=water_level&application=tempo-earth2-workshop&begin_date=20260525&end_date=20260602&datum=MSL&station=8575512&time_zone=gmt&units=metric&interval=6&format=json,0.007,"0,0,0,0",v
2026-05-29 09:30:00+00:00,0.308,8575512,"Annapolis, MD",water_level,MSL,metric,NOAA CO-OPS Data API,https://api.tidesandcurrents.noaa.gov/api/prod/datagetter?product=water_level&application=tempo-earth2-workshop&begin_date=20260525&end_date=20260602&datum=MSL&station=8575512&time_zone=gmt&units=metric&interval=6&format=json,0.007,"0,0,0,0",v
2026-05-29 09:36:00+00:00,0.308,8575512,"Annapolis, MD",water_level,MSL,metric,NOAA CO-OPS Data API,https://api.tidesandcurrents.noaa.gov/api/prod/datagetter?product=water_level&application=tempo-earth2-workshop&begin_date=20260525&end_date=20260602&datum=MSL&station=8575512&time_zone=gmt&units=metric&interval=6&format=json,0.007,"0,0,0,0",v
2026-05-29 09:42:00+00:00,0.309,8575512,"Annapolis, MD",water_level,MSL,metric,NOAA CO-OPS Data API,https://api.tidesandcurrents.noaa.gov/api/prod/datagetter?product=water_level&application=tempo-earth2-workshop&begin_date=20260525&end_date=20260602&datum=MSL&station=8575512&time_zone=gmt&units=metric&interval=6&format=json,0.007,"0,0,0,0",v
2026-05-29 09:48:00+00:00,0.301,8575512,"Annapolis, MD",water_level,MSL,metric,NOAA CO-OPS Data API,https://api.tidesandcurrents.noaa.gov/api/prod/datagetter?product=water_level&application=tempo-earth2-workshop&begin_date=20260525&end_date=20260602&datum=MSL&station=8575512&time_zone=gmt&units=metric&interval=6&format=json,0.007,"0,0,0,0",v
2026-05-29 09:54:00+00:00,0.297,8575512,"Annapolis, MD",water_level,MSL,metric,NOAA CO-OPS Data API,https://api.tidesandcurrents.noaa.gov/api/prod/datagetter?product=water_level&application=tempo-earth2-workshop&begin_date=20260525&end_date=20260602&datum=MSL&station=8575512&time_zone=gmt&units=metric&interval=6&format=json,0.007,"0,0,0,0",v
2026-05-29 10:00:00+00:00,0.297,8575512,"Annapolis, MD",water_level,MSL,metric,NOAA CO-OPS Data API,https://api.tidesandcurrents.noaa.gov/api/prod/datagetter?product=water_level&application=tempo-earth2-workshop&begin_date=20260525&end_date=20260602&datum=MSL&station=8575512&time_zone=gmt&units=metric&interval=6&format=json,0.007,"0,0,0,0",v
2026-05-29 10:06:00+00:00,0.299,8575512,"Annapolis, MD",water_level,MSL,metric,NOAA CO-OPS Data API,https://api.tidesandcurrents.noaa.gov/api/prod/datagetter?product=water_level&application=tempo-earth2-workshop&begin_date=20260525&end_date=20260602&datum=MSL&station=8575512&time_zone=gmt&units=metric&interval=6&format=json,0.007,"0,0,0,0",v
2026-05-29 10:12:00+00:00,0.289,8575512,"Annapolis, MD",water_level,MSL,metric,NOAA CO-OPS Data API,https://api.tidesandcurrents.noaa.gov/api/prod/datagetter?product=water_level&application=tempo-earth2-workshop&begin_date=20260525&end_date=20260602&datum=MSL&station=8575512&time_zone=gmt&units=metric&interval=6&format=json,0.007,"0,0,0,0",v
2026-05-29 10:18:00+00:00,0.285,8575512,"Annapolis, MD",water_level,MSL,metric,NOAA CO-OPS Data API,https://api.tidesandcurrents.noaa.gov/api/prod/datagetter?product=water_level&application=tempo-earth2-workshop&begin_date=20260525&end_date=20260602&datum=MSL&station=8575512&time_zone=gmt&units=metric&interval=6&format=json,0.007,"0,0,0,0",v
2026-05-29 10:24:00+00:00,0.28,8575512,"Annapolis, MD",water_level,MSL,metric,NOAA CO-OPS Data API,https://api.tidesandcurrents.noaa.gov/api/prod/datagetter?product=water_level&application=tempo-earth2-workshop&begin_date=20260525&end_date=20260602&datum=MSL&station=8575512&time_zone=gmt&units=metric&interval=6&format=json,0.007,"0,0,0,0",v
2026-05-29 10:30:00+00:00,0.276,8575512,"Annapolis, MD",water_level,MSL,metric,NOAA CO-OPS Data API,https://api.tidesandcurrents.noaa.gov/api/prod/datagetter?product=water_level&application=tempo-earth2-workshop&begin_date=20260525&end_date=20260602&datum=MSL&station=8575512&time_zone=gmt&units=metric&interval=6&format=json,0.007,"0,0,0,0",v
2026-05-29 10:36:00+00:00,0.271,8575512,"Annapolis, MD",water_level,MSL,metric,NOAA CO-OPS Data API,https://api.tidesandcurrents.noaa.gov/api/prod/datagetter?product=water_level&application=tempo-earth2-workshop&begin_date=20260525&end_date=20260602&datum=MSL&station=8575512&time_zone=gmt&units=metric&interval=6&format=json,0.007,"0,0,0,0",v
2026-05-29 10:42:00+00:00,0.262,8575512,"Annapolis, MD",water_level,MSL,metric,NOAA CO-OPS Data API,https://api.tidesandcurrents.noaa.gov/api/prod/datagetter?product=water_level&application=tempo-earth2-workshop&begin_date=20260525&end_date=20260602&datum=MSL&station=8575512&time_zone=gmt&units=metric&interval=6&format=json,0.007,"0,0,0,0",v
2026-05-29 10:48:00+00:00,0.254,8575512,"Annapolis, MD",water_level,MSL,metric,NOAA CO-OPS Data API,https://api.tidesandcurrents.noaa.gov/api/prod/datagetter?product=water_level&application=tempo-earth2-workshop&begin_date=20260525&end_date=20260602&datum=MSL&station=8575512&time_zone=gmt&units=metric&interval=6&format=json,0.007,"0,0,0,0",v
2026-05-29 10:54:00+00:00,0.251,8575512,"Annapolis, MD",water_level,MSL,metric,NOAA CO-OPS Data API,https://api.tidesandcurrents.noaa.gov/api/prod/datagetter?product=water_level&application=tempo-earth2-workshop&begin_date=20260525&end_date=20260602&datum=MSL&station=8575512&time_zone=gmt&units=metric&interval=6&format=json,0.007,"0,0,0,0",v
2026-05-29 11:00:00+00:00,0.244,8575512,"Annapolis, MD",water_level,MSL,metric,NOAA CO-OPS Data API,https://api.tidesandcurrents.noaa.gov/api/prod/datagetter?product=water_level&application=tempo-earth2-workshop&begin_date=20260525&end_date=20260602&datum=MSL&station=8575512&time_zone=gmt&units=metric&interval=6&format=json,0.007,"0,0,0,0",v
2026-05-29 11:06:00+00:00,0.237,8575512,"Annapolis, MD",water_level,MSL,metric,NOAA CO-OPS Data API,https://api.tidesandcurrents.noaa.gov/api/prod/datagetter?product=water_level&application=tempo-earth2-workshop&begin_date=20260525&end_date=20260602&datum=MSL&station=8575512&time_zone=gmt&units=metric&interval=6&format=json,0.007,"0,0,0,0",v
2026-05-29 11:12:00+00:00,0.229,8575512,"Annapolis, MD",water_level,MSL,metric,NOAA CO-OPS Data API,https://api.tidesandcurrents.noaa.gov/api/prod/datagetter?product=water_level&application=tempo-earth2-workshop&begin_date=20260525&end_date=20260602&datum=MSL&station=8575512&time_zone=gmt&units=metric&interval=6&format=json,0.007,"0,0,0,0",v
2026-05-29 11:18:00+00:00,0.223,8575512,"Annapolis, MD",water_level,MSL,metric,NOAA CO-OPS Data API,https://api.tidesandcurrents.noaa.gov/api/prod/datagetter?product=water_level&application=tempo-earth2-workshop&begin_date=20260525&end_date=20260602&datum=MSL&station=8575512&time_zone=gmt&units=metric&interval=6&format=json,0.007,"0,0,0,0",v
2026-05-29 11:24:00+00:00,0.218,8575512,"Annapolis, MD",water_level,MSL,metric,NOAA CO-OPS Data API,https://api.tidesandcurrents.noaa.gov/api/prod/datagetter?product=water_level&application=tempo-earth2-workshop&begin_date=20260525&end_date=20260602&datum=MSL&station=8575512&time_zone=gmt&units=metric&interval=6&format=json,0.007,"0,0,0,0",v
2026-05-29 11:30:00+00:00,0.209,8575512,"Annapolis, MD",water_level,MSL,metric,NOAA CO-OPS Data API,https://api.tidesandcurrents.noaa.gov/api/prod/datagetter?product=water_level&application=tempo-earth2-workshop&begin_date=20260525&end_date=20260602&datum=MSL&station=8575512&time_zone=gmt&units=metric&interval=6&format=json,0.007,"0,0,0,0",v
2026-05-29 11:36:00+00:00,0.205,8575512,"Annapolis, MD",water_level,MSL,metric,NOAA CO-OPS Data API,https://api.tidesandcurrents.noaa.gov/api/prod/datagetter?product=water_level&application=tempo-earth2-workshop&begin_date=20260525&end_date=20260602&datum=MSL&station=8575512&time_zone=gmt&units=metric&interval=6&format=json,0.007,"0,0,0,0",v
2026-05-29 11:42:00+00:00,0.198,8575512,"Annapolis, MD",water_level,MSL,metric,NOAA CO-OPS Data API,https://api.tidesandcurrents.noaa.gov/api/prod/datagetter?product=water_level&application=tempo-earth2-workshop&begin_date=20260525&end_date=20260602&datum=MSL&station=8575512&time_zone=gmt&units=metric&interval=6&format=json,0.007,"0,0,0,0",v
2026-05-29 11:48:00+00:00,0.19,8575512,"Annapolis, MD",water_level,MSL,metric,NOAA CO-OPS Data API,https://api.tidesandcurrents.noaa.gov/api/prod/datagetter?product=water_level&application=tempo-earth2-workshop&begin_date=20260525&end_date=20260602&datum=MSL&station=8575512&time_zone=gmt&units=metric&interval=6&format=json,0.007,"0,0,0,0",v
2026-05-29 11:54:00+00:00,0.183,8575512,"Annapolis, MD",water_level,MSL,metric,NOAA CO-OPS Data API,https://api.tidesandcurrents.noaa.gov/api/prod/datagetter?product=water_level&application=tempo-earth2-workshop&begin_date=20260525&end_date=20260602&datum=MSL&station=8575512&time_zone=gmt&units=metric&interval=6&format=json,0.007,"0,0,0,0",v
2026-05-29 12:00:00+00:00,0.181,8575512,"Annapolis, MD",water_level,MSL,metric,NOAA CO-OPS Data API,https://api.tidesandcurrents.noaa.gov/api/prod/datagetter?product=water_level&application=tempo-earth2-workshop&begin_date=20260525&end_date=20260602&datum=MSL&station=8575512&time_zone=gmt&units=metric&interval=6&format=json,0.007,"0,0,0,0",v
2026-05-29 12:06:00+00:00,0.173,8575512,"Annapolis, MD",water_level,MSL,metric,NOAA CO-OPS Data API,https://api.tidesandcurrents.noaa.gov/api/prod/datagetter?product=water_level&application=tempo-earth2-workshop&begin_date=20260525&end_date=20260602&datum=MSL&station=8575512&time_zone=gmt&units=metric&interval=6&format=json,0.007,"0,0,0,0",v
2026-05-29 12:12:00+00:00,0.169,8575512,"Annapolis, MD",water_level,MSL,metric,NOAA CO-OPS Data API,https://api.tidesandcurrents.noaa.gov/api/prod/datagetter?product=water_level&application=tempo-earth2-workshop&begin_date=20260525&end_date=20260602&datum=MSL&station=8575512&time_zone=gmt&units=metric&interval=6&format=json,0.007,"0,0,0,0",v
2026-05-29 12:18:00+00:00,0.157,8575512,"Annapolis, MD",water_level,MSL,metric,NOAA CO-OPS Data API,https://api.tidesandcurrents.noaa.gov/api/prod/datagetter?product=water_level&application=tempo-earth2-workshop&begin_date=20260525&end_date=20260602&datum=MSL&station=8575512&time_zone=gmt&units=metric&interval=6&format=json,0.007,"0,0,0,0",v
2026-05-29 12:24:00+00:00,0.15,8575512,"Annapolis, MD",water_level,MSL,metric,NOAA CO-OPS Data API,https://api.tidesandcurrents.noaa.gov/api/prod/datagetter?product=water_level&application=tempo-earth2-workshop&begin_date=20260525&end_date=20260602&datum=MSL&station=8575512&time_zone=gmt&units=metric&interval=6&format=json,0.007,"0,0,0,0",v
2026-05-29 12:30:00+00:00,0.146,8575512,"Annapolis, MD",water_level,MSL,metric,NOAA CO-OPS Data API,https://api.tidesandcurrents.noaa.gov/api/prod/datagetter?product=water_level&application=tempo-earth2-workshop&begin_date=20260525&end_date=20260602&datum=MSL&station=8575512&time_zone=gmt&units=metric&interval=6&format=json,0.007,"0,0,0,0",v
2026-05-29 12:36:00+00:00,0.14,8575512,"Annapolis, MD",water_level,MSL,metric,NOAA CO-OPS Data API,https://api.tidesandcurrents.noaa.gov/api/prod/datagetter?product=water_level&application=tempo-earth2-workshop&begin_date=20260525&end_date=20260602&datum=MSL&station=8575512&time_zone=gmt&units=metric&interval=6&format=json,0.007,"0,0,0,0",v
2026-05-29 12:42:00+00:00,0.135,8575512,"Annapolis, MD",water_level,MSL,metric,NOAA CO-OPS Data API,https://api.tidesandcurrents.noaa.gov/api/prod/datagetter?product=water_level&application=tempo-earth2-workshop&begin_date=20260525&end_date=20260602&datum=MSL&station=8575512&time_zone=gmt&units=metric&interval=6&format=json,0.007,"0,0,0,0",v
2026-05-29 12:48:00+00:00,0.131,8575512,"Annapolis, MD",water_level,MSL,metric,NOAA CO-OPS Data API,https://api.tidesandcurrents.noaa.gov/api/prod/datagetter?product=water_level&application=tempo-earth2-workshop&begin_date=20260525&end_date=20260602&datum=MSL&station=8575512&time_zone=gmt&units=metric&interval=6&format=json,0.007,"0,0,0,0",v
2026-05-29 12:54:00+00:00,0.127,8575512,"Annapolis, MD",water_level,MSL,metric,NOAA CO-OPS Data API,https://api.tidesandcurrents.noaa.gov/api/prod/datagetter?product=water_level&application=tempo-earth2-workshop&begin_date=20260525&end_date=20260602&datum=MSL&station=8575512&time_zone=gmt&units=metric&interval=6&format=json,0.007,"0,0,0,0",v
2026-05-29 13:00:00+00:00,0.116,8575512,"Annapolis, MD",water_level,MSL,metric,NOAA CO-OPS Data API,https://api.tidesandcurrents.noaa.gov/api/prod/datagetter?product=water_level&application=tempo-earth2-workshop&begin_date=20260525&end_date=20260602&datum=MSL&station=8575512&time_zone=gmt&units=metric&interval=6&format=json,0.007,"0,0,0,0",v
2026-05-29 13:06:00+00:00,0.107,8575512,"Annapolis, MD",water_level,MSL,metric,NOAA CO-OPS Data API,https://api.tidesandcurrents.noaa.gov/api/prod/datagetter?product=water_level&application=tempo-earth2-workshop&begin_date=20260525&end_date=20260602&datum=MSL&station=8575512&time_zone=gmt&units=metric&interval=6&format=json,0.007,"0,0,0,0",v
2026-05-29 13:12:00+00:00,0.111,8575512,"Annapolis, MD",water_level,MSL,metric,NOAA CO-OPS Data API,https://api.tidesandcurrents.noaa.gov/api/prod/datagetter?product=water_level&application=tempo-earth2-workshop&begin_date=20260525&end_date=20260602&datum=MSL&station=8575512&time_zone=gmt&units=metric&interval=6&format=json,0.007,"0,0,0,0",v
2026-05-29 13:18:00+00:00,0.104,8575512,"Annapolis, MD",water_level,MSL,metric,NOAA CO-OPS Data API,https://api.tidesandcurrents.noaa.gov/api/prod/datagetter?product=water_level&application=tempo-earth2-workshop&begin_date=20260525&end_date=20260602&datum=MSL&station=8575512&time_zone=gmt&units=metric&interval=6&format=json,0.007,"0,0,0,0",v
2026-05-29 13:24:00+00:00,0.099,8575512,"Annapolis, MD",water_level,MSL,metric,NOAA CO-OPS Data API,https://api.tidesandcurrents.noaa.gov/api/prod/datagetter?product=water_level&application=tempo-earth2-workshop&begin_date=20260525&end_date=20260602&datum=MSL&station=8575512&time_zone=gmt&units=metric&interval=6&format=json,0.007,"0,0,0,0",v
2026-05-29 13:30:00+00:00,0.091,8575512,"Annapolis, MD",water_level,MSL,metric,NOAA CO-OPS Data API,https://api.tidesandcurrents.noaa.gov/api/prod/datagetter?product=water_level&application=tempo-earth2-workshop&begin_date=20260525&end_date=20260602&datum=MSL&station=8575512&time_zone=gmt&units=metric&interval=6&format=json,0.007,"0,0,0,0",v
2026-05-29 13:36:00+00:00,0.085,8575512,"Annapolis, MD",water_level,MSL,metric,NOAA CO-OPS Data API,https://api.tidesandcurrents.noaa.gov/api/prod/datagetter?product=water_level&application=tempo-earth2-workshop&begin_date=20260525&end_date=20260602&datum=MSL&station=8575512&time_zone=gmt&units=metric&interval=6&format=json,0.007,"0,0,0,0",v
2026-05-29 13:42:00+00:00,0.083,8575512,"Annapolis, MD",water_level,MSL,metric,NOAA CO-OPS Data API,https://api.tidesandcurrents.noaa.gov/api/prod/datagetter?product=water_level&application=tempo-earth2-workshop&begin_date=20260525&end_date=20260602&datum=MSL&station=8575512&time_zone=gmt&units=metric&interval=6&format=json,0.007,"0,0,0,0",v
2026-05-29 13:48:00+00:00,0.081,8575512,"Annapolis, MD",water_level,MSL,metric,NOAA CO-OPS Data API,https://api.tidesandcurrents.noaa.gov/api/prod/datagetter?product=water_level&application=tempo-earth2-workshop&begin_date=20260525&end_date=20260602&datum=MSL&station=8575512&time_zone=gmt&units=metric&interval=6&format=json,0.007,"0,0,0,0",v
2026-05-29 13:54:00+00:00,0.074,8575512,"Annapolis, MD",water_level,MSL,metric,NOAA CO-OPS Data API,https://api.tidesandcurrents.noaa.gov/api/prod/datagetter?product=water_level&application=tempo-earth2-workshop&begin_date=20260525&end_date=20260602&datum=MSL&station=8575512&time_zone=gmt&units=metric&interval=6&format=json,0.007,"0,0,0,0",v
2026-05-29 14:00:00+00:00,0.074,8575512,"Annapolis, MD",water_level,MSL,metric,NOAA CO-OPS Data API,https://api.tidesandcurrents.noaa.gov/api/prod/datagetter?product=water_level&application=tempo-earth2-workshop&begin_date=20260525&end_date=20260602&datum=MSL&station=8575512&time_zone=gmt&units=metric&interval=6&format=json,0.007,"0,0,0,0",v
2026-05-29 14:06:00+00:00,0.072,8575512,"Annapolis, MD",water_level,MSL,metric,NOAA CO-OPS Data API,https://api.tidesandcurrents.noaa.gov/api/prod/datagetter?product=water_level&application=tempo-earth2-workshop&begin_date=20260525&end_date=20260602&datum=MSL&station=8575512&time_zone=gmt&units=metric&interval=6&format=json,0.007,"0,0,0,0",v
2026-05-29 14:12:00+00:00,0.066,8575512,"Annapolis, MD",water_level,MSL,metric,NOAA CO-OPS Data API,https://api.tidesandcurrents.noaa.gov/api/prod/datagetter?product=water_level&application=tempo-earth2-workshop&begin_date=20260525&end_date=20260602&datum=MSL&station=8575512&time_zone=gmt&units=metric&interval=6&format=json,0.007,"0,0,0,0",v
2026-05-29 14:18:00+00:00,0.061,8575512,"Annapolis, MD",water_level,MSL,metric,NOAA CO-OPS Data API,https://api.tidesandcurrents.noaa.gov/api/prod/datagetter?product=water_level&application=tempo-earth2-workshop&begin_date=20260525&end_date=20260602&datum=MSL&station=8575512&time_zone=gmt&units=metric&interval=6&format=json,0.007,"0,0,0,0",v
2026-05-29 14:24:00+00:00,0.052,8575512,"Annapolis, MD",water_level,MSL,metric,NOAA CO-OPS Data API,https://api.tidesandcurrents.noaa.gov/api/prod/datagetter?product=water_level&application=tempo-earth2-workshop&begin_date=20260525&end_date=20260602&datum=MSL&station=8575512&time_zone=gmt&units=metric&interval=6&format=json,0.007,"0,0,0,0",v
2026-05-29 14:30:00+00:00,0.055,8575512,"Annapolis, MD",water_level,MSL,metric,NOAA CO-OPS Data API,https://api.tidesandcurrents.noaa.gov/api/prod/datagetter?product=water_level&application=tempo-earth2-workshop&begin_date=20260525&end_date=20260602&datum=MSL&station=8575512&time_zone=gmt&units=metric&interval=6&format=json,0.007,"0,0,0,0",v
2026-05-29 14:36:00+00:00,0.055,8575512,"Annapolis, MD",water_level,MSL,metric,NOAA CO-OPS Data API,https://api.tidesandcurrents.noaa.gov/api/prod/datagetter?product=water_level&application=tempo-earth2-workshop&begin_date=20260525&end_date=20260602&datum=MSL&station=8575512&time_zone=gmt&units=metric&interval=6&format=json,0.007,"0,0,0,0",v
2026-05-29 14:42:00+00:00,0.053,8575512,"Annapolis, MD",water_level,MSL,metric,NOAA CO-OPS Data API,https://api.tidesandcurrents.noaa.gov/api/prod/datagetter?product=water_level&application=tempo-earth2-workshop&begin_date=20260525&end_date=20260602&datum=MSL&station=8575512&time_zone=gmt&units=metric&interval=6&format=json,0.007,"0,0,0,0",v
2026-05-29 14:48:00+00:00,0.048,8575512,"Annapolis, MD",water_level,MSL,metric,NOAA CO-OPS Data API,https://api.tidesandcurrents.noaa.gov/api/prod/datagetter?product=water_level&application=tempo-earth2-workshop&begin_date=20260525&end_date=20260602&datum=MSL&station=8575512&time_zone=gmt&units=metric&interval=6&format=json,0.007,"0,0,0,0",v
2026-05-29 14:54:00+00:00,0.046,8575512,"Annapolis, MD",water_level,MSL,metric,NOAA CO-OPS Data API,https://api.tidesandcurrents.noaa.gov/api/prod/datagetter?product=water_level&application=tempo-earth2-workshop&begin_date=20260525&end_date=20260602&datum=MSL&station=8575512&time_zone=gmt&units=metric&interval=6&format=json,0.007,"0,0,0,0",v
2026-05-29 15:00:00+00:00,0.045,8575512,"Annapolis, MD",water_level,MSL,metric,NOAA CO-OPS Data API,https://api.tidesandcurrents.noaa.gov/api/prod/datagetter?product=water_level&application=tempo-earth2-workshop&begin_date=20260525&end_date=20260602&datum=MSL&station=8575512&time_zone=gmt&units=metric&interval=6&format=json,0.007,"0,0,0,0",v
2026-05-29 15:06:00+00:00,0.044,8575512,"Annapolis, MD",water_level,MSL,metric,NOAA CO-OPS Data API,https://api.tidesandcurrents.noaa.gov/api/prod/datagetter?product=water_level&application=tempo-earth2-workshop&begin_date=20260525&end_date=20260602&datum=MSL&station=8575512&time_zone=gmt&units=metric&interval=6&format=json,0.007,"0,0,0,0",v
2026-05-29 15:12:00+00:00,0.041,8575512,"Annapolis, MD",water_level,MSL,metric,NOAA CO-OPS Data API,https://api.tidesandcurrents.noaa.gov/api/prod/datagetter?product=water_level&application=tempo-earth2-workshop&begin_date=20260525&end_date=20260602&datum=MSL&station=8575512&time_zone=gmt&units=metric&interval=6&format=json,0.007,"0,0,0,0",v
2026-05-29 15:18:00+00:00,0.042,8575512,"Annapolis, MD",water_level,MSL,metric,NOAA CO-OPS Data API,https://api.tidesandcurrents.noaa.gov/api/prod/datagetter?product=water_level&application=tempo-earth2-workshop&begin_date=20260525&end_date=20260602&datum=MSL&station=8575512&time_zone=gmt&units=metric&interval=6&format=json,0.007,"0,0,0,0",v
2026-05-29 15:24:00+00:00,0.039,8575512,"Annapolis, MD",water_level,MSL,metric,NOAA CO-OPS Data API,https://api.tidesandcurrents.noaa.gov/api/prod/datagetter?product=water_level&application=tempo-earth2-workshop&begin_date=20260525&end_date=20260602&datum=MSL&station=8575512&time_zone=gmt&units=metric&interval=6&format=json,0.007,"0,0,0,0",v
2026-05-29 15:30:00+00:00,0.041,8575512,"Annapolis, MD",water_level,MSL,metric,NOAA CO-OPS Data API,https://api.tidesandcurrents.noaa.gov/api/prod/datagetter?product=water_level&application=tempo-earth2-workshop&begin_date=20260525&end_date=20260602&datum=MSL&station=8575512&time_zone=gmt&units=metric&interval=6&format=json,0.007,"0,0,0,0",v
2026-05-29 15:36:00+00:00,0.04,8575512,"Annapolis, MD",water_level,MSL,metric,NOAA CO-OPS Data API,https://api.tidesandcurrents.noaa.gov/api/prod/datagetter?product=water_level&application=tempo-earth2-workshop&begin_date=20260525&end_date=20260602&datum=MSL&station=8575512&time_zone=gmt&units=metric&interval=6&format=json,0.007,"0,0,0,0",v
2026-05-29 15:42:00+00:00,0.044,8575512,"Annapolis, MD",water_level,MSL,metric,NOAA CO-OPS Data API,https://api.tidesandcurrents.noaa.gov/api/prod/datagetter?product=water_level&application=tempo-earth2-workshop&begin_date=20260525&end_date=20260602&datum=MSL&station=8575512&time_zone=gmt&units=metric&interval=6&format=json,0.007,"0,0,0,0",v
2026-05-29 15:48:00+00:00,0.043,8575512,"Annapolis, MD",water_level,MSL,metric,NOAA CO-OPS Data API,https://api.tidesandcurrents.noaa.gov/api/prod/datagetter?product=water_level&application=tempo-earth2-workshop&begin_date=20260525&end_date=20260602&datum=MSL&station=8575512&time_zone=gmt&units=metric&interval=6&format=json,0.007,"0,0,0,0",v
2026-05-29 15:54:00+00:00,0.043,8575512,"Annapolis, MD",water_level,MSL,metric,NOAA CO-OPS Data API,https://api.tidesandcurrents.noaa.gov/api/prod/datagetter?product=water_level&application=tempo-earth2-workshop&begin_date=20260525&end_date=20260602&datum=MSL&station=8575512&time_zone=gmt&units=metric&interval=6&format=json,0.007,"0,0,0,0",v
2026-05-29 16:00:00+00:00,0.042,8575512,"Annapolis, MD",water_level,MSL,metric,NOAA CO-OPS Data API,https://api.tidesandcurrents.noaa.gov/api/prod/datagetter?product=water_level&application=tempo-earth2-workshop&begin_date=20260525&end_date=20260602&datum=MSL&station=8575512&time_zone=gmt&units=metric&interval=6&format=json,0.007,"0,0,0,0",v
2026-05-29 16:06:00+00:00,0.043,8575512,"Annapolis, MD",water_level,MSL,metric,NOAA CO-OPS Data API,https://api.tidesandcurrents.noaa.gov/api/prod/datagetter?product=water_level&application=tempo-earth2-workshop&begin_date=20260525&end_date=20260602&datum=MSL&station=8575512&time_zone=gmt&units=metric&interval=6&format=json,0.007,"0,0,0,0",v
2026-05-29 16:12:00+00:00,0.037,8575512,"Annapolis, MD",water_level,MSL,metric,NOAA CO-OPS Data API,https://api.tidesandcurrents.noaa.gov/api/prod/datagetter?product=water_level&application=tempo-earth2-workshop&begin_date=20260525&end_date=20260602&datum=MSL&station=8575512&time_zone=gmt&units=metric&interval=6&format=json,0.007,"0,0,0,0",v
2026-05-29 16:18:00+00:00,0.045,8575512,"Annapolis, MD",water_level,MSL,metric,NOAA CO-OPS Data API,https://api.tidesandcurrents.noaa.gov/api/prod/datagetter?product=water_level&application=tempo-earth2-workshop&begin_date=20260525&end_date=20260602&datum=MSL&station=8575512&time_zone=gmt&units=metric&interval=6&format=json,0.007,"0,0,0,0",v
2026-05-29 16:24:00+00:00,0.044,8575512,"Annapolis, MD",water_level,MSL,metric,NOAA CO-OPS Data API,https://api.tidesandcurrents.noaa.gov/api/prod/datagetter?product=water_level&application=tempo-earth2-workshop&begin_date=20260525&end_date=20260602&datum=MSL&station=8575512&time_zone=gmt&units=metric&interval=6&format=json,0.007,"0,0,0,0",v
2026-05-29 16:30:00+00:00,0.05,8575512,"Annapolis, MD",water_level,MSL,metric,NOAA CO-OPS Data API,https://api.tidesandcurrents.noaa.gov/api/prod/datagetter?product=water_level&application=tempo-earth2-workshop&begin_date=20260525&end_date=20260602&datum=MSL&station=8575512&time_zone=gmt&units=metric&interval=6&format=json,0.007,"0,0,0,0",v
2026-05-29 16:36:00+00:00,0.055,8575512,"Annapolis, MD",water_level,MSL,metric,NOAA CO-OPS Data API,https://api.tidesandcurrents.noaa.gov/api/prod/datagetter?product=water_level&application=tempo-earth2-workshop&begin_date=20260525&end_date=20260602&datum=MSL&station=8575512&time_zone=gmt&units=metric&interval=6&format=json,0.007,"0,0,0,0",v
2026-05-29 16:42:00+00:00,0.059,8575512,"Annapolis, MD",water_level,MSL,metric,NOAA CO-OPS Data API,https://api.tidesandcurrents.noaa.gov/api/prod/datagetter?product=water_level&application=tempo-earth2-workshop&begin_date=20260525&end_date=20260602&datum=MSL&station=8575512&time_zone=gmt&units=metric&interval=6&format=json,0.007,"0,0,0,0",v
2026-05-29 16:48:00+00:00,0.063,8575512,"Annapolis, MD",water_level,MSL,metric,NOAA CO-OPS Data API,https://api.tidesandcurrents.noaa.gov/api/prod/datagetter?product=water_level&application=tempo-earth2-workshop&begin_date=20260525&end_date=20260602&datum=MSL&station=8575512&time_zone=gmt&units=metric&interval=6&format=json,0.007,"0,0,0,0",v
2026-05-29 16:54:00+00:00,0.067,8575512,"Annapolis, MD",water_level,MSL,metric,NOAA CO-OPS Data API,https://api.tidesandcurrents.noaa.gov/api/prod/datagetter?product=water_level&application=tempo-earth2-workshop&begin_date=20260525&end_date=20260602&datum=MSL&station=8575512&time_zone=gmt&units=metric&interval=6&format=json,0.007,"0,0,0,0",v
2026-05-29 17:00:00+00:00,0.067,8575512,"Annapolis, MD",water_level,MSL,metric,NOAA CO-OPS Data API,https://api.tidesandcurrents.noaa.gov/api/prod/datagetter?product=water_level&application=tempo-earth2-workshop&begin_date=20260525&end_date=20260602&datum=MSL&station=8575512&time_zone=gmt&units=metric&interval=6&format=json,0.007,"0,0,0,0",v
2026-05-29 17:06:00+00:00,0.07,8575512,"Annapolis, MD",water_level,MSL,metric,NOAA CO-OPS Data API,https://api.tidesandcurrents.noaa.gov/api/prod/datagetter?product=water_level&application=tempo-earth2-workshop&begin_date=20260525&end_date=20260602&datum=MSL&station=8575512&time_zone=gmt&units=metric&interval=6&format=json,0.007,"0,0,0,0",v
2026-05-29 17:12:00+00:00,0.075,8575512,"Annapolis, MD",water_level,MSL,metric,NOAA CO-OPS Data API,https://api.tidesandcurrents.noaa.gov/api/prod/datagetter?product=water_level&application=tempo-earth2-workshop&begin_date=20260525&end_date=20260602&datum=MSL&station=8575512&time_zone=gmt&units=metric&interval=6&format=json,0.007,"0,0,0,0",v
2026-05-29 17:18:00+00:00,0.083,8575512,"Annapolis, MD",water_level,MSL,metric,NOAA CO-OPS Data API,https://api.tidesandcurrents.noaa.gov/api/prod/datagetter?product=water_level&application=tempo-earth2-workshop&begin_date=20260525&end_date=20260602&datum=MSL&station=8575512&time_zone=gmt&units=metric&interval=6&format=json,0.007,"0,0,0,0",v
2026-05-29 17:24:00+00:00,0.085,8575512,"Annapolis, MD",water_level,MSL,metric,NOAA CO-OPS Data API,https://api.tidesandcurrents.noaa.gov/api/prod/datagetter?product=water_level&application=tempo-earth2-workshop&begin_date=20260525&end_date=20260602&datum=MSL&station=8575512&time_zone=gmt&units=metric&interval=6&format=json,0.007,"0,0,0,0",v
2026-05-29 17:30:00+00:00,0.09,8575512,"Annapolis, MD",water_level,MSL,metric,NOAA CO-OPS Data API,https://api.tidesandcurrents.noaa.gov/api/prod/datagetter?product=water_level&application=tempo-earth2-workshop&begin_date=20260525&end_date=20260602&datum=MSL&station=8575512&time_zone=gmt&units=metric&interval=6&format=json,0.007,"0,0,0,0",v
2026-05-29 17:36:00+00:00,0.091,8575512,"Annapolis, MD",water_level,MSL,metric,NOAA CO-OPS Data API,https://api.tidesandcurrents.noaa.gov/api/prod/datagetter?product=water_level&application=tempo-earth2-workshop&begin_date=20260525&end_date=20260602&datum=MSL&station=8575512&time_zone=gmt&units=metric&interval=6&format=json,0.007,"0,0,0,0",v
2026-05-29 17:42:00+00:00,0.104,8575512,"Annapolis, MD",water_level,MSL,metric,NOAA CO-OPS Data API,https://api.tidesandcurrents.noaa.gov/api/prod/datagetter?product=water_level&application=tempo-earth2-workshop&begin_date=20260525&end_date=20260602&datum=MSL&station=8575512&time_zone=gmt&units=metric&interval=6&format=json,0.007,"0,0,0,0",v
2026-05-29 17:48:00+00:00,0.107,8575512,"Annapolis, MD",water_level,MSL,metric,NOAA CO-OPS Data API,https://api.tidesandcurrents.noaa.gov/api/prod/datagetter?product=water_level&application=tempo-earth2-workshop&begin_date=20260525&end_date=20260602&datum=MSL&station=8575512&time_zone=gmt&units=metric&interval=6&format=json,0.007,"0,0,0,0",v
2026-05-29 17:54:00+00:00,0.111,8575512,"Annapolis, MD",water_level,MSL,metric,NOAA CO-OPS Data API,https://api.tidesandcurrents.noaa.gov/api/prod/datagetter?product=water_level&application=tempo-earth2-workshop&begin_date=20260525&end_date=20260602&datum=MSL&station=8575512&time_zone=gmt&units=metric&interval=6&format=json,0.007,"0,0,0,0",v
2026-05-29 18:00:00+00:00,0.119,8575512,"Annapolis, MD",water_level,MSL,metric,NOAA CO-OPS Data API,https://api.tidesandcurrents.noaa.gov/api/prod/datagetter?product=water_level&application=tempo-earth2-workshop&begin_date=20260525&end_date=20260602&datum=MSL&station=8575512&time_zone=gmt&units=metric&interval=6&format=json,0.007,"0,0,0,0",v
2026-05-29 18:06:00+00:00,0.124,8575512,"Annapolis, MD",water_level,MSL,metric,NOAA CO-OPS Data API,https://api.tidesandcurrents.noaa.gov/api/prod/datagetter?product=water_level&application=tempo-earth2-workshop&begin_date=20260525&end_date=20260602&datum=MSL&station=8575512&time_zone=gmt&units=metric&interval=6&format=json,0.007,"0,0,0,0",v
2026-05-29 18:12:00+00:00,0.125,8575512,"Annapolis, MD",water_level,MSL,metric,NOAA CO-OPS Data API,https://api.tidesandcurrents.noaa.gov/api/prod/datagetter?product=water_level&application=tempo-earth2-workshop&begin_date=20260525&end_date=20260602&datum=MSL&station=8575512&time_zone=gmt&units=metric&interval=6&format=json,0.007,"0,0,0,0",v
2026-05-29 18:18:00+00:00,0.13,8575512,"Annapolis, MD",water_level,MSL,metric,NOAA CO-OPS Data API,https://api.tidesandcurrents.noaa.gov/api/prod/datagetter?product=water_level&application=tempo-earth2-workshop&begin_date=20260525&end_date=20260602&datum=MSL&station=8575512&time_zone=gmt&units=metric&interval=6&format=json,0.007,"0,0,0,0",v
2026-05-29 18:24:00+00:00,0.138,8575512,"Annapolis, MD",water_level,MSL,metric,NOAA CO-OPS Data API,https://api.tidesandcurrents.noaa.gov/api/prod/datagetter?product=water_level&application=tempo-earth2-workshop&begin_date=20260525&end_date=20260602&datum=MSL&station=8575512&time_zone=gmt&units=metric&interval=6&format=json,0.007,"0,0,0,0",v
2026-05-29 18:30:00+00:00,0.14,8575512,"Annapolis, MD",water_level,MSL,metric,NOAA CO-OPS Data API,https://api.tidesandcurrents.noaa.gov/api/prod/datagetter?product=water_level&application=tempo-earth2-workshop&begin_date=20260525&end_date=20260602&datum=MSL&station=8575512&time_zone=gmt&units=metric&interval=6&format=json,0.007,"0,0,0,0",v
2026-05-29 18:36:00+00:00,0.15,8575512,"Annapolis, MD",water_level,MSL,metric,NOAA CO-OPS Data API,https://api.tidesandcurrents.noaa.gov/api/prod/datagetter?product=water_level&application=tempo-earth2-workshop&begin_date=20260525&end_date=20260602&datum=MSL&station=8575512&time_zone=gmt&units=metric&interval=6&format=json,0.007,"0,0,0,0",v
2026-05-29 18:42:00+00:00,0.155,8575512,"Annapolis, MD",water_level,MSL,metric,NOAA CO-OPS Data API,https://api.tidesandcurrents.noaa.gov/api/prod/datagetter?product=water_level&application=tempo-earth2-workshop&begin_date=20260525&end_date=20260602&datum=MSL&station=8575512&time_zone=gmt&units=metric&interval=6&format=json,0.007,"0,0,0,0",v
2026-05-29 18:48:00+00:00,0.158,8575512,"Annapolis, MD",water_level,MSL,metric,NOAA CO-OPS Data API,https://api.tidesandcurrents.noaa.gov/api/prod/datagetter?product=water_level&application=tempo-earth2-workshop&begin_date=20260525&end_date=20260602&datum=MSL&station=8575512&time_zone=gmt&units=metric&interval=6&format=json,0.007,"0,0,0,0",v
2026-05-29 18:54:00+00:00,0.168,8575512,"Annapolis, MD",water_level,MSL,metric,NOAA CO-OPS Data API,https://api.tidesandcurrents.noaa.gov/api/prod/datagetter?product=water_level&application=tempo-earth2-workshop&begin_date=20260525&end_date=20260602&datum=MSL&station=8575512&time_zone=gmt&units=metric&interval=6&format=json,0.007,"0,0,0,0",v
2026-05-29 19:00:00+00:00,0.171,8575512,"Annapolis, MD",water_level,MSL,metric,NOAA CO-OPS Data API,https://api.tidesandcurrents.noaa.gov/api/prod/datagetter?product=water_level&application=tempo-earth2-workshop&begin_date=20260525&end_date=20260602&datum=MSL&station=8575512&time_zone=gmt&units=metric&interval=6&format=json,0.007,"0,0,0,0",v
2026-05-29 19:06:00+00:00,0.174,8575512,"Annapolis, MD",water_level,MSL,metric,NOAA CO-OPS Data API,https://api.tidesandcurrents.noaa.gov/api/prod/datagetter?product=water_level&application=tempo-earth2-workshop&begin_date=20260525&end_date=20260602&datum=MSL&station=8575512&time_zone=gmt&units=metric&interval=6&format=json,0.007,"0,0,0,0",v
2026-05-29 19:12:00+00:00,0.179,8575512,"Annapolis, MD",water_level,MSL,metric,NOAA CO-OPS Data API,https://api.tidesandcurrents.noaa.gov/api/prod/datagetter?product=water_level&application=tempo-earth2-workshop&begin_date=20260525&end_date=20260602&datum=MSL&station=8575512&time_zone=gmt&units=metric&interval=6&format=json,0.007,"0,0,0,0",v
2026-05-29 19:18:00+00:00,0.19,8575512,"Annapolis, MD",water_level,MSL,metric,NOAA CO-OPS Data API,https://api.tidesandcurrents.noaa.gov/api/prod/datagetter?product=water_level&application=tempo-earth2-workshop&begin_date=20260525&end_date=20260602&datum=MSL&station=8575512&time_zone=gmt&units=metric&interval=6&format=json,0.007,"0,0,0,0",v
2026-05-29 19:24:00+00:00,0.192,8575512,"Annapolis, MD",water_level,MSL,metric,NOAA CO-OPS Data API,https://api.tidesandcurrents.noaa.gov/api/prod/datagetter?product=water_level&application=tempo-earth2-workshop&begin_date=20260525&end_date=20260602&datum=MSL&station=8575512&time_zone=gmt&units=metric&interval=6&format=json,0.007,"0,0,0,0",v
2026-05-29 19:30:00+00:00,0.199,8575512,"Annapolis, MD",water_level,MSL,metric,NOAA CO-OPS Data API,https://api.tidesandcurrents.noaa.gov/api/prod/datagetter?product=water_level&application=tempo-earth2-workshop&begin_date=20260525&end_date=20260602&datum=MSL&station=8575512&time_zone=gmt&units=metric&interval=6&format=json,0.007,"0,0,0,0",v
2026-05-29 19:36:00+00:00,0.201,8575512,"Annapolis, MD",water_level,MSL,metric,NOAA CO-OPS Data API,https://api.tidesandcurrents.noaa.gov/api/prod/datagetter?product=water_level&application=tempo-earth2-workshop&begin_date=20260525&end_date=20260602&datum=MSL&station=8575512&time_zone=gmt&units=metric&interval=6&format=json,0.007,"0,0,0,0",v
2026-05-29 19:42:00+00:00,0.204,8575512,"Annapolis, MD",water_level,MSL,metric,NOAA CO-OPS Data API,https://api.tidesandcurrents.noaa.gov/api/prod/datagetter?product=water_level&application=tempo-earth2-workshop&begin_date=20260525&end_date=20260602&datum=MSL&station=8575512&time_zone=gmt&units=metric&interval=6&format=json,0.007,"0,0,0,0",v
2026-05-29 19:48:00+00:00,0.208,8575512,"Annapolis, MD",water_level,MSL,metric,NOAA CO-OPS Data API,https://api.tidesandcurrents.noaa.gov/api/prod/datagetter?product=water_level&application=tempo-earth2-workshop&begin_date=20260525&end_date=20260602&datum=MSL&station=8575512&time_zone=gmt&units=metric&interval=6&format=json,0.007,"0,0,0,0",v
2026-05-29 19:54:00+00:00,0.212,8575512,"Annapolis, MD",water_level,MSL,metric,NOAA CO-OPS Data API,https://api.tidesandcurrents.noaa.gov/api/prod/datagetter?product=water_level&application=tempo-earth2-workshop&begin_date=20260525&end_date=20260602&datum=MSL&station=8575512&time_zone=gmt&units=metric&interval=6&format=json,0.007,"0,0,0,0",v
2026-05-29 20:00:00+00:00,0.213,8575512,"Annapolis, MD",water_level,MSL,metric,NOAA CO-OPS Data API,https://api.tidesandcurrents.noaa.gov/api/prod/datagetter?product=water_level&application=tempo-earth2-workshop&begin_date=20260525&end_date=20260602&datum=MSL&station=8575512&time_zone=gmt&units=metric&interval=6&format=json,0.007,"0,0,0,0",v
2026-05-29 20:06:00+00:00,0.209,8575512,"Annapolis, MD",water_level,MSL,metric,NOAA CO-OPS Data API,https://api.tidesandcurrents.noaa.gov/api/prod/datagetter?product=water_level&application=tempo-earth2-workshop&begin_date=20260525&end_date=20260602&datum=MSL&station=8575512&time_zone=gmt&units=metric&interval=6&format=json,0.007,"0,0,0,0",v
2026-05-29 20:12:00+00:00,0.214,8575512,"Annapolis, MD",water_level,MSL,metric,NOAA CO-OPS Data API,https://api.tidesandcurrents.noaa.gov/api/prod/datagetter?product=water_level&application=tempo-earth2-workshop&begin_date=20260525&end_date=20260602&datum=MSL&station=8575512&time_zone=gmt&units=metric&interval=6&format=json,0.007,"0,0,0,0",v
2026-05-29 20:18:00+00:00,0.215,8575512,"Annapolis, MD",water_level,MSL,metric,NOAA CO-OPS Data API,https://api.tidesandcurrents.noaa.gov/api/prod/datagetter?product=water_level&application=tempo-earth2-workshop&begin_date=20260525&end_date=20260602&datum=MSL&station=8575512&time_zone=gmt&units=metric&interval=6&format=json,0.007,"0,0,0,0",v
2026-05-29 20:24:00+00:00,0.213,8575512,"Annapolis, MD",water_level,MSL,metric,NOAA CO-OPS Data API,https://api.tidesandcurrents.noaa.gov/api/prod/datagetter?product=water_level&application=tempo-earth2-workshop&begin_date=20260525&end_date=20260602&datum=MSL&station=8575512&time_zone=gmt&units=metric&interval=6&format=json,0.007,"0,0,0,0",v
2026-05-29 20:30:00+00:00,0.217,8575512,"Annapolis, MD",water_level,MSL,metric,NOAA CO-OPS Data API,https://api.tidesandcurrents.noaa.gov/api/prod/datagetter?product=water_level&application=tempo-earth2-workshop&begin_date=20260525&end_date=20260602&datum=MSL&station=8575512&time_zone=gmt&units=metric&interval=6&format=json,0.007,"0,0,0,0",v
2026-05-29 20:36:00+00:00,0.224,8575512,"Annapolis, MD",water_level,MSL,metric,NOAA CO-OPS Data API,https://api.tidesandcurrents.noaa.gov/api/prod/datagetter?product=water_level&application=tempo-earth2-workshop&begin_date=20260525&end_date=20260602&datum=MSL&station=8575512&time_zone=gmt&units=metric&interval=6&format=json,0.007,"0,0,0,0",v
2026-05-29 20:42:00+00:00,0.23,8575512,"Annapolis, MD",water_level,MSL,metric,NOAA CO-OPS Data API,https://api.tidesandcurrents.noaa.gov/api/prod/datagetter?product=water_level&application=tempo-earth2-workshop&begin_date=20260525&end_date=20260602&datum=MSL&station=8575512&time_zone=gmt&units=metric&interval=6&format=json,0.007,"0,0,0,0",v
2026-05-29 20:48:00+00:00,0.228,8575512,"Annapolis, MD",water_level,MSL,metric,NOAA CO-OPS Data API,https://api.tidesandcurrents.noaa.gov/api/prod/datagetter?product=water_level&application=tempo-earth2-workshop&begin_date=20260525&end_date=20260602&datum=MSL&station=8575512&time_zone=gmt&units=metric&interval=6&format=json,0.007,"0,0,0,0",v
2026-05-29 20:54:00+00:00,0.23,8575512,"Annapolis, MD",water_level,MSL,metric,NOAA CO-OPS Data API,https://api.tidesandcurrents.noaa.gov/api/prod/datagetter?product=water_level&application=tempo-earth2-workshop&begin_date=20260525&end_date=20260602&datum=MSL&station=8575512&time_zone=gmt&units=metric&interval=6&format=json,0.007,"0,0,0,0",v
2026-05-29 21:00:00+00:00,0.234,8575512,"Annapolis, MD",water_level,MSL,metric,NOAA CO-OPS Data API,https://api.tidesandcurrents.noaa.gov/api/prod/datagetter?product=water_level&application=tempo-earth2-workshop&begin_date=20260525&end_date=20260602&datum=MSL&station=8575512&time_zone=gmt&units=metric&interval=6&format=json,0.007,"0,0,0,0",v
2026-05-29 21:06:00+00:00,0.234,8575512,"Annapolis, MD",water_level,MSL,metric,NOAA CO-OPS Data API,https://api.tidesandcurrents.noaa.gov/api/prod/datagetter?product=water_level&application=tempo-earth2-workshop&begin_date=20260525&end_date=20260602&datum=MSL&station=8575512&time_zone=gmt&units=metric&interval=6&format=json,0.007,"0,0,0,0",v
2026-05-29 21:12:00+00:00,0.239,8575512,"Annapolis, MD",water_level,MSL,metric,NOAA CO-OPS Data API,https://api.tidesandcurrents.noaa.gov/api/prod/datagetter?product=water_level&application=tempo-earth2-workshop&begin_date=20260525&end_date=20260602&datum=MSL&station=8575512&time_zone=gmt&units=metric&interval=6&format=json,0.007,"0,0,0,0",v
2026-05-29 21:18:00+00:00,0.232,8575512,"Annapolis, MD",water_level,MSL,metric,NOAA CO-OPS Data API,https://api.tidesandcurrents.noaa.gov/api/prod/datagetter?product=water_level&application=tempo-earth2-workshop&begin_date=20260525&end_date=20260602&datum=MSL&station=8575512&time_zone=gmt&units=metric&interval=6&format=json,0.007,"0,0,0,0",v
2026-05-29 21:24:00+00:00,0.233,8575512,"Annapolis, MD",water_level,MSL,metric,NOAA CO-OPS Data API,https://api.tidesandcurrents.noaa.gov/api/prod/datagetter?product=water_level&application=tempo-earth2-workshop&begin_date=20260525&end_date=20260602&datum=MSL&station=8575512&time_zone=gmt&units=metric&interval=6&format=json,0.007,"0,0,0,0",v
2026-05-29 21:30:00+00:00,0.233,8575512,"Annapolis, MD",water_level,MSL,metric,NOAA CO-OPS Data API,https://api.tidesandcurrents.noaa.gov/api/prod/datagetter?product=water_level&application=tempo-earth2-workshop&begin_date=20260525&end_date=20260602&datum=MSL&station=8575512&time_zone=gmt&units=metric&interval=6&format=json,0.007,"0,0,0,0",v
2026-05-29 21:36:00+00:00,0.225,8575512,"Annapolis, MD",water_level,MSL,metric,NOAA CO-OPS Data API,https://api.tidesandcurrents.noaa.gov/api/prod/datagetter?product=water_level&application=tempo-earth2-workshop&begin_date=20260525&end_date=20260602&datum=MSL&station=8575512&time_zone=gmt&units=metric&interval=6&format=json,0.007,"0,0,0,0",v
2026-05-29 21:42:00+00:00,0.224,8575512,"Annapolis, MD",water_level,MSL,metric,NOAA CO-OPS Data API,https://api.tidesandcurrents.noaa.gov/api/prod/datagetter?product=water_level&application=tempo-earth2-workshop&begin_date=20260525&end_date=20260602&datum=MSL&station=8575512&time_zone=gmt&units=metric&interval=6&format=json,0.007,"0,0,0,0",v
2026-05-29 21:48:00+00:00,0.224,8575512,"Annapolis, MD",water_level,MSL,metric,NOAA CO-OPS Data API,https://api.tidesandcurrents.noaa.gov/api/prod/datagetter?product=water_level&application=tempo-earth2-workshop&begin_date=20260525&end_date=20260602&datum=MSL&station=8575512&time_zone=gmt&units=metric&interval=6&format=json,0.007,"0,0,0,0",v
2026-05-29 21:54:00+00:00,0.218,8575512,"Annapolis, MD",water_level,MSL,metric,NOAA CO-OPS Data API,https://api.tidesandcurrents.noaa.gov/api/prod/datagetter?product=water_level&application=tempo-earth2-workshop&begin_date=20260525&end_date=20260602&datum=MSL&station=8575512&time_zone=gmt&units=metric&interval=6&format=json,0.007,"0,0,0,0",v
2026-05-29 22:00:00+00:00,0.21,8575512,"Annapolis, MD",water_level,MSL,metric,NOAA CO-OPS Data API,https://api.tidesandcurrents.noaa.gov/api/prod/datagetter?product=water_level&application=tempo-earth2-workshop&begin_date=20260525&end_date=20260602&datum=MSL&station=8575512&time_zone=gmt&units=metric&interval=6&format=json,0.007,"0,0,0,0",v
2026-05-29 22:06:00+00:00,0.207,8575512,"Annapolis, MD",water_level,MSL,metric,NOAA CO-OPS Data API,https://api.tidesandcurrents.noaa.gov/api/prod/datagetter?product=water_level&application=tempo-earth2-workshop&begin_date=20260525&end_date=20260602&datum=MSL&station=8575512&time_zone=gmt&units=metric&interval=6&format=json,0.007,"0,0,0,0",v
2026-05-29 22:12:00+00:00,0.201,8575512,"Annapolis, MD",water_level,MSL,metric,NOAA CO-OPS Data API,https://api.tidesandcurrents.noaa.gov/api/prod/datagetter?product=water_level&application=tempo-earth2-workshop&begin_date=20260525&end_date=20260602&datum=MSL&station=8575512&time_zone=gmt&units=metric&interval=6&format=json,0.007,"0,0,0,0",v
2026-05-29 22:18:00+00:00,0.201,8575512,"Annapolis, MD",water_level,MSL,metric,NOAA CO-OPS Data API,https://api.tidesandcurrents.noaa.gov/api/prod/datagetter?product=water_level&application=tempo-earth2-workshop&begin_date=20260525&end_date=20260602&datum=MSL&station=8575512&time_zone=gmt&units=metric&interval=6&format=json,0.007,"0,0,0,0",v
2026-05-29 22:24:00+00:00,0.207,8575512,"Annapolis, MD",water_level,MSL,metric,NOAA CO-OPS Data API,https://api.tidesandcurrents.noaa.gov/api/prod/datagetter?product=water_level&application=tempo-earth2-workshop&begin_date=20260525&end_date=20260602&datum=MSL&station=8575512&time_zone=gmt&units=metric&interval=6&format=json,0.007,"0,0,0,0",v
2026-05-29 22:30:00+00:00,0.207,8575512,"Annapolis, MD",water_level,MSL,metric,NOAA CO-OPS Data API,https://api.tidesandcurrents.noaa.gov/api/prod/datagetter?product=water_level&application=tempo-earth2-workshop&begin_date=20260525&end_date=20260602&datum=MSL&station=8575512&time_zone=gmt&units=metric&interval=6&format=json,0.007,"0,0,0,0",v
2026-05-29 22:36:00+00:00,0.203,8575512,"Annapolis, MD",water_level,MSL,metric,NOAA CO-OPS Data API,https://api.tidesandcurrents.noaa.gov/api/prod/datagetter?product=water_level&application=tempo-earth2-workshop&begin_date=20260525&end_date=20260602&datum=MSL&station=8575512&time_zone=gmt&units=metric&interval=6&format=json,0.007,"0,0,0,0",v
2026-05-29 22:42:00+00:00,0.199,8575512,"Annapolis, MD",water_level,MSL,metric,NOAA CO-OPS Data API,https://api.tidesandcurrents.noaa.gov/api/prod/datagetter?product=water_level&application=tempo-earth2-workshop&begin_date=20260525&end_date=20260602&datum=MSL&station=8575512&time_zone=gmt&units=metric&interval=6&format=json,0.007,"0,0,0,0",v
2026-05-29 22:48:00+00:00,0.194,8575512,"Annapolis, MD",water_level,MSL,metric,NOAA CO-OPS Data API,https://api.tidesandcurrents.noaa.gov/api/prod/datagetter?product=water_level&application=tempo-earth2-workshop&begin_date=20260525&end_date=20260602&datum=MSL&station=8575512&time_zone=gmt&units=metric&interval=6&format=json,0.007,"0,0,0,0",v
2026-05-29 22:54:00+00:00,0.195,8575512,"Annapolis, MD",water_level,MSL,metric,NOAA CO-OPS Data API,https://api.tidesandcurrents.noaa.gov/api/prod/datagetter?product=water_level&application=tempo-earth2-workshop&begin_date=20260525&end_date=20260602&datum=MSL&station=8575512&time_zone=gmt&units=metric&interval=6&format=json,0.007,"0,0,0,0",v
2026-05-29 23:00:00+00:00,0.189,8575512,"Annapolis, MD",water_level,MSL,metric,NOAA CO-OPS Data API,https://api.tidesandcurrents.noaa.gov/api/prod/datagetter?product=water_level&application=tempo-earth2-workshop&begin_date=20260525&end_date=20260602&datum=MSL&station=8575512&time_zone=gmt&units=metric&interval=6&format=json,0.007,"0,0,0,0",v
2026-05-29 23:06:00+00:00,0.181,8575512,"Annapolis, MD",water_level,MSL,metric,NOAA CO-OPS Data API,https://api.tidesandcurrents.noaa.gov/api/prod/datagetter?product=water_level&application=tempo-earth2-workshop&begin_date=20260525&end_date=20260602&datum=MSL&station=8575512&time_zone=gmt&units=metric&interval=6&format=json,0.007,"0,0,0,0",v
2026-05-29 23:12:00+00:00,0.172,8575512,"Annapolis, MD",water_level,MSL,metric,NOAA CO-OPS Data API,https://api.tidesandcurrents.noaa.gov/api/prod/datagetter?product=water_level&application=tempo-earth2-workshop&begin_date=20260525&end_date=20260602&datum=MSL&station=8575512&time_zone=gmt&units=metric&interval=6&format=json,0.007,"0,0,0,0",v
2026-05-29 23:18:00+00:00,0.169,8575512,"Annapolis, MD",water_level,MSL,metric,NOAA CO-OPS Data API,https://api.tidesandcurrents.noaa.gov/api/prod/datagetter?product=water_level&application=tempo-earth2-workshop&begin_date=20260525&end_date=20260602&datum=MSL&station=8575512&time_zone=gmt&units=metric&interval=6&format=json,0.007,"0,0,0,0",v
2026-05-29 23:24:00+00:00,0.167,8575512,"Annapolis, MD",water_level,MSL,metric,NOAA CO-OPS Data API,https://api.tidesandcurrents.noaa.gov/api/prod/datagetter?product=water_level&application=tempo-earth2-workshop&begin_date=20260525&end_date=20260602&datum=MSL&station=8575512&time_zone=gmt&units=metric&interval=6&format=json,0.007,"0,0,0,0",v
2026-05-29 23:30:00+00:00,0.158,8575512,"Annapolis, MD",water_level,MSL,metric,NOAA CO-OPS Data API,https://api.tidesandcurrents.noaa.gov/api/prod/datagetter?product=water_level&application=tempo-earth2-workshop&begin_date=20260525&end_date=20260602&datum=MSL&station=8575512&time_zone=gmt&units=metric&interval=6&format=json,0.007,"0,0,0,0",v
2026-05-29 23:36:00+00:00,0.156,8575512,"Annapolis, MD",water_level,MSL,metric,NOAA CO-OPS Data API,https://api.tidesandcurrents.noaa.gov/api/prod/datagetter?product=water_level&application=tempo-earth2-workshop&begin_date=20260525&end_date=20260602&datum=MSL&station=8575512&time_zone=gmt&units=metric&interval=6&format=json,0.007,"0,0,0,0",v
2026-05-29 23:42:00+00:00,0.151,8575512,"Annapolis, MD",water_level,MSL,metric,NOAA CO-OPS Data API,https://api.tidesandcurrents.noaa.gov/api/prod/datagetter?product=water_level&application=tempo-earth2-workshop&begin_date=20260525&end_date=20260602&datum=MSL&station=8575512&time_zone=gmt&units=metric&interval=6&format=json,0.007,"0,0,0,0",v
2026-05-29 23:48:00+00:00,0.148,8575512,"Annapolis, MD",water_level,MSL,metric,NOAA CO-OPS Data API,https://api.tidesandcurrents.noaa.gov/api/prod/datagetter?product=water_level&application=tempo-earth2-workshop&begin_date=20260525&end_date=20260602&datum=MSL&station=8575512&time_zone=gmt&units=metric&interval=6&format=json,0.007,"0,0,0,0",v
2026-05-29 23:54:00+00:00,0.146,8575512,"Annapolis, MD",water_level,MSL,metric,NOAA CO-OPS Data API,https://api.tidesandcurrents.noaa.gov/api/prod/datagetter?product=water_level&application=tempo-earth2-workshop&begin_date=20260525&end_date=20260602&datum=MSL&station=8575512&time_zone=gmt&units=metric&interval=6&format=json,0.007,"0,0,0,0",v
2026-05-30 00:00:00+00:00,0.139,8575512,"Annapolis, MD",water_level,MSL,metric,NOAA CO-OPS Data API,https://api.tidesandcurrents.noaa.gov/api/prod/datagetter?product=water_level&application=tempo-earth2-workshop&begin_date=20260525&end_date=20260602&datum=MSL&station=8575512&time_zone=gmt&units=metric&interval=6&format=json,0.007,"0,0,0,0",v
2026-05-30 00:06:00+00:00,0.138,8575512,"Annapolis, MD",water_level,MSL,metric,NOAA CO-OPS Data API,https://api.tidesandcurrents.noaa.gov/api/prod/datagetter?product=water_level&application=tempo-earth2-workshop&begin_date=20260525&end_date=20260602&datum=MSL&station=8575512&time_zone=gmt&units=metric&interval=6&format=json,0.007,"0,0,0,0",v
2026-05-30 00:12:00+00:00,0.137,8575512,"Annapolis, MD",water_level,MSL,metric,NOAA CO-OPS Data API,https://api.tidesandcurrents.noaa.gov/api/prod/datagetter?product=water_level&application=tempo-earth2-workshop&begin_date=20260525&end_date=20260602&datum=MSL&station=8575512&time_zone=gmt&units=metric&interval=6&format=json,0.007,"0,0,0,0",v
2026-05-30 00:18:00+00:00,0.141,8575512,"Annapolis, MD",water_level,MSL,metric,NOAA CO-OPS Data API,https://api.tidesandcurrents.noaa.gov/api/prod/datagetter?product=water_level&application=tempo-earth2-workshop&begin_date=20260525&end_date=20260602&datum=MSL&station=8575512&time_zone=gmt&units=metric&interval=6&format=json,0.007,"0,0,0,0",v
2026-05-30 00:24:00+00:00,0.136,8575512,"Annapolis, MD",water_level,MSL,metric,NOAA CO-OPS Data API,https://api.tidesandcurrents.noaa.gov/api/prod/datagetter?product=water_level&application=tempo-earth2-workshop&begin_date=20260525&end_date=20260602&datum=MSL&station=8575512&time_zone=gmt&units=metric&interval=6&format=json,0.007,"0,0,0,0",v
2026-05-30 00:30:00+00:00,0.135,8575512,"Annapolis, MD",water_level,MSL,metric,NOAA CO-OPS Data API,https://api.tidesandcurrents.noaa.gov/api/prod/datagetter?product=water_level&application=tempo-earth2-workshop&begin_date=20260525&end_date=20260602&datum=MSL&station=8575512&time_zone=gmt&units=metric&interval=6&format=json,0.007,"0,0,0,0",v
2026-05-30 00:36:00+00:00,0.135,8575512,"Annapolis, MD",water_level,MSL,metric,NOAA CO-OPS Data API,https://api.tidesandcurrents.noaa.gov/api/prod/datagetter?product=water_level&application=tempo-earth2-workshop&begin_date=20260525&end_date=20260602&datum=MSL&station=8575512&time_zone=gmt&units=metric&interval=6&format=json,0.007,"0,0,0,0",v
2026-05-30 00:42:00+00:00,0.132,8575512,"Annapolis, MD",water_level,MSL,metric,NOAA CO-OPS Data API,https://api.tidesandcurrents.noaa.gov/api/prod/datagetter?product=water_level&application=tempo-earth2-workshop&begin_date=20260525&end_date=20260602&datum=MSL&station=8575512&time_zone=gmt&units=metric&interval=6&format=json,0.007,"0,0,0,0",v
2026-05-30 00:48:00+00:00,0.128,8575512,"Annapolis, MD",water_level,MSL,metric,NOAA CO-OPS Data API,https://api.tidesandcurrents.noaa.gov/api/prod/datagetter?product=water_level&application=tempo-earth2-workshop&begin_date=20260525&end_date=20260602&datum=MSL&station=8575512&time_zone=gmt&units=metric&interval=6&format=json,0.007,"0,0,0,0",v
2026-05-30 00:54:00+00:00,0.126,8575512,"Annapolis, MD",water_level,MSL,metric,NOAA CO-OPS Data API,https://api.tidesandcurrents.noaa.gov/api/prod/datagetter?product=water_level&application=tempo-earth2-workshop&begin_date=20260525&end_date=20260602&datum=MSL&station=8575512&time_zone=gmt&units=metric&interval=6&format=json,0.007,"0,0,0,0",v
2026-05-30 01:00:00+00:00,0.124,8575512,"Annapolis, MD",water_level,MSL,metric,NOAA CO-OPS Data API,https://api.tidesandcurrents.noaa.gov/api/prod/datagetter?product=water_level&application=tempo-earth2-workshop&begin_date=20260525&end_date=20260602&datum=MSL&station=8575512&time_zone=gmt&units=metric&interval=6&format=json,0.007,"0,0,0,0",v
2026-05-30 01:06:00+00:00,0.12,8575512,"Annapolis, MD",water_level,MSL,metric,NOAA CO-OPS Data API,https://api.tidesandcurrents.noaa.gov/api/prod/datagetter?product=water_level&application=tempo-earth2-workshop&begin_date=20260525&end_date=20260602&datum=MSL&station=8575512&time_zone=gmt&units=metric&interval=6&format=json,0.007,"0,0,0,0",v
2026-05-30 01:12:00+00:00,0.118,8575512,"Annapolis, MD",water_level,MSL,metric,NOAA CO-OPS Data API,https://api.tidesandcurrents.noaa.gov/api/prod/datagetter?product=water_level&application=tempo-earth2-workshop&begin_date=20260525&end_date=20260602&datum=MSL&station=8575512&time_zone=gmt&units=metric&interval=6&format=json,0.007,"0,0,0,0",v
2026-05-30 01:18:00+00:00,0.113,8575512,"Annapolis, MD",water_level,MSL,metric,NOAA CO-OPS Data API,https://api.tidesandcurrents.noaa.gov/api/prod/datagetter?product=water_level&application=tempo-earth2-workshop&begin_date=20260525&end_date=20260602&datum=MSL&station=8575512&time_zone=gmt&units=metric&interval=6&format=json,0.007,"0,0,0,0",v
2026-05-30 01:24:00+00:00,0.107,8575512,"Annapolis, MD",water_level,MSL,metric,NOAA CO-OPS Data API,https://api.tidesandcurrents.noaa.gov/api/prod/datagetter?product=water_level&application=tempo-earth2-workshop&begin_date=20260525&end_date=20260602&datum=MSL&station=8575512&time_zone=gmt&units=metric&interval=6&format=json,0.007,"0,0,0,0",v
2026-05-30 01:30:00+00:00,0.106,8575512,"Annapolis, MD",water_level,MSL,metric,NOAA CO-OPS Data API,https://api.tidesandcurrents.noaa.gov/api/prod/datagetter?product=water_level&application=tempo-earth2-workshop&begin_date=20260525&end_date=20260602&datum=MSL&station=8575512&time_zone=gmt&units=metric&interval=6&format=json,0.007,"0,0,0,0",v
2026-05-30 01:36:00+00:00,0.108,8575512,"Annapolis, MD",water_level,MSL,metric,NOAA CO-OPS Data API,https://api.tidesandcurrents.noaa.gov/api/prod/datagetter?product=water_level&application=tempo-earth2-workshop&begin_date=20260525&end_date=20260602&datum=MSL&station=8575512&time_zone=gmt&units=metric&interval=6&format=json,0.007,"0,0,0,0",v
2026-05-30 01:42:00+00:00,0.104,8575512,"Annapolis, MD",water_level,MSL,metric,NOAA CO-OPS Data API,https://api.tidesandcurrents.noaa.gov/api/prod/datagetter?product=water_level&application=tempo-earth2-workshop&begin_date=20260525&end_date=20260602&datum=MSL&station=8575512&time_zone=gmt&units=metric&interval=6&format=json,0.007,"0,0,0,0",v
2026-05-30 01:48:00+00:00,0.102,8575512,"Annapolis, MD",water_level,MSL,metric,NOAA CO-OPS Data API,https://api.tidesandcurrents.noaa.gov/api/prod/datagetter?product=water_level&application=tempo-earth2-workshop&begin_date=20260525&end_date=20260602&datum=MSL&station=8575512&time_zone=gmt&units=metric&interval=6&format=json,0.007,"0,0,0,0",v
2026-05-30 01:54:00+00:00,0.099,8575512,"Annapolis, MD",water_level,MSL,metric,NOAA CO-OPS Data API,https://api.tidesandcurrents.noaa.gov/api/prod/datagetter?product=water_level&application=tempo-earth2-workshop&begin_date=20260525&end_date=20260602&datum=MSL&station=8575512&time_zone=gmt&units=metric&interval=6&format=json,0.007,"0,0,0,0",v
2026-05-30 02:00:00+00:00,0.096,8575512,"Annapolis, MD",water_level,MSL,metric,NOAA CO-OPS Data API,https://api.tidesandcurrents.noaa.gov/api/prod/datagetter?product=water_level&application=tempo-earth2-workshop&begin_date=20260525&end_date=20260602&datum=MSL&station=8575512&time_zone=gmt&units=metric&interval=6&format=json,0.007,"0,0,0,0",v
2026-05-30 02:06:00+00:00,0.093,8575512,"Annapolis, MD",water_level,MSL,metric,NOAA CO-OPS Data API,https://api.tidesandcurrents.noaa.gov/api/prod/datagetter?product=water_level&application=tempo-earth2-workshop&begin_date=20260525&end_date=20260602&datum=MSL&station=8575512&time_zone=gmt&units=metric&interval=6&format=json,0.007,"0,0,0,0",v
2026-05-30 02:12:00+00:00,0.094,8575512,"Annapolis, MD",water_level,MSL,metric,NOAA CO-OPS Data API,https://api.tidesandcurrents.noaa.gov/api/prod/datagetter?product=water_level&application=tempo-earth2-workshop&begin_date=20260525&end_date=20260602&datum=MSL&station=8575512&time_zone=gmt&units=metric&interval=6&format=json,0.007,"0,0,0,0",v
2026-05-30 02:18:00+00:00,0.096,8575512,"Annapolis, MD",water_level,MSL,metric,NOAA CO-OPS Data API,https://api.tidesandcurrents.noaa.gov/api/prod/datagetter?product=water_level&application=tempo-earth2-workshop&begin_date=20260525&end_date=20260602&datum=MSL&station=8575512&time_zone=gmt&units=metric&interval=6&format=json,0.007,"0,0,0,0",v
2026-05-30 02:24:00+00:00,0.095,8575512,"Annapolis, MD",water_level,MSL,metric,NOAA CO-OPS Data API,https://api.tidesandcurrents.noaa.gov/api/prod/datagetter?product=water_level&application=tempo-earth2-workshop&begin_date=20260525&end_date=20260602&datum=MSL&station=8575512&time_zone=gmt&units=metric&interval=6&format=json,0.007,"0,0,0,0",v
2026-05-30 02:30:00+00:00,0.093,8575512,"Annapolis, MD",water_level,MSL,metric,NOAA CO-OPS Data API,https://api.tidesandcurrents.noaa.gov/api/prod/datagetter?product=water_level&application=tempo-earth2-workshop&begin_date=20260525&end_date=20260602&datum=MSL&station=8575512&time_zone=gmt&units=metric&interval=6&format=json,0.007,"0,0,0,0",v
2026-05-30 02:36:00+00:00,0.096,8575512,"Annapolis, MD",water_level,MSL,metric,NOAA CO-OPS Data API,https://api.tidesandcurrents.noaa.gov/api/prod/datagetter?product=water_level&application=tempo-earth2-workshop&begin_date=20260525&end_date=20260602&datum=MSL&station=8575512&time_zone=gmt&units=metric&interval=6&format=json,0.007,"0,0,0,0",v
2026-05-30 02:42:00+00:00,0.096,8575512,"Annapolis, MD",water_level,MSL,metric,NOAA CO-OPS Data API,https://api.tidesandcurrents.noaa.gov/api/prod/datagetter?product=water_level&application=tempo-earth2-workshop&begin_date=20260525&end_date=20260602&datum=MSL&station=8575512&time_zone=gmt&units=metric&interval=6&format=json,0.007,"0,0,0,0",v
2026-05-30 02:48:00+00:00,0.098,8575512,"Annapolis, MD",water_level,MSL,metric,NOAA CO-OPS Data API,https://api.tidesandcurrents.noaa.gov/api/prod/datagetter?product=water_level&application=tempo-earth2-workshop&begin_date=20260525&end_date=20260602&datum=MSL&station=8575512&time_zone=gmt&units=metric&interval=6&format=json,0.007,"0,0,0,0",v
2026-05-30 02:54:00+00:00,0.097,8575512,"Annapolis, MD",water_level,MSL,metric,NOAA CO-OPS Data API,https://api.tidesandcurrents.noaa.gov/api/prod/datagetter?product=water_level&application=tempo-earth2-workshop&begin_date=20260525&end_date=20260602&datum=MSL&station=8575512&time_zone=gmt&units=metric&interval=6&format=json,0.007,"0,0,0,0",v
2026-05-30 03:00:00+00:00,0.097,8575512,"Annapolis, MD",water_level,MSL,metric,NOAA CO-OPS Data API,https://api.tidesandcurrents.noaa.gov/api/prod/datagetter?product=water_level&application=tempo-earth2-workshop&begin_date=20260525&end_date=20260602&datum=MSL&station=8575512&time_zone=gmt&units=metric&interval=6&format=json,0.007,"0,0,0,0",v
2026-05-30 03:06:00+00:00,0.102,8575512,"Annapolis, MD",water_level,MSL,metric,NOAA CO-OPS Data API,https://api.tidesandcurrents.noaa.gov/api/prod/datagetter?product=water_level&application=tempo-earth2-workshop&begin_date=20260525&end_date=20260602&datum=MSL&station=8575512&time_zone=gmt&units=metric&interval=6&format=json,0.007,"0,0,0,0",v
2026-05-30 03:12:00+00:00,0.104,8575512,"Annapolis, MD",water_level,MSL,metric,NOAA CO-OPS Data API,https://api.tidesandcurrents.noaa.gov/api/prod/datagetter?product=water_level&application=tempo-earth2-workshop&begin_date=20260525&end_date=20260602&datum=MSL&station=8575512&time_zone=gmt&units=metric&interval=6&format=json,0.007,"0,0,0,0",v
2026-05-30 03:18:00+00:00,0.106,8575512,"Annapolis, MD",water_level,MSL,metric,NOAA CO-OPS Data API,https://api.tidesandcurrents.noaa.gov/api/prod/datagetter?product=water_level&application=tempo-earth2-workshop&begin_date=20260525&end_date=20260602&datum=MSL&station=8575512&time_zone=gmt&units=metric&interval=6&format=json,0.007,"0,0,0,0",v
2026-05-30 03:24:00+00:00,0.112,8575512,"Annapolis, MD",water_level,MSL,metric,NOAA CO-OPS Data API,https://api.tidesandcurrents.noaa.gov/api/prod/datagetter?product=water_level&application=tempo-earth2-workshop&begin_date=20260525&end_date=20260602&datum=MSL&station=8575512&time_zone=gmt&units=metric&interval=6&format=json,0.007,"0,0,0,0",v
2026-05-30 03:30:00+00:00,0.115,8575512,"Annapolis, MD",water_level,MSL,metric,NOAA CO-OPS Data API,https://api.tidesandcurrents.noaa.gov/api/prod/datagetter?product=water_level&application=tempo-earth2-workshop&begin_date=20260525&end_date=20260602&datum=MSL&station=8575512&time_zone=gmt&units=metric&interval=6&format=json,0.007,"0,0,0,0",v
2026-05-30 03:36:00+00:00,0.124,8575512,"Annapolis, MD",water_level,MSL,metric,NOAA CO-OPS Data API,https://api.tidesandcurrents.noaa.gov/api/prod/datagetter?product=water_level&application=tempo-earth2-workshop&begin_date=20260525&end_date=20260602&datum=MSL&station=8575512&time_zone=gmt&units=metric&interval=6&format=json,0.007,"0,0,0,0",v
2026-05-30 03:42:00+00:00,0.13,8575512,"Annapolis, MD",water_level,MSL,metric,NOAA CO-OPS Data API,https://api.tidesandcurrents.noaa.gov/api/prod/datagetter?product=water_level&application=tempo-earth2-workshop&begin_date=20260525&end_date=20260602&datum=MSL&station=8575512&time_zone=gmt&units=metric&interval=6&format=json,0.007,"0,0,0,0",v
2026-05-30 03:48:00+00:00,0.138,8575512,"Annapolis, MD",water_level,MSL,metric,NOAA CO-OPS Data API,https://api.tidesandcurrents.noaa.gov/api/prod/datagetter?product=water_level&application=tempo-earth2-workshop&begin_date=20260525&end_date=20260602&datum=MSL&station=8575512&time_zone=gmt&units=metric&interval=6&format=json,0.007,"0,0,0,0",v
2026-05-30 03:54:00+00:00,0.146,8575512,"Annapolis, MD",water_level,MSL,metric,NOAA CO-OPS Data API,https://api.tidesandcurrents.noaa.gov/api/prod/datagetter?product=water_level&application=tempo-earth2-workshop&begin_date=20260525&end_date=20260602&datum=MSL&station=8575512&time_zone=gmt&units=metric&interval=6&format=json,0.007,"0,0,0,0",v
2026-05-30 04:00:00+00:00,0.155,8575512,"Annapolis, MD",water_level,MSL,metric,NOAA CO-OPS Data API,https://api.tidesandcurrents.noaa.gov/api/prod/datagetter?product=water_level&application=tempo-earth2-workshop&begin_date=20260525&end_date=20260602&datum=MSL&station=8575512&time_zone=gmt&units=metric&interval=6&format=json,0.007,"0,0,0,0",v
2026-05-30 04:06:00+00:00,0.168,8575512,"Annapolis, MD",water_level,MSL,metric,NOAA CO-OPS Data API,https://api.tidesandcurrents.noaa.gov/api/prod/datagetter?product=water_level&application=tempo-earth2-workshop&begin_date=20260525&end_date=20260602&datum=MSL&station=8575512&time_zone=gmt&units=metric&interval=6&format=json,0.007,"0,0,0,0",v
2026-05-30 04:12:00+00:00,0.175,8575512,"Annapolis, MD",water_level,MSL,metric,NOAA CO-OPS Data API,https://api.tidesandcurrents.noaa.gov/api/prod/datagetter?product=water_level&application=tempo-earth2-workshop&begin_date=20260525&end_date=20260602&datum=MSL&station=8575512&time_zone=gmt&units=metric&interval=6&format=json,0.007,"0,0,0,0",v
2026-05-30 04:18:00+00:00,0.183,8575512,"Annapolis, MD",water_level,MSL,metric,NOAA CO-OPS Data API,https://api.tidesandcurrents.noaa.gov/api/prod/datagetter?product=water_level&application=tempo-earth2-workshop&begin_date=20260525&end_date=20260602&datum=MSL&station=8575512&time_zone=gmt&units=metric&interval=6&format=json,0.007,"0,0,0,0",v
2026-05-30 04:24:00+00:00,0.195,8575512,"Annapolis, MD",water_level,MSL,metric,NOAA CO-OPS Data API,https://api.tidesandcurrents.noaa.gov/api/prod/datagetter?product=water_level&application=tempo-earth2-workshop&begin_date=20260525&end_date=20260602&datum=MSL&station=8575512&time_zone=gmt&units=metric&interval=6&format=json,0.007,"0,0,0,0",v
2026-05-30 04:30:00+00:00,0.208,8575512,"Annapolis, MD",water_level,MSL,metric,NOAA CO-OPS Data API,https://api.tidesandcurrents.noaa.gov/api/prod/datagetter?product=water_level&application=tempo-earth2-workshop&begin_date=20260525&end_date=20260602&datum=MSL&station=8575512&time_zone=gmt&units=metric&interval=6&format=json,0.007,"0,0,0,0",v
2026-05-30 04:36:00+00:00,0.218,8575512,"Annapolis, MD",water_level,MSL,metric,NOAA CO-OPS Data API,https://api.tidesandcurrents.noaa.gov/api/prod/datagetter?product=water_level&application=tempo-earth2-workshop&begin_date=20260525&end_date=20260602&datum=MSL&station=8575512&time_zone=gmt&units=metric&interval=6&format=json,0.007,"0,0,0,0",v
2026-05-30 04:42:00+00:00,0.231,8575512,"Annapolis, MD",water_level,MSL,metric,NOAA CO-OPS Data API,https://api.tidesandcurrents.noaa.gov/api/prod/datagetter?product=water_level&application=tempo-earth2-workshop&begin_date=20260525&end_date=20260602&datum=MSL&station=8575512&time_zone=gmt&units=metric&interval=6&format=json,0.007,"0,0,0,0",v
2026-05-30 04:48:00+00:00,0.242,8575512,"Annapolis, MD",water_level,MSL,metric,NOAA CO-OPS Data API,https://api.tidesandcurrents.noaa.gov/api/prod/datagetter?product=water_level&application=tempo-earth2-workshop&begin_date=20260525&end_date=20260602&datum=MSL&station=8575512&time_zone=gmt&units=metric&interval=6&format=json,0.007,"0,0,0,0",v
2026-05-30 04:54:00+00:00,0.258,8575512,"Annapolis, MD",water_level,MSL,metric,NOAA CO-OPS Data API,https://api.tidesandcurrents.noaa.gov/api/prod/datagetter?product=water_level&application=tempo-earth2-workshop&begin_date=20260525&end_date=20260602&datum=MSL&station=8575512&time_zone=gmt&units=metric&interval=6&format=json,0.007,"0,0,0,0",v
2026-05-30 05:00:00+00:00,0.267,8575512,"Annapolis, MD",water_level,MSL,metric,NOAA CO-OPS Data API,https://api.tidesandcurrents.noaa.gov/api/prod/datagetter?product=water_level&application=tempo-earth2-workshop&begin_date=20260525&end_date=20260602&datum=MSL&station=8575512&time_zone=gmt&units=metric&interval=6&format=json,0.007,"0,0,0,0",v
2026-05-30 05:06:00+00:00,0.277,8575512,"Annapolis, MD",water_level,MSL,metric,NOAA CO-OPS Data API,https://api.tidesandcurrents.noaa.gov/api/prod/datagetter?product=water_level&application=tempo-earth2-workshop&begin_date=20260525&end_date=20260602&datum=MSL&station=8575512&time_zone=gmt&units=metric&interval=6&format=json,0.007,"0,0,0,0",v
2026-05-30 05:12:00+00:00,0.287,8575512,"Annapolis, MD",water_level,MSL,metric,NOAA CO-OPS Data API,https://api.tidesandcurrents.noaa.gov/api/prod/datagetter?product=water_level&application=tempo-earth2-workshop&begin_date=20260525&end_date=20260602&datum=MSL&station=8575512&time_zone=gmt&units=metric&interval=6&format=json,0.007,"0,0,0,0",v
2026-05-30 05:18:00+00:00,0.297,8575512,"Annapolis, MD",water_level,MSL,metric,NOAA CO-OPS Data API,https://api.tidesandcurrents.noaa.gov/api/prod/datagetter?product=water_level&application=tempo-earth2-workshop&begin_date=20260525&end_date=20260602&datum=MSL&station=8575512&time_zone=gmt&units=metric&interval=6&format=json,0.007,"0,0,0,0",v
2026-05-30 05:24:00+00:00,0.308,8575512,"Annapolis, MD",water_level,MSL,metric,NOAA CO-OPS Data API,https://api.tidesandcurrents.noaa.gov/api/prod/datagetter?product=water_level&application=tempo-earth2-workshop&begin_date=20260525&end_date=20260602&datum=MSL&station=8575512&time_zone=gmt&units=metric&interval=6&format=json,0.007,"0,0,0,0",v
2026-05-30 05:30:00+00:00,0.319,8575512,"Annapolis, MD",water_level,MSL,metric,NOAA CO-OPS Data API,https://api.tidesandcurrents.noaa.gov/api/prod/datagetter?product=water_level&application=tempo-earth2-workshop&begin_date=20260525&end_date=20260602&datum=MSL&station=8575512&time_zone=gmt&units=metric&interval=6&format=json,0.007,"0,0,0,0",v
2026-05-30 05:36:00+00:00,0.328,8575512,"Annapolis, MD",water_level,MSL,metric,NOAA CO-OPS Data API,https://api.tidesandcurrents.noaa.gov/api/prod/datagetter?product=water_level&application=tempo-earth2-workshop&begin_date=20260525&end_date=20260602&datum=MSL&station=8575512&time_zone=gmt&units=metric&interval=6&format=json,0.007,"0,0,0,0",v
2026-05-30 05:42:00+00:00,0.336,8575512,"Annapolis, MD",water_level,MSL,metric,NOAA CO-OPS Data API,https://api.tidesandcurrents.noaa.gov/api/prod/datagetter?product=water_level&application=tempo-earth2-workshop&begin_date=20260525&end_date=20260602&datum=MSL&station=8575512&time_zone=gmt&units=metric&interval=6&format=json,0.007,"0,0,0,0",v
2026-05-30 05:48:00+00:00,0.348,8575512,"Annapolis, MD",water_level,MSL,metric,NOAA CO-OPS Data API,https://api.tidesandcurrents.noaa.gov/api/prod/datagetter?product=water_level&application=tempo-earth2-workshop&begin_date=20260525&end_date=20260602&datum=MSL&station=8575512&time_zone=gmt&units=metric&interval=6&format=json,0.007,"0,0,0,0",v
2026-05-30 05:54:00+00:00,0.36,8575512,"Annapolis, MD",water_level,MSL,metric,NOAA CO-OPS Data API,https://api.tidesandcurrents.noaa.gov/api/prod/datagetter?product=water_level&application=tempo-earth2-workshop&begin_date=20260525&end_date=20260602&datum=MSL&station=8575512&time_zone=gmt&units=metric&interval=6&format=json,0.007,"0,0,0,0",v
2026-05-30 06:00:00+00:00,0.37,8575512,"Annapolis, MD",water_level,MSL,metric,NOAA CO-OPS Data API,https://api.tidesandcurrents.noaa.gov/api/prod/datagetter?product=water_level&application=tempo-earth2-workshop&begin_date=20260525&end_date=20260602&datum=MSL&station=8575512&time_zone=gmt&units=metric&interval=6&format=json,0.007,"0,0,0,0",v
2026-05-30 06:06:00+00:00,0.382,8575512,"Annapolis, MD",water_level,MSL,metric,NOAA CO-OPS Data API,https://api.tidesandcurrents.noaa.gov/api/prod/datagetter?product=water_level&application=tempo-earth2-workshop&begin_date=20260525&end_date=20260602&datum=MSL&station=8575512&time_zone=gmt&units=metric&interval=6&format=json,0.007,"0,0,0,0",v
2026-05-30 06:12:00+00:00,0.391,8575512,"Annapolis, MD",water_level,MSL,metric,NOAA CO-OPS Data API,https://api.tidesandcurrents.noaa.gov/api/prod/datagetter?product=water_level&application=tempo-earth2-workshop&begin_date=20260525&end_date=20260602&datum=MSL&station=8575512&time_zone=gmt&units=metric&interval=6&format=json,0.007,"0,0,0,0",v
2026-05-30 06:18:00+00:00,0.404,8575512,"Annapolis, MD",water_level,MSL,metric,NOAA CO-OPS Data API,https://api.tidesandcurrents.noaa.gov/api/prod/datagetter?product=water_level&application=tempo-earth2-workshop&begin_date=20260525&end_date=20260602&datum=MSL&station=8575512&time_zone=gmt&units=metric&interval=6&format=json,0.007,"0,0,0,0",v
2026-05-30 06:24:00+00:00,0.413,8575512,"Annapolis, MD",water_level,MSL,metric,NOAA CO-OPS Data API,https://api.tidesandcurrents.noaa.gov/api/prod/datagetter?product=water_level&application=tempo-earth2-workshop&begin_date=20260525&end_date=20260602&datum=MSL&station=8575512&time_zone=gmt&units=metric&interval=6&format=json,0.007,"0,0,0,0",v
2026-05-30 06:30:00+00:00,0.421,8575512,"Annapolis, MD",water_level,MSL,metric,NOAA CO-OPS Data API,https://api.tidesandcurrents.noaa.gov/api/prod/datagetter?product=water_level&application=tempo-earth2-workshop&begin_date=20260525&end_date=20260602&datum=MSL&station=8575512&time_zone=gmt&units=metric&interval=6&format=json,0.007,"0,0,0,0",v
2026-05-30 06:36:00+00:00,0.428,8575512,"Annapolis, MD",water_level,MSL,metric,NOAA CO-OPS Data API,https://api.tidesandcurrents.noaa.gov/api/prod/datagetter?product=water_level&application=tempo-earth2-workshop&begin_date=20260525&end_date=20260602&datum=MSL&station=8575512&time_zone=gmt&units=metric&interval=6&format=json,0.007,"0,0,0,0",v
2026-05-30 06:42:00+00:00,0.437,8575512,"Annapolis, MD",water_level,MSL,metric,NOAA CO-OPS Data API,https://api.tidesandcurrents.noaa.gov/api/prod/datagetter?product=water_level&application=tempo-earth2-workshop&begin_date=20260525&end_date=20260602&datum=MSL&station=8575512&time_zone=gmt&units=metric&interval=6&format=json,0.007,"0,0,0,0",v
2026-05-30 06:48:00+00:00,0.447,8575512,"Annapolis, MD",water_level,MSL,metric,NOAA CO-OPS Data API,https://api.tidesandcurrents.noaa.gov/api/prod/datagetter?product=water_level&application=tempo-earth2-workshop&begin_date=20260525&end_date=20260602&datum=MSL&station=8575512&time_zone=gmt&units=metric&interval=6&format=json,0.007,"0,0,0,0",v
2026-05-30 06:54:00+00:00,0.453,8575512,"Annapolis, MD",water_level,MSL,metric,NOAA CO-OPS Data API,https://api.tidesandcurrents.noaa.gov/api/prod/datagetter?product=water_level&application=tempo-earth2-workshop&begin_date=20260525&end_date=20260602&datum=MSL&station=8575512&time_zone=gmt&units=metric&interval=6&format=json,0.007,"0,0,0,0",v
2026-05-30 07:00:00+00:00,0.46,8575512,"Annapolis, MD",water_level,MSL,metric,NOAA CO-OPS Data API,https://api.tidesandcurrents.noaa.gov/api/prod/datagetter?product=water_level&application=tempo-earth2-workshop&begin_date=20260525&end_date=20260602&datum=MSL&station=8575512&time_zone=gmt&units=metric&interval=6&format=json,0.007,"0,0,0,0",v
2026-05-30 07:06:00+00:00,0.462,8575512,"Annapolis, MD",water_level,MSL,metric,NOAA CO-OPS Data API,https://api.tidesandcurrents.noaa.gov/api/prod/datagetter?product=water_level&application=tempo-earth2-workshop&begin_date=20260525&end_date=20260602&datum=MSL&station=8575512&time_zone=gmt&units=metric&interval=6&format=json,0.007,"0,0,0,0",v
2026-05-30 07:12:00+00:00,0.469,8575512,"Annapolis, MD",water_level,MSL,metric,NOAA CO-OPS Data API,https://api.tidesandcurrents.noaa.gov/api/prod/datagetter?product=water_level&application=tempo-earth2-workshop&begin_date=20260525&end_date=20260602&datum=MSL&station=8575512&time_zone=gmt&units=metric&interval=6&format=json,0.007,"0,0,0,0",v
2026-05-30 07:18:00+00:00,0.477,8575512,"Annapolis, MD",water_level,MSL,metric,NOAA CO-OPS Data API,https://api.tidesandcurrents.noaa.gov/api/prod/datagetter?product=water_level&application=tempo-earth2-workshop&begin_date=20260525&end_date=20260602&datum=MSL&station=8575512&time_zone=gmt&units=metric&interval=6&format=json,0.007,"0,0,0,0",v
2026-05-30 07:24:00+00:00,0.485,8575512,"Annapolis, MD",water_level,MSL,metric,NOAA CO-OPS Data API,https://api.tidesandcurrents.noaa.gov/api/prod/datagetter?product=water_level&application=tempo-earth2-workshop&begin_date=20260525&end_date=20260602&datum=MSL&station=8575512&time_zone=gmt&units=metric&interval=6&format=json,0.007,"0,0,0,0",v
2026-05-30 07:30:00+00:00,0.494,8575512,"Annapolis, MD",water_level,MSL,metric,NOAA CO-OPS Data API,https://api.tidesandcurrents.noaa.gov/api/prod/datagetter?product=water_level&application=tempo-earth2-workshop&begin_date=20260525&end_date=20260602&datum=MSL&station=8575512&time_zone=gmt&units=metric&interval=6&format=json,0.007,"0,0,0,0",v
2026-05-30 07:36:00+00:00,0.5,8575512,"Annapolis, MD",water_level,MSL,metric,NOAA CO-OPS Data API,https://api.tidesandcurrents.noaa.gov/api/prod/datagetter?product=water_level&application=tempo-earth2-workshop&begin_date=20260525&end_date=20260602&datum=MSL&station=8575512&time_zone=gmt&units=metric&interval=6&format=json,0.007,"0,0,0,0",v
2026-05-30 07:42:00+00:00,0.505,8575512,"Annapolis, MD",water_level,MSL,metric,NOAA CO-OPS Data API,https://api.tidesandcurrents.noaa.gov/api/prod/datagetter?product=water_level&application=tempo-earth2-workshop&begin_date=20260525&end_date=20260602&datum=MSL&station=8575512&time_zone=gmt&units=metric&interval=6&format=json,0.007,"0,0,0,0",v
2026-05-30 07:48:00+00:00,0.512,8575512,"Annapolis, MD",water_level,MSL,metric,NOAA CO-OPS Data API,https://api.tidesandcurrents.noaa.gov/api/prod/datagetter?product=water_level&application=tempo-earth2-workshop&begin_date=20260525&end_date=20260602&datum=MSL&station=8575512&time_zone=gmt&units=metric&interval=6&format=json,0.007,"0,0,0,0",v
2026-05-30 07:54:00+00:00,0.518,8575512,"Annapolis, MD",water_level,MSL,metric,NOAA CO-OPS Data API,https://api.tidesandcurrents.noaa.gov/api/prod/datagetter?product=water_level&application=tempo-earth2-workshop&begin_date=20260525&end_date=20260602&datum=MSL&station=8575512&time_zone=gmt&units=metric&interval=6&format=json,0.007,"0,0,0,0",v
2026-05-30 08:00:00+00:00,0.525,8575512,"Annapolis, MD",water_level,MSL,metric,NOAA CO-OPS Data API,https://api.tidesandcurrents.noaa.gov/api/prod/datagetter?product=water_level&application=tempo-earth2-workshop&begin_date=20260525&end_date=20260602&datum=MSL&station=8575512&time_zone=gmt&units=metric&interval=6&format=json,0.007,"0,0,0,0",v
2026-05-30 08:06:00+00:00,0.53,8575512,"Annapolis, MD",water_level,MSL,metric,NOAA CO-OPS Data API,https://api.tidesandcurrents.noaa.gov/api/prod/datagetter?product=water_level&application=tempo-earth2-workshop&begin_date=20260525&end_date=20260602&datum=MSL&station=8575512&time_zone=gmt&units=metric&interval=6&format=json,0.007,"0,0,0,0",v
2026-05-30 08:12:00+00:00,0.534,8575512,"Annapolis, MD",water_level,MSL,metric,NOAA CO-OPS Data API,https://api.tidesandcurrents.noaa.gov/api/prod/datagetter?product=water_level&application=tempo-earth2-workshop&begin_date=20260525&end_date=20260602&datum=MSL&station=8575512&time_zone=gmt&units=metric&interval=6&format=json,0.007,"0,0,0,0",v
2026-05-30 08:18:00+00:00,0.538,8575512,"Annapolis, MD",water_level,MSL,metric,NOAA CO-OPS Data API,https://api.tidesandcurrents.noaa.gov/api/prod/datagetter?product=water_level&application=tempo-earth2-workshop&begin_date=20260525&end_date=20260602&datum=MSL&station=8575512&time_zone=gmt&units=metric&interval=6&format=json,0.007,"0,0,0,0",v
2026-05-30 08:24:00+00:00,0.544,8575512,"Annapolis, MD",water_level,MSL,metric,NOAA CO-OPS Data API,https://api.tidesandcurrents.noaa.gov/api/prod/datagetter?product=water_level&application=tempo-earth2-workshop&begin_date=20260525&end_date=20260602&datum=MSL&station=8575512&time_zone=gmt&units=metric&interval=6&format=json,0.007,"0,0,0,0",v
2026-05-30 08:30:00+00:00,0.547,8575512,"Annapolis, MD",water_level,MSL,metric,NOAA CO-OPS Data API,https://api.tidesandcurrents.noaa.gov/api/prod/datagetter?product=water_level&application=tempo-earth2-workshop&begin_date=20260525&end_date=20260602&datum=MSL&station=8575512&time_zone=gmt&units=metric&interval=6&format=json,0.007,"0,0,0,0",v
2026-05-30 08:36:00+00:00,0.552,8575512,"Annapolis, MD",water_level,MSL,metric,NOAA CO-OPS Data API,https://api.tidesandcurrents.noaa.gov/api/prod/datagetter?product=water_level&application=tempo-earth2-workshop&begin_date=20260525&end_date=20260602&datum=MSL&station=8575512&time_zone=gmt&units=metric&interval=6&format=json,0.007,"0,0,0,0",v
2026-05-30 08:42:00+00:00,0.558,8575512,"Annapolis, MD",water_level,MSL,metric,NOAA CO-OPS Data API,https://api.tidesandcurrents.noaa.gov/api/prod/datagetter?product=water_level&application=tempo-earth2-workshop&begin_date=20260525&end_date=20260602&datum=MSL&station=8575512&time_zone=gmt&units=metric&interval=6&format=json,0.007,"0,0,0,0",v
2026-05-30 08:48:00+00:00,0.564,8575512,"Annapolis, MD",water_level,MSL,metric,NOAA CO-OPS Data API,https://api.tidesandcurrents.noaa.gov/api/prod/datagetter?product=water_level&application=tempo-earth2-workshop&begin_date=20260525&end_date=20260602&datum=MSL&station=8575512&time_zone=gmt&units=metric&interval=6&format=json,0.007,"0,0,0,0",v
2026-05-30 08:54:00+00:00,0.566,8575512,"Annapolis, MD",water_level,MSL,metric,NOAA CO-OPS Data API,https://api.tidesandcurrents.noaa.gov/api/prod/datagetter?product=water_level&application=tempo-earth2-workshop&begin_date=20260525&end_date=20260602&datum=MSL&station=8575512&time_zone=gmt&units=metric&interval=6&format=json,0.007,"0,0,0,0",v
2026-05-30 09:00:00+00:00,0.571,8575512,"Annapolis, MD",water_level,MSL,metric,NOAA CO-OPS Data API,https://api.tidesandcurrents.noaa.gov/api/prod/datagetter?product=water_level&application=tempo-earth2-workshop&begin_date=20260525&end_date=20260602&datum=MSL&station=8575512&time_zone=gmt&units=metric&interval=6&format=json,0.007,"0,0,0,0",v
2026-05-30 09:06:00+00:00,0.574,8575512,"Annapolis, MD",water_level,MSL,metric,NOAA CO-OPS Data API,https://api.tidesandcurrents.noaa.gov/api/prod/datagetter?product=water_level&application=tempo-earth2-workshop&begin_date=20260525&end_date=20260602&datum=MSL&station=8575512&time_zone=gmt&units=metric&interval=6&format=json,0.007,"0,0,0,0",v
2026-05-30 09:12:00+00:00,0.574,8575512,"Annapolis, MD",water_level,MSL,metric,NOAA CO-OPS Data API,https://api.tidesandcurrents.noaa.gov/api/prod/datagetter?product=water_level&application=tempo-earth2-workshop&begin_date=20260525&end_date=20260602&datum=MSL&station=8575512&time_zone=gmt&units=metric&interval=6&format=json,0.007,"0,0,0,0",v
2026-05-30 09:18:00+00:00,0.577,8575512,"Annapolis, MD",water_level,MSL,metric,NOAA CO-OPS Data API,https://api.tidesandcurrents.noaa.gov/api/prod/datagetter?product=water_level&application=tempo-earth2-workshop&begin_date=20260525&end_date=20260602&datum=MSL&station=8575512&time_zone=gmt&units=metric&interval=6&format=json,0.007,"0,0,0,0",v
2026-05-30 09:24:00+00:00,0.575,8575512,"Annapolis, MD",water_level,MSL,metric,NOAA CO-OPS Data API,https://api.tidesandcurrents.noaa.gov/api/prod/datagetter?product=water_level&application=tempo-earth2-workshop&begin_date=20260525&end_date=20260602&datum=MSL&station=8575512&time_zone=gmt&units=metric&interval=6&format=json,0.007,"0,0,0,0",v
2026-05-30 09:30:00+00:00,0.575,8575512,"Annapolis, MD",water_level,MSL,metric,NOAA CO-OPS Data API,https://api.tidesandcurrents.noaa.gov/api/prod/datagetter?product=water_level&application=tempo-earth2-workshop&begin_date=20260525&end_date=20260602&datum=MSL&station=8575512&time_zone=gmt&units=metric&interval=6&format=json,0.007,"0,0,0,0",v
2026-05-30 09:36:00+00:00,0.576,8575512,"Annapolis, MD",water_level,MSL,metric,NOAA CO-OPS Data API,https://api.tidesandcurrents.noaa.gov/api/prod/datagetter?product=water_level&application=tempo-earth2-workshop&begin_date=20260525&end_date=20260602&datum=MSL&station=8575512&time_zone=gmt&units=metric&interval=6&format=json,0.007,"0,0,0,0",v
2026-05-30 09:42:00+00:00,0.577,8575512,"Annapolis, MD",water_level,MSL,metric,NOAA CO-OPS Data API,https://api.tidesandcurrents.noaa.gov/api/prod/datagetter?product=water_level&application=tempo-earth2-workshop&begin_date=20260525&end_date=20260602&datum=MSL&station=8575512&time_zone=gmt&units=metric&interval=6&format=json,0.007,"0,0,0,0",v
2026-05-30 09:48:00+00:00,0.573,8575512,"Annapolis, MD",water_level,MSL,metric,NOAA CO-OPS Data API,https://api.tidesandcurrents.noaa.gov/api/prod/datagetter?product=water_level&application=tempo-earth2-workshop&begin_date=20260525&end_date=20260602&datum=MSL&station=8575512&time_zone=gmt&units=metric&interval=6&format=json,0.007,"0,0,0,0",v
2026-05-30 09:54:00+00:00,0.569,8575512,"Annapolis, MD",water_level,MSL,metric,NOAA CO-OPS Data API,https://api.tidesandcurrents.noaa.gov/api/prod/datagetter?product=water_level&application=tempo-earth2-workshop&begin_date=20260525&end_date=20260602&datum=MSL&station=8575512&time_zone=gmt&units=metric&interval=6&format=json,0.007,"0,0,0,0",v
2026-05-30 10:00:00+00:00,0.563,8575512,"Annapolis, MD",water_level,MSL,metric,NOAA CO-OPS Data API,https://api.tidesandcurrents.noaa.gov/api/prod/datagetter?product=water_level&application=tempo-earth2-workshop&begin_date=20260525&end_date=20260602&datum=MSL&station=8575512&time_zone=gmt&units=metric&interval=6&format=json,0.007,"0,0,0,0",v
2026-05-30 10:06:00+00:00,0.561,8575512,"Annapolis, MD",water_level,MSL,metric,NOAA CO-OPS Data API,https://api.tidesandcurrents.noaa.gov/api/prod/datagetter?product=water_level&application=tempo-earth2-workshop&begin_date=20260525&end_date=20260602&datum=MSL&station=8575512&time_zone=gmt&units=metric&interval=6&format=json,0.007,"0,0,0,0",v
2026-05-30 10:12:00+00:00,0.56,8575512,"Annapolis, MD",water_level,MSL,metric,NOAA CO-OPS Data API,https://api.tidesandcurrents.noaa.gov/api/prod/datagetter?product=water_level&application=tempo-earth2-workshop&begin_date=20260525&end_date=20260602&datum=MSL&station=8575512&time_zone=gmt&units=metric&interval=6&format=json,0.007,"0,0,0,0",v
2026-05-30 10:18:00+00:00,0.559,8575512,"Annapolis, MD",water_level,MSL,metric,NOAA CO-OPS Data API,https://api.tidesandcurrents.noaa.gov/api/prod/datagetter?product=water_level&application=tempo-earth2-workshop&begin_date=20260525&end_date=20260602&datum=MSL&station=8575512&time_zone=gmt&units=metric&interval=6&format=json,0.007,"0,0,0,0",v
2026-05-30 10:24:00+00:00,0.558,8575512,"Annapolis, MD",water_level,MSL,metric,NOAA CO-OPS Data API,https://api.tidesandcurrents.noaa.gov/api/prod/datagetter?product=water_level&application=tempo-earth2-workshop&begin_date=20260525&end_date=20260602&datum=MSL&station=8575512&time_zone=gmt&units=metric&interval=6&format=json,0.007,"0,0,0,0",v
2026-05-30 10:30:00+00:00,0.55,8575512,"Annapolis, MD",water_level,MSL,metric,NOAA CO-OPS Data API,https://api.tidesandcurrents.noaa.gov/api/prod/datagetter?product=water_level&application=tempo-earth2-workshop&begin_date=20260525&end_date=20260602&datum=MSL&station=8575512&time_zone=gmt&units=metric&interval=6&format=json,0.007,"0,0,0,0",v
2026-05-30 10:36:00+00:00,0.538,8575512,"Annapolis, MD",water_level,MSL,metric,NOAA CO-OPS Data API,https://api.tidesandcurrents.noaa.gov/api/prod/datagetter?product=water_level&application=tempo-earth2-workshop&begin_date=20260525&end_date=20260602&datum=MSL&station=8575512&time_zone=gmt&units=metric&interval=6&format=json,0.007,"0,0,0,0",v
2026-05-30 10:42:00+00:00,0.53,8575512,"Annapolis, MD",water_level,MSL,metric,NOAA CO-OPS Data API,https://api.tidesandcurrents.noaa.gov/api/prod/datagetter?product=water_level&application=tempo-earth2-workshop&begin_date=20260525&end_date=20260602&datum=MSL&station=8575512&time_zone=gmt&units=metric&interval=6&format=json,0.007,"0,0,0,0",v
2026-05-30 10:48:00+00:00,0.524,8575512,"Annapolis, MD",water_level,MSL,metric,NOAA CO-OPS Data API,https://api.tidesandcurrents.noaa.gov/api/prod/datagetter?product=water_level&application=tempo-earth2-workshop&begin_date=20260525&end_date=20260602&datum=MSL&station=8575512&time_zone=gmt&units=metric&interval=6&format=json,0.007,"0,0,0,0",v
2026-05-30 10:54:00+00:00,0.521,8575512,"Annapolis, MD",water_level,MSL,metric,NOAA CO-OPS Data API,https://api.tidesandcurrents.noaa.gov/api/prod/datagetter?product=water_level&application=tempo-earth2-workshop&begin_date=20260525&end_date=20260602&datum=MSL&station=8575512&time_zone=gmt&units=metric&interval=6&format=json,0.007,"0,0,0,0",v
2026-05-30 11:00:00+00:00,0.516,8575512,"Annapolis, MD",water_level,MSL,metric,NOAA CO-OPS Data API,https://api.tidesandcurrents.noaa.gov/api/prod/datagetter?product=water_level&application=tempo-earth2-workshop&begin_date=20260525&end_date=20260602&datum=MSL&station=8575512&time_zone=gmt&units=metric&interval=6&format=json,0.007,"0,0,0,0",v
2026-05-30 11:06:00+00:00,0.506,8575512,"Annapolis, MD",water_level,MSL,metric,NOAA CO-OPS Data API,https://api.tidesandcurrents.noaa.gov/api/prod/datagetter?product=water_level&application=tempo-earth2-workshop&begin_date=20260525&end_date=20260602&datum=MSL&station=8575512&time_zone=gmt&units=metric&interval=6&format=json,0.007,"0,0,0,0",v
2026-05-30 11:12:00+00:00,0.5,8575512,"Annapolis, MD",water_level,MSL,metric,NOAA CO-OPS Data API,https://api.tidesandcurrents.noaa.gov/api/prod/datagetter?product=water_level&application=tempo-earth2-workshop&begin_date=20260525&end_date=20260602&datum=MSL&station=8575512&time_zone=gmt&units=metric&interval=6&format=json,0.007,"0,0,0,0",v
2026-05-30 11:18:00+00:00,0.487,8575512,"Annapolis, MD",water_level,MSL,metric,NOAA CO-OPS Data API,https://api.tidesandcurrents.noaa.gov/api/prod/datagetter?product=water_level&application=tempo-earth2-workshop&begin_date=20260525&end_date=20260602&datum=MSL&station=8575512&time_zone=gmt&units=metric&interval=6&format=json,0.007,"0,0,0,0",v
2026-05-30 11:24:00+00:00,0.482,8575512,"Annapolis, MD",water_level,MSL,metric,NOAA CO-OPS Data API,https://api.tidesandcurrents.noaa.gov/api/prod/datagetter?product=water_level&application=tempo-earth2-workshop&begin_date=20260525&end_date=20260602&datum=MSL&station=8575512&time_zone=gmt&units=metric&interval=6&format=json,0.007,"0,0,0,0",v
2026-05-30 11:30:00+00:00,0.483,8575512,"Annapolis, MD",water_level,MSL,metric,NOAA CO-OPS Data API,https://api.tidesandcurrents.noaa.gov/api/prod/datagetter?product=water_level&application=tempo-earth2-workshop&begin_date=20260525&end_date=20260602&datum=MSL&station=8575512&time_zone=gmt&units=metric&interval=6&format=json,0.007,"0,0,0,0",v
2026-05-30 11:36:00+00:00,0.481,8575512,"Annapolis, MD",water_level,MSL,metric,NOAA CO-OPS Data API,https://api.tidesandcurrents.noaa.gov/api/prod/datagetter?product=water_level&application=tempo-earth2-workshop&begin_date=20260525&end_date=20260602&datum=MSL&station=8575512&time_zone=gmt&units=metric&interval=6&format=json,0.007,"0,0,0,0",v
2026-05-30 11:42:00+00:00,0.498,8575512,"Annapolis, MD",water_level,MSL,metric,NOAA CO-OPS Data API,https://api.tidesandcurrents.noaa.gov/api/prod/datagetter?product=water_level&application=tempo-earth2-workshop&begin_date=20260525&end_date=20260602&datum=MSL&station=8575512&time_zone=gmt&units=metric&interval=6&format=json,0.007,"0,0,0,0",v
2026-05-30 11:48:00+00:00,0.512,8575512,"Annapolis, MD",water_level,MSL,metric,NOAA CO-OPS Data API,https://api.tidesandcurrents.noaa.gov/api/prod/datagetter?product=water_level&application=tempo-earth2-workshop&begin_date=20260525&end_date=20260602&datum=MSL&station=8575512&time_zone=gmt&units=metric&interval=6&format=json,0.007,"0,0,0,0",v
2026-05-30 11:54:00+00:00,0.505,8575512,"Annapolis, MD",water_level,MSL,metric,NOAA CO-OPS Data API,https://api.tidesandcurrents.noaa.gov/api/prod/datagetter?product=water_level&application=tempo-earth2-workshop&begin_date=20260525&end_date=20260602&datum=MSL&station=8575512&time_zone=gmt&units=metric&interval=6&format=json,0.007,"0,0,0,0",v
2026-05-30 12:00:00+00:00,0.498,8575512,"Annapolis, MD",water_level,MSL,metric,NOAA CO-OPS Data API,https://api.tidesandcurrents.noaa.gov/api/prod/datagetter?product=water_level&application=tempo-earth2-workshop&begin_date=20260525&end_date=20260602&datum=MSL&station=8575512&time_zone=gmt&units=metric&interval=6&format=json,0.007,"0,0,0,0",v
2026-05-30 12:06:00+00:00,0.473,8575512,"Annapolis, MD",water_level,MSL,metric,NOAA CO-OPS Data API,https://api.tidesandcurrents.noaa.gov/api/prod/datagetter?product=water_level&application=tempo-earth2-workshop&begin_date=20260525&end_date=20260602&datum=MSL&station=8575512&time_zone=gmt&units=metric&interval=6&format=json,0.007,"0,0,0,0",v
2026-05-30 12:12:00+00:00,0.456,8575512,"Annapolis, MD",water_level,MSL,metric,NOAA CO-OPS Data API,https://api.tidesandcurrents.noaa.gov/api/prod/datagetter?product=water_level&application=tempo-earth2-workshop&begin_date=20260525&end_date=20260602&datum=MSL&station=8575512&time_zone=gmt&units=metric&interval=6&format=json,0.007,"0,0,0,0",v
2026-05-30 12:18:00+00:00,0.442,8575512,"Annapolis, MD",water_level,MSL,metric,NOAA CO-OPS Data API,https://api.tidesandcurrents.noaa.gov/api/prod/datagetter?product=water_level&application=tempo-earth2-workshop&begin_date=20260525&end_date=20260602&datum=MSL&station=8575512&time_zone=gmt&units=metric&interval=6&format=json,0.007,"0,0,0,0",v
2026-05-30 12:24:00+00:00,0.427,8575512,"Annapolis, MD",water_level,MSL,metric,NOAA CO-OPS Data API,https://api.tidesandcurrents.noaa.gov/api/prod/datagetter?product=water_level&application=tempo-earth2-workshop&begin_date=20260525&end_date=20260602&datum=MSL&station=8575512&time_zone=gmt&units=metric&interval=6&format=json,0.007,"0,0,0,0",v
2026-05-30 12:30:00+00:00,0.419,8575512,"Annapolis, MD",water_level,MSL,metric,NOAA CO-OPS Data API,https://api.tidesandcurrents.noaa.gov/api/prod/datagetter?product=water_level&application=tempo-earth2-workshop&begin_date=20260525&end_date=20260602&datum=MSL&station=8575512&time_zone=gmt&units=metric&interval=6&format=json,0.007,"0,0,0,0",v
2026-05-30 12:36:00+00:00,0.418,8575512,"Annapolis, MD",water_level,MSL,metric,NOAA CO-OPS Data API,https://api.tidesandcurrents.noaa.gov/api/prod/datagetter?product=water_level&application=tempo-earth2-workshop&begin_date=20260525&end_date=20260602&datum=MSL&station=8575512&time_zone=gmt&units=metric&interval=6&format=json,0.007,"0,0,0,0",v
2026-05-30 12:42:00+00:00,0.414,8575512,"Annapolis, MD",water_level,MSL,metric,NOAA CO-OPS Data API,https://api.tidesandcurrents.noaa.gov/api/prod/datagetter?product=water_level&application=tempo-earth2-workshop&begin_date=20260525&end_date=20260602&datum=MSL&station=8575512&time_zone=gmt&units=metric&interval=6&format=json,0.007,"0,0,0,0",v
2026-05-30 12:48:00+00:00,0.414,8575512,"Annapolis, MD",water_level,MSL,metric,NOAA CO-OPS Data API,https://api.tidesandcurrents.noaa.gov/api/prod/datagetter?product=water_level&application=tempo-earth2-workshop&begin_date=20260525&end_date=20260602&datum=MSL&station=8575512&time_zone=gmt&units=metric&interval=6&format=json,0.007,"0,0,0,0",v
2026-05-30 12:54:00+00:00,0.411,8575512,"Annapolis, MD",water_level,MSL,metric,NOAA CO-OPS Data API,https://api.tidesandcurrents.noaa.gov/api/prod/datagetter?product=water_level&application=tempo-earth2-workshop&begin_date=20260525&end_date=20260602&datum=MSL&station=8575512&time_zone=gmt&units=metric&interval=6&format=json,0.007,"0,0,0,0",v
2026-05-30 13:00:00+00:00,0.414,8575512,"Annapolis, MD",water_level,MSL,metric,NOAA CO-OPS Data API,https://api.tidesandcurrents.noaa.gov/api/prod/datagetter?product=water_level&application=tempo-earth2-workshop&begin_date=20260525&end_date=20260602&datum=MSL&station=8575512&time_zone=gmt&units=metric&interval=6&format=json,0.007,"0,0,0,0",v
2026-05-30 13:06:00+00:00,0.407,8575512,"Annapolis, MD",water_level,MSL,metric,NOAA CO-OPS Data API,https://api.tidesandcurrents.noaa.gov/api/prod/datagetter?product=water_level&application=tempo-earth2-workshop&begin_date=20260525&end_date=20260602&datum=MSL&station=8575512&time_zone=gmt&units=metric&interval=6&format=json,0.007,"0,0,0,0",v
2026-05-30 13:12:00+00:00,0.393,8575512,"Annapolis, MD",water_level,MSL,metric,NOAA CO-OPS Data API,https://api.tidesandcurrents.noaa.gov/api/prod/datagetter?product=water_level&application=tempo-earth2-workshop&begin_date=20260525&end_date=20260602&datum=MSL&station=8575512&time_zone=gmt&units=metric&interval=6&format=json,0.007,"0,0,0,0",v
2026-05-30 13:18:00+00:00,0.38,8575512,"Annapolis, MD",water_level,MSL,metric,NOAA CO-OPS Data API,https://api.tidesandcurrents.noaa.gov/api/prod/datagetter?product=water_level&application=tempo-earth2-workshop&begin_date=20260525&end_date=20260602&datum=MSL&station=8575512&time_zone=gmt&units=metric&interval=6&format=json,0.007,"0,0,0,0",v
2026-05-30 13:24:00+00:00,0.366,8575512,"Annapolis, MD",water_level,MSL,metric,NOAA CO-OPS Data API,https://api.tidesandcurrents.noaa.gov/api/prod/datagetter?product=water_level&application=tempo-earth2-workshop&begin_date=20260525&end_date=20260602&datum=MSL&station=8575512&time_zone=gmt&units=metric&interval=6&format=json,0.007,"0,0,0,0",v
2026-05-30 13:30:00+00:00,0.352,8575512,"Annapolis, MD",water_level,MSL,metric,NOAA CO-OPS Data API,https://api.tidesandcurrents.noaa.gov/api/prod/datagetter?product=water_level&application=tempo-earth2-workshop&begin_date=20260525&end_date=20260602&datum=MSL&station=8575512&time_zone=gmt&units=metric&interval=6&format=json,0.007,"0,0,0,0",v
2026-05-30 13:36:00+00:00,0.346,8575512,"Annapolis, MD",water_level,MSL,metric,NOAA CO-OPS Data API,https://api.tidesandcurrents.noaa.gov/api/prod/datagetter?product=water_level&application=tempo-earth2-workshop&begin_date=20260525&end_date=20260602&datum=MSL&station=8575512&time_zone=gmt&units=metric&interval=6&format=json,0.007,"0,0,0,0",v
2026-05-30 13:42:00+00:00,0.331,8575512,"Annapolis, MD",water_level,MSL,metric,NOAA CO-OPS Data API,https://api.tidesandcurrents.noaa.gov/api/prod/datagetter?product=water_level&application=tempo-earth2-workshop&begin_date=20260525&end_date=20260602&datum=MSL&station=8575512&time_zone=gmt&units=metric&interval=6&format=json,0.007,"0,0,0,0",v
2026-05-30 13:48:00+00:00,0.326,8575512,"Annapolis, MD",water_level,MSL,metric,NOAA CO-OPS Data API,https://api.tidesandcurrents.noaa.gov/api/prod/datagetter?product=water_level&application=tempo-earth2-workshop&begin_date=20260525&end_date=20260602&datum=MSL&station=8575512&time_zone=gmt&units=metric&interval=6&format=json,0.007,"0,0,0,0",v
2026-05-30 13:54:00+00:00,0.324,8575512,"Annapolis, MD",water_level,MSL,metric,NOAA CO-OPS Data API,https://api.tidesandcurrents.noaa.gov/api/prod/datagetter?product=water_level&application=tempo-earth2-workshop&begin_date=20260525&end_date=20260602&datum=MSL&station=8575512&time_zone=gmt&units=metric&interval=6&format=json,0.007,"0,0,0,0",v
2026-05-30 14:00:00+00:00,0.312,8575512,"Annapolis, MD",water_level,MSL,metric,NOAA CO-OPS Data API,https://api.tidesandcurrents.noaa.gov/api/prod/datagetter?product=water_level&application=tempo-earth2-workshop&begin_date=20260525&end_date=20260602&datum=MSL&station=8575512&time_zone=gmt&units=metric&interval=6&format=json,0.007,"0,0,0,0",v
2026-05-30 14:06:00+00:00,0.303,8575512,"Annapolis, MD",water_level,MSL,metric,NOAA CO-OPS Data API,https://api.tidesandcurrents.noaa.gov/api/prod/datagetter?product=water_level&application=tempo-earth2-workshop&begin_date=20260525&end_date=20260602&datum=MSL&station=8575512&time_zone=gmt&units=metric&interval=6&format=json,0.007,"0,0,0,0",v
2026-05-30 14:12:00+00:00,0.292,8575512,"Annapolis, MD",water_level,MSL,metric,NOAA CO-OPS Data API,https://api.tidesandcurrents.noaa.gov/api/prod/datagetter?product=water_level&application=tempo-earth2-workshop&begin_date=20260525&end_date=20260602&datum=MSL&station=8575512&time_zone=gmt&units=metric&interval=6&format=json,0.007,"0,0,0,0",v
2026-05-30 14:18:00+00:00,0.271,8575512,"Annapolis, MD",water_level,MSL,metric,NOAA CO-OPS Data API,https://api.tidesandcurrents.noaa.gov/api/prod/datagetter?product=water_level&application=tempo-earth2-workshop&begin_date=20260525&end_date=20260602&datum=MSL&station=8575512&time_zone=gmt&units=metric&interval=6&format=json,0.007,"0,0,0,0",v
2026-05-30 14:24:00+00:00,0.259,8575512,"Annapolis, MD",water_level,MSL,metric,NOAA CO-OPS Data API,https://api.tidesandcurrents.noaa.gov/api/prod/datagetter?product=water_level&application=tempo-earth2-workshop&begin_date=20260525&end_date=20260602&datum=MSL&station=8575512&time_zone=gmt&units=metric&interval=6&format=json,0.007,"0,0,0,0",v
2026-05-30 14:30:00+00:00,0.255,8575512,"Annapolis, MD",water_level,MSL,metric,NOAA CO-OPS Data API,https://api.tidesandcurrents.noaa.gov/api/prod/datagetter?product=water_level&application=tempo-earth2-workshop&begin_date=20260525&end_date=20260602&datum=MSL&station=8575512&time_zone=gmt&units=metric&interval=6&format=json,0.007,"0,0,0,0",v
2026-05-30 14:36:00+00:00,0.254,8575512,"Annapolis, MD",water_level,MSL,metric,NOAA CO-OPS Data API,https://api.tidesandcurrents.noaa.gov/api/prod/datagetter?product=water_level&application=tempo-earth2-workshop&begin_date=20260525&end_date=20260602&datum=MSL&station=8575512&time_zone=gmt&units=metric&interval=6&format=json,0.007,"0,0,0,0",v
2026-05-30 14:42:00+00:00,0.244,8575512,"Annapolis, MD",water_level,MSL,metric,NOAA CO-OPS Data API,https://api.tidesandcurrents.noaa.gov/api/prod/datagetter?product=water_level&application=tempo-earth2-workshop&begin_date=20260525&end_date=20260602&datum=MSL&station=8575512&time_zone=gmt&units=metric&interval=6&format=json,0.007,"0,0,0,0",v
2026-05-30 14:48:00+00:00,0.237,8575512,"Annapolis, MD",water_level,MSL,metric,NOAA CO-OPS Data API,https://api.tidesandcurrents.noaa.gov/api/prod/datagetter?product=water_level&application=tempo-earth2-workshop&begin_date=20260525&end_date=20260602&datum=MSL&station=8575512&time_zone=gmt&units=metric&interval=6&format=json,0.007,"0,0,0,0",v
2026-05-30 14:54:00+00:00,0.221,8575512,"Annapolis, MD",water_level,MSL,metric,NOAA CO-OPS Data API,https://api.tidesandcurrents.noaa.gov/api/prod/datagetter?product=water_level&application=tempo-earth2-workshop&begin_date=20260525&end_date=20260602&datum=MSL&station=8575512&time_zone=gmt&units=metric&interval=6&format=json,0.007,"0,0,0,0",v
2026-05-30 15:00:00+00:00,0.207,8575512,"Annapolis, MD",water_level,MSL,metric,NOAA CO-OPS Data API,https://api.tidesandcurrents.noaa.gov/api/prod/datagetter?product=water_level&application=tempo-earth2-workshop&begin_date=20260525&end_date=20260602&datum=MSL&station=8575512&time_zone=gmt&units=metric&interval=6&format=json,0.007,"0,0,0,0",v
2026-05-30 15:06:00+00:00,0.19,8575512,"Annapolis, MD",water_level,MSL,metric,NOAA CO-OPS Data API,https://api.tidesandcurrents.noaa.gov/api/prod/datagetter?product=water_level&application=tempo-earth2-workshop&begin_date=20260525&end_date=20260602&datum=MSL&station=8575512&time_zone=gmt&units=metric&interval=6&format=json,0.007,"0,0,0,0",v
2026-05-30 15:12:00+00:00,0.173,8575512,"Annapolis, MD",water_level,MSL,metric,NOAA CO-OPS Data API,https://api.tidesandcurrents.noaa.gov/api/prod/datagetter?product=water_level&application=tempo-earth2-workshop&begin_date=20260525&end_date=20260602&datum=MSL&station=8575512&time_zone=gmt&units=metric&interval=6&format=json,0.007,"0,0,0,0",v
2026-05-30 15:18:00+00:00,0.164,8575512,"Annapolis, MD",water_level,MSL,metric,NOAA CO-OPS Data API,https://api.tidesandcurrents.noaa.gov/api/prod/datagetter?product=water_level&application=tempo-earth2-workshop&begin_date=20260525&end_date=20260602&datum=MSL&station=8575512&time_zone=gmt&units=metric&interval=6&format=json,0.007,"0,0,0,0",v
2026-05-30 15:24:00+00:00,0.152,8575512,"Annapolis, MD",water_level,MSL,metric,NOAA CO-OPS Data API,https://api.tidesandcurrents.noaa.gov/api/prod/datagetter?product=water_level&application=tempo-earth2-workshop&begin_date=20260525&end_date=20260602&datum=MSL&station=8575512&time_zone=gmt&units=metric&interval=6&format=json,0.007,"0,0,0,0",v
2026-05-30 15:30:00+00:00,0.148,8575512,"Annapolis, MD",water_level,MSL,metric,NOAA CO-OPS Data API,https://api.tidesandcurrents.noaa.gov/api/prod/datagetter?product=water_level&application=tempo-earth2-workshop&begin_date=20260525&end_date=20260602&datum=MSL&station=8575512&time_zone=gmt&units=metric&interval=6&format=json,0.007,"0,0,0,0",v
2026-05-30 15:36:00+00:00,0.139,8575512,"Annapolis, MD",water_level,MSL,metric,NOAA CO-OPS Data API,https://api.tidesandcurrents.noaa.gov/api/prod/datagetter?product=water_level&application=tempo-earth2-workshop&begin_date=20260525&end_date=20260602&datum=MSL&station=8575512&time_zone=gmt&units=metric&interval=6&format=json,0.007,"0,0,0,0",v
2026-05-30 15:42:00+00:00,0.132,8575512,"Annapolis, MD",water_level,MSL,metric,NOAA CO-OPS Data API,https://api.tidesandcurrents.noaa.gov/api/prod/datagetter?product=water_level&application=tempo-earth2-workshop&begin_date=20260525&end_date=20260602&datum=MSL&station=8575512&time_zone=gmt&units=metric&interval=6&format=json,0.007,"0,0,0,0",v
2026-05-30 15:48:00+00:00,0.124,8575512,"Annapolis, MD",water_level,MSL,metric,NOAA CO-OPS Data API,https://api.tidesandcurrents.noaa.gov/api/prod/datagetter?product=water_level&application=tempo-earth2-workshop&begin_date=20260525&end_date=20260602&datum=MSL&station=8575512&time_zone=gmt&units=metric&interval=6&format=json,0.007,"0,0,0,0",v
2026-05-30 15:54:00+00:00,0.115,8575512,"Annapolis, MD",water_level,MSL,metric,NOAA CO-OPS Data API,https://api.tidesandcurrents.noaa.gov/api/prod/datagetter?product=water_level&application=tempo-earth2-workshop&begin_date=20260525&end_date=20260602&datum=MSL&station=8575512&time_zone=gmt&units=metric&interval=6&format=json,0.007,"0,0,0,0",v
2026-05-30 16:00:00+00:00,0.103,8575512,"Annapolis, MD",water_level,MSL,metric,NOAA CO-OPS Data API,https://api.tidesandcurrents.noaa.gov/api/prod/datagetter?product=water_level&application=tempo-earth2-workshop&begin_date=20260525&end_date=20260602&datum=MSL&station=8575512&time_zone=gmt&units=metric&interval=6&format=json,0.007,"0,0,0,0",v
2026-05-30 16:06:00+00:00,0.105,8575512,"Annapolis, MD",water_level,MSL,metric,NOAA CO-OPS Data API,https://api.tidesandcurrents.noaa.gov/api/prod/datagetter?product=water_level&application=tempo-earth2-workshop&begin_date=20260525&end_date=20260602&datum=MSL&station=8575512&time_zone=gmt&units=metric&interval=6&format=json,0.007,"0,0,0,0",v
2026-05-30 16:12:00+00:00,0.09,8575512,"Annapolis, MD",water_level,MSL,metric,NOAA CO-OPS Data API,https://api.tidesandcurrents.noaa.gov/api/prod/datagetter?product=water_level&application=tempo-earth2-workshop&begin_date=20260525&end_date=20260602&datum=MSL&station=8575512&time_zone=gmt&units=metric&interval=6&format=json,0.007,"0,0,0,0",v
2026-05-30 16:18:00+00:00,0.083,8575512,"Annapolis, MD",water_level,MSL,metric,NOAA CO-OPS Data API,https://api.tidesandcurrents.noaa.gov/api/prod/datagetter?product=water_level&application=tempo-earth2-workshop&begin_date=20260525&end_date=20260602&datum=MSL&station=8575512&time_zone=gmt&units=metric&interval=6&format=json,0.007,"0,0,0,0",v
2026-05-30 16:24:00+00:00,0.075,8575512,"Annapolis, MD",water_level,MSL,metric,NOAA CO-OPS Data API,https://api.tidesandcurrents.noaa.gov/api/prod/datagetter?product=water_level&application=tempo-earth2-workshop&begin_date=20260525&end_date=20260602&datum=MSL&station=8575512&time_zone=gmt&units=metric&interval=6&format=json,0.007,"0,0,0,0",v
2026-05-30 16:30:00+00:00,0.062,8575512,"Annapolis, MD",water_level,MSL,metric,NOAA CO-OPS Data API,https://api.tidesandcurrents.noaa.gov/api/prod/datagetter?product=water_level&application=tempo-earth2-workshop&begin_date=20260525&end_date=20260602&datum=MSL&station=8575512&time_zone=gmt&units=metric&interval=6&format=json,0.007,"0,0,0,0",v
2026-05-30 16:36:00+00:00,0.062,8575512,"Annapolis, MD",water_level,MSL,metric,NOAA CO-OPS Data API,https://api.tidesandcurrents.noaa.gov/api/prod/datagetter?product=water_level&application=tempo-earth2-workshop&begin_date=20260525&end_date=20260602&datum=MSL&station=8575512&time_zone=gmt&units=metric&interval=6&format=json,0.007,"0,0,0,0",v
2026-05-30 16:42:00+00:00,0.067,8575512,"Annapolis, MD",water_level,MSL,metric,NOAA CO-OPS Data API,https://api.tidesandcurrents.noaa.gov/api/prod/datagetter?product=water_level&application=tempo-earth2-workshop&begin_date=20260525&end_date=20260602&datum=MSL&station=8575512&time_zone=gmt&units=metric&interval=6&format=json,0.007,"0,0,0,0",v
2026-05-30 16:48:00+00:00,0.066,8575512,"Annapolis, MD",water_level,MSL,metric,NOAA CO-OPS Data API,https://api.tidesandcurrents.noaa.gov/api/prod/datagetter?product=water_level&application=tempo-earth2-workshop&begin_date=20260525&end_date=20260602&datum=MSL&station=8575512&time_zone=gmt&units=metric&interval=6&format=json,0.007,"0,0,0,0",v
2026-05-30 16:54:00+00:00,0.052,8575512,"Annapolis, MD",water_level,MSL,metric,NOAA CO-OPS Data API,https://api.tidesandcurrents.noaa.gov/api/prod/datagetter?product=water_level&application=tempo-earth2-workshop&begin_date=20260525&end_date=20260602&datum=MSL&station=8575512&time_zone=gmt&units=metric&interval=6&format=json,0.007,"0,0,0,0",v
2026-05-30 17:00:00+00:00,0.062,8575512,"Annapolis, MD",water_level,MSL,metric,NOAA CO-OPS Data API,https://api.tidesandcurrents.noaa.gov/api/prod/datagetter?product=water_level&application=tempo-earth2-workshop&begin_date=20260525&end_date=20260602&datum=MSL&station=8575512&time_zone=gmt&units=metric&interval=6&format=json,0.007,"0,0,0,0",v
2026-05-30 17:06:00+00:00,0.046,8575512,"Annapolis, MD",water_level,MSL,metric,NOAA CO-OPS Data API,https://api.tidesandcurrents.noaa.gov/api/prod/datagetter?product=water_level&application=tempo-earth2-workshop&begin_date=20260525&end_date=20260602&datum=MSL&station=8575512&time_zone=gmt&units=metric&interval=6&format=json,0.007,"0,0,0,0",v
2026-05-30 17:12:00+00:00,0.043,8575512,"Annapolis, MD",water_level,MSL,metric,NOAA CO-OPS Data API,https://api.tidesandcurrents.noaa.gov/api/prod/datagetter?product=water_level&application=tempo-earth2-workshop&begin_date=20260525&end_date=20260602&datum=MSL&station=8575512&time_zone=gmt&units=metric&interval=6&format=json,0.007,"0,0,0,0",v
2026-05-30 17:18:00+00:00,0.03,8575512,"Annapolis, MD",water_level,MSL,metric,NOAA CO-OPS Data API,https://api.tidesandcurrents.noaa.gov/api/prod/datagetter?product=water_level&application=tempo-earth2-workshop&begin_date=20260525&end_date=20260602&datum=MSL&station=8575512&time_zone=gmt&units=metric&interval=6&format=json,0.007,"0,0,0,0",v
2026-05-30 17:24:00+00:00,0.044,8575512,"Annapolis, MD",water_level,MSL,metric,NOAA CO-OPS Data API,https://api.tidesandcurrents.noaa.gov/api/prod/datagetter?product=water_level&application=tempo-earth2-workshop&begin_date=20260525&end_date=20260602&datum=MSL&station=8575512&time_zone=gmt&units=metric&interval=6&format=json,0.007,"0,0,0,0",v
2026-05-30 17:30:00+00:00,0.042,8575512,"Annapolis, MD",water_level,MSL,metric,NOAA CO-OPS Data API,https://api.tidesandcurrents.noaa.gov/api/prod/datagetter?product=water_level&application=tempo-earth2-workshop&begin_date=20260525&end_date=20260602&datum=MSL&station=8575512&time_zone=gmt&units=metric&interval=6&format=json,0.007,"0,0,0,0",v
2026-05-30 17:36:00+00:00,0.037,8575512,"Annapolis, MD",water_level,MSL,metric,NOAA CO-OPS Data API,https://api.tidesandcurrents.noaa.gov/api/prod/datagetter?product=water_level&application=tempo-earth2-workshop&begin_date=20260525&end_date=20260602&datum=MSL&station=8575512&time_zone=gmt&units=metric&interval=6&format=json,0.007,"0,0,0,0",v
2026-05-30 17:42:00+00:00,0.035,8575512,"Annapolis, MD",water_level,MSL,metric,NOAA CO-OPS Data API,https://api.tidesandcurrents.noaa.gov/api/prod/datagetter?product=water_level&application=tempo-earth2-workshop&begin_date=20260525&end_date=20260602&datum=MSL&station=8575512&time_zone=gmt&units=metric&interval=6&format=json,0.007,"0,0,0,0",v
2026-05-30 17:48:00+00:00,0.023,8575512,"Annapolis, MD",water_level,MSL,metric,NOAA CO-OPS Data API,https://api.tidesandcurrents.noaa.gov/api/prod/datagetter?product=water_level&application=tempo-earth2-workshop&begin_date=20260525&end_date=20260602&datum=MSL&station=8575512&time_zone=gmt&units=metric&interval=6&format=json,0.007,"0,0,0,0",v
2026-05-30 17:54:00+00:00,0.018,8575512,"Annapolis, MD",water_level,MSL,metric,NOAA CO-OPS Data API,https://api.tidesandcurrents.noaa.gov/api/prod/datagetter?product=water_level&application=tempo-earth2-workshop&begin_date=20260525&end_date=20260602&datum=MSL&station=8575512&time_zone=gmt&units=metric&interval=6&format=json,0.007,"0,0,0,0",v
2026-05-30 18:00:00+00:00,0.016,8575512,"Annapolis, MD",water_level,MSL,metric,NOAA CO-OPS Data API,https://api.tidesandcurrents.noaa.gov/api/prod/datagetter?product=water_level&application=tempo-earth2-workshop&begin_date=20260525&end_date=20260602&datum=MSL&station=8575512&time_zone=gmt&units=metric&interval=6&format=json,0.007,"0,0,0,0",v
2026-05-30 18:06:00+00:00,0.003,8575512,"Annapolis, MD",water_level,MSL,metric,NOAA CO-OPS Data API,https://api.tidesandcurrents.noaa.gov/api/prod/datagetter?product=water_level&application=tempo-earth2-workshop&begin_date=20260525&end_date=20260602&datum=MSL&station=8575512&time_zone=gmt&units=metric&interval=6&format=json,0.007,"0,0,0,0",v
2026-05-30 18:12:00+00:00,-0.003,8575512,"Annapolis, MD",water_level,MSL,metric,NOAA CO-OPS Data API,https://api.tidesandcurrents.noaa.gov/api/prod/datagetter?product=water_level&application=tempo-earth2-workshop&begin_date=20260525&end_date=20260602&datum=MSL&station=8575512&time_zone=gmt&units=metric&interval=6&format=json,0.007,"0,0,0,0",v
2026-05-30 18:18:00+00:00,0.005,8575512,"Annapolis, MD",water_level,MSL,metric,NOAA CO-OPS Data API,https://api.tidesandcurrents.noaa.gov/api/prod/datagetter?product=water_level&application=tempo-earth2-workshop&begin_date=20260525&end_date=20260602&datum=MSL&station=8575512&time_zone=gmt&units=metric&interval=6&format=json,0.007,"0,0,0,0",v
2026-05-30 18:24:00+00:00,-0.001,8575512,"Annapolis, MD",water_level,MSL,metric,NOAA CO-OPS Data API,https://api.tidesandcurrents.noaa.gov/api/prod/datagetter?product=water_level&application=tempo-earth2-workshop&begin_date=20260525&end_date=20260602&datum=MSL&station=8575512&time_zone=gmt&units=metric&interval=6&format=json,0.007,"0,0,0,0",v
2026-05-30 18:30:00+00:00,0.0,8575512,"Annapolis, MD",water_level,MSL,metric,NOAA CO-OPS Data API,https://api.tidesandcurrents.noaa.gov/api/prod/datagetter?product=water_level&application=tempo-earth2-workshop&begin_date=20260525&end_date=20260602&datum=MSL&station=8575512&time_zone=gmt&units=metric&interval=6&format=json,0.007,"0,0,0,0",v
2026-05-30 18:36:00+00:00,0.001,8575512,"Annapolis, MD",water_level,MSL,metric,NOAA CO-OPS Data API,https://api.tidesandcurrents.noaa.gov/api/prod/datagetter?product=water_level&application=tempo-earth2-workshop&begin_date=20260525&end_date=20260602&datum=MSL&station=8575512&time_zone=gmt&units=metric&interval=6&format=json,0.007,"0,0,0,0",v
2026-05-30 18:42:00+00:00,-0.004,8575512,"Annapolis, MD",water_level,MSL,metric,NOAA CO-OPS Data API,https://api.tidesandcurrents.noaa.gov/api/prod/datagetter?product=water_level&application=tempo-earth2-workshop&begin_date=20260525&end_date=20260602&datum=MSL&station=8575512&time_zone=gmt&units=metric&interval=6&format=json,0.007,"0,0,0,0",v
2026-05-30 18:48:00+00:00,-0.006,8575512,"Annapolis, MD",water_level,MSL,metric,NOAA CO-OPS Data API,https://api.tidesandcurrents.noaa.gov/api/prod/datagetter?product=water_level&application=tempo-earth2-workshop&begin_date=20260525&end_date=20260602&datum=MSL&station=8575512&time_zone=gmt&units=metric&interval=6&format=json,0.007,"0,0,0,0",v
2026-05-30 18:54:00+00:00,-0.005,8575512,"Annapolis, MD",water_level,MSL,metric,NOAA CO-OPS Data API,https://api.tidesandcurrents.noaa.gov/api/prod/datagetter?product=water_level&application=tempo-earth2-workshop&begin_date=20260525&end_date=20260602&datum=MSL&station=8575512&time_zone=gmt&units=metric&interval=6&format=json,0.007,"0,0,0,0",v
2026-05-30 19:00:00+00:00,-0.009,8575512,"Annapolis, MD",water_level,MSL,metric,NOAA CO-OPS Data API,https://api.tidesandcurrents.noaa.gov/api/prod/datagetter?product=water_level&application=tempo-earth2-workshop&begin_date=20260525&end_date=20260602&datum=MSL&station=8575512&time_zone=gmt&units=metric&interval=6&format=json,0.007,"0,0,0,0",v
2026-05-30 19:06:00+00:00,-0.004,8575512,"Annapolis, MD",water_level,MSL,metric,NOAA CO-OPS Data API,https://api.tidesandcurrents.noaa.gov/api/prod/datagetter?product=water_level&application=tempo-earth2-workshop&begin_date=20260525&end_date=20260602&datum=MSL&station=8575512&time_zone=gmt&units=metric&interval=6&format=json,0.007,"0,0,0,0",v
2026-05-30 19:12:00+00:00,-0.006,8575512,"Annapolis, MD",water_level,MSL,metric,NOAA CO-OPS Data API,https://api.tidesandcurrents.noaa.gov/api/prod/datagetter?product=water_level&application=tempo-earth2-workshop&begin_date=20260525&end_date=20260602&datum=MSL&station=8575512&time_zone=gmt&units=metric&interval=6&format=json,0.007,"0,0,0,0",v
2026-05-30 19:18:00+00:00,-0.011,8575512,"Annapolis, MD",water_level,MSL,metric,NOAA CO-OPS Data API,https://api.tidesandcurrents.noaa.gov/api/prod/datagetter?product=water_level&application=tempo-earth2-workshop&begin_date=20260525&end_date=20260602&datum=MSL&station=8575512&time_zone=gmt&units=metric&interval=6&format=json,0.007,"0,0,0,0",v
2026-05-30 19:24:00+00:00,-0.017,8575512,"Annapolis, MD",water_level,MSL,metric,NOAA CO-OPS Data API,https://api.tidesandcurrents.noaa.gov/api/prod/datagetter?product=water_level&application=tempo-earth2-workshop&begin_date=20260525&end_date=20260602&datum=MSL&station=8575512&time_zone=gmt&units=metric&interval=6&format=json,0.007,"0,0,0,0",v
2026-05-30 19:30:00+00:00,-0.016,8575512,"Annapolis, MD",water_level,MSL,metric,NOAA CO-OPS Data API,https://api.tidesandcurrents.noaa.gov/api/prod/datagetter?product=water_level&application=tempo-earth2-workshop&begin_date=20260525&end_date=20260602&datum=MSL&station=8575512&time_zone=gmt&units=metric&interval=6&format=json,0.007,"0,0,0,0",v
2026-05-30 19:36:00+00:00,-0.013,8575512,"Annapolis, MD",water_level,MSL,metric,NOAA CO-OPS Data API,https://api.tidesandcurrents.noaa.gov/api/prod/datagetter?product=water_level&application=tempo-earth2-workshop&begin_date=20260525&end_date=20260602&datum=MSL&station=8575512&time_zone=gmt&units=metric&interval=6&format=json,0.007,"0,0,0,0",v
2026-05-30 19:42:00+00:00,-0.016,8575512,"Annapolis, MD",water_level,MSL,metric,NOAA CO-OPS Data API,https://api.tidesandcurrents.noaa.gov/api/prod/datagetter?product=water_level&application=tempo-earth2-workshop&begin_date=20260525&end_date=20260602&datum=MSL&station=8575512&time_zone=gmt&units=metric&interval=6&format=json,0.007,"0,0,0,0",v
2026-05-30 19:48:00+00:00,-0.02,8575512,"Annapolis, MD",water_level,MSL,metric,NOAA CO-OPS Data API,https://api.tidesandcurrents.noaa.gov/api/prod/datagetter?product=water_level&application=tempo-earth2-workshop&begin_date=20260525&end_date=20260602&datum=MSL&station=8575512&time_zone=gmt&units=metric&interval=6&format=json,0.007,"0,0,0,0",v
2026-05-30 19:54:00+00:00,-0.013,8575512,"Annapolis, MD",water_level,MSL,metric,NOAA CO-OPS Data API,https://api.tidesandcurrents.noaa.gov/api/prod/datagetter?product=water_level&application=tempo-earth2-workshop&begin_date=20260525&end_date=20260602&datum=MSL&station=8575512&time_zone=gmt&units=metric&interval=6&format=json,0.007,"0,0,0,0",v
2026-05-30 20:00:00+00:00,-0.016,8575512,"Annapolis, MD",water_level,MSL,metric,NOAA CO-OPS Data API,https://api.tidesandcurrents.noaa.gov/api/prod/datagetter?product=water_level&application=tempo-earth2-workshop&begin_date=20260525&end_date=20260602&datum=MSL&station=8575512&time_zone=gmt&units=metric&interval=6&format=json,0.007,"0,0,0,0",v
2026-05-30 20:06:00+00:00,-0.021,8575512,"Annapolis, MD",water_level,MSL,metric,NOAA CO-OPS Data API,https://api.tidesandcurrents.noaa.gov/api/prod/datagetter?product=water_level&application=tempo-earth2-workshop&begin_date=20260525&end_date=20260602&datum=MSL&station=8575512&time_zone=gmt&units=metric&interval=6&format=json,0.007,"0,0,0,0",v
2026-05-30 20:12:00+00:00,-0.025,8575512,"Annapolis, MD",water_level,MSL,metric,NOAA CO-OPS Data API,https://api.tidesandcurrents.noaa.gov/api/prod/datagetter?product=water_level&application=tempo-earth2-workshop&begin_date=20260525&end_date=20260602&datum=MSL&station=8575512&time_zone=gmt&units=metric&interval=6&format=json,0.007,"0,0,0,0",v
2026-05-30 20:18:00+00:00,-0.032,8575512,"Annapolis, MD",water_level,MSL,metric,NOAA CO-OPS Data API,https://api.tidesandcurrents.noaa.gov/api/prod/datagetter?product=water_level&application=tempo-earth2-workshop&begin_date=20260525&end_date=20260602&datum=MSL&station=8575512&time_zone=gmt&units=metric&interval=6&format=json,0.007,"0,0,0,0",v
2026-05-30 20:24:00+00:00,-0.033,8575512,"Annapolis, MD",water_level,MSL,metric,NOAA CO-OPS Data API,https://api.tidesandcurrents.noaa.gov/api/prod/datagetter?product=water_level&application=tempo-earth2-workshop&begin_date=20260525&end_date=20260602&datum=MSL&station=8575512&time_zone=gmt&units=metric&interval=6&format=json,0.007,"0,0,0,0",v
2026-05-30 20:30:00+00:00,-0.027,8575512,"Annapolis, MD",water_level,MSL,metric,NOAA CO-OPS Data API,https://api.tidesandcurrents.noaa.gov/api/prod/datagetter?product=water_level&application=tempo-earth2-workshop&begin_date=20260525&end_date=20260602&datum=MSL&station=8575512&time_zone=gmt&units=metric&interval=6&format=json,0.007,"0,0,0,0",v
2026-05-30 20:36:00+00:00,-0.034,8575512,"Annapolis, MD",water_level,MSL,metric,NOAA CO-OPS Data API,https://api.tidesandcurrents.noaa.gov/api/prod/datagetter?product=water_level&application=tempo-earth2-workshop&begin_date=20260525&end_date=20260602&datum=MSL&station=8575512&time_zone=gmt&units=metric&interval=6&format=json,0.007,"0,0,0,0",v
2026-05-30 20:42:00+00:00,-0.037,8575512,"Annapolis, MD",water_level,MSL,metric,NOAA CO-OPS Data API,https://api.tidesandcurrents.noaa.gov/api/prod/datagetter?product=water_level&application=tempo-earth2-workshop&begin_date=20260525&end_date=20260602&datum=MSL&station=8575512&time_zone=gmt&units=metric&interval=6&format=json,0.007,"0,0,0,0",v
2026-05-30 20:48:00+00:00,-0.033,8575512,"Annapolis, MD",water_level,MSL,metric,NOAA CO-OPS Data API,https://api.tidesandcurrents.noaa.gov/api/prod/datagetter?product=water_level&application=tempo-earth2-workshop&begin_date=20260525&end_date=20260602&datum=MSL&station=8575512&time_zone=gmt&units=metric&interval=6&format=json,0.007,"0,0,0,0",v
2026-05-30 20:54:00+00:00,-0.03,8575512,"Annapolis, MD",water_level,MSL,metric,NOAA CO-OPS Data API,https://api.tidesandcurrents.noaa.gov/api/prod/datagetter?product=water_level&application=tempo-earth2-workshop&begin_date=20260525&end_date=20260602&datum=MSL&station=8575512&time_zone=gmt&units=metric&interval=6&format=json,0.007,"0,0,0,0",v
2026-05-30 21:00:00+00:00,-0.033,8575512,"Annapolis, MD",water_level,MSL,metric,NOAA CO-OPS Data API,https://api.tidesandcurrents.noaa.gov/api/prod/datagetter?product=water_level&application=tempo-earth2-workshop&begin_date=20260525&end_date=20260602&datum=MSL&station=8575512&time_zone=gmt&units=metric&interval=6&format=json,0.007,"0,0,0,0",v
2026-05-30 21:06:00+00:00,-0.039,8575512,"Annapolis, MD",water_level,MSL,metric,NOAA CO-OPS Data API,https://api.tidesandcurrents.noaa.gov/api/prod/datagetter?product=water_level&application=tempo-earth2-workshop&begin_date=20260525&end_date=20260602&datum=MSL&station=8575512&time_zone=gmt&units=metric&interval=6&format=json,0.007,"0,0,0,0",v
2026-05-30 21:12:00+00:00,-0.04,8575512,"Annapolis, MD",water_level,MSL,metric,NOAA CO-OPS Data API,https://api.tidesandcurrents.noaa.gov/api/prod/datagetter?product=water_level&application=tempo-earth2-workshop&begin_date=20260525&end_date=20260602&datum=MSL&station=8575512&time_zone=gmt&units=metric&interval=6&format=json,0.007,"0,0,0,0",v
2026-05-30 21:18:00+00:00,-0.038,8575512,"Annapolis, MD",water_level,MSL,metric,NOAA CO-OPS Data API,https://api.tidesandcurrents.noaa.gov/api/prod/datagetter?product=water_level&application=tempo-earth2-workshop&begin_date=20260525&end_date=20260602&datum=MSL&station=8575512&time_zone=gmt&units=metric&interval=6&format=json,0.007,"0,0,0,0",v
2026-05-30 21:24:00+00:00,-0.039,8575512,"Annapolis, MD",water_level,MSL,metric,NOAA CO-OPS Data API,https://api.tidesandcurrents.noaa.gov/api/prod/datagetter?product=water_level&application=tempo-earth2-workshop&begin_date=20260525&end_date=20260602&datum=MSL&station=8575512&time_zone=gmt&units=metric&interval=6&format=json,0.007,"0,0,0,0",v
2026-05-30 21:30:00+00:00,-0.041,8575512,"Annapolis, MD",water_level,MSL,metric,NOAA CO-OPS Data API,https://api.tidesandcurrents.noaa.gov/api/prod/datagetter?product=water_level&application=tempo-earth2-workshop&begin_date=20260525&end_date=20260602&datum=MSL&station=8575512&time_zone=gmt&units=metric&interval=6&format=json,0.007,"0,0,0,0",v
2026-05-30 21:36:00+00:00,-0.049,8575512,"Annapolis, MD",water_level,MSL,metric,NOAA CO-OPS Data API,https://api.tidesandcurrents.noaa.gov/api/prod/datagetter?product=water_level&application=tempo-earth2-workshop&begin_date=20260525&end_date=20260602&datum=MSL&station=8575512&time_zone=gmt&units=metric&interval=6&format=json,0.007,"0,0,0,0",v
2026-05-30 21:42:00+00:00,-0.058,8575512,"Annapolis, MD",water_level,MSL,metric,NOAA CO-OPS Data API,https://api.tidesandcurrents.noaa.gov/api/prod/datagetter?product=water_level&application=tempo-earth2-workshop&begin_date=20260525&end_date=20260602&datum=MSL&station=8575512&time_zone=gmt&units=metric&interval=6&format=json,0.007,"0,0,0,0",v
2026-05-30 21:48:00+00:00,-0.054,8575512,"Annapolis, MD",water_level,MSL,metric,NOAA CO-OPS Data API,https://api.tidesandcurrents.noaa.gov/api/prod/datagetter?product=water_level&application=tempo-earth2-workshop&begin_date=20260525&end_date=20260602&datum=MSL&station=8575512&time_zone=gmt&units=metric&interval=6&format=json,0.007,"0,0,0,0",v
2026-05-30 21:54:00+00:00,-0.055,8575512,"Annapolis, MD",water_level,MSL,metric,NOAA CO-OPS Data API,https://api.tidesandcurrents.noaa.gov/api/prod/datagetter?product=water_level&application=tempo-earth2-workshop&begin_date=20260525&end_date=20260602&datum=MSL&station=8575512&time_zone=gmt&units=metric&interval=6&format=json,0.007,"0,0,0,0",v
2026-05-30 22:00:00+00:00,-0.055,8575512,"Annapolis, MD",water_level,MSL,metric,NOAA CO-OPS Data API,https://api.tidesandcurrents.noaa.gov/api/prod/datagetter?product=water_level&application=tempo-earth2-workshop&begin_date=20260525&end_date=20260602&datum=MSL&station=8575512&time_zone=gmt&units=metric&interval=6&format=json,0.007,"0,0,0,0",v
2026-05-30 22:06:00+00:00,-0.058,8575512,"Annapolis, MD",water_level,MSL,metric,NOAA CO-OPS Data API,https://api.tidesandcurrents.noaa.gov/api/prod/datagetter?product=water_level&application=tempo-earth2-workshop&begin_date=20260525&end_date=20260602&datum=MSL&station=8575512&time_zone=gmt&units=metric&interval=6&format=json,0.007,"0,0,0,0",v
2026-05-30 22:12:00+00:00,-0.061,8575512,"Annapolis, MD",water_level,MSL,metric,NOAA CO-OPS Data API,https://api.tidesandcurrents.noaa.gov/api/prod/datagetter?product=water_level&application=tempo-earth2-workshop&begin_date=20260525&end_date=20260602&datum=MSL&station=8575512&time_zone=gmt&units=metric&interval=6&format=json,0.007,"0,0,0,0",v
2026-05-30 22:18:00+00:00,-0.069,8575512,"Annapolis, MD",water_level,MSL,metric,NOAA CO-OPS Data API,https://api.tidesandcurrents.noaa.gov/api/prod/datagetter?product=water_level&application=tempo-earth2-workshop&begin_date=20260525&end_date=20260602&datum=MSL&station=8575512&time_zone=gmt&units=metric&interval=6&format=json,0.007,"0,0,0,0",v
2026-05-30 22:24:00+00:00,-0.076,8575512,"Annapolis, MD",water_level,MSL,metric,NOAA CO-OPS Data API,https://api.tidesandcurrents.noaa.gov/api/prod/datagetter?product=water_level&application=tempo-earth2-workshop&begin_date=20260525&end_date=20260602&datum=MSL&station=8575512&time_zone=gmt&units=metric&interval=6&format=json,0.007,"0,0,0,0",v
2026-05-30 22:30:00+00:00,-0.082,8575512,"Annapolis, MD",water_level,MSL,metric,NOAA CO-OPS Data API,https://api.tidesandcurrents.noaa.gov/api/prod/datagetter?product=water_level&application=tempo-earth2-workshop&begin_date=20260525&end_date=20260602&datum=MSL&station=8575512&time_zone=gmt&units=metric&interval=6&format=json,0.007,"0,0,0,0",v
2026-05-30 22:36:00+00:00,-0.085,8575512,"Annapolis, MD",water_level,MSL,metric,NOAA CO-OPS Data API,https://api.tidesandcurrents.noaa.gov/api/prod/datagetter?product=water_level&application=tempo-earth2-workshop&begin_date=20260525&end_date=20260602&datum=MSL&station=8575512&time_zone=gmt&units=metric&interval=6&format=json,0.007,"0,0,0,0",v
2026-05-30 22:42:00+00:00,-0.084,8575512,"Annapolis, MD",water_level,MSL,metric,NOAA CO-OPS Data API,https://api.tidesandcurrents.noaa.gov/api/prod/datagetter?product=water_level&application=tempo-earth2-workshop&begin_date=20260525&end_date=20260602&datum=MSL&station=8575512&time_zone=gmt&units=metric&interval=6&format=json,0.007,"0,0,0,0",v
2026-05-30 22:48:00+00:00,-0.086,8575512,"Annapolis, MD",water_level,MSL,metric,NOAA CO-OPS Data API,https://api.tidesandcurrents.noaa.gov/api/prod/datagetter?product=water_level&application=tempo-earth2-workshop&begin_date=20260525&end_date=20260602&datum=MSL&station=8575512&time_zone=gmt&units=metric&interval=6&format=json,0.007,"0,0,0,0",v
2026-05-30 22:54:00+00:00,-0.092,8575512,"Annapolis, MD",water_level,MSL,metric,NOAA CO-OPS Data API,https://api.tidesandcurrents.noaa.gov/api/prod/datagetter?product=water_level&application=tempo-earth2-workshop&begin_date=20260525&end_date=20260602&datum=MSL&station=8575512&time_zone=gmt&units=metric&interval=6&format=json,0.007,"0,0,0,0",v
2026-05-30 23:00:00+00:00,-0.101,8575512,"Annapolis, MD",water_level,MSL,metric,NOAA CO-OPS Data API,https://api.tidesandcurrents.noaa.gov/api/prod/datagetter?product=water_level&application=tempo-earth2-workshop&begin_date=20260525&end_date=20260602&datum=MSL&station=8575512&time_zone=gmt&units=metric&interval=6&format=json,0.007,"0,0,0,0",v
2026-05-30 23:06:00+00:00,-0.101,8575512,"Annapolis, MD",water_level,MSL,metric,NOAA CO-OPS Data API,https://api.tidesandcurrents.noaa.gov/api/prod/datagetter?product=water_level&application=tempo-earth2-workshop&begin_date=20260525&end_date=20260602&datum=MSL&station=8575512&time_zone=gmt&units=metric&interval=6&format=json,0.007,"0,0,0,0",v
2026-05-30 23:12:00+00:00,-0.109,8575512,"Annapolis, MD",water_level,MSL,metric,NOAA CO-OPS Data API,https://api.tidesandcurrents.noaa.gov/api/prod/datagetter?product=water_level&application=tempo-earth2-workshop&begin_date=20260525&end_date=20260602&datum=MSL&station=8575512&time_zone=gmt&units=metric&interval=6&format=json,0.007,"0,0,0,0",v
2026-05-30 23:18:00+00:00,-0.114,8575512,"Annapolis, MD",water_level,MSL,metric,NOAA CO-OPS Data API,https://api.tidesandcurrents.noaa.gov/api/prod/datagetter?product=water_level&application=tempo-earth2-workshop&begin_date=20260525&end_date=20260602&datum=MSL&station=8575512&time_zone=gmt&units=metric&interval=6&format=json,0.007,"0,0,0,0",v
2026-05-30 23:24:00+00:00,-0.122,8575512,"Annapolis, MD",water_level,MSL,metric,NOAA CO-OPS Data API,https://api.tidesandcurrents.noaa.gov/api/prod/datagetter?product=water_level&application=tempo-earth2-workshop&begin_date=20260525&end_date=20260602&datum=MSL&station=8575512&time_zone=gmt&units=metric&interval=6&format=json,0.007,"0,0,0,0",v
2026-05-30 23:30:00+00:00,-0.125,8575512,"Annapolis, MD",water_level,MSL,metric,NOAA CO-OPS Data API,https://api.tidesandcurrents.noaa.gov/api/prod/datagetter?product=water_level&application=tempo-earth2-workshop&begin_date=20260525&end_date=20260602&datum=MSL&station=8575512&time_zone=gmt&units=metric&interval=6&format=json,0.007,"0,0,0,0",v
2026-05-30 23:36:00+00:00,-0.13,8575512,"Annapolis, MD",water_level,MSL,metric,NOAA CO-OPS Data API,https://api.tidesandcurrents.noaa.gov/api/prod/datagetter?product=water_level&application=tempo-earth2-workshop&begin_date=20260525&end_date=20260602&datum=MSL&station=8575512&time_zone=gmt&units=metric&interval=6&format=json,0.007,"0,0,0,0",v
2026-05-30 23:42:00+00:00,-0.149,8575512,"Annapolis, MD",water_level,MSL,metric,NOAA CO-OPS Data API,https://api.tidesandcurrents.noaa.gov/api/prod/datagetter?product=water_level&application=tempo-earth2-workshop&begin_date=20260525&end_date=20260602&datum=MSL&station=8575512&time_zone=gmt&units=metric&interval=6&format=json,0.007,"0,0,0,0",v
2026-05-30 23:48:00+00:00,-0.153,8575512,"Annapolis, MD",water_level,MSL,metric,NOAA CO-OPS Data API,https://api.tidesandcurrents.noaa.gov/api/prod/datagetter?product=water_level&application=tempo-earth2-workshop&begin_date=20260525&end_date=20260602&datum=MSL&station=8575512&time_zone=gmt&units=metric&interval=6&format=json,0.007,"0,0,0,0",v
2026-05-30 23:54:00+00:00,-0.157,8575512,"Annapolis, MD",water_level,MSL,metric,NOAA CO-OPS Data API,https://api.tidesandcurrents.noaa.gov/api/prod/datagetter?product=water_level&application=tempo-earth2-workshop&begin_date=20260525&end_date=20260602&datum=MSL&station=8575512&time_zone=gmt&units=metric&interval=6&format=json,0.007,"0,0,0,0",v
2026-05-31 00:00:00+00:00,-0.162,8575512,"Annapolis, MD",water_level,MSL,metric,NOAA CO-OPS Data API,https://api.tidesandcurrents.noaa.gov/api/prod/datagetter?product=water_level&application=tempo-earth2-workshop&begin_date=20260525&end_date=20260602&datum=MSL&station=8575512&time_zone=gmt&units=metric&interval=6&format=json,0.007,"0,0,0,0",v
2026-05-31 00:06:00+00:00,-0.169,8575512,"Annapolis, MD",water_level,MSL,metric,NOAA CO-OPS Data API,https://api.tidesandcurrents.noaa.gov/api/prod/datagetter?product=water_level&application=tempo-earth2-workshop&begin_date=20260525&end_date=20260602&datum=MSL&station=8575512&time_zone=gmt&units=metric&interval=6&format=json,0.007,"0,0,0,0",v
2026-05-31 00:12:00+00:00,-0.174,8575512,"Annapolis, MD",water_level,MSL,metric,NOAA CO-OPS Data API,https://api.tidesandcurrents.noaa.gov/api/prod/datagetter?product=water_level&application=tempo-earth2-workshop&begin_date=20260525&end_date=20260602&datum=MSL&station=8575512&time_zone=gmt&units=metric&interval=6&format=json,0.007,"0,0,0,0",v
2026-05-31 00:18:00+00:00,-0.178,8575512,"Annapolis, MD",water_level,MSL,metric,NOAA CO-OPS Data API,https://api.tidesandcurrents.noaa.gov/api/prod/datagetter?product=water_level&application=tempo-earth2-workshop&begin_date=20260525&end_date=20260602&datum=MSL&station=8575512&time_zone=gmt&units=metric&interval=6&format=json,0.007,"0,0,0,0",v
2026-05-31 00:24:00+00:00,-0.182,8575512,"Annapolis, MD",water_level,MSL,metric,NOAA CO-OPS Data API,https://api.tidesandcurrents.noaa.gov/api/prod/datagetter?product=water_level&application=tempo-earth2-workshop&begin_date=20260525&end_date=20260602&datum=MSL&station=8575512&time_zone=gmt&units=metric&interval=6&format=json,0.007,"0,0,0,0",v
2026-05-31 00:30:00+00:00,-0.189,8575512,"Annapolis, MD",water_level,MSL,metric,NOAA CO-OPS Data API,https://api.tidesandcurrents.noaa.gov/api/prod/datagetter?product=water_level&application=tempo-earth2-workshop&begin_date=20260525&end_date=20260602&datum=MSL&station=8575512&time_zone=gmt&units=metric&interval=6&format=json,0.007,"0,0,0,0",v
2026-05-31 00:36:00+00:00,-0.195,8575512,"Annapolis, MD",water_level,MSL,metric,NOAA CO-OPS Data API,https://api.tidesandcurrents.noaa.gov/api/prod/datagetter?product=water_level&application=tempo-earth2-workshop&begin_date=20260525&end_date=20260602&datum=MSL&station=8575512&time_zone=gmt&units=metric&interval=6&format=json,0.007,"0,0,0,0",v
2026-05-31 00:42:00+00:00,-0.203,8575512,"Annapolis, MD",water_level,MSL,metric,NOAA CO-OPS Data API,https://api.tidesandcurrents.noaa.gov/api/prod/datagetter?product=water_level&application=tempo-earth2-workshop&begin_date=20260525&end_date=20260602&datum=MSL&station=8575512&time_zone=gmt&units=metric&interval=6&format=json,0.007,"0,0,0,0",v
2026-05-31 00:48:00+00:00,-0.206,8575512,"Annapolis, MD",water_level,MSL,metric,NOAA CO-OPS Data API,https://api.tidesandcurrents.noaa.gov/api/prod/datagetter?product=water_level&application=tempo-earth2-workshop&begin_date=20260525&end_date=20260602&datum=MSL&station=8575512&time_zone=gmt&units=metric&interval=6&format=json,0.007,"0,0,0,0",v
2026-05-31 00:54:00+00:00,-0.206,8575512,"Annapolis, MD",water_level,MSL,metric,NOAA CO-OPS Data API,https://api.tidesandcurrents.noaa.gov/api/prod/datagetter?product=water_level&application=tempo-earth2-workshop&begin_date=20260525&end_date=20260602&datum=MSL&station=8575512&time_zone=gmt&units=metric&interval=6&format=json,0.007,"0,0,0,0",v
2026-05-31 01:00:00+00:00,-0.209,8575512,"Annapolis, MD",water_level,MSL,metric,NOAA CO-OPS Data API,https://api.tidesandcurrents.noaa.gov/api/prod/datagetter?product=water_level&application=tempo-earth2-workshop&begin_date=20260525&end_date=20260602&datum=MSL&station=8575512&time_zone=gmt&units=metric&interval=6&format=json,0.007,"0,0,0,0",v
2026-05-31 01:06:00+00:00,-0.215,8575512,"Annapolis, MD",water_level,MSL,metric,NOAA CO-OPS Data API,https://api.tidesandcurrents.noaa.gov/api/prod/datagetter?product=water_level&application=tempo-earth2-workshop&begin_date=20260525&end_date=20260602&datum=MSL&station=8575512&time_zone=gmt&units=metric&interval=6&format=json,0.007,"0,0,0,0",v
2026-05-31 01:12:00+00:00,-0.219,8575512,"Annapolis, MD",water_level,MSL,metric,NOAA CO-OPS Data API,https://api.tidesandcurrents.noaa.gov/api/prod/datagetter?product=water_level&application=tempo-earth2-workshop&begin_date=20260525&end_date=20260602&datum=MSL&station=8575512&time_zone=gmt&units=metric&interval=6&format=json,0.007,"0,0,0,0",v
2026-05-31 01:18:00+00:00,-0.225,8575512,"Annapolis, MD",water_level,MSL,metric,NOAA CO-OPS Data API,https://api.tidesandcurrents.noaa.gov/api/prod/datagetter?product=water_level&application=tempo-earth2-workshop&begin_date=20260525&end_date=20260602&datum=MSL&station=8575512&time_zone=gmt&units=metric&interval=6&format=json,0.007,"0,0,0,0",v
2026-05-31 01:24:00+00:00,-0.231,8575512,"Annapolis, MD",water_level,MSL,metric,NOAA CO-OPS Data API,https://api.tidesandcurrents.noaa.gov/api/prod/datagetter?product=water_level&application=tempo-earth2-workshop&begin_date=20260525&end_date=20260602&datum=MSL&station=8575512&time_zone=gmt&units=metric&interval=6&format=json,0.007,"0,0,0,0",v
2026-05-31 01:30:00+00:00,-0.234,8575512,"Annapolis, MD",water_level,MSL,metric,NOAA CO-OPS Data API,https://api.tidesandcurrents.noaa.gov/api/prod/datagetter?product=water_level&application=tempo-earth2-workshop&begin_date=20260525&end_date=20260602&datum=MSL&station=8575512&time_zone=gmt&units=metric&interval=6&format=json,0.007,"0,0,0,0",v
2026-05-31 01:36:00+00:00,-0.237,8575512,"Annapolis, MD",water_level,MSL,metric,NOAA CO-OPS Data API,https://api.tidesandcurrents.noaa.gov/api/prod/datagetter?product=water_level&application=tempo-earth2-workshop&begin_date=20260525&end_date=20260602&datum=MSL&station=8575512&time_zone=gmt&units=metric&interval=6&format=json,0.007,"0,0,0,0",v
2026-05-31 01:42:00+00:00,-0.237,8575512,"Annapolis, MD",water_level,MSL,metric,NOAA CO-OPS Data API,https://api.tidesandcurrents.noaa.gov/api/prod/datagetter?product=water_level&application=tempo-earth2-workshop&begin_date=20260525&end_date=20260602&datum=MSL&station=8575512&time_zone=gmt&units=metric&interval=6&format=json,0.007,"0,0,0,0",v
2026-05-31 01:48:00+00:00,-0.238,8575512,"Annapolis, MD",water_level,MSL,metric,NOAA CO-OPS Data API,https://api.tidesandcurrents.noaa.gov/api/prod/datagetter?product=water_level&application=tempo-earth2-workshop&begin_date=20260525&end_date=20260602&datum=MSL&station=8575512&time_zone=gmt&units=metric&interval=6&format=json,0.007,"0,0,0,0",v
2026-05-31 01:54:00+00:00,-0.245,8575512,"Annapolis, MD",water_level,MSL,metric,NOAA CO-OPS Data API,https://api.tidesandcurrents.noaa.gov/api/prod/datagetter?product=water_level&application=tempo-earth2-workshop&begin_date=20260525&end_date=20260602&datum=MSL&station=8575512&time_zone=gmt&units=metric&interval=6&format=json,0.007,"0,0,0,0",v
2026-05-31 02:00:00+00:00,-0.251,8575512,"Annapolis, MD",water_level,MSL,metric,NOAA CO-OPS Data API,https://api.tidesandcurrents.noaa.gov/api/prod/datagetter?product=water_level&application=tempo-earth2-workshop&begin_date=20260525&end_date=20260602&datum=MSL&station=8575512&time_zone=gmt&units=metric&interval=6&format=json,0.007,"0,0,0,0",v
2026-05-31 02:06:00+00:00,-0.255,8575512,"Annapolis, MD",water_level,MSL,metric,NOAA CO-OPS Data API,https://api.tidesandcurrents.noaa.gov/api/prod/datagetter?product=water_level&application=tempo-earth2-workshop&begin_date=20260525&end_date=20260602&datum=MSL&station=8575512&time_zone=gmt&units=metric&interval=6&format=json,0.007,"0,0,0,0",v
2026-05-31 02:12:00+00:00,-0.252,8575512,"Annapolis, MD",water_level,MSL,metric,NOAA CO-OPS Data API,https://api.tidesandcurrents.noaa.gov/api/prod/datagetter?product=water_level&application=tempo-earth2-workshop&begin_date=20260525&end_date=20260602&datum=MSL&station=8575512&time_zone=gmt&units=metric&interval=6&format=json,0.007,"0,0,0,0",v
2026-05-31 02:18:00+00:00,-0.252,8575512,"Annapolis, MD",water_level,MSL,metric,NOAA CO-OPS Data API,https://api.tidesandcurrents.noaa.gov/api/prod/datagetter?product=water_level&application=tempo-earth2-workshop&begin_date=20260525&end_date=20260602&datum=MSL&station=8575512&time_zone=gmt&units=metric&interval=6&format=json,0.007,"0,0,0,0",v
2026-05-31 02:24:00+00:00,-0.254,8575512,"Annapolis, MD",water_level,MSL,metric,NOAA CO-OPS Data API,https://api.tidesandcurrents.noaa.gov/api/prod/datagetter?product=water_level&application=tempo-earth2-workshop&begin_date=20260525&end_date=20260602&datum=MSL&station=8575512&time_zone=gmt&units=metric&interval=6&format=json,0.007,"0,0,0,0",v
2026-05-31 02:30:00+00:00,-0.256,8575512,"Annapolis, MD",water_level,MSL,metric,NOAA CO-OPS Data API,https://api.tidesandcurrents.noaa.gov/api/prod/datagetter?product=water_level&application=tempo-earth2-workshop&begin_date=20260525&end_date=20260602&datum=MSL&station=8575512&time_zone=gmt&units=metric&interval=6&format=json,0.007,"0,0,0,0",v
2026-05-31 02:36:00+00:00,-0.256,8575512,"Annapolis, MD",water_level,MSL,metric,NOAA CO-OPS Data API,https://api.tidesandcurrents.noaa.gov/api/prod/datagetter?product=water_level&application=tempo-earth2-workshop&begin_date=20260525&end_date=20260602&datum=MSL&station=8575512&time_zone=gmt&units=metric&interval=6&format=json,0.007,"0,0,0,0",v
2026-05-31 02:42:00+00:00,-0.255,8575512,"Annapolis, MD",water_level,MSL,metric,NOAA CO-OPS Data API,https://api.tidesandcurrents.noaa.gov/api/prod/datagetter?product=water_level&application=tempo-earth2-workshop&begin_date=20260525&end_date=20260602&datum=MSL&station=8575512&time_zone=gmt&units=metric&interval=6&format=json,0.007,"0,0,0,0",v
2026-05-31 02:48:00+00:00,-0.255,8575512,"Annapolis, MD",water_level,MSL,metric,NOAA CO-OPS Data API,https://api.tidesandcurrents.noaa.gov/api/prod/datagetter?product=water_level&application=tempo-earth2-workshop&begin_date=20260525&end_date=20260602&datum=MSL&station=8575512&time_zone=gmt&units=metric&interval=6&format=json,0.007,"0,0,0,0",v
2026-05-31 02:54:00+00:00,-0.257,8575512,"Annapolis, MD",water_level,MSL,metric,NOAA CO-OPS Data API,https://api.tidesandcurrents.noaa.gov/api/prod/datagetter?product=water_level&application=tempo-earth2-workshop&begin_date=20260525&end_date=20260602&datum=MSL&station=8575512&time_zone=gmt&units=metric&interval=6&format=json,0.007,"0,0,0,0",v
2026-05-31 03:00:00+00:00,-0.256,8575512,"Annapolis, MD",water_level,MSL,metric,NOAA CO-OPS Data API,https://api.tidesandcurrents.noaa.gov/api/prod/datagetter?product=water_level&application=tempo-earth2-workshop&begin_date=20260525&end_date=20260602&datum=MSL&station=8575512&time_zone=gmt&units=metric&interval=6&format=json,0.007,"0,0,0,0",v
2026-05-31 03:06:00+00:00,-0.252,8575512,"Annapolis, MD",water_level,MSL,metric,NOAA CO-OPS Data API,https://api.tidesandcurrents.noaa.gov/api/prod/datagetter?product=water_level&application=tempo-earth2-workshop&begin_date=20260525&end_date=20260602&datum=MSL&station=8575512&time_zone=gmt&units=metric&interval=6&format=json,0.007,"0,0,0,0",v
2026-05-31 03:12:00+00:00,-0.25,8575512,"Annapolis, MD",water_level,MSL,metric,NOAA CO-OPS Data API,https://api.tidesandcurrents.noaa.gov/api/prod/datagetter?product=water_level&application=tempo-earth2-workshop&begin_date=20260525&end_date=20260602&datum=MSL&station=8575512&time_zone=gmt&units=metric&interval=6&format=json,0.007,"0,0,0,0",v
2026-05-31 03:18:00+00:00,-0.252,8575512,"Annapolis, MD",water_level,MSL,metric,NOAA CO-OPS Data API,https://api.tidesandcurrents.noaa.gov/api/prod/datagetter?product=water_level&application=tempo-earth2-workshop&begin_date=20260525&end_date=20260602&datum=MSL&station=8575512&time_zone=gmt&units=metric&interval=6&format=json,0.007,"0,0,0,0",v
2026-05-31 03:24:00+00:00,-0.252,8575512,"Annapolis, MD",water_level,MSL,metric,NOAA CO-OPS Data API,https://api.tidesandcurrents.noaa.gov/api/prod/datagetter?product=water_level&application=tempo-earth2-workshop&begin_date=20260525&end_date=20260602&datum=MSL&station=8575512&time_zone=gmt&units=metric&interval=6&format=json,0.007,"0,0,0,0",v
2026-05-31 03:30:00+00:00,-0.246,8575512,"Annapolis, MD",water_level,MSL,metric,NOAA CO-OPS Data API,https://api.tidesandcurrents.noaa.gov/api/prod/datagetter?product=water_level&application=tempo-earth2-workshop&begin_date=20260525&end_date=20260602&datum=MSL&station=8575512&time_zone=gmt&units=metric&interval=6&format=json,0.007,"0,0,0,0",v
2026-05-31 03:36:00+00:00,-0.242,8575512,"Annapolis, MD",water_level,MSL,metric,NOAA CO-OPS Data API,https://api.tidesandcurrents.noaa.gov/api/prod/datagetter?product=water_level&application=tempo-earth2-workshop&begin_date=20260525&end_date=20260602&datum=MSL&station=8575512&time_zone=gmt&units=metric&interval=6&format=json,0.007,"0,0,0,0",v
2026-05-31 03:42:00+00:00,-0.24,8575512,"Annapolis, MD",water_level,MSL,metric,NOAA CO-OPS Data API,https://api.tidesandcurrents.noaa.gov/api/prod/datagetter?product=water_level&application=tempo-earth2-workshop&begin_date=20260525&end_date=20260602&datum=MSL&station=8575512&time_zone=gmt&units=metric&interval=6&format=json,0.007,"0,0,0,0",v
2026-05-31 03:48:00+00:00,-0.234,8575512,"Annapolis, MD",water_level,MSL,metric,NOAA CO-OPS Data API,https://api.tidesandcurrents.noaa.gov/api/prod/datagetter?product=water_level&application=tempo-earth2-workshop&begin_date=20260525&end_date=20260602&datum=MSL&station=8575512&time_zone=gmt&units=metric&interval=6&format=json,0.007,"0,0,0,0",v
2026-05-31 03:54:00+00:00,-0.226,8575512,"Annapolis, MD",water_level,MSL,metric,NOAA CO-OPS Data API,https://api.tidesandcurrents.noaa.gov/api/prod/datagetter?product=water_level&application=tempo-earth2-workshop&begin_date=20260525&end_date=20260602&datum=MSL&station=8575512&time_zone=gmt&units=metric&interval=6&format=json,0.007,"0,0,0,0",v
2026-05-31 04:00:00+00:00,-0.216,8575512,"Annapolis, MD",water_level,MSL,metric,NOAA CO-OPS Data API,https://api.tidesandcurrents.noaa.gov/api/prod/datagetter?product=water_level&application=tempo-earth2-workshop&begin_date=20260525&end_date=20260602&datum=MSL&station=8575512&time_zone=gmt&units=metric&interval=6&format=json,0.007,"0,0,0,0",v
2026-05-31 04:06:00+00:00,-0.204,8575512,"Annapolis, MD",water_level,MSL,metric,NOAA CO-OPS Data API,https://api.tidesandcurrents.noaa.gov/api/prod/datagetter?product=water_level&application=tempo-earth2-workshop&begin_date=20260525&end_date=20260602&datum=MSL&station=8575512&time_zone=gmt&units=metric&interval=6&format=json,0.007,"0,0,0,0",v
2026-05-31 04:12:00+00:00,-0.194,8575512,"Annapolis, MD",water_level,MSL,metric,NOAA CO-OPS Data API,https://api.tidesandcurrents.noaa.gov/api/prod/datagetter?product=water_level&application=tempo-earth2-workshop&begin_date=20260525&end_date=20260602&datum=MSL&station=8575512&time_zone=gmt&units=metric&interval=6&format=json,0.007,"0,0,0,0",v
2026-05-31 04:18:00+00:00,-0.181,8575512,"Annapolis, MD",water_level,MSL,metric,NOAA CO-OPS Data API,https://api.tidesandcurrents.noaa.gov/api/prod/datagetter?product=water_level&application=tempo-earth2-workshop&begin_date=20260525&end_date=20260602&datum=MSL&station=8575512&time_zone=gmt&units=metric&interval=6&format=json,0.007,"0,0,0,0",v
2026-05-31 04:24:00+00:00,-0.163,8575512,"Annapolis, MD",water_level,MSL,metric,NOAA CO-OPS Data API,https://api.tidesandcurrents.noaa.gov/api/prod/datagetter?product=water_level&application=tempo-earth2-workshop&begin_date=20260525&end_date=20260602&datum=MSL&station=8575512&time_zone=gmt&units=metric&interval=6&format=json,0.007,"0,0,0,0",v
2026-05-31 04:30:00+00:00,-0.142,8575512,"Annapolis, MD",water_level,MSL,metric,NOAA CO-OPS Data API,https://api.tidesandcurrents.noaa.gov/api/prod/datagetter?product=water_level&application=tempo-earth2-workshop&begin_date=20260525&end_date=20260602&datum=MSL&station=8575512&time_zone=gmt&units=metric&interval=6&format=json,0.007,"0,0,0,0",v
2026-05-31 04:36:00+00:00,-0.128,8575512,"Annapolis, MD",water_level,MSL,metric,NOAA CO-OPS Data API,https://api.tidesandcurrents.noaa.gov/api/prod/datagetter?product=water_level&application=tempo-earth2-workshop&begin_date=20260525&end_date=20260602&datum=MSL&station=8575512&time_zone=gmt&units=metric&interval=6&format=json,0.007,"0,0,0,0",v
2026-05-31 04:42:00+00:00,-0.114,8575512,"Annapolis, MD",water_level,MSL,metric,NOAA CO-OPS Data API,https://api.tidesandcurrents.noaa.gov/api/prod/datagetter?product=water_level&application=tempo-earth2-workshop&begin_date=20260525&end_date=20260602&datum=MSL&station=8575512&time_zone=gmt&units=metric&interval=6&format=json,0.007,"0,0,0,0",v
2026-05-31 04:48:00+00:00,-0.106,8575512,"Annapolis, MD",water_level,MSL,metric,NOAA CO-OPS Data API,https://api.tidesandcurrents.noaa.gov/api/prod/datagetter?product=water_level&application=tempo-earth2-workshop&begin_date=20260525&end_date=20260602&datum=MSL&station=8575512&time_zone=gmt&units=metric&interval=6&format=json,0.007,"0,0,0,0",v
2026-05-31 04:54:00+00:00,-0.098,8575512,"Annapolis, MD",water_level,MSL,metric,NOAA CO-OPS Data API,https://api.tidesandcurrents.noaa.gov/api/prod/datagetter?product=water_level&application=tempo-earth2-workshop&begin_date=20260525&end_date=20260602&datum=MSL&station=8575512&time_zone=gmt&units=metric&interval=6&format=json,0.007,"0,0,0,0",v
2026-05-31 05:00:00+00:00,-0.088,8575512,"Annapolis, MD",water_level,MSL,metric,NOAA CO-OPS Data API,https://api.tidesandcurrents.noaa.gov/api/prod/datagetter?product=water_level&application=tempo-earth2-workshop&begin_date=20260525&end_date=20260602&datum=MSL&station=8575512&time_zone=gmt&units=metric&interval=6&format=json,0.007,"0,0,0,0",v
2026-05-31 05:06:00+00:00,-0.078,8575512,"Annapolis, MD",water_level,MSL,metric,NOAA CO-OPS Data API,https://api.tidesandcurrents.noaa.gov/api/prod/datagetter?product=water_level&application=tempo-earth2-workshop&begin_date=20260525&end_date=20260602&datum=MSL&station=8575512&time_zone=gmt&units=metric&interval=6&format=json,0.007,"0,0,0,0",v
2026-05-31 05:12:00+00:00,-0.072,8575512,"Annapolis, MD",water_level,MSL,metric,NOAA CO-OPS Data API,https://api.tidesandcurrents.noaa.gov/api/prod/datagetter?product=water_level&application=tempo-earth2-workshop&begin_date=20260525&end_date=20260602&datum=MSL&station=8575512&time_zone=gmt&units=metric&interval=6&format=json,0.007,"0,0,0,0",v
2026-05-31 05:18:00+00:00,-0.065,8575512,"Annapolis, MD",water_level,MSL,metric,NOAA CO-OPS Data API,https://api.tidesandcurrents.noaa.gov/api/prod/datagetter?product=water_level&application=tempo-earth2-workshop&begin_date=20260525&end_date=20260602&datum=MSL&station=8575512&time_zone=gmt&units=metric&interval=6&format=json,0.007,"0,0,0,0",v
2026-05-31 05:24:00+00:00,-0.061,8575512,"Annapolis, MD",water_level,MSL,metric,NOAA CO-OPS Data API,https://api.tidesandcurrents.noaa.gov/api/prod/datagetter?product=water_level&application=tempo-earth2-workshop&begin_date=20260525&end_date=20260602&datum=MSL&station=8575512&time_zone=gmt&units=metric&interval=6&format=json,0.007,"0,0,0,0",v
2026-05-31 05:30:00+00:00,-0.044,8575512,"Annapolis, MD",water_level,MSL,metric,NOAA CO-OPS Data API,https://api.tidesandcurrents.noaa.gov/api/prod/datagetter?product=water_level&application=tempo-earth2-workshop&begin_date=20260525&end_date=20260602&datum=MSL&station=8575512&time_zone=gmt&units=metric&interval=6&format=json,0.007,"0,0,0,0",v
2026-05-31 05:36:00+00:00,-0.029,8575512,"Annapolis, MD",water_level,MSL,metric,NOAA CO-OPS Data API,https://api.tidesandcurrents.noaa.gov/api/prod/datagetter?product=water_level&application=tempo-earth2-workshop&begin_date=20260525&end_date=20260602&datum=MSL&station=8575512&time_zone=gmt&units=metric&interval=6&format=json,0.007,"0,0,0,0",v
2026-05-31 05:42:00+00:00,-0.014,8575512,"Annapolis, MD",water_level,MSL,metric,NOAA CO-OPS Data API,https://api.tidesandcurrents.noaa.gov/api/prod/datagetter?product=water_level&application=tempo-earth2-workshop&begin_date=20260525&end_date=20260602&datum=MSL&station=8575512&time_zone=gmt&units=metric&interval=6&format=json,0.007,"0,0,0,0",v
2026-05-31 05:48:00+00:00,0.005,8575512,"Annapolis, MD",water_level,MSL,metric,NOAA CO-OPS Data API,https://api.tidesandcurrents.noaa.gov/api/prod/datagetter?product=water_level&application=tempo-earth2-workshop&begin_date=20260525&end_date=20260602&datum=MSL&station=8575512&time_zone=gmt&units=metric&interval=6&format=json,0.007,"0,0,0,0",v
2026-05-31 05:54:00+00:00,0.022,8575512,"Annapolis, MD",water_level,MSL,metric,NOAA CO-OPS Data API,https://api.tidesandcurrents.noaa.gov/api/prod/datagetter?product=water_level&application=tempo-earth2-workshop&begin_date=20260525&end_date=20260602&datum=MSL&station=8575512&time_zone=gmt&units=metric&interval=6&format=json,0.007,"0,0,0,0",v
2026-05-31 06:00:00+00:00,0.032,8575512,"Annapolis, MD",water_level,MSL,metric,NOAA CO-OPS Data API,https://api.tidesandcurrents.noaa.gov/api/prod/datagetter?product=water_level&application=tempo-earth2-workshop&begin_date=20260525&end_date=20260602&datum=MSL&station=8575512&time_zone=gmt&units=metric&interval=6&format=json,0.007,"0,0,0,0",v
2026-05-31 06:06:00+00:00,0.042,8575512,"Annapolis, MD",water_level,MSL,metric,NOAA CO-OPS Data API,https://api.tidesandcurrents.noaa.gov/api/prod/datagetter?product=water_level&application=tempo-earth2-workshop&begin_date=20260525&end_date=20260602&datum=MSL&station=8575512&time_zone=gmt&units=metric&interval=6&format=json,0.007,"0,0,0,0",v
2026-05-31 06:12:00+00:00,0.054,8575512,"Annapolis, MD",water_level,MSL,metric,NOAA CO-OPS Data API,https://api.tidesandcurrents.noaa.gov/api/prod/datagetter?product=water_level&application=tempo-earth2-workshop&begin_date=20260525&end_date=20260602&datum=MSL&station=8575512&time_zone=gmt&units=metric&interval=6&format=json,0.007,"0,0,0,0",v
2026-05-31 06:18:00+00:00,0.067,8575512,"Annapolis, MD",water_level,MSL,metric,NOAA CO-OPS Data API,https://api.tidesandcurrents.noaa.gov/api/prod/datagetter?product=water_level&application=tempo-earth2-workshop&begin_date=20260525&end_date=20260602&datum=MSL&station=8575512&time_zone=gmt&units=metric&interval=6&format=json,0.007,"0,0,0,0",v
2026-05-31 06:24:00+00:00,0.082,8575512,"Annapolis, MD",water_level,MSL,metric,NOAA CO-OPS Data API,https://api.tidesandcurrents.noaa.gov/api/prod/datagetter?product=water_level&application=tempo-earth2-workshop&begin_date=20260525&end_date=20260602&datum=MSL&station=8575512&time_zone=gmt&units=metric&interval=6&format=json,0.007,"0,0,0,0",v
2026-05-31 06:30:00+00:00,0.098,8575512,"Annapolis, MD",water_level,MSL,metric,NOAA CO-OPS Data API,https://api.tidesandcurrents.noaa.gov/api/prod/datagetter?product=water_level&application=tempo-earth2-workshop&begin_date=20260525&end_date=20260602&datum=MSL&station=8575512&time_zone=gmt&units=metric&interval=6&format=json,0.007,"0,0,0,0",v
2026-05-31 06:36:00+00:00,0.115,8575512,"Annapolis, MD",water_level,MSL,metric,NOAA CO-OPS Data API,https://api.tidesandcurrents.noaa.gov/api/prod/datagetter?product=water_level&application=tempo-earth2-workshop&begin_date=20260525&end_date=20260602&datum=MSL&station=8575512&time_zone=gmt&units=metric&interval=6&format=json,0.007,"0,0,0,0",v
2026-05-31 06:42:00+00:00,0.127,8575512,"Annapolis, MD",water_level,MSL,metric,NOAA CO-OPS Data API,https://api.tidesandcurrents.noaa.gov/api/prod/datagetter?product=water_level&application=tempo-earth2-workshop&begin_date=20260525&end_date=20260602&datum=MSL&station=8575512&time_zone=gmt&units=metric&interval=6&format=json,0.007,"0,0,0,0",v
2026-05-31 06:48:00+00:00,0.138,8575512,"Annapolis, MD",water_level,MSL,metric,NOAA CO-OPS Data API,https://api.tidesandcurrents.noaa.gov/api/prod/datagetter?product=water_level&application=tempo-earth2-workshop&begin_date=20260525&end_date=20260602&datum=MSL&station=8575512&time_zone=gmt&units=metric&interval=6&format=json,0.007,"0,0,0,0",v
2026-05-31 06:54:00+00:00,0.147,8575512,"Annapolis, MD",water_level,MSL,metric,NOAA CO-OPS Data API,https://api.tidesandcurrents.noaa.gov/api/prod/datagetter?product=water_level&application=tempo-earth2-workshop&begin_date=20260525&end_date=20260602&datum=MSL&station=8575512&time_zone=gmt&units=metric&interval=6&format=json,0.007,"0,0,0,0",v
2026-05-31 07:00:00+00:00,0.153,8575512,"Annapolis, MD",water_level,MSL,metric,NOAA CO-OPS Data API,https://api.tidesandcurrents.noaa.gov/api/prod/datagetter?product=water_level&application=tempo-earth2-workshop&begin_date=20260525&end_date=20260602&datum=MSL&station=8575512&time_zone=gmt&units=metric&interval=6&format=json,0.007,"0,0,0,0",v
2026-05-31 07:06:00+00:00,0.163,8575512,"Annapolis, MD",water_level,MSL,metric,NOAA CO-OPS Data API,https://api.tidesandcurrents.noaa.gov/api/prod/datagetter?product=water_level&application=tempo-earth2-workshop&begin_date=20260525&end_date=20260602&datum=MSL&station=8575512&time_zone=gmt&units=metric&interval=6&format=json,0.007,"0,0,0,0",v
2026-05-31 07:12:00+00:00,0.171,8575512,"Annapolis, MD",water_level,MSL,metric,NOAA CO-OPS Data API,https://api.tidesandcurrents.noaa.gov/api/prod/datagetter?product=water_level&application=tempo-earth2-workshop&begin_date=20260525&end_date=20260602&datum=MSL&station=8575512&time_zone=gmt&units=metric&interval=6&format=json,0.007,"0,0,0,0",v
2026-05-31 07:18:00+00:00,0.186,8575512,"Annapolis, MD",water_level,MSL,metric,NOAA CO-OPS Data API,https://api.tidesandcurrents.noaa.gov/api/prod/datagetter?product=water_level&application=tempo-earth2-workshop&begin_date=20260525&end_date=20260602&datum=MSL&station=8575512&time_zone=gmt&units=metric&interval=6&format=json,0.007,"0,0,0,0",v
2026-05-31 07:24:00+00:00,0.197,8575512,"Annapolis, MD",water_level,MSL,metric,NOAA CO-OPS Data API,https://api.tidesandcurrents.noaa.gov/api/prod/datagetter?product=water_level&application=tempo-earth2-workshop&begin_date=20260525&end_date=20260602&datum=MSL&station=8575512&time_zone=gmt&units=metric&interval=6&format=json,0.007,"0,0,0,0",v
2026-05-31 07:30:00+00:00,0.209,8575512,"Annapolis, MD",water_level,MSL,metric,NOAA CO-OPS Data API,https://api.tidesandcurrents.noaa.gov/api/prod/datagetter?product=water_level&application=tempo-earth2-workshop&begin_date=20260525&end_date=20260602&datum=MSL&station=8575512&time_zone=gmt&units=metric&interval=6&format=json,0.007,"0,0,0,0",v
2026-05-31 07:36:00+00:00,0.225,8575512,"Annapolis, MD",water_level,MSL,metric,NOAA CO-OPS Data API,https://api.tidesandcurrents.noaa.gov/api/prod/datagetter?product=water_level&application=tempo-earth2-workshop&begin_date=20260525&end_date=20260602&datum=MSL&station=8575512&time_zone=gmt&units=metric&interval=6&format=json,0.007,"0,0,0,0",v
2026-05-31 07:42:00+00:00,0.242,8575512,"Annapolis, MD",water_level,MSL,metric,NOAA CO-OPS Data API,https://api.tidesandcurrents.noaa.gov/api/prod/datagetter?product=water_level&application=tempo-earth2-workshop&begin_date=20260525&end_date=20260602&datum=MSL&station=8575512&time_zone=gmt&units=metric&interval=6&format=json,0.007,"0,0,0,0",v
2026-05-31 07:48:00+00:00,0.254,8575512,"Annapolis, MD",water_level,MSL,metric,NOAA CO-OPS Data API,https://api.tidesandcurrents.noaa.gov/api/prod/datagetter?product=water_level&application=tempo-earth2-workshop&begin_date=20260525&end_date=20260602&datum=MSL&station=8575512&time_zone=gmt&units=metric&interval=6&format=json,0.007,"0,0,0,0",v
2026-05-31 07:54:00+00:00,0.259,8575512,"Annapolis, MD",water_level,MSL,metric,NOAA CO-OPS Data API,https://api.tidesandcurrents.noaa.gov/api/prod/datagetter?product=water_level&application=tempo-earth2-workshop&begin_date=20260525&end_date=20260602&datum=MSL&station=8575512&time_zone=gmt&units=metric&interval=6&format=json,0.007,"0,0,0,0",v
2026-05-31 08:00:00+00:00,0.27,8575512,"Annapolis, MD",water_level,MSL,metric,NOAA CO-OPS Data API,https://api.tidesandcurrents.noaa.gov/api/prod/datagetter?product=water_level&application=tempo-earth2-workshop&begin_date=20260525&end_date=20260602&datum=MSL&station=8575512&time_zone=gmt&units=metric&interval=6&format=json,0.007,"0,0,0,0",v
2026-05-31 08:06:00+00:00,0.278,8575512,"Annapolis, MD",water_level,MSL,metric,NOAA CO-OPS Data API,https://api.tidesandcurrents.noaa.gov/api/prod/datagetter?product=water_level&application=tempo-earth2-workshop&begin_date=20260525&end_date=20260602&datum=MSL&station=8575512&time_zone=gmt&units=metric&interval=6&format=json,0.007,"0,0,0,0",v
2026-05-31 08:12:00+00:00,0.292,8575512,"Annapolis, MD",water_level,MSL,metric,NOAA CO-OPS Data API,https://api.tidesandcurrents.noaa.gov/api/prod/datagetter?product=water_level&application=tempo-earth2-workshop&begin_date=20260525&end_date=20260602&datum=MSL&station=8575512&time_zone=gmt&units=metric&interval=6&format=json,0.007,"0,0,0,0",v
2026-05-31 08:18:00+00:00,0.307,8575512,"Annapolis, MD",water_level,MSL,metric,NOAA CO-OPS Data API,https://api.tidesandcurrents.noaa.gov/api/prod/datagetter?product=water_level&application=tempo-earth2-workshop&begin_date=20260525&end_date=20260602&datum=MSL&station=8575512&time_zone=gmt&units=metric&interval=6&format=json,0.007,"0,0,0,0",v
2026-05-31 08:24:00+00:00,0.311,8575512,"Annapolis, MD",water_level,MSL,metric,NOAA CO-OPS Data API,https://api.tidesandcurrents.noaa.gov/api/prod/datagetter?product=water_level&application=tempo-earth2-workshop&begin_date=20260525&end_date=20260602&datum=MSL&station=8575512&time_zone=gmt&units=metric&interval=6&format=json,0.007,"0,0,0,0",v
2026-05-31 08:30:00+00:00,0.325,8575512,"Annapolis, MD",water_level,MSL,metric,NOAA CO-OPS Data API,https://api.tidesandcurrents.noaa.gov/api/prod/datagetter?product=water_level&application=tempo-earth2-workshop&begin_date=20260525&end_date=20260602&datum=MSL&station=8575512&time_zone=gmt&units=metric&interval=6&format=json,0.007,"0,0,0,0",v
2026-05-31 08:36:00+00:00,0.335,8575512,"Annapolis, MD",water_level,MSL,metric,NOAA CO-OPS Data API,https://api.tidesandcurrents.noaa.gov/api/prod/datagetter?product=water_level&application=tempo-earth2-workshop&begin_date=20260525&end_date=20260602&datum=MSL&station=8575512&time_zone=gmt&units=metric&interval=6&format=json,0.007,"0,0,0,0",v
2026-05-31 08:42:00+00:00,0.346,8575512,"Annapolis, MD",water_level,MSL,metric,NOAA CO-OPS Data API,https://api.tidesandcurrents.noaa.gov/api/prod/datagetter?product=water_level&application=tempo-earth2-workshop&begin_date=20260525&end_date=20260602&datum=MSL&station=8575512&time_zone=gmt&units=metric&interval=6&format=json,0.007,"0,0,0,0",v
2026-05-31 08:48:00+00:00,0.366,8575512,"Annapolis, MD",water_level,MSL,metric,NOAA CO-OPS Data API,https://api.tidesandcurrents.noaa.gov/api/prod/datagetter?product=water_level&application=tempo-earth2-workshop&begin_date=20260525&end_date=20260602&datum=MSL&station=8575512&time_zone=gmt&units=metric&interval=6&format=json,0.007,"0,0,0,0",v
2026-05-31 08:54:00+00:00,0.373,8575512,"Annapolis, MD",water_level,MSL,metric,NOAA CO-OPS Data API,https://api.tidesandcurrents.noaa.gov/api/prod/datagetter?product=water_level&application=tempo-earth2-workshop&begin_date=20260525&end_date=20260602&datum=MSL&station=8575512&time_zone=gmt&units=metric&interval=6&format=json,0.007,"0,0,0,0",v
2026-05-31 09:00:00+00:00,0.384,8575512,"Annapolis, MD",water_level,MSL,metric,NOAA CO-OPS Data API,https://api.tidesandcurrents.noaa.gov/api/prod/datagetter?product=water_level&application=tempo-earth2-workshop&begin_date=20260525&end_date=20260602&datum=MSL&station=8575512&time_zone=gmt&units=metric&interval=6&format=json,0.007,"0,0,0,0",v
2026-05-31 09:06:00+00:00,0.389,8575512,"Annapolis, MD",water_level,MSL,metric,NOAA CO-OPS Data API,https://api.tidesandcurrents.noaa.gov/api/prod/datagetter?product=water_level&application=tempo-earth2-workshop&begin_date=20260525&end_date=20260602&datum=MSL&station=8575512&time_zone=gmt&units=metric&interval=6&format=json,0.007,"0,0,0,0",v
2026-05-31 09:12:00+00:00,0.395,8575512,"Annapolis, MD",water_level,MSL,metric,NOAA CO-OPS Data API,https://api.tidesandcurrents.noaa.gov/api/prod/datagetter?product=water_level&application=tempo-earth2-workshop&begin_date=20260525&end_date=20260602&datum=MSL&station=8575512&time_zone=gmt&units=metric&interval=6&format=json,0.007,"0,0,0,0",v
2026-05-31 09:18:00+00:00,0.407,8575512,"Annapolis, MD",water_level,MSL,metric,NOAA CO-OPS Data API,https://api.tidesandcurrents.noaa.gov/api/prod/datagetter?product=water_level&application=tempo-earth2-workshop&begin_date=20260525&end_date=20260602&datum=MSL&station=8575512&time_zone=gmt&units=metric&interval=6&format=json,0.007,"0,0,0,0",v
2026-05-31 09:24:00+00:00,0.418,8575512,"Annapolis, MD",water_level,MSL,metric,NOAA CO-OPS Data API,https://api.tidesandcurrents.noaa.gov/api/prod/datagetter?product=water_level&application=tempo-earth2-workshop&begin_date=20260525&end_date=20260602&datum=MSL&station=8575512&time_zone=gmt&units=metric&interval=6&format=json,0.007,"0,0,0,0",v
2026-05-31 09:30:00+00:00,0.428,8575512,"Annapolis, MD",water_level,MSL,metric,NOAA CO-OPS Data API,https://api.tidesandcurrents.noaa.gov/api/prod/datagetter?product=water_level&application=tempo-earth2-workshop&begin_date=20260525&end_date=20260602&datum=MSL&station=8575512&time_zone=gmt&units=metric&interval=6&format=json,0.007,"0,0,0,0",v
2026-05-31 09:36:00+00:00,0.437,8575512,"Annapolis, MD",water_level,MSL,metric,NOAA CO-OPS Data API,https://api.tidesandcurrents.noaa.gov/api/prod/datagetter?product=water_level&application=tempo-earth2-workshop&begin_date=20260525&end_date=20260602&datum=MSL&station=8575512&time_zone=gmt&units=metric&interval=6&format=json,0.007,"0,0,0,0",v
2026-05-31 09:42:00+00:00,0.44,8575512,"Annapolis, MD",water_level,MSL,metric,NOAA CO-OPS Data API,https://api.tidesandcurrents.noaa.gov/api/prod/datagetter?product=water_level&application=tempo-earth2-workshop&begin_date=20260525&end_date=20260602&datum=MSL&station=8575512&time_zone=gmt&units=metric&interval=6&format=json,0.007,"0,0,0,0",v
2026-05-31 09:48:00+00:00,0.445,8575512,"Annapolis, MD",water_level,MSL,metric,NOAA CO-OPS Data API,https://api.tidesandcurrents.noaa.gov/api/prod/datagetter?product=water_level&application=tempo-earth2-workshop&begin_date=20260525&end_date=20260602&datum=MSL&station=8575512&time_zone=gmt&units=metric&interval=6&format=json,0.007,"0,0,0,0",v
2026-05-31 09:54:00+00:00,0.453,8575512,"Annapolis, MD",water_level,MSL,metric,NOAA CO-OPS Data API,https://api.tidesandcurrents.noaa.gov/api/prod/datagetter?product=water_level&application=tempo-earth2-workshop&begin_date=20260525&end_date=20260602&datum=MSL&station=8575512&time_zone=gmt&units=metric&interval=6&format=json,0.007,"0,0,0,0",v
2026-05-31 10:00:00+00:00,0.456,8575512,"Annapolis, MD",water_level,MSL,metric,NOAA CO-OPS Data API,https://api.tidesandcurrents.noaa.gov/api/prod/datagetter?product=water_level&application=tempo-earth2-workshop&begin_date=20260525&end_date=20260602&datum=MSL&station=8575512&time_zone=gmt&units=metric&interval=6&format=json,0.007,"0,0,0,0",v
2026-05-31 10:06:00+00:00,0.464,8575512,"Annapolis, MD",water_level,MSL,metric,NOAA CO-OPS Data API,https://api.tidesandcurrents.noaa.gov/api/prod/datagetter?product=water_level&application=tempo-earth2-workshop&begin_date=20260525&end_date=20260602&datum=MSL&station=8575512&time_zone=gmt&units=metric&interval=6&format=json,0.007,"0,0,0,0",v
2026-05-31 10:12:00+00:00,0.466,8575512,"Annapolis, MD",water_level,MSL,metric,NOAA CO-OPS Data API,https://api.tidesandcurrents.noaa.gov/api/prod/datagetter?product=water_level&application=tempo-earth2-workshop&begin_date=20260525&end_date=20260602&datum=MSL&station=8575512&time_zone=gmt&units=metric&interval=6&format=json,0.007,"0,0,0,0",v
2026-05-31 10:18:00+00:00,0.466,8575512,"Annapolis, MD",water_level,MSL,metric,NOAA CO-OPS Data API,https://api.tidesandcurrents.noaa.gov/api/prod/datagetter?product=water_level&application=tempo-earth2-workshop&begin_date=20260525&end_date=20260602&datum=MSL&station=8575512&time_zone=gmt&units=metric&interval=6&format=json,0.007,"0,0,0,0",v
2026-05-31 10:24:00+00:00,0.469,8575512,"Annapolis, MD",water_level,MSL,metric,NOAA CO-OPS Data API,https://api.tidesandcurrents.noaa.gov/api/prod/datagetter?product=water_level&application=tempo-earth2-workshop&begin_date=20260525&end_date=20260602&datum=MSL&station=8575512&time_zone=gmt&units=metric&interval=6&format=json,0.007,"0,0,0,0",v
2026-05-31 10:30:00+00:00,0.475,8575512,"Annapolis, MD",water_level,MSL,metric,NOAA CO-OPS Data API,https://api.tidesandcurrents.noaa.gov/api/prod/datagetter?product=water_level&application=tempo-earth2-workshop&begin_date=20260525&end_date=20260602&datum=MSL&station=8575512&time_zone=gmt&units=metric&interval=6&format=json,0.007,"0,0,0,0",v
2026-05-31 10:36:00+00:00,0.475,8575512,"Annapolis, MD",water_level,MSL,metric,NOAA CO-OPS Data API,https://api.tidesandcurrents.noaa.gov/api/prod/datagetter?product=water_level&application=tempo-earth2-workshop&begin_date=20260525&end_date=20260602&datum=MSL&station=8575512&time_zone=gmt&units=metric&interval=6&format=json,0.007,"0,0,0,0",v
2026-05-31 10:42:00+00:00,0.476,8575512,"Annapolis, MD",water_level,MSL,metric,NOAA CO-OPS Data API,https://api.tidesandcurrents.noaa.gov/api/prod/datagetter?product=water_level&application=tempo-earth2-workshop&begin_date=20260525&end_date=20260602&datum=MSL&station=8575512&time_zone=gmt&units=metric&interval=6&format=json,0.007,"0,0,0,0",v
2026-05-31 10:48:00+00:00,0.479,8575512,"Annapolis, MD",water_level,MSL,metric,NOAA CO-OPS Data API,https://api.tidesandcurrents.noaa.gov/api/prod/datagetter?product=water_level&application=tempo-earth2-workshop&begin_date=20260525&end_date=20260602&datum=MSL&station=8575512&time_zone=gmt&units=metric&interval=6&format=json,0.007,"0,0,0,0",v
2026-05-31 10:54:00+00:00,0.484,8575512,"Annapolis, MD",water_level,MSL,metric,NOAA CO-OPS Data API,https://api.tidesandcurrents.noaa.gov/api/prod/datagetter?product=water_level&application=tempo-earth2-workshop&begin_date=20260525&end_date=20260602&datum=MSL&station=8575512&time_zone=gmt&units=metric&interval=6&format=json,0.007,"0,0,0,0",v
2026-05-31 11:00:00+00:00,0.485,8575512,"Annapolis, MD",water_level,MSL,metric,NOAA CO-OPS Data API,https://api.tidesandcurrents.noaa.gov/api/prod/datagetter?product=water_level&application=tempo-earth2-workshop&begin_date=20260525&end_date=20260602&datum=MSL&station=8575512&time_zone=gmt&units=metric&interval=6&format=json,0.007,"0,0,0,0",v
2026-05-31 11:06:00+00:00,0.488,8575512,"Annapolis, MD",water_level,MSL,metric,NOAA CO-OPS Data API,https://api.tidesandcurrents.noaa.gov/api/prod/datagetter?product=water_level&application=tempo-earth2-workshop&begin_date=20260525&end_date=20260602&datum=MSL&station=8575512&time_zone=gmt&units=metric&interval=6&format=json,0.007,"0,0,0,0",v
2026-05-31 11:12:00+00:00,0.491,8575512,"Annapolis, MD",water_level,MSL,metric,NOAA CO-OPS Data API,https://api.tidesandcurrents.noaa.gov/api/prod/datagetter?product=water_level&application=tempo-earth2-workshop&begin_date=20260525&end_date=20260602&datum=MSL&station=8575512&time_zone=gmt&units=metric&interval=6&format=json,0.007,"0,0,0,0",v
2026-05-31 11:18:00+00:00,0.49,8575512,"Annapolis, MD",water_level,MSL,metric,NOAA CO-OPS Data API,https://api.tidesandcurrents.noaa.gov/api/prod/datagetter?product=water_level&application=tempo-earth2-workshop&begin_date=20260525&end_date=20260602&datum=MSL&station=8575512&time_zone=gmt&units=metric&interval=6&format=json,0.007,"0,0,0,0",v
2026-05-31 11:24:00+00:00,0.493,8575512,"Annapolis, MD",water_level,MSL,metric,NOAA CO-OPS Data API,https://api.tidesandcurrents.noaa.gov/api/prod/datagetter?product=water_level&application=tempo-earth2-workshop&begin_date=20260525&end_date=20260602&datum=MSL&station=8575512&time_zone=gmt&units=metric&interval=6&format=json,0.007,"0,0,0,0",v
2026-05-31 11:30:00+00:00,0.493,8575512,"Annapolis, MD",water_level,MSL,metric,NOAA CO-OPS Data API,https://api.tidesandcurrents.noaa.gov/api/prod/datagetter?product=water_level&application=tempo-earth2-workshop&begin_date=20260525&end_date=20260602&datum=MSL&station=8575512&time_zone=gmt&units=metric&interval=6&format=json,0.007,"0,0,0,0",v
2026-05-31 11:36:00+00:00,0.49,8575512,"Annapolis, MD",water_level,MSL,metric,NOAA CO-OPS Data API,https://api.tidesandcurrents.noaa.gov/api/prod/datagetter?product=water_level&application=tempo-earth2-workshop&begin_date=20260525&end_date=20260602&datum=MSL&station=8575512&time_zone=gmt&units=metric&interval=6&format=json,0.007,"0,0,0,0",v
2026-05-31 11:42:00+00:00,0.493,8575512,"Annapolis, MD",water_level,MSL,metric,NOAA CO-OPS Data API,https://api.tidesandcurrents.noaa.gov/api/prod/datagetter?product=water_level&application=tempo-earth2-workshop&begin_date=20260525&end_date=20260602&datum=MSL&station=8575512&time_zone=gmt&units=metric&interval=6&format=json,0.007,"0,0,0,0",v
2026-05-31 11:48:00+00:00,0.492,8575512,"Annapolis, MD",water_level,MSL,metric,NOAA CO-OPS Data API,https://api.tidesandcurrents.noaa.gov/api/prod/datagetter?product=water_level&application=tempo-earth2-workshop&begin_date=20260525&end_date=20260602&datum=MSL&station=8575512&time_zone=gmt&units=metric&interval=6&format=json,0.007,"0,0,0,0",v
2026-05-31 11:54:00+00:00,0.49,8575512,"Annapolis, MD",water_level,MSL,metric,NOAA CO-OPS Data API,https://api.tidesandcurrents.noaa.gov/api/prod/datagetter?product=water_level&application=tempo-earth2-workshop&begin_date=20260525&end_date=20260602&datum=MSL&station=8575512&time_zone=gmt&units=metric&interval=6&format=json,0.007,"0,0,0,0",v
2026-05-31 12:00:00+00:00,0.486,8575512,"Annapolis, MD",water_level,MSL,metric,NOAA CO-OPS Data API,https://api.tidesandcurrents.noaa.gov/api/prod/datagetter?product=water_level&application=tempo-earth2-workshop&begin_date=20260525&end_date=20260602&datum=MSL&station=8575512&time_zone=gmt&units=metric&interval=6&format=json,0.007,"0,0,0,0",v
2026-05-31 12:06:00+00:00,0.489,8575512,"Annapolis, MD",water_level,MSL,metric,NOAA CO-OPS Data API,https://api.tidesandcurrents.noaa.gov/api/prod/datagetter?product=water_level&application=tempo-earth2-workshop&begin_date=20260525&end_date=20260602&datum=MSL&station=8575512&time_zone=gmt&units=metric&interval=6&format=json,0.007,"0,0,0,0",v
2026-05-31 12:12:00+00:00,0.488,8575512,"Annapolis, MD",water_level,MSL,metric,NOAA CO-OPS Data API,https://api.tidesandcurrents.noaa.gov/api/prod/datagetter?product=water_level&application=tempo-earth2-workshop&begin_date=20260525&end_date=20260602&datum=MSL&station=8575512&time_zone=gmt&units=metric&interval=6&format=json,0.007,"0,0,0,0",v
2026-05-31 12:18:00+00:00,0.484,8575512,"Annapolis, MD",water_level,MSL,metric,NOAA CO-OPS Data API,https://api.tidesandcurrents.noaa.gov/api/prod/datagetter?product=water_level&application=tempo-earth2-workshop&begin_date=20260525&end_date=20260602&datum=MSL&station=8575512&time_zone=gmt&units=metric&interval=6&format=json,0.007,"0,0,0,0",v
2026-05-31 12:24:00+00:00,0.484,8575512,"Annapolis, MD",water_level,MSL,metric,NOAA CO-OPS Data API,https://api.tidesandcurrents.noaa.gov/api/prod/datagetter?product=water_level&application=tempo-earth2-workshop&begin_date=20260525&end_date=20260602&datum=MSL&station=8575512&time_zone=gmt&units=metric&interval=6&format=json,0.007,"0,0,0,0",v
2026-05-31 12:30:00+00:00,0.48,8575512,"Annapolis, MD",water_level,MSL,metric,NOAA CO-OPS Data API,https://api.tidesandcurrents.noaa.gov/api/prod/datagetter?product=water_level&application=tempo-earth2-workshop&begin_date=20260525&end_date=20260602&datum=MSL&station=8575512&time_zone=gmt&units=metric&interval=6&format=json,0.007,"0,0,0,0",v
2026-05-31 12:36:00+00:00,0.477,8575512,"Annapolis, MD",water_level,MSL,metric,NOAA CO-OPS Data API,https://api.tidesandcurrents.noaa.gov/api/prod/datagetter?product=water_level&application=tempo-earth2-workshop&begin_date=20260525&end_date=20260602&datum=MSL&station=8575512&time_zone=gmt&units=metric&interval=6&format=json,0.007,"0,0,0,0",v
2026-05-31 12:42:00+00:00,0.475,8575512,"Annapolis, MD",water_level,MSL,metric,NOAA CO-OPS Data API,https://api.tidesandcurrents.noaa.gov/api/prod/datagetter?product=water_level&application=tempo-earth2-workshop&begin_date=20260525&end_date=20260602&datum=MSL&station=8575512&time_zone=gmt&units=metric&interval=6&format=json,0.007,"0,0,0,0",v
2026-05-31 12:48:00+00:00,0.473,8575512,"Annapolis, MD",water_level,MSL,metric,NOAA CO-OPS Data API,https://api.tidesandcurrents.noaa.gov/api/prod/datagetter?product=water_level&application=tempo-earth2-workshop&begin_date=20260525&end_date=20260602&datum=MSL&station=8575512&time_zone=gmt&units=metric&interval=6&format=json,0.007,"0,0,0,0",v
2026-05-31 12:54:00+00:00,0.469,8575512,"Annapolis, MD",water_level,MSL,metric,NOAA CO-OPS Data API,https://api.tidesandcurrents.noaa.gov/api/prod/datagetter?product=water_level&application=tempo-earth2-workshop&begin_date=20260525&end_date=20260602&datum=MSL&station=8575512&time_zone=gmt&units=metric&interval=6&format=json,0.007,"0,0,0,0",v
2026-05-31 13:00:00+00:00,0.469,8575512,"Annapolis, MD",water_level,MSL,metric,NOAA CO-OPS Data API,https://api.tidesandcurrents.noaa.gov/api/prod/datagetter?product=water_level&application=tempo-earth2-workshop&begin_date=20260525&end_date=20260602&datum=MSL&station=8575512&time_zone=gmt&units=metric&interval=6&format=json,0.007,"0,0,0,0",v
2026-05-31 13:06:00+00:00,0.466,8575512,"Annapolis, MD",water_level,MSL,metric,NOAA CO-OPS Data API,https://api.tidesandcurrents.noaa.gov/api/prod/datagetter?product=water_level&application=tempo-earth2-workshop&begin_date=20260525&end_date=20260602&datum=MSL&station=8575512&time_zone=gmt&units=metric&interval=6&format=json,0.007,"0,0,0,0",v
2026-05-31 13:12:00+00:00,0.463,8575512,"Annapolis, MD",water_level,MSL,metric,NOAA CO-OPS Data API,https://api.tidesandcurrents.noaa.gov/api/prod/datagetter?product=water_level&application=tempo-earth2-workshop&begin_date=20260525&end_date=20260602&datum=MSL&station=8575512&time_zone=gmt&units=metric&interval=6&format=json,0.007,"0,0,0,0",v
2026-05-31 13:18:00+00:00,0.461,8575512,"Annapolis, MD",water_level,MSL,metric,NOAA CO-OPS Data API,https://api.tidesandcurrents.noaa.gov/api/prod/datagetter?product=water_level&application=tempo-earth2-workshop&begin_date=20260525&end_date=20260602&datum=MSL&station=8575512&time_zone=gmt&units=metric&interval=6&format=json,0.007,"0,0,0,0",v
2026-05-31 13:24:00+00:00,0.454,8575512,"Annapolis, MD",water_level,MSL,metric,NOAA CO-OPS Data API,https://api.tidesandcurrents.noaa.gov/api/prod/datagetter?product=water_level&application=tempo-earth2-workshop&begin_date=20260525&end_date=20260602&datum=MSL&station=8575512&time_zone=gmt&units=metric&interval=6&format=json,0.007,"0,0,0,0",v
2026-05-31 13:30:00+00:00,0.448,8575512,"Annapolis, MD",water_level,MSL,metric,NOAA CO-OPS Data API,https://api.tidesandcurrents.noaa.gov/api/prod/datagetter?product=water_level&application=tempo-earth2-workshop&begin_date=20260525&end_date=20260602&datum=MSL&station=8575512&time_zone=gmt&units=metric&interval=6&format=json,0.007,"0,0,0,0",v
2026-05-31 13:36:00+00:00,0.44,8575512,"Annapolis, MD",water_level,MSL,metric,NOAA CO-OPS Data API,https://api.tidesandcurrents.noaa.gov/api/prod/datagetter?product=water_level&application=tempo-earth2-workshop&begin_date=20260525&end_date=20260602&datum=MSL&station=8575512&time_zone=gmt&units=metric&interval=6&format=json,0.007,"0,0,0,0",v
2026-05-31 13:42:00+00:00,0.438,8575512,"Annapolis, MD",water_level,MSL,metric,NOAA CO-OPS Data API,https://api.tidesandcurrents.noaa.gov/api/prod/datagetter?product=water_level&application=tempo-earth2-workshop&begin_date=20260525&end_date=20260602&datum=MSL&station=8575512&time_zone=gmt&units=metric&interval=6&format=json,0.007,"0,0,0,0",v
2026-05-31 13:48:00+00:00,0.434,8575512,"Annapolis, MD",water_level,MSL,metric,NOAA CO-OPS Data API,https://api.tidesandcurrents.noaa.gov/api/prod/datagetter?product=water_level&application=tempo-earth2-workshop&begin_date=20260525&end_date=20260602&datum=MSL&station=8575512&time_zone=gmt&units=metric&interval=6&format=json,0.007,"0,0,0,0",v
2026-05-31 13:54:00+00:00,0.43,8575512,"Annapolis, MD",water_level,MSL,metric,NOAA CO-OPS Data API,https://api.tidesandcurrents.noaa.gov/api/prod/datagetter?product=water_level&application=tempo-earth2-workshop&begin_date=20260525&end_date=20260602&datum=MSL&station=8575512&time_zone=gmt&units=metric&interval=6&format=json,0.007,"0,0,0,0",v
2026-05-31 14:00:00+00:00,0.429,8575512,"Annapolis, MD",water_level,MSL,metric,NOAA CO-OPS Data API,https://api.tidesandcurrents.noaa.gov/api/prod/datagetter?product=water_level&application=tempo-earth2-workshop&begin_date=20260525&end_date=20260602&datum=MSL&station=8575512&time_zone=gmt&units=metric&interval=6&format=json,0.007,"0,0,0,0",v
2026-05-31 14:06:00+00:00,0.422,8575512,"Annapolis, MD",water_level,MSL,metric,NOAA CO-OPS Data API,https://api.tidesandcurrents.noaa.gov/api/prod/datagetter?product=water_level&application=tempo-earth2-workshop&begin_date=20260525&end_date=20260602&datum=MSL&station=8575512&time_zone=gmt&units=metric&interval=6&format=json,0.007,"0,0,0,0",v
2026-05-31 14:12:00+00:00,0.416,8575512,"Annapolis, MD",water_level,MSL,metric,NOAA CO-OPS Data API,https://api.tidesandcurrents.noaa.gov/api/prod/datagetter?product=water_level&application=tempo-earth2-workshop&begin_date=20260525&end_date=20260602&datum=MSL&station=8575512&time_zone=gmt&units=metric&interval=6&format=json,0.007,"0,0,0,0",v
2026-05-31 14:18:00+00:00,0.409,8575512,"Annapolis, MD",water_level,MSL,metric,NOAA CO-OPS Data API,https://api.tidesandcurrents.noaa.gov/api/prod/datagetter?product=water_level&application=tempo-earth2-workshop&begin_date=20260525&end_date=20260602&datum=MSL&station=8575512&time_zone=gmt&units=metric&interval=6&format=json,0.007,"0,0,0,0",v
2026-05-31 14:24:00+00:00,0.407,8575512,"Annapolis, MD",water_level,MSL,metric,NOAA CO-OPS Data API,https://api.tidesandcurrents.noaa.gov/api/prod/datagetter?product=water_level&application=tempo-earth2-workshop&begin_date=20260525&end_date=20260602&datum=MSL&station=8575512&time_zone=gmt&units=metric&interval=6&format=json,0.007,"0,0,0,0",v
2026-05-31 14:30:00+00:00,0.404,8575512,"Annapolis, MD",water_level,MSL,metric,NOAA CO-OPS Data API,https://api.tidesandcurrents.noaa.gov/api/prod/datagetter?product=water_level&application=tempo-earth2-workshop&begin_date=20260525&end_date=20260602&datum=MSL&station=8575512&time_zone=gmt&units=metric&interval=6&format=json,0.007,"0,0,0,0",v
2026-05-31 14:36:00+00:00,0.402,8575512,"Annapolis, MD",water_level,MSL,metric,NOAA CO-OPS Data API,https://api.tidesandcurrents.noaa.gov/api/prod/datagetter?product=water_level&application=tempo-earth2-workshop&begin_date=20260525&end_date=20260602&datum=MSL&station=8575512&time_zone=gmt&units=metric&interval=6&format=json,0.007,"0,0,0,0",v
2026-05-31 14:42:00+00:00,0.398,8575512,"Annapolis, MD",water_level,MSL,metric,NOAA CO-OPS Data API,https://api.tidesandcurrents.noaa.gov/api/prod/datagetter?product=water_level&application=tempo-earth2-workshop&begin_date=20260525&end_date=20260602&datum=MSL&station=8575512&time_zone=gmt&units=metric&interval=6&format=json,0.007,"0,0,0,0",v
2026-05-31 14:48:00+00:00,0.39,8575512,"Annapolis, MD",water_level,MSL,metric,NOAA CO-OPS Data API,https://api.tidesandcurrents.noaa.gov/api/prod/datagetter?product=water_level&application=tempo-earth2-workshop&begin_date=20260525&end_date=20260602&datum=MSL&station=8575512&time_zone=gmt&units=metric&interval=6&format=json,0.007,"0,0,0,0",v
2026-05-31 14:54:00+00:00,0.39,8575512,"Annapolis, MD",water_level,MSL,metric,NOAA CO-OPS Data API,https://api.tidesandcurrents.noaa.gov/api/prod/datagetter?product=water_level&application=tempo-earth2-workshop&begin_date=20260525&end_date=20260602&datum=MSL&station=8575512&time_zone=gmt&units=metric&interval=6&format=json,0.007,"0,0,0,0",v
2026-05-31 15:00:00+00:00,0.386,8575512,"Annapolis, MD",water_level,MSL,metric,NOAA CO-OPS Data API,https://api.tidesandcurrents.noaa.gov/api/prod/datagetter?product=water_level&application=tempo-earth2-workshop&begin_date=20260525&end_date=20260602&datum=MSL&station=8575512&time_zone=gmt&units=metric&interval=6&format=json,0.007,"0,0,0,0",v
2026-05-31 15:06:00+00:00,0.38,8575512,"Annapolis, MD",water_level,MSL,metric,NOAA CO-OPS Data API,https://api.tidesandcurrents.noaa.gov/api/prod/datagetter?product=water_level&application=tempo-earth2-workshop&begin_date=20260525&end_date=20260602&datum=MSL&station=8575512&time_zone=gmt&units=metric&interval=6&format=json,0.007,"0,0,0,0",v
2026-05-31 15:12:00+00:00,0.378,8575512,"Annapolis, MD",water_level,MSL,metric,NOAA CO-OPS Data API,https://api.tidesandcurrents.noaa.gov/api/prod/datagetter?product=water_level&application=tempo-earth2-workshop&begin_date=20260525&end_date=20260602&datum=MSL&station=8575512&time_zone=gmt&units=metric&interval=6&format=json,0.007,"0,0,0,0",v
2026-05-31 15:18:00+00:00,0.374,8575512,"Annapolis, MD",water_level,MSL,metric,NOAA CO-OPS Data API,https://api.tidesandcurrents.noaa.gov/api/prod/datagetter?product=water_level&application=tempo-earth2-workshop&begin_date=20260525&end_date=20260602&datum=MSL&station=8575512&time_zone=gmt&units=metric&interval=6&format=json,0.007,"0,0,0,0",v
2026-05-31 15:24:00+00:00,0.372,8575512,"Annapolis, MD",water_level,MSL,metric,NOAA CO-OPS Data API,https://api.tidesandcurrents.noaa.gov/api/prod/datagetter?product=water_level&application=tempo-earth2-workshop&begin_date=20260525&end_date=20260602&datum=MSL&station=8575512&time_zone=gmt&units=metric&interval=6&format=json,0.007,"0,0,0,0",v
2026-05-31 15:30:00+00:00,0.365,8575512,"Annapolis, MD",water_level,MSL,metric,NOAA CO-OPS Data API,https://api.tidesandcurrents.noaa.gov/api/prod/datagetter?product=water_level&application=tempo-earth2-workshop&begin_date=20260525&end_date=20260602&datum=MSL&station=8575512&time_zone=gmt&units=metric&interval=6&format=json,0.007,"0,0,0,0",v
2026-05-31 15:36:00+00:00,0.362,8575512,"Annapolis, MD",water_level,MSL,metric,NOAA CO-OPS Data API,https://api.tidesandcurrents.noaa.gov/api/prod/datagetter?product=water_level&application=tempo-earth2-workshop&begin_date=20260525&end_date=20260602&datum=MSL&station=8575512&time_zone=gmt&units=metric&interval=6&format=json,0.007,"0,0,0,0",v
2026-05-31 15:42:00+00:00,0.361,8575512,"Annapolis, MD",water_level,MSL,metric,NOAA CO-OPS Data API,https://api.tidesandcurrents.noaa.gov/api/prod/datagetter?product=water_level&application=tempo-earth2-workshop&begin_date=20260525&end_date=20260602&datum=MSL&station=8575512&time_zone=gmt&units=metric&interval=6&format=json,0.007,"0,0,0,0",v
2026-05-31 15:48:00+00:00,0.362,8575512,"Annapolis, MD",water_level,MSL,metric,NOAA CO-OPS Data API,https://api.tidesandcurrents.noaa.gov/api/prod/datagetter?product=water_level&application=tempo-earth2-workshop&begin_date=20260525&end_date=20260602&datum=MSL&station=8575512&time_zone=gmt&units=metric&interval=6&format=json,0.007,"0,0,0,0",v
2026-05-31 15:54:00+00:00,0.357,8575512,"Annapolis, MD",water_level,MSL,metric,NOAA CO-OPS Data API,https://api.tidesandcurrents.noaa.gov/api/prod/datagetter?product=water_level&application=tempo-earth2-workshop&begin_date=20260525&end_date=20260602&datum=MSL&station=8575512&time_zone=gmt&units=metric&interval=6&format=json,0.007,"0,0,0,0",v
2026-05-31 16:00:00+00:00,0.36,8575512,"Annapolis, MD",water_level,MSL,metric,NOAA CO-OPS Data API,https://api.tidesandcurrents.noaa.gov/api/prod/datagetter?product=water_level&application=tempo-earth2-workshop&begin_date=20260525&end_date=20260602&datum=MSL&station=8575512&time_zone=gmt&units=metric&interval=6&format=json,0.007,"0,0,0,0",v
2026-05-31 16:06:00+00:00,0.35,8575512,"Annapolis, MD",water_level,MSL,metric,NOAA CO-OPS Data API,https://api.tidesandcurrents.noaa.gov/api/prod/datagetter?product=water_level&application=tempo-earth2-workshop&begin_date=20260525&end_date=20260602&datum=MSL&station=8575512&time_zone=gmt&units=metric&interval=6&format=json,0.007,"0,0,0,0",v
2026-05-31 16:12:00+00:00,0.348,8575512,"Annapolis, MD",water_level,MSL,metric,NOAA CO-OPS Data API,https://api.tidesandcurrents.noaa.gov/api/prod/datagetter?product=water_level&application=tempo-earth2-workshop&begin_date=20260525&end_date=20260602&datum=MSL&station=8575512&time_zone=gmt&units=metric&interval=6&format=json,0.007,"0,0,0,0",v
2026-05-31 16:18:00+00:00,0.348,8575512,"Annapolis, MD",water_level,MSL,metric,NOAA CO-OPS Data API,https://api.tidesandcurrents.noaa.gov/api/prod/datagetter?product=water_level&application=tempo-earth2-workshop&begin_date=20260525&end_date=20260602&datum=MSL&station=8575512&time_zone=gmt&units=metric&interval=6&format=json,0.007,"0,0,0,0",v
2026-05-31 16:24:00+00:00,0.35,8575512,"Annapolis, MD",water_level,MSL,metric,NOAA CO-OPS Data API,https://api.tidesandcurrents.noaa.gov/api/prod/datagetter?product=water_level&application=tempo-earth2-workshop&begin_date=20260525&end_date=20260602&datum=MSL&station=8575512&time_zone=gmt&units=metric&interval=6&format=json,0.007,"0,0,0,0",v
2026-05-31 16:30:00+00:00,0.352,8575512,"Annapolis, MD",water_level,MSL,metric,NOAA CO-OPS Data API,https://api.tidesandcurrents.noaa.gov/api/prod/datagetter?product=water_level&application=tempo-earth2-workshop&begin_date=20260525&end_date=20260602&datum=MSL&station=8575512&time_zone=gmt&units=metric&interval=6&format=json,0.007,"0,0,0,0",v
2026-05-31 16:36:00+00:00,0.345,8575512,"Annapolis, MD",water_level,MSL,metric,NOAA CO-OPS Data API,https://api.tidesandcurrents.noaa.gov/api/prod/datagetter?product=water_level&application=tempo-earth2-workshop&begin_date=20260525&end_date=20260602&datum=MSL&station=8575512&time_zone=gmt&units=metric&interval=6&format=json,0.007,"0,0,0,0",v
2026-05-31 16:42:00+00:00,0.35,8575512,"Annapolis, MD",water_level,MSL,metric,NOAA CO-OPS Data API,https://api.tidesandcurrents.noaa.gov/api/prod/datagetter?product=water_level&application=tempo-earth2-workshop&begin_date=20260525&end_date=20260602&datum=MSL&station=8575512&time_zone=gmt&units=metric&interval=6&format=json,0.007,"0,0,0,0",v
2026-05-31 16:48:00+00:00,0.352,8575512,"Annapolis, MD",water_level,MSL,metric,NOAA CO-OPS Data API,https://api.tidesandcurrents.noaa.gov/api/prod/datagetter?product=water_level&application=tempo-earth2-workshop&begin_date=20260525&end_date=20260602&datum=MSL&station=8575512&time_zone=gmt&units=metric&interval=6&format=json,0.007,"0,0,0,0",v
2026-05-31 16:54:00+00:00,0.348,8575512,"Annapolis, MD",water_level,MSL,metric,NOAA CO-OPS Data API,https://api.tidesandcurrents.noaa.gov/api/prod/datagetter?product=water_level&application=tempo-earth2-workshop&begin_date=20260525&end_date=20260602&datum=MSL&station=8575512&time_zone=gmt&units=metric&interval=6&format=json,0.007,"0,0,0,0",v
2026-05-31 17:00:00+00:00,0.349,8575512,"Annapolis, MD",water_level,MSL,metric,NOAA CO-OPS Data API,https://api.tidesandcurrents.noaa.gov/api/prod/datagetter?product=water_level&application=tempo-earth2-workshop&begin_date=20260525&end_date=20260602&datum=MSL&station=8575512&time_zone=gmt&units=metric&interval=6&format=json,0.007,"0,0,0,0",v
2026-05-31 17:06:00+00:00,0.352,8575512,"Annapolis, MD",water_level,MSL,metric,NOAA CO-OPS Data API,https://api.tidesandcurrents.noaa.gov/api/prod/datagetter?product=water_level&application=tempo-earth2-workshop&begin_date=20260525&end_date=20260602&datum=MSL&station=8575512&time_zone=gmt&units=metric&interval=6&format=json,0.007,"0,0,0,0",v
2026-05-31 17:12:00+00:00,0.351,8575512,"Annapolis, MD",water_level,MSL,metric,NOAA CO-OPS Data API,https://api.tidesandcurrents.noaa.gov/api/prod/datagetter?product=water_level&application=tempo-earth2-workshop&begin_date=20260525&end_date=20260602&datum=MSL&station=8575512&time_zone=gmt&units=metric&interval=6&format=json,0.007,"0,0,0,0",v
2026-05-31 17:18:00+00:00,0.35,8575512,"Annapolis, MD",water_level,MSL,metric,NOAA CO-OPS Data API,https://api.tidesandcurrents.noaa.gov/api/prod/datagetter?product=water_level&application=tempo-earth2-workshop&begin_date=20260525&end_date=20260602&datum=MSL&station=8575512&time_zone=gmt&units=metric&interval=6&format=json,0.007,"0,0,0,0",v
2026-05-31 17:24:00+00:00,0.354,8575512,"Annapolis, MD",water_level,MSL,metric,NOAA CO-OPS Data API,https://api.tidesandcurrents.noaa.gov/api/prod/datagetter?product=water_level&application=tempo-earth2-workshop&begin_date=20260525&end_date=20260602&datum=MSL&station=8575512&time_zone=gmt&units=metric&interval=6&format=json,0.007,"0,0,0,0",v
2026-05-31 17:30:00+00:00,0.357,8575512,"Annapolis, MD",water_level,MSL,metric,NOAA CO-OPS Data API,https://api.tidesandcurrents.noaa.gov/api/prod/datagetter?product=water_level&application=tempo-earth2-workshop&begin_date=20260525&end_date=20260602&datum=MSL&station=8575512&time_zone=gmt&units=metric&interval=6&format=json,0.007,"0,0,0,0",v
2026-05-31 17:36:00+00:00,0.352,8575512,"Annapolis, MD",water_level,MSL,metric,NOAA CO-OPS Data API,https://api.tidesandcurrents.noaa.gov/api/prod/datagetter?product=water_level&application=tempo-earth2-workshop&begin_date=20260525&end_date=20260602&datum=MSL&station=8575512&time_zone=gmt&units=metric&interval=6&format=json,0.007,"0,0,0,0",v
2026-05-31 17:42:00+00:00,0.363,8575512,"Annapolis, MD",water_level,MSL,metric,NOAA CO-OPS Data API,https://api.tidesandcurrents.noaa.gov/api/prod/datagetter?product=water_level&application=tempo-earth2-workshop&begin_date=20260525&end_date=20260602&datum=MSL&station=8575512&time_zone=gmt&units=metric&interval=6&format=json,0.007,"0,0,0,0",v
2026-05-31 17:48:00+00:00,0.366,8575512,"Annapolis, MD",water_level,MSL,metric,NOAA CO-OPS Data API,https://api.tidesandcurrents.noaa.gov/api/prod/datagetter?product=water_level&application=tempo-earth2-workshop&begin_date=20260525&end_date=20260602&datum=MSL&station=8575512&time_zone=gmt&units=metric&interval=6&format=json,0.007,"0,0,0,0",v
2026-05-31 17:54:00+00:00,0.373,8575512,"Annapolis, MD",water_level,MSL,metric,NOAA CO-OPS Data API,https://api.tidesandcurrents.noaa.gov/api/prod/datagetter?product=water_level&application=tempo-earth2-workshop&begin_date=20260525&end_date=20260602&datum=MSL&station=8575512&time_zone=gmt&units=metric&interval=6&format=json,0.007,"0,0,0,0",v
2026-05-31 18:00:00+00:00,0.372,8575512,"Annapolis, MD",water_level,MSL,metric,NOAA CO-OPS Data API,https://api.tidesandcurrents.noaa.gov/api/prod/datagetter?product=water_level&application=tempo-earth2-workshop&begin_date=20260525&end_date=20260602&datum=MSL&station=8575512&time_zone=gmt&units=metric&interval=6&format=json,0.007,"0,0,0,0",v
2026-05-31 18:06:00+00:00,0.381,8575512,"Annapolis, MD",water_level,MSL,metric,NOAA CO-OPS Data API,https://api.tidesandcurrents.noaa.gov/api/prod/datagetter?product=water_level&application=tempo-earth2-workshop&begin_date=20260525&end_date=20260602&datum=MSL&station=8575512&time_zone=gmt&units=metric&interval=6&format=json,0.007,"0,0,0,0",v
2026-05-31 18:12:00+00:00,0.377,8575512,"Annapolis, MD",water_level,MSL,metric,NOAA CO-OPS Data API,https://api.tidesandcurrents.noaa.gov/api/prod/datagetter?product=water_level&application=tempo-earth2-workshop&begin_date=20260525&end_date=20260602&datum=MSL&station=8575512&time_zone=gmt&units=metric&interval=6&format=json,0.007,"0,0,0,0",v
2026-05-31 18:18:00+00:00,0.383,8575512,"Annapolis, MD",water_level,MSL,metric,NOAA CO-OPS Data API,https://api.tidesandcurrents.noaa.gov/api/prod/datagetter?product=water_level&application=tempo-earth2-workshop&begin_date=20260525&end_date=20260602&datum=MSL&station=8575512&time_zone=gmt&units=metric&interval=6&format=json,0.007,"0,0,0,0",v
2026-05-31 18:24:00+00:00,0.388,8575512,"Annapolis, MD",water_level,MSL,metric,NOAA CO-OPS Data API,https://api.tidesandcurrents.noaa.gov/api/prod/datagetter?product=water_level&application=tempo-earth2-workshop&begin_date=20260525&end_date=20260602&datum=MSL&station=8575512&time_zone=gmt&units=metric&interval=6&format=json,0.007,"0,0,0,0",v
2026-05-31 18:30:00+00:00,0.391,8575512,"Annapolis, MD",water_level,MSL,metric,NOAA CO-OPS Data API,https://api.tidesandcurrents.noaa.gov/api/prod/datagetter?product=water_level&application=tempo-earth2-workshop&begin_date=20260525&end_date=20260602&datum=MSL&station=8575512&time_zone=gmt&units=metric&interval=6&format=json,0.007,"0,0,0,0",v
2026-05-31 18:36:00+00:00,0.39,8575512,"Annapolis, MD",water_level,MSL,metric,NOAA CO-OPS Data API,https://api.tidesandcurrents.noaa.gov/api/prod/datagetter?product=water_level&application=tempo-earth2-workshop&begin_date=20260525&end_date=20260602&datum=MSL&station=8575512&time_zone=gmt&units=metric&interval=6&format=json,0.007,"0,0,0,0",v
2026-05-31 18:42:00+00:00,0.396,8575512,"Annapolis, MD",water_level,MSL,metric,NOAA CO-OPS Data API,https://api.tidesandcurrents.noaa.gov/api/prod/datagetter?product=water_level&application=tempo-earth2-workshop&begin_date=20260525&end_date=20260602&datum=MSL&station=8575512&time_zone=gmt&units=metric&interval=6&format=json,0.007,"0,0,0,0",v
2026-05-31 18:48:00+00:00,0.399,8575512,"Annapolis, MD",water_level,MSL,metric,NOAA CO-OPS Data API,https://api.tidesandcurrents.noaa.gov/api/prod/datagetter?product=water_level&application=tempo-earth2-workshop&begin_date=20260525&end_date=20260602&datum=MSL&station=8575512&time_zone=gmt&units=metric&interval=6&format=json,0.007,"0,0,0,0",v
2026-05-31 18:54:00+00:00,0.402,8575512,"Annapolis, MD",water_level,MSL,metric,NOAA CO-OPS Data API,https://api.tidesandcurrents.noaa.gov/api/prod/datagetter?product=water_level&application=tempo-earth2-workshop&begin_date=20260525&end_date=20260602&datum=MSL&station=8575512&time_zone=gmt&units=metric&interval=6&format=json,0.007,"0,0,0,0",v
2026-05-31 19:00:00+00:00,0.406,8575512,"Annapolis, MD",water_level,MSL,metric,NOAA CO-OPS Data API,https://api.tidesandcurrents.noaa.gov/api/prod/datagetter?product=water_level&application=tempo-earth2-workshop&begin_date=20260525&end_date=20260602&datum=MSL&station=8575512&time_zone=gmt&units=metric&interval=6&format=json,0.007,"0,0,0,0",v
2026-05-31 19:06:00+00:00,0.414,8575512,"Annapolis, MD",water_level,MSL,metric,NOAA CO-OPS Data API,https://api.tidesandcurrents.noaa.gov/api/prod/datagetter?product=water_level&application=tempo-earth2-workshop&begin_date=20260525&end_date=20260602&datum=MSL&station=8575512&time_zone=gmt&units=metric&interval=6&format=json,0.007,"0,0,0,0",v
2026-05-31 19:12:00+00:00,0.418,8575512,"Annapolis, MD",water_level,MSL,metric,NOAA CO-OPS Data API,https://api.tidesandcurrents.noaa.gov/api/prod/datagetter?product=water_level&application=tempo-earth2-workshop&begin_date=20260525&end_date=20260602&datum=MSL&station=8575512&time_zone=gmt&units=metric&interval=6&format=json,0.007,"0,0,0,0",v
2026-05-31 19:18:00+00:00,0.422,8575512,"Annapolis, MD",water_level,MSL,metric,NOAA CO-OPS Data API,https://api.tidesandcurrents.noaa.gov/api/prod/datagetter?product=water_level&application=tempo-earth2-workshop&begin_date=20260525&end_date=20260602&datum=MSL&station=8575512&time_zone=gmt&units=metric&interval=6&format=json,0.007,"0,0,0,0",v
2026-05-31 19:24:00+00:00,0.43,8575512,"Annapolis, MD",water_level,MSL,metric,NOAA CO-OPS Data API,https://api.tidesandcurrents.noaa.gov/api/prod/datagetter?product=water_level&application=tempo-earth2-workshop&begin_date=20260525&end_date=20260602&datum=MSL&station=8575512&time_zone=gmt&units=metric&interval=6&format=json,0.007,"0,0,0,0",v
2026-05-31 19:30:00+00:00,0.429,8575512,"Annapolis, MD",water_level,MSL,metric,NOAA CO-OPS Data API,https://api.tidesandcurrents.noaa.gov/api/prod/datagetter?product=water_level&application=tempo-earth2-workshop&begin_date=20260525&end_date=20260602&datum=MSL&station=8575512&time_zone=gmt&units=metric&interval=6&format=json,0.007,"0,0,0,0",v
2026-05-31 19:36:00+00:00,0.434,8575512,"Annapolis, MD",water_level,MSL,metric,NOAA CO-OPS Data API,https://api.tidesandcurrents.noaa.gov/api/prod/datagetter?product=water_level&application=tempo-earth2-workshop&begin_date=20260525&end_date=20260602&datum=MSL&station=8575512&time_zone=gmt&units=metric&interval=6&format=json,0.007,"0,0,0,0",v
2026-05-31 19:42:00+00:00,0.433,8575512,"Annapolis, MD",water_level,MSL,metric,NOAA CO-OPS Data API,https://api.tidesandcurrents.noaa.gov/api/prod/datagetter?product=water_level&application=tempo-earth2-workshop&begin_date=20260525&end_date=20260602&datum=MSL&station=8575512&time_zone=gmt&units=metric&interval=6&format=json,0.007,"0,0,0,0",v
2026-05-31 19:48:00+00:00,0.441,8575512,"Annapolis, MD",water_level,MSL,metric,NOAA CO-OPS Data API,https://api.tidesandcurrents.noaa.gov/api/prod/datagetter?product=water_level&application=tempo-earth2-workshop&begin_date=20260525&end_date=20260602&datum=MSL&station=8575512&time_zone=gmt&units=metric&interval=6&format=json,0.007,"0,0,0,0",v
2026-05-31 19:54:00+00:00,0.437,8575512,"Annapolis, MD",water_level,MSL,metric,NOAA CO-OPS Data API,https://api.tidesandcurrents.noaa.gov/api/prod/datagetter?product=water_level&application=tempo-earth2-workshop&begin_date=20260525&end_date=20260602&datum=MSL&station=8575512&time_zone=gmt&units=metric&interval=6&format=json,0.007,"0,0,0,0",v
2026-05-31 20:00:00+00:00,0.444,8575512,"Annapolis, MD",water_level,MSL,metric,NOAA CO-OPS Data API,https://api.tidesandcurrents.noaa.gov/api/prod/datagetter?product=water_level&application=tempo-earth2-workshop&begin_date=20260525&end_date=20260602&datum=MSL&station=8575512&time_zone=gmt&units=metric&interval=6&format=json,0.007,"0,0,0,0",v
2026-05-31 20:06:00+00:00,0.447,8575512,"Annapolis, MD",water_level,MSL,metric,NOAA CO-OPS Data API,https://api.tidesandcurrents.noaa.gov/api/prod/datagetter?product=water_level&application=tempo-earth2-workshop&begin_date=20260525&end_date=20260602&datum=MSL&station=8575512&time_zone=gmt&units=metric&interval=6&format=json,0.007,"0,0,0,0",v
2026-05-31 20:12:00+00:00,0.45,8575512,"Annapolis, MD",water_level,MSL,metric,NOAA CO-OPS Data API,https://api.tidesandcurrents.noaa.gov/api/prod/datagetter?product=water_level&application=tempo-earth2-workshop&begin_date=20260525&end_date=20260602&datum=MSL&station=8575512&time_zone=gmt&units=metric&interval=6&format=json,0.007,"0,0,0,0",v
2026-05-31 20:18:00+00:00,0.451,8575512,"Annapolis, MD",water_level,MSL,metric,NOAA CO-OPS Data API,https://api.tidesandcurrents.noaa.gov/api/prod/datagetter?product=water_level&application=tempo-earth2-workshop&begin_date=20260525&end_date=20260602&datum=MSL&station=8575512&time_zone=gmt&units=metric&interval=6&format=json,0.007,"0,0,0,0",v
2026-05-31 20:24:00+00:00,0.459,8575512,"Annapolis, MD",water_level,MSL,metric,NOAA CO-OPS Data API,https://api.tidesandcurrents.noaa.gov/api/prod/datagetter?product=water_level&application=tempo-earth2-workshop&begin_date=20260525&end_date=20260602&datum=MSL&station=8575512&time_zone=gmt&units=metric&interval=6&format=json,0.007,"0,0,0,0",v
2026-05-31 20:30:00+00:00,0.465,8575512,"Annapolis, MD",water_level,MSL,metric,NOAA CO-OPS Data API,https://api.tidesandcurrents.noaa.gov/api/prod/datagetter?product=water_level&application=tempo-earth2-workshop&begin_date=20260525&end_date=20260602&datum=MSL&station=8575512&time_zone=gmt&units=metric&interval=6&format=json,0.007,"0,0,0,0",v
2026-05-31 20:36:00+00:00,0.467,8575512,"Annapolis, MD",water_level,MSL,metric,NOAA CO-OPS Data API,https://api.tidesandcurrents.noaa.gov/api/prod/datagetter?product=water_level&application=tempo-earth2-workshop&begin_date=20260525&end_date=20260602&datum=MSL&station=8575512&time_zone=gmt&units=metric&interval=6&format=json,0.007,"0,0,0,0",v
2026-05-31 20:42:00+00:00,0.468,8575512,"Annapolis, MD",water_level,MSL,metric,NOAA CO-OPS Data API,https://api.tidesandcurrents.noaa.gov/api/prod/datagetter?product=water_level&application=tempo-earth2-workshop&begin_date=20260525&end_date=20260602&datum=MSL&station=8575512&time_zone=gmt&units=metric&interval=6&format=json,0.007,"0,0,0,0",v
2026-05-31 20:48:00+00:00,0.466,8575512,"Annapolis, MD",water_level,MSL,metric,NOAA CO-OPS Data API,https://api.tidesandcurrents.noaa.gov/api/prod/datagetter?product=water_level&application=tempo-earth2-workshop&begin_date=20260525&end_date=20260602&datum=MSL&station=8575512&time_zone=gmt&units=metric&interval=6&format=json,0.007,"0,0,0,0",v
2026-05-31 20:54:00+00:00,0.457,8575512,"Annapolis, MD",water_level,MSL,metric,NOAA CO-OPS Data API,https://api.tidesandcurrents.noaa.gov/api/prod/datagetter?product=water_level&application=tempo-earth2-workshop&begin_date=20260525&end_date=20260602&datum=MSL&station=8575512&time_zone=gmt&units=metric&interval=6&format=json,0.007,"0,0,0,0",v
2026-05-31 21:00:00+00:00,0.469,8575512,"Annapolis, MD",water_level,MSL,metric,NOAA CO-OPS Data API,https://api.tidesandcurrents.noaa.gov/api/prod/datagetter?product=water_level&application=tempo-earth2-workshop&begin_date=20260525&end_date=20260602&datum=MSL&station=8575512&time_zone=gmt&units=metric&interval=6&format=json,0.007,"0,0,0,0",v
2026-05-31 21:06:00+00:00,0.475,8575512,"Annapolis, MD",water_level,MSL,metric,NOAA CO-OPS Data API,https://api.tidesandcurrents.noaa.gov/api/prod/datagetter?product=water_level&application=tempo-earth2-workshop&begin_date=20260525&end_date=20260602&datum=MSL&station=8575512&time_zone=gmt&units=metric&interval=6&format=json,0.007,"0,0,0,0",v
2026-05-31 21:12:00+00:00,0.472,8575512,"Annapolis, MD",water_level,MSL,metric,NOAA CO-OPS Data API,https://api.tidesandcurrents.noaa.gov/api/prod/datagetter?product=water_level&application=tempo-earth2-workshop&begin_date=20260525&end_date=20260602&datum=MSL&station=8575512&time_zone=gmt&units=metric&interval=6&format=json,0.007,"0,0,0,0",v
2026-05-31 21:18:00+00:00,0.478,8575512,"Annapolis, MD",water_level,MSL,metric,NOAA CO-OPS Data API,https://api.tidesandcurrents.noaa.gov/api/prod/datagetter?product=water_level&application=tempo-earth2-workshop&begin_date=20260525&end_date=20260602&datum=MSL&station=8575512&time_zone=gmt&units=metric&interval=6&format=json,0.007,"0,0,0,0",v
2026-05-31 21:24:00+00:00,0.478,8575512,"Annapolis, MD",water_level,MSL,metric,NOAA CO-OPS Data API,https://api.tidesandcurrents.noaa.gov/api/prod/datagetter?product=water_level&application=tempo-earth2-workshop&begin_date=20260525&end_date=20260602&datum=MSL&station=8575512&time_zone=gmt&units=metric&interval=6&format=json,0.007,"0,0,0,0",v
2026-05-31 21:30:00+00:00,0.475,8575512,"Annapolis, MD",water_level,MSL,metric,NOAA CO-OPS Data API,https://api.tidesandcurrents.noaa.gov/api/prod/datagetter?product=water_level&application=tempo-earth2-workshop&begin_date=20260525&end_date=20260602&datum=MSL&station=8575512&time_zone=gmt&units=metric&interval=6&format=json,0.007,"0,0,0,0",v
2026-05-31 21:36:00+00:00,0.475,8575512,"Annapolis, MD",water_level,MSL,metric,NOAA CO-OPS Data API,https://api.tidesandcurrents.noaa.gov/api/prod/datagetter?product=water_level&application=tempo-earth2-workshop&begin_date=20260525&end_date=20260602&datum=MSL&station=8575512&time_zone=gmt&units=metric&interval=6&format=json,0.007,"0,0,0,0",v
2026-05-31 21:42:00+00:00,0.476,8575512,"Annapolis, MD",water_level,MSL,metric,NOAA CO-OPS Data API,https://api.tidesandcurrents.noaa.gov/api/prod/datagetter?product=water_level&application=tempo-earth2-workshop&begin_date=20260525&end_date=20260602&datum=MSL&station=8575512&time_zone=gmt&units=metric&interval=6&format=json,0.007,"0,0,0,0",v
2026-05-31 21:48:00+00:00,0.479,8575512,"Annapolis, MD",water_level,MSL,metric,NOAA CO-OPS Data API,https://api.tidesandcurrents.noaa.gov/api/prod/datagetter?product=water_level&application=tempo-earth2-workshop&begin_date=20260525&end_date=20260602&datum=MSL&station=8575512&time_zone=gmt&units=metric&interval=6&format=json,0.007,"0,0,0,0",v
2026-05-31 21:54:00+00:00,0.477,8575512,"Annapolis, MD",water_level,MSL,metric,NOAA CO-OPS Data API,https://api.tidesandcurrents.noaa.gov/api/prod/datagetter?product=water_level&application=tempo-earth2-workshop&begin_date=20260525&end_date=20260602&datum=MSL&station=8575512&time_zone=gmt&units=metric&interval=6&format=json,0.007,"0,0,0,0",v
2026-05-31 22:00:00+00:00,0.479,8575512,"Annapolis, MD",water_level,MSL,metric,NOAA CO-OPS Data API,https://api.tidesandcurrents.noaa.gov/api/prod/datagetter?product=water_level&application=tempo-earth2-workshop&begin_date=20260525&end_date=20260602&datum=MSL&station=8575512&time_zone=gmt&units=metric&interval=6&format=json,0.007,"0,0,0,0",v
2026-05-31 22:06:00+00:00,0.478,8575512,"Annapolis, MD",water_level,MSL,metric,NOAA CO-OPS Data API,https://api.tidesandcurrents.noaa.gov/api/prod/datagetter?product=water_level&application=tempo-earth2-workshop&begin_date=20260525&end_date=20260602&datum=MSL&station=8575512&time_zone=gmt&units=metric&interval=6&format=json,0.007,"0,0,0,0",v
2026-05-31 22:12:00+00:00,0.479,8575512,"Annapolis, MD",water_level,MSL,metric,NOAA CO-OPS Data API,https://api.tidesandcurrents.noaa.gov/api/prod/datagetter?product=water_level&application=tempo-earth2-workshop&begin_date=20260525&end_date=20260602&datum=MSL&station=8575512&time_zone=gmt&units=metric&interval=6&format=json,0.007,"0,0,0,0",v
2026-05-31 22:18:00+00:00,0.474,8575512,"Annapolis, MD",water_level,MSL,metric,NOAA CO-OPS Data API,https://api.tidesandcurrents.noaa.gov/api/prod/datagetter?product=water_level&application=tempo-earth2-workshop&begin_date=20260525&end_date=20260602&datum=MSL&station=8575512&time_zone=gmt&units=metric&interval=6&format=json,0.007,"0,0,0,0",v
2026-05-31 22:24:00+00:00,0.471,8575512,"Annapolis, MD",water_level,MSL,metric,NOAA CO-OPS Data API,https://api.tidesandcurrents.noaa.gov/api/prod/datagetter?product=water_level&application=tempo-earth2-workshop&begin_date=20260525&end_date=20260602&datum=MSL&station=8575512&time_zone=gmt&units=metric&interval=6&format=json,0.007,"0,0,0,0",v
2026-05-31 22:30:00+00:00,0.471,8575512,"Annapolis, MD",water_level,MSL,metric,NOAA CO-OPS Data API,https://api.tidesandcurrents.noaa.gov/api/prod/datagetter?product=water_level&application=tempo-earth2-workshop&begin_date=20260525&end_date=20260602&datum=MSL&station=8575512&time_zone=gmt&units=metric&interval=6&format=json,0.007,"0,0,0,0",v
2026-05-31 22:36:00+00:00,0.471,8575512,"Annapolis, MD",water_level,MSL,metric,NOAA CO-OPS Data API,https://api.tidesandcurrents.noaa.gov/api/prod/datagetter?product=water_level&application=tempo-earth2-workshop&begin_date=20260525&end_date=20260602&datum=MSL&station=8575512&time_zone=gmt&units=metric&interval=6&format=json,0.007,"0,0,0,0",v
2026-05-31 22:42:00+00:00,0.472,8575512,"Annapolis, MD",water_level,MSL,metric,NOAA CO-OPS Data API,https://api.tidesandcurrents.noaa.gov/api/prod/datagetter?product=water_level&application=tempo-earth2-workshop&begin_date=20260525&end_date=20260602&datum=MSL&station=8575512&time_zone=gmt&units=metric&interval=6&format=json,0.007,"0,0,0,0",v
2026-05-31 22:48:00+00:00,0.469,8575512,"Annapolis, MD",water_level,MSL,metric,NOAA CO-OPS Data API,https://api.tidesandcurrents.noaa.gov/api/prod/datagetter?product=water_level&application=tempo-earth2-workshop&begin_date=20260525&end_date=20260602&datum=MSL&station=8575512&time_zone=gmt&units=metric&interval=6&format=json,0.007,"0,0,0,0",v
2026-05-31 22:54:00+00:00,0.466,8575512,"Annapolis, MD",water_level,MSL,metric,NOAA CO-OPS Data API,https://api.tidesandcurrents.noaa.gov/api/prod/datagetter?product=water_level&application=tempo-earth2-workshop&begin_date=20260525&end_date=20260602&datum=MSL&station=8575512&time_zone=gmt&units=metric&interval=6&format=json,0.007,"0,0,0,0",v
2026-05-31 23:00:00+00:00,0.46,8575512,"Annapolis, MD",water_level,MSL,metric,NOAA CO-OPS Data API,https://api.tidesandcurrents.noaa.gov/api/prod/datagetter?product=water_level&application=tempo-earth2-workshop&begin_date=20260525&end_date=20260602&datum=MSL&station=8575512&time_zone=gmt&units=metric&interval=6&format=json,0.007,"0,0,0,0",v
2026-05-31 23:06:00+00:00,0.455,8575512,"Annapolis, MD",water_level,MSL,metric,NOAA CO-OPS Data API,https://api.tidesandcurrents.noaa.gov/api/prod/datagetter?product=water_level&application=tempo-earth2-workshop&begin_date=20260525&end_date=20260602&datum=MSL&station=8575512&time_zone=gmt&units=metric&interval=6&format=json,0.007,"0,0,0,0",v
2026-05-31 23:12:00+00:00,0.454,8575512,"Annapolis, MD",water_level,MSL,metric,NOAA CO-OPS Data API,https://api.tidesandcurrents.noaa.gov/api/prod/datagetter?product=water_level&application=tempo-earth2-workshop&begin_date=20260525&end_date=20260602&datum=MSL&station=8575512&time_zone=gmt&units=metric&interval=6&format=json,0.007,"0,0,0,0",v
2026-05-31 23:18:00+00:00,0.452,8575512,"Annapolis, MD",water_level,MSL,metric,NOAA CO-OPS Data API,https://api.tidesandcurrents.noaa.gov/api/prod/datagetter?product=water_level&application=tempo-earth2-workshop&begin_date=20260525&end_date=20260602&datum=MSL&station=8575512&time_zone=gmt&units=metric&interval=6&format=json,0.007,"0,0,0,0",v
2026-05-31 23:24:00+00:00,0.448,8575512,"Annapolis, MD",water_level,MSL,metric,NOAA CO-OPS Data API,https://api.tidesandcurrents.noaa.gov/api/prod/datagetter?product=water_level&application=tempo-earth2-workshop&begin_date=20260525&end_date=20260602&datum=MSL&station=8575512&time_zone=gmt&units=metric&interval=6&format=json,0.007,"0,0,0,0",v
2026-05-31 23:30:00+00:00,0.442,8575512,"Annapolis, MD",water_level,MSL,metric,NOAA CO-OPS Data API,https://api.tidesandcurrents.noaa.gov/api/prod/datagetter?product=water_level&application=tempo-earth2-workshop&begin_date=20260525&end_date=20260602&datum=MSL&station=8575512&time_zone=gmt&units=metric&interval=6&format=json,0.007,"0,0,0,0",v
2026-05-31 23:36:00+00:00,0.436,8575512,"Annapolis, MD",water_level,MSL,metric,NOAA CO-OPS Data API,https://api.tidesandcurrents.noaa.gov/api/prod/datagetter?product=water_level&application=tempo-earth2-workshop&begin_date=20260525&end_date=20260602&datum=MSL&station=8575512&time_zone=gmt&units=metric&interval=6&format=json,0.007,"0,0,0,0",v
2026-05-31 23:42:00+00:00,0.433,8575512,"Annapolis, MD",water_level,MSL,metric,NOAA CO-OPS Data API,https://api.tidesandcurrents.noaa.gov/api/prod/datagetter?product=water_level&application=tempo-earth2-workshop&begin_date=20260525&end_date=20260602&datum=MSL&station=8575512&time_zone=gmt&units=metric&interval=6&format=json,0.007,"0,0,0,0",v
2026-05-31 23:48:00+00:00,0.43,8575512,"Annapolis, MD",water_level,MSL,metric,NOAA CO-OPS Data API,https://api.tidesandcurrents.noaa.gov/api/prod/datagetter?product=water_level&application=tempo-earth2-workshop&begin_date=20260525&end_date=20260602&datum=MSL&station=8575512&time_zone=gmt&units=metric&interval=6&format=json,0.007,"0,0,0,0",v
2026-05-31 23:54:00+00:00,0.429,8575512,"Annapolis, MD",water_level,MSL,metric,NOAA CO-OPS Data API,https://api.tidesandcurrents.noaa.gov/api/prod/datagetter?product=water_level&application=tempo-earth2-workshop&begin_date=20260525&end_date=20260602&datum=MSL&station=8575512&time_zone=gmt&units=metric&interval=6&format=json,0.007,"0,0,0,0",v
2026-06-01 00:00:00+00:00,0.426,8575512,"Annapolis, MD",water_level,MSL,metric,NOAA CO-OPS Data API,https://api.tidesandcurrents.noaa.gov/api/prod/datagetter?product=water_level&application=tempo-earth2-workshop&begin_date=20260525&end_date=20260602&datum=MSL&station=8575512&time_zone=gmt&units=metric&interval=6&format=json,0.023,"0,0,0,0",v
2026-06-01 00:06:00+00:00,0.421,8575512,"Annapolis, MD",water_level,MSL,metric,NOAA CO-OPS Data API,https://api.tidesandcurrents.noaa.gov/api/prod/datagetter?product=water_level&application=tempo-earth2-workshop&begin_date=20260525&end_date=20260602&datum=MSL&station=8575512&time_zone=gmt&units=metric&interval=6&format=json,0.023,"0,0,0,0",v
2026-06-01 00:12:00+00:00,0.419,8575512,"Annapolis, MD",water_level,MSL,metric,NOAA CO-OPS Data API,https://api.tidesandcurrents.noaa.gov/api/prod/datagetter?product=water_level&application=tempo-earth2-workshop&begin_date=20260525&end_date=20260602&datum=MSL&station=8575512&time_zone=gmt&units=metric&interval=6&format=json,0.023,"0,0,0,0",v
2026-06-01 00:18:00+00:00,0.412,8575512,"Annapolis, MD",water_level,MSL,metric,NOAA CO-OPS Data API,https://api.tidesandcurrents.noaa.gov/api/prod/datagetter?product=water_level&application=tempo-earth2-workshop&begin_date=20260525&end_date=20260602&datum=MSL&station=8575512&time_zone=gmt&units=metric&interval=6&format=json,0.023,"0,0,0,0",v
2026-06-01 00:24:00+00:00,0.411,8575512,"Annapolis, MD",water_level,MSL,metric,NOAA CO-OPS Data API,https://api.tidesandcurrents.noaa.gov/api/prod/datagetter?product=water_level&application=tempo-earth2-workshop&begin_date=20260525&end_date=20260602&datum=MSL&station=8575512&time_zone=gmt&units=metric&interval=6&format=json,0.023,"0,0,0,0",v
2026-06-01 00:30:00+00:00,0.402,8575512,"Annapolis, MD",water_level,MSL,metric,NOAA CO-OPS Data API,https://api.tidesandcurrents.noaa.gov/api/prod/datagetter?product=water_level&application=tempo-earth2-workshop&begin_date=20260525&end_date=20260602&datum=MSL&station=8575512&time_zone=gmt&units=metric&interval=6&format=json,0.023,"0,0,0,0",v
2026-06-01 00:36:00+00:00,0.402,8575512,"Annapolis, MD",water_level,MSL,metric,NOAA CO-OPS Data API,https://api.tidesandcurrents.noaa.gov/api/prod/datagetter?product=water_level&application=tempo-earth2-workshop&begin_date=20260525&end_date=20260602&datum=MSL&station=8575512&time_zone=gmt&units=metric&interval=6&format=json,0.023,"0,0,0,0",v
2026-06-01 00:42:00+00:00,0.396,8575512,"Annapolis, MD",water_level,MSL,metric,NOAA CO-OPS Data API,https://api.tidesandcurrents.noaa.gov/api/prod/datagetter?product=water_level&application=tempo-earth2-workshop&begin_date=20260525&end_date=20260602&datum=MSL&station=8575512&time_zone=gmt&units=metric&interval=6&format=json,0.023,"0,0,0,0",v
2026-06-01 00:48:00+00:00,0.386,8575512,"Annapolis, MD",water_level,MSL,metric,NOAA CO-OPS Data API,https://api.tidesandcurrents.noaa.gov/api/prod/datagetter?product=water_level&application=tempo-earth2-workshop&begin_date=20260525&end_date=20260602&datum=MSL&station=8575512&time_zone=gmt&units=metric&interval=6&format=json,0.023,"0,0,0,0",v
2026-06-01 00:54:00+00:00,0.382,8575512,"Annapolis, MD",water_level,MSL,metric,NOAA CO-OPS Data API,https://api.tidesandcurrents.noaa.gov/api/prod/datagetter?product=water_level&application=tempo-earth2-workshop&begin_date=20260525&end_date=20260602&datum=MSL&station=8575512&time_zone=gmt&units=metric&interval=6&format=json,0.023,"0,0,0,0",v
2026-06-01 01:00:00+00:00,0.373,8575512,"Annapolis, MD",water_level,MSL,metric,NOAA CO-OPS Data API,https://api.tidesandcurrents.noaa.gov/api/prod/datagetter?product=water_level&application=tempo-earth2-workshop&begin_date=20260525&end_date=20260602&datum=MSL&station=8575512&time_zone=gmt&units=metric&interval=6&format=json,0.023,"0,0,0,0",v
2026-06-01 01:06:00+00:00,0.368,8575512,"Annapolis, MD",water_level,MSL,metric,NOAA CO-OPS Data API,https://api.tidesandcurrents.noaa.gov/api/prod/datagetter?product=water_level&application=tempo-earth2-workshop&begin_date=20260525&end_date=20260602&datum=MSL&station=8575512&time_zone=gmt&units=metric&interval=6&format=json,0.023,"0,0,0,0",v
2026-06-01 01:12:00+00:00,0.366,8575512,"Annapolis, MD",water_level,MSL,metric,NOAA CO-OPS Data API,https://api.tidesandcurrents.noaa.gov/api/prod/datagetter?product=water_level&application=tempo-earth2-workshop&begin_date=20260525&end_date=20260602&datum=MSL&station=8575512&time_zone=gmt&units=metric&interval=6&format=json,0.023,"0,0,0,0",v
2026-06-01 01:18:00+00:00,0.362,8575512,"Annapolis, MD",water_level,MSL,metric,NOAA CO-OPS Data API,https://api.tidesandcurrents.noaa.gov/api/prod/datagetter?product=water_level&application=tempo-earth2-workshop&begin_date=20260525&end_date=20260602&datum=MSL&station=8575512&time_zone=gmt&units=metric&interval=6&format=json,0.023,"0,0,0,0",v
2026-06-01 01:24:00+00:00,0.358,8575512,"Annapolis, MD",water_level,MSL,metric,NOAA CO-OPS Data API,https://api.tidesandcurrents.noaa.gov/api/prod/datagetter?product=water_level&application=tempo-earth2-workshop&begin_date=20260525&end_date=20260602&datum=MSL&station=8575512&time_zone=gmt&units=metric&interval=6&format=json,0.023,"0,0,0,0",v
2026-06-01 01:30:00+00:00,0.353,8575512,"Annapolis, MD",water_level,MSL,metric,NOAA CO-OPS Data API,https://api.tidesandcurrents.noaa.gov/api/prod/datagetter?product=water_level&application=tempo-earth2-workshop&begin_date=20260525&end_date=20260602&datum=MSL&station=8575512&time_zone=gmt&units=metric&interval=6&format=json,0.023,"0,0,0,0",v
2026-06-01 01:36:00+00:00,0.349,8575512,"Annapolis, MD",water_level,MSL,metric,NOAA CO-OPS Data API,https://api.tidesandcurrents.noaa.gov/api/prod/datagetter?product=water_level&application=tempo-earth2-workshop&begin_date=20260525&end_date=20260602&datum=MSL&station=8575512&time_zone=gmt&units=metric&interval=6&format=json,0.023,"0,0,0,0",v
2026-06-01 01:42:00+00:00,0.344,8575512,"Annapolis, MD",water_level,MSL,metric,NOAA CO-OPS Data API,https://api.tidesandcurrents.noaa.gov/api/prod/datagetter?product=water_level&application=tempo-earth2-workshop&begin_date=20260525&end_date=20260602&datum=MSL&station=8575512&time_zone=gmt&units=metric&interval=6&format=json,0.023,"0,0,0,0",v
2026-06-01 01:48:00+00:00,0.339,8575512,"Annapolis, MD",water_level,MSL,metric,NOAA CO-OPS Data API,https://api.tidesandcurrents.noaa.gov/api/prod/datagetter?product=water_level&application=tempo-earth2-workshop&begin_date=20260525&end_date=20260602&datum=MSL&station=8575512&time_zone=gmt&units=metric&interval=6&format=json,0.023,"0,0,0,0",v
2026-06-01 01:54:00+00:00,0.333,8575512,"Annapolis, MD",water_level,MSL,metric,NOAA CO-OPS Data API,https://api.tidesandcurrents.noaa.gov/api/prod/datagetter?product=water_level&application=tempo-earth2-workshop&begin_date=20260525&end_date=20260602&datum=MSL&station=8575512&time_zone=gmt&units=metric&interval=6&format=json,0.023,"0,0,0,0",v
2026-06-01 02:00:00+00:00,0.327,8575512,"Annapolis, MD",water_level,MSL,metric,NOAA CO-OPS Data API,https://api.tidesandcurrents.noaa.gov/api/prod/datagetter?product=water_level&application=tempo-earth2-workshop&begin_date=20260525&end_date=20260602&datum=MSL&station=8575512&time_zone=gmt&units=metric&interval=6&format=json,0.023,"0,0,0,0",v
2026-06-01 02:06:00+00:00,0.323,8575512,"Annapolis, MD",water_level,MSL,metric,NOAA CO-OPS Data API,https://api.tidesandcurrents.noaa.gov/api/prod/datagetter?product=water_level&application=tempo-earth2-workshop&begin_date=20260525&end_date=20260602&datum=MSL&station=8575512&time_zone=gmt&units=metric&interval=6&format=json,0.023,"0,0,0,0",v
2026-06-01 02:12:00+00:00,0.318,8575512,"Annapolis, MD",water_level,MSL,metric,NOAA CO-OPS Data API,https://api.tidesandcurrents.noaa.gov/api/prod/datagetter?product=water_level&application=tempo-earth2-workshop&begin_date=20260525&end_date=20260602&datum=MSL&station=8575512&time_zone=gmt&units=metric&interval=6&format=json,0.023,"0,0,0,0",v
2026-06-01 02:18:00+00:00,0.315,8575512,"Annapolis, MD",water_level,MSL,metric,NOAA CO-OPS Data API,https://api.tidesandcurrents.noaa.gov/api/prod/datagetter?product=water_level&application=tempo-earth2-workshop&begin_date=20260525&end_date=20260602&datum=MSL&station=8575512&time_zone=gmt&units=metric&interval=6&format=json,0.023,"0,0,0,0",v
2026-06-01 02:24:00+00:00,0.306,8575512,"Annapolis, MD",water_level,MSL,metric,NOAA CO-OPS Data API,https://api.tidesandcurrents.noaa.gov/api/prod/datagetter?product=water_level&application=tempo-earth2-workshop&begin_date=20260525&end_date=20260602&datum=MSL&station=8575512&time_zone=gmt&units=metric&interval=6&format=json,0.023,"0,0,0,0",v
2026-06-01 02:30:00+00:00,0.304,8575512,"Annapolis, MD",water_level,MSL,metric,NOAA CO-OPS Data API,https://api.tidesandcurrents.noaa.gov/api/prod/datagetter?product=water_level&application=tempo-earth2-workshop&begin_date=20260525&end_date=20260602&datum=MSL&station=8575512&time_zone=gmt&units=metric&interval=6&format=json,0.023,"0,0,0,0",v
2026-06-01 02:36:00+00:00,0.301,8575512,"Annapolis, MD",water_level,MSL,metric,NOAA CO-OPS Data API,https://api.tidesandcurrents.noaa.gov/api/prod/datagetter?product=water_level&application=tempo-earth2-workshop&begin_date=20260525&end_date=20260602&datum=MSL&station=8575512&time_zone=gmt&units=metric&interval=6&format=json,0.023,"0,0,0,0",v
2026-06-01 02:42:00+00:00,0.291,8575512,"Annapolis, MD",water_level,MSL,metric,NOAA CO-OPS Data API,https://api.tidesandcurrents.noaa.gov/api/prod/datagetter?product=water_level&application=tempo-earth2-workshop&begin_date=20260525&end_date=20260602&datum=MSL&station=8575512&time_zone=gmt&units=metric&interval=6&format=json,0.023,"0,0,0,0",v
2026-06-01 02:48:00+00:00,0.285,8575512,"Annapolis, MD",water_level,MSL,metric,NOAA CO-OPS Data API,https://api.tidesandcurrents.noaa.gov/api/prod/datagetter?product=water_level&application=tempo-earth2-workshop&begin_date=20260525&end_date=20260602&datum=MSL&station=8575512&time_zone=gmt&units=metric&interval=6&format=json,0.023,"0,0,0,0",v
2026-06-01 02:54:00+00:00,0.279,8575512,"Annapolis, MD",water_level,MSL,metric,NOAA CO-OPS Data API,https://api.tidesandcurrents.noaa.gov/api/prod/datagetter?product=water_level&application=tempo-earth2-workshop&begin_date=20260525&end_date=20260602&datum=MSL&station=8575512&time_zone=gmt&units=metric&interval=6&format=json,0.023,"0,0,0,0",v
2026-06-01 03:00:00+00:00,0.272,8575512,"Annapolis, MD",water_level,MSL,metric,NOAA CO-OPS Data API,https://api.tidesandcurrents.noaa.gov/api/prod/datagetter?product=water_level&application=tempo-earth2-workshop&begin_date=20260525&end_date=20260602&datum=MSL&station=8575512&time_zone=gmt&units=metric&interval=6&format=json,0.023,"0,0,0,0",v
2026-06-01 03:06:00+00:00,0.272,8575512,"Annapolis, MD",water_level,MSL,metric,NOAA CO-OPS Data API,https://api.tidesandcurrents.noaa.gov/api/prod/datagetter?product=water_level&application=tempo-earth2-workshop&begin_date=20260525&end_date=20260602&datum=MSL&station=8575512&time_zone=gmt&units=metric&interval=6&format=json,0.023,"0,0,0,0",v
2026-06-01 03:12:00+00:00,0.269,8575512,"Annapolis, MD",water_level,MSL,metric,NOAA CO-OPS Data API,https://api.tidesandcurrents.noaa.gov/api/prod/datagetter?product=water_level&application=tempo-earth2-workshop&begin_date=20260525&end_date=20260602&datum=MSL&station=8575512&time_zone=gmt&units=metric&interval=6&format=json,0.023,"0,0,0,0",v
2026-06-01 03:18:00+00:00,0.266,8575512,"Annapolis, MD",water_level,MSL,metric,NOAA CO-OPS Data API,https://api.tidesandcurrents.noaa.gov/api/prod/datagetter?product=water_level&application=tempo-earth2-workshop&begin_date=20260525&end_date=20260602&datum=MSL&station=8575512&time_zone=gmt&units=metric&interval=6&format=json,0.023,"0,0,0,0",v
2026-06-01 03:24:00+00:00,0.264,8575512,"Annapolis, MD",water_level,MSL,metric,NOAA CO-OPS Data API,https://api.tidesandcurrents.noaa.gov/api/prod/datagetter?product=water_level&application=tempo-earth2-workshop&begin_date=20260525&end_date=20260602&datum=MSL&station=8575512&time_zone=gmt&units=metric&interval=6&format=json,0.023,"0,0,0,0",v
2026-06-01 03:30:00+00:00,0.266,8575512,"Annapolis, MD",water_level,MSL,metric,NOAA CO-OPS Data API,https://api.tidesandcurrents.noaa.gov/api/prod/datagetter?product=water_level&application=tempo-earth2-workshop&begin_date=20260525&end_date=20260602&datum=MSL&station=8575512&time_zone=gmt&units=metric&interval=6&format=json,0.023,"0,0,0,0",v
2026-06-01 03:36:00+00:00,0.267,8575512,"Annapolis, MD",water_level,MSL,metric,NOAA CO-OPS Data API,https://api.tidesandcurrents.noaa.gov/api/prod/datagetter?product=water_level&application=tempo-earth2-workshop&begin_date=20260525&end_date=20260602&datum=MSL&station=8575512&time_zone=gmt&units=metric&interval=6&format=json,0.023,"0,0,0,0",v
2026-06-01 03:42:00+00:00,0.267,8575512,"Annapolis, MD",water_level,MSL,metric,NOAA CO-OPS Data API,https://api.tidesandcurrents.noaa.gov/api/prod/datagetter?product=water_level&application=tempo-earth2-workshop&begin_date=20260525&end_date=20260602&datum=MSL&station=8575512&time_zone=gmt&units=metric&interval=6&format=json,0.023,"0,0,0,0",v
2026-06-01 03:48:00+00:00,0.265,8575512,"Annapolis, MD",water_level,MSL,metric,NOAA CO-OPS Data API,https://api.tidesandcurrents.noaa.gov/api/prod/datagetter?product=water_level&application=tempo-earth2-workshop&begin_date=20260525&end_date=20260602&datum=MSL&station=8575512&time_zone=gmt&units=metric&interval=6&format=json,0.023,"0,0,0,0",v
2026-06-01 03:54:00+00:00,0.263,8575512,"Annapolis, MD",water_level,MSL,metric,NOAA CO-OPS Data API,https://api.tidesandcurrents.noaa.gov/api/prod/datagetter?product=water_level&application=tempo-earth2-workshop&begin_date=20260525&end_date=20260602&datum=MSL&station=8575512&time_zone=gmt&units=metric&interval=6&format=json,0.023,"0,0,0,0",v
2026-06-01 04:00:00+00:00,0.264,8575512,"Annapolis, MD",water_level,MSL,metric,NOAA CO-OPS Data API,https://api.tidesandcurrents.noaa.gov/api/prod/datagetter?product=water_level&application=tempo-earth2-workshop&begin_date=20260525&end_date=20260602&datum=MSL&station=8575512&time_zone=gmt&units=metric&interval=6&format=json,0.023,"0,0,0,0",v
2026-06-01 04:06:00+00:00,0.267,8575512,"Annapolis, MD",water_level,MSL,metric,NOAA CO-OPS Data API,https://api.tidesandcurrents.noaa.gov/api/prod/datagetter?product=water_level&application=tempo-earth2-workshop&begin_date=20260525&end_date=20260602&datum=MSL&station=8575512&time_zone=gmt&units=metric&interval=6&format=json,0.023,"0,0,0,0",v
2026-06-01 04:12:00+00:00,0.27,8575512,"Annapolis, MD",water_level,MSL,metric,NOAA CO-OPS Data API,https://api.tidesandcurrents.noaa.gov/api/prod/datagetter?product=water_level&application=tempo-earth2-workshop&begin_date=20260525&end_date=20260602&datum=MSL&station=8575512&time_zone=gmt&units=metric&interval=6&format=json,0.023,"0,0,0,0",v
2026-06-01 04:18:00+00:00,0.277,8575512,"Annapolis, MD",water_level,MSL,metric,NOAA CO-OPS Data API,https://api.tidesandcurrents.noaa.gov/api/prod/datagetter?product=water_level&application=tempo-earth2-workshop&begin_date=20260525&end_date=20260602&datum=MSL&station=8575512&time_zone=gmt&units=metric&interval=6&format=json,0.023,"0,0,0,0",v
2026-06-01 04:24:00+00:00,0.281,8575512,"Annapolis, MD",water_level,MSL,metric,NOAA CO-OPS Data API,https://api.tidesandcurrents.noaa.gov/api/prod/datagetter?product=water_level&application=tempo-earth2-workshop&begin_date=20260525&end_date=20260602&datum=MSL&station=8575512&time_zone=gmt&units=metric&interval=6&format=json,0.023,"0,0,0,0",v
2026-06-01 04:30:00+00:00,0.285,8575512,"Annapolis, MD",water_level,MSL,metric,NOAA CO-OPS Data API,https://api.tidesandcurrents.noaa.gov/api/prod/datagetter?product=water_level&application=tempo-earth2-workshop&begin_date=20260525&end_date=20260602&datum=MSL&station=8575512&time_zone=gmt&units=metric&interval=6&format=json,0.023,"0,0,0,0",v
2026-06-01 04:36:00+00:00,0.288,8575512,"Annapolis, MD",water_level,MSL,metric,NOAA CO-OPS Data API,https://api.tidesandcurrents.noaa.gov/api/prod/datagetter?product=water_level&application=tempo-earth2-workshop&begin_date=20260525&end_date=20260602&datum=MSL&station=8575512&time_zone=gmt&units=metric&interval=6&format=json,0.023,"0,0,0,0",v
2026-06-01 04:42:00+00:00,0.295,8575512,"Annapolis, MD",water_level,MSL,metric,NOAA CO-OPS Data API,https://api.tidesandcurrents.noaa.gov/api/prod/datagetter?product=water_level&application=tempo-earth2-workshop&begin_date=20260525&end_date=20260602&datum=MSL&station=8575512&time_zone=gmt&units=metric&interval=6&format=json,0.023,"0,0,0,0",v
2026-06-01 04:48:00+00:00,0.303,8575512,"Annapolis, MD",water_level,MSL,metric,NOAA CO-OPS Data API,https://api.tidesandcurrents.noaa.gov/api/prod/datagetter?product=water_level&application=tempo-earth2-workshop&begin_date=20260525&end_date=20260602&datum=MSL&station=8575512&time_zone=gmt&units=metric&interval=6&format=json,0.023,"0,0,0,0",v
2026-06-01 04:54:00+00:00,0.307,8575512,"Annapolis, MD",water_level,MSL,metric,NOAA CO-OPS Data API,https://api.tidesandcurrents.noaa.gov/api/prod/datagetter?product=water_level&application=tempo-earth2-workshop&begin_date=20260525&end_date=20260602&datum=MSL&station=8575512&time_zone=gmt&units=metric&interval=6&format=json,0.023,"0,0,0,0",v
2026-06-01 05:00:00+00:00,0.316,8575512,"Annapolis, MD",water_level,MSL,metric,NOAA CO-OPS Data API,https://api.tidesandcurrents.noaa.gov/api/prod/datagetter?product=water_level&application=tempo-earth2-workshop&begin_date=20260525&end_date=20260602&datum=MSL&station=8575512&time_zone=gmt&units=metric&interval=6&format=json,0.023,"0,0,0,0",v
2026-06-01 05:06:00+00:00,0.326,8575512,"Annapolis, MD",water_level,MSL,metric,NOAA CO-OPS Data API,https://api.tidesandcurrents.noaa.gov/api/prod/datagetter?product=water_level&application=tempo-earth2-workshop&begin_date=20260525&end_date=20260602&datum=MSL&station=8575512&time_zone=gmt&units=metric&interval=6&format=json,0.023,"0,0,0,0",v
2026-06-01 05:12:00+00:00,0.332,8575512,"Annapolis, MD",water_level,MSL,metric,NOAA CO-OPS Data API,https://api.tidesandcurrents.noaa.gov/api/prod/datagetter?product=water_level&application=tempo-earth2-workshop&begin_date=20260525&end_date=20260602&datum=MSL&station=8575512&time_zone=gmt&units=metric&interval=6&format=json,0.023,"0,0,0,0",v
2026-06-01 05:18:00+00:00,0.342,8575512,"Annapolis, MD",water_level,MSL,metric,NOAA CO-OPS Data API,https://api.tidesandcurrents.noaa.gov/api/prod/datagetter?product=water_level&application=tempo-earth2-workshop&begin_date=20260525&end_date=20260602&datum=MSL&station=8575512&time_zone=gmt&units=metric&interval=6&format=json,0.023,"0,0,0,0",v
2026-06-01 05:24:00+00:00,0.355,8575512,"Annapolis, MD",water_level,MSL,metric,NOAA CO-OPS Data API,https://api.tidesandcurrents.noaa.gov/api/prod/datagetter?product=water_level&application=tempo-earth2-workshop&begin_date=20260525&end_date=20260602&datum=MSL&station=8575512&time_zone=gmt&units=metric&interval=6&format=json,0.023,"0,0,0,0",v
2026-06-01 05:30:00+00:00,0.364,8575512,"Annapolis, MD",water_level,MSL,metric,NOAA CO-OPS Data API,https://api.tidesandcurrents.noaa.gov/api/prod/datagetter?product=water_level&application=tempo-earth2-workshop&begin_date=20260525&end_date=20260602&datum=MSL&station=8575512&time_zone=gmt&units=metric&interval=6&format=json,0.023,"0,0,0,0",v
2026-06-01 05:36:00+00:00,0.371,8575512,"Annapolis, MD",water_level,MSL,metric,NOAA CO-OPS Data API,https://api.tidesandcurrents.noaa.gov/api/prod/datagetter?product=water_level&application=tempo-earth2-workshop&begin_date=20260525&end_date=20260602&datum=MSL&station=8575512&time_zone=gmt&units=metric&interval=6&format=json,0.023,"0,0,0,0",v
2026-06-01 05:42:00+00:00,0.382,8575512,"Annapolis, MD",water_level,MSL,metric,NOAA CO-OPS Data API,https://api.tidesandcurrents.noaa.gov/api/prod/datagetter?product=water_level&application=tempo-earth2-workshop&begin_date=20260525&end_date=20260602&datum=MSL&station=8575512&time_zone=gmt&units=metric&interval=6&format=json,0.023,"0,0,0,0",v
2026-06-01 05:48:00+00:00,0.391,8575512,"Annapolis, MD",water_level,MSL,metric,NOAA CO-OPS Data API,https://api.tidesandcurrents.noaa.gov/api/prod/datagetter?product=water_level&application=tempo-earth2-workshop&begin_date=20260525&end_date=20260602&datum=MSL&station=8575512&time_zone=gmt&units=metric&interval=6&format=json,0.023,"0,0,0,0",v
2026-06-01 05:54:00+00:00,0.391,8575512,"Annapolis, MD",water_level,MSL,metric,NOAA CO-OPS Data API,https://api.tidesandcurrents.noaa.gov/api/prod/datagetter?product=water_level&application=tempo-earth2-workshop&begin_date=20260525&end_date=20260602&datum=MSL&station=8575512&time_zone=gmt&units=metric&interval=6&format=json,0.023,"0,0,0,0",v
2026-06-01 06:00:00+00:00,0.399,8575512,"Annapolis, MD",water_level,MSL,metric,NOAA CO-OPS Data API,https://api.tidesandcurrents.noaa.gov/api/prod/datagetter?product=water_level&application=tempo-earth2-workshop&begin_date=20260525&end_date=20260602&datum=MSL&station=8575512&time_zone=gmt&units=metric&interval=6&format=json,0.023,"0,0,0,0",v
2026-06-01 06:06:00+00:00,0.409,8575512,"Annapolis, MD",water_level,MSL,metric,NOAA CO-OPS Data API,https://api.tidesandcurrents.noaa.gov/api/prod/datagetter?product=water_level&application=tempo-earth2-workshop&begin_date=20260525&end_date=20260602&datum=MSL&station=8575512&time_zone=gmt&units=metric&interval=6&format=json,0.023,"0,0,0,0",v
2026-06-01 06:12:00+00:00,0.425,8575512,"Annapolis, MD",water_level,MSL,metric,NOAA CO-OPS Data API,https://api.tidesandcurrents.noaa.gov/api/prod/datagetter?product=water_level&application=tempo-earth2-workshop&begin_date=20260525&end_date=20260602&datum=MSL&station=8575512&time_zone=gmt&units=metric&interval=6&format=json,0.023,"0,0,0,0",v
2026-06-01 06:18:00+00:00,0.433,8575512,"Annapolis, MD",water_level,MSL,metric,NOAA CO-OPS Data API,https://api.tidesandcurrents.noaa.gov/api/prod/datagetter?product=water_level&application=tempo-earth2-workshop&begin_date=20260525&end_date=20260602&datum=MSL&station=8575512&time_zone=gmt&units=metric&interval=6&format=json,0.023,"0,0,0,0",v
2026-06-01 06:24:00+00:00,0.446,8575512,"Annapolis, MD",water_level,MSL,metric,NOAA CO-OPS Data API,https://api.tidesandcurrents.noaa.gov/api/prod/datagetter?product=water_level&application=tempo-earth2-workshop&begin_date=20260525&end_date=20260602&datum=MSL&station=8575512&time_zone=gmt&units=metric&interval=6&format=json,0.023,"0,0,0,0",v
2026-06-01 06:30:00+00:00,0.456,8575512,"Annapolis, MD",water_level,MSL,metric,NOAA CO-OPS Data API,https://api.tidesandcurrents.noaa.gov/api/prod/datagetter?product=water_level&application=tempo-earth2-workshop&begin_date=20260525&end_date=20260602&datum=MSL&station=8575512&time_zone=gmt&units=metric&interval=6&format=json,0.023,"0,0,0,0",v
2026-06-01 06:36:00+00:00,0.465,8575512,"Annapolis, MD",water_level,MSL,metric,NOAA CO-OPS Data API,https://api.tidesandcurrents.noaa.gov/api/prod/datagetter?product=water_level&application=tempo-earth2-workshop&begin_date=20260525&end_date=20260602&datum=MSL&station=8575512&time_zone=gmt&units=metric&interval=6&format=json,0.023,"0,0,0,0",v
2026-06-01 06:42:00+00:00,0.472,8575512,"Annapolis, MD",water_level,MSL,metric,NOAA CO-OPS Data API,https://api.tidesandcurrents.noaa.gov/api/prod/datagetter?product=water_level&application=tempo-earth2-workshop&begin_date=20260525&end_date=20260602&datum=MSL&station=8575512&time_zone=gmt&units=metric&interval=6&format=json,0.023,"0,0,0,0",v
2026-06-01 06:48:00+00:00,0.487,8575512,"Annapolis, MD",water_level,MSL,metric,NOAA CO-OPS Data API,https://api.tidesandcurrents.noaa.gov/api/prod/datagetter?product=water_level&application=tempo-earth2-workshop&begin_date=20260525&end_date=20260602&datum=MSL&station=8575512&time_zone=gmt&units=metric&interval=6&format=json,0.023,"0,0,0,0",v
2026-06-01 06:54:00+00:00,0.496,8575512,"Annapolis, MD",water_level,MSL,metric,NOAA CO-OPS Data API,https://api.tidesandcurrents.noaa.gov/api/prod/datagetter?product=water_level&application=tempo-earth2-workshop&begin_date=20260525&end_date=20260602&datum=MSL&station=8575512&time_zone=gmt&units=metric&interval=6&format=json,0.023,"0,0,0,0",v
2026-06-01 07:00:00+00:00,0.506,8575512,"Annapolis, MD",water_level,MSL,metric,NOAA CO-OPS Data API,https://api.tidesandcurrents.noaa.gov/api/prod/datagetter?product=water_level&application=tempo-earth2-workshop&begin_date=20260525&end_date=20260602&datum=MSL&station=8575512&time_zone=gmt&units=metric&interval=6&format=json,0.023,"0,0,0,0",v
2026-06-01 07:06:00+00:00,0.512,8575512,"Annapolis, MD",water_level,MSL,metric,NOAA CO-OPS Data API,https://api.tidesandcurrents.noaa.gov/api/prod/datagetter?product=water_level&application=tempo-earth2-workshop&begin_date=20260525&end_date=20260602&datum=MSL&station=8575512&time_zone=gmt&units=metric&interval=6&format=json,0.023,"0,0,0,0",v
2026-06-01 07:12:00+00:00,0.518,8575512,"Annapolis, MD",water_level,MSL,metric,NOAA CO-OPS Data API,https://api.tidesandcurrents.noaa.gov/api/prod/datagetter?product=water_level&application=tempo-earth2-workshop&begin_date=20260525&end_date=20260602&datum=MSL&station=8575512&time_zone=gmt&units=metric&interval=6&format=json,0.023,"0,0,0,0",v
2026-06-01 07:18:00+00:00,0.526,8575512,"Annapolis, MD",water_level,MSL,metric,NOAA CO-OPS Data API,https://api.tidesandcurrents.noaa.gov/api/prod/datagetter?product=water_level&application=tempo-earth2-workshop&begin_date=20260525&end_date=20260602&datum=MSL&station=8575512&time_zone=gmt&units=metric&interval=6&format=json,0.023,"0,0,0,0",v
2026-06-01 07:24:00+00:00,0.533,8575512,"Annapolis, MD",water_level,MSL,metric,NOAA CO-OPS Data API,https://api.tidesandcurrents.noaa.gov/api/prod/datagetter?product=water_level&application=tempo-earth2-workshop&begin_date=20260525&end_date=20260602&datum=MSL&station=8575512&time_zone=gmt&units=metric&interval=6&format=json,0.023,"0,0,0,0",v
2026-06-01 07:30:00+00:00,0.541,8575512,"Annapolis, MD",water_level,MSL,metric,NOAA CO-OPS Data API,https://api.tidesandcurrents.noaa.gov/api/prod/datagetter?product=water_level&application=tempo-earth2-workshop&begin_date=20260525&end_date=20260602&datum=MSL&station=8575512&time_zone=gmt&units=metric&interval=6&format=json,0.023,"0,0,0,0",v
2026-06-01 07:36:00+00:00,0.549,8575512,"Annapolis, MD",water_level,MSL,metric,NOAA CO-OPS Data API,https://api.tidesandcurrents.noaa.gov/api/prod/datagetter?product=water_level&application=tempo-earth2-workshop&begin_date=20260525&end_date=20260602&datum=MSL&station=8575512&time_zone=gmt&units=metric&interval=6&format=json,0.023,"0,0,0,0",v
2026-06-01 07:42:00+00:00,0.555,8575512,"Annapolis, MD",water_level,MSL,metric,NOAA CO-OPS Data API,https://api.tidesandcurrents.noaa.gov/api/prod/datagetter?product=water_level&application=tempo-earth2-workshop&begin_date=20260525&end_date=20260602&datum=MSL&station=8575512&time_zone=gmt&units=metric&interval=6&format=json,0.023,"0,0,0,0",v
2026-06-01 07:48:00+00:00,0.568,8575512,"Annapolis, MD",water_level,MSL,metric,NOAA CO-OPS Data API,https://api.tidesandcurrents.noaa.gov/api/prod/datagetter?product=water_level&application=tempo-earth2-workshop&begin_date=20260525&end_date=20260602&datum=MSL&station=8575512&time_zone=gmt&units=metric&interval=6&format=json,0.023,"0,0,0,0",v
2026-06-01 07:54:00+00:00,0.581,8575512,"Annapolis, MD",water_level,MSL,metric,NOAA CO-OPS Data API,https://api.tidesandcurrents.noaa.gov/api/prod/datagetter?product=water_level&application=tempo-earth2-workshop&begin_date=20260525&end_date=20260602&datum=MSL&station=8575512&time_zone=gmt&units=metric&interval=6&format=json,0.023,"0,0,0,0",v
2026-06-01 08:00:00+00:00,0.584,8575512,"Annapolis, MD",water_level,MSL,metric,NOAA CO-OPS Data API,https://api.tidesandcurrents.noaa.gov/api/prod/datagetter?product=water_level&application=tempo-earth2-workshop&begin_date=20260525&end_date=20260602&datum=MSL&station=8575512&time_zone=gmt&units=metric&interval=6&format=json,0.023,"0,0,0,0",v
2026-06-01 08:06:00+00:00,0.589,8575512,"Annapolis, MD",water_level,MSL,metric,NOAA CO-OPS Data API,https://api.tidesandcurrents.noaa.gov/api/prod/datagetter?product=water_level&application=tempo-earth2-workshop&begin_date=20260525&end_date=20260602&datum=MSL&station=8575512&time_zone=gmt&units=metric&interval=6&format=json,0.023,"0,0,0,0",v
2026-06-01 08:12:00+00:00,0.602,8575512,"Annapolis, MD",water_level,MSL,metric,NOAA CO-OPS Data API,https://api.tidesandcurrents.noaa.gov/api/prod/datagetter?product=water_level&application=tempo-earth2-workshop&begin_date=20260525&end_date=20260602&datum=MSL&station=8575512&time_zone=gmt&units=metric&interval=6&format=json,0.023,"0,0,0,0",v
2026-06-01 08:18:00+00:00,0.613,8575512,"Annapolis, MD",water_level,MSL,metric,NOAA CO-OPS Data API,https://api.tidesandcurrents.noaa.gov/api/prod/datagetter?product=water_level&application=tempo-earth2-workshop&begin_date=20260525&end_date=20260602&datum=MSL&station=8575512&time_zone=gmt&units=metric&interval=6&format=json,0.023,"0,0,0,0",v
2026-06-01 08:24:00+00:00,0.621,8575512,"Annapolis, MD",water_level,MSL,metric,NOAA CO-OPS Data API,https://api.tidesandcurrents.noaa.gov/api/prod/datagetter?product=water_level&application=tempo-earth2-workshop&begin_date=20260525&end_date=20260602&datum=MSL&station=8575512&time_zone=gmt&units=metric&interval=6&format=json,0.023,"0,0,0,0",v
2026-06-01 08:30:00+00:00,0.622,8575512,"Annapolis, MD",water_level,MSL,metric,NOAA CO-OPS Data API,https://api.tidesandcurrents.noaa.gov/api/prod/datagetter?product=water_level&application=tempo-earth2-workshop&begin_date=20260525&end_date=20260602&datum=MSL&station=8575512&time_zone=gmt&units=metric&interval=6&format=json,0.023,"0,0,0,0",v
2026-06-01 08:36:00+00:00,0.632,8575512,"Annapolis, MD",water_level,MSL,metric,NOAA CO-OPS Data API,https://api.tidesandcurrents.noaa.gov/api/prod/datagetter?product=water_level&application=tempo-earth2-workshop&begin_date=20260525&end_date=20260602&datum=MSL&station=8575512&time_zone=gmt&units=metric&interval=6&format=json,0.023,"0,0,0,0",v
2026-06-01 08:42:00+00:00,0.641,8575512,"Annapolis, MD",water_level,MSL,metric,NOAA CO-OPS Data API,https://api.tidesandcurrents.noaa.gov/api/prod/datagetter?product=water_level&application=tempo-earth2-workshop&begin_date=20260525&end_date=20260602&datum=MSL&station=8575512&time_zone=gmt&units=metric&interval=6&format=json,0.023,"0,0,0,0",v
2026-06-01 08:48:00+00:00,0.648,8575512,"Annapolis, MD",water_level,MSL,metric,NOAA CO-OPS Data API,https://api.tidesandcurrents.noaa.gov/api/prod/datagetter?product=water_level&application=tempo-earth2-workshop&begin_date=20260525&end_date=20260602&datum=MSL&station=8575512&time_zone=gmt&units=metric&interval=6&format=json,0.023,"0,0,0,0",v
2026-06-01 08:54:00+00:00,0.652,8575512,"Annapolis, MD",water_level,MSL,metric,NOAA CO-OPS Data API,https://api.tidesandcurrents.noaa.gov/api/prod/datagetter?product=water_level&application=tempo-earth2-workshop&begin_date=20260525&end_date=20260602&datum=MSL&station=8575512&time_zone=gmt&units=metric&interval=6&format=json,0.023,"0,0,0,0",v
2026-06-01 09:00:00+00:00,0.658,8575512,"Annapolis, MD",water_level,MSL,metric,NOAA CO-OPS Data API,https://api.tidesandcurrents.noaa.gov/api/prod/datagetter?product=water_level&application=tempo-earth2-workshop&begin_date=20260525&end_date=20260602&datum=MSL&station=8575512&time_zone=gmt&units=metric&interval=6&format=json,0.023,"0,0,0,0",v
2026-06-01 09:06:00+00:00,0.665,8575512,"Annapolis, MD",water_level,MSL,metric,NOAA CO-OPS Data API,https://api.tidesandcurrents.noaa.gov/api/prod/datagetter?product=water_level&application=tempo-earth2-workshop&begin_date=20260525&end_date=20260602&datum=MSL&station=8575512&time_zone=gmt&units=metric&interval=6&format=json,0.023,"0,0,0,0",v
2026-06-01 09:12:00+00:00,0.675,8575512,"Annapolis, MD",water_level,MSL,metric,NOAA CO-OPS Data API,https://api.tidesandcurrents.noaa.gov/api/prod/datagetter?product=water_level&application=tempo-earth2-workshop&begin_date=20260525&end_date=20260602&datum=MSL&station=8575512&time_zone=gmt&units=metric&interval=6&format=json,0.023,"0,0,0,0",v
2026-06-01 09:18:00+00:00,0.679,8575512,"Annapolis, MD",water_level,MSL,metric,NOAA CO-OPS Data API,https://api.tidesandcurrents.noaa.gov/api/prod/datagetter?product=water_level&application=tempo-earth2-workshop&begin_date=20260525&end_date=20260602&datum=MSL&station=8575512&time_zone=gmt&units=metric&interval=6&format=json,0.023,"0,0,0,0",v
2026-06-01 09:24:00+00:00,0.685,8575512,"Annapolis, MD",water_level,MSL,metric,NOAA CO-OPS Data API,https://api.tidesandcurrents.noaa.gov/api/prod/datagetter?product=water_level&application=tempo-earth2-workshop&begin_date=20260525&end_date=20260602&datum=MSL&station=8575512&time_zone=gmt&units=metric&interval=6&format=json,0.023,"0,0,0,0",v
2026-06-01 09:30:00+00:00,0.687,8575512,"Annapolis, MD",water_level,MSL,metric,NOAA CO-OPS Data API,https://api.tidesandcurrents.noaa.gov/api/prod/datagetter?product=water_level&application=tempo-earth2-workshop&begin_date=20260525&end_date=20260602&datum=MSL&station=8575512&time_zone=gmt&units=metric&interval=6&format=json,0.023,"0,0,0,0",v
2026-06-01 09:36:00+00:00,0.696,8575512,"Annapolis, MD",water_level,MSL,metric,NOAA CO-OPS Data API,https://api.tidesandcurrents.noaa.gov/api/prod/datagetter?product=water_level&application=tempo-earth2-workshop&begin_date=20260525&end_date=20260602&datum=MSL&station=8575512&time_zone=gmt&units=metric&interval=6&format=json,0.023,"0,0,0,0",v
2026-06-01 09:42:00+00:00,0.703,8575512,"Annapolis, MD",water_level,MSL,metric,NOAA CO-OPS Data API,https://api.tidesandcurrents.noaa.gov/api/prod/datagetter?product=water_level&application=tempo-earth2-workshop&begin_date=20260525&end_date=20260602&datum=MSL&station=8575512&time_zone=gmt&units=metric&interval=6&format=json,0.023,"0,0,0,0",v
2026-06-01 09:48:00+00:00,0.708,8575512,"Annapolis, MD",water_level,MSL,metric,NOAA CO-OPS Data API,https://api.tidesandcurrents.noaa.gov/api/prod/datagetter?product=water_level&application=tempo-earth2-workshop&begin_date=20260525&end_date=20260602&datum=MSL&station=8575512&time_zone=gmt&units=metric&interval=6&format=json,0.023,"0,0,0,0",v
2026-06-01 09:54:00+00:00,0.712,8575512,"Annapolis, MD",water_level,MSL,metric,NOAA CO-OPS Data API,https://api.tidesandcurrents.noaa.gov/api/prod/datagetter?product=water_level&application=tempo-earth2-workshop&begin_date=20260525&end_date=20260602&datum=MSL&station=8575512&time_zone=gmt&units=metric&interval=6&format=json,0.023,"0,0,0,0",v
2026-06-01 10:00:00+00:00,0.72,8575512,"Annapolis, MD",water_level,MSL,metric,NOAA CO-OPS Data API,https://api.tidesandcurrents.noaa.gov/api/prod/datagetter?product=water_level&application=tempo-earth2-workshop&begin_date=20260525&end_date=20260602&datum=MSL&station=8575512&time_zone=gmt&units=metric&interval=6&format=json,0.023,"0,0,0,0",v
2026-06-01 10:06:00+00:00,0.726,8575512,"Annapolis, MD",water_level,MSL,metric,NOAA CO-OPS Data API,https://api.tidesandcurrents.noaa.gov/api/prod/datagetter?product=water_level&application=tempo-earth2-workshop&begin_date=20260525&end_date=20260602&datum=MSL&station=8575512&time_zone=gmt&units=metric&interval=6&format=json,0.023,"0,0,0,0",v
2026-06-01 10:12:00+00:00,0.72,8575512,"Annapolis, MD",water_level,MSL,metric,NOAA CO-OPS Data API,https://api.tidesandcurrents.noaa.gov/api/prod/datagetter?product=water_level&application=tempo-earth2-workshop&begin_date=20260525&end_date=20260602&datum=MSL&station=8575512&time_zone=gmt&units=metric&interval=6&format=json,0.023,"0,0,0,0",v
2026-06-01 10:18:00+00:00,0.713,8575512,"Annapolis, MD",water_level,MSL,metric,NOAA CO-OPS Data API,https://api.tidesandcurrents.noaa.gov/api/prod/datagetter?product=water_level&application=tempo-earth2-workshop&begin_date=20260525&end_date=20260602&datum=MSL&station=8575512&time_zone=gmt&units=metric&interval=6&format=json,0.023,"0,0,0,0",v
2026-06-01 10:24:00+00:00,0.716,8575512,"Annapolis, MD",water_level,MSL,metric,NOAA CO-OPS Data API,https://api.tidesandcurrents.noaa.gov/api/prod/datagetter?product=water_level&application=tempo-earth2-workshop&begin_date=20260525&end_date=20260602&datum=MSL&station=8575512&time_zone=gmt&units=metric&interval=6&format=json,0.023,"0,0,0,0",v
2026-06-01 10:30:00+00:00,0.722,8575512,"Annapolis, MD",water_level,MSL,metric,NOAA CO-OPS Data API,https://api.tidesandcurrents.noaa.gov/api/prod/datagetter?product=water_level&application=tempo-earth2-workshop&begin_date=20260525&end_date=20260602&datum=MSL&station=8575512&time_zone=gmt&units=metric&interval=6&format=json,0.023,"0,0,0,0",v
2026-06-01 10:36:00+00:00,0.726,8575512,"Annapolis, MD",water_level,MSL,metric,NOAA CO-OPS Data API,https://api.tidesandcurrents.noaa.gov/api/prod/datagetter?product=water_level&application=tempo-earth2-workshop&begin_date=20260525&end_date=20260602&datum=MSL&station=8575512&time_zone=gmt&units=metric&interval=6&format=json,0.023,"0,0,0,0",v
2026-06-01 10:42:00+00:00,0.723,8575512,"Annapolis, MD",water_level,MSL,metric,NOAA CO-OPS Data API,https://api.tidesandcurrents.noaa.gov/api/prod/datagetter?product=water_level&application=tempo-earth2-workshop&begin_date=20260525&end_date=20260602&datum=MSL&station=8575512&time_zone=gmt&units=metric&interval=6&format=json,0.023,"0,0,0,0",v
2026-06-01 10:48:00+00:00,0.719,8575512,"Annapolis, MD",water_level,MSL,metric,NOAA CO-OPS Data API,https://api.tidesandcurrents.noaa.gov/api/prod/datagetter?product=water_level&application=tempo-earth2-workshop&begin_date=20260525&end_date=20260602&datum=MSL&station=8575512&time_zone=gmt&units=metric&interval=6&format=json,0.023,"0,0,0,0",v
2026-06-01 10:54:00+00:00,0.718,8575512,"Annapolis, MD",water_level,MSL,metric,NOAA CO-OPS Data API,https://api.tidesandcurrents.noaa.gov/api/prod/datagetter?product=water_level&application=tempo-earth2-workshop&begin_date=20260525&end_date=20260602&datum=MSL&station=8575512&time_zone=gmt&units=metric&interval=6&format=json,0.023,"0,0,0,0",v
2026-06-01 11:00:00+00:00,0.713,8575512,"Annapolis, MD",water_level,MSL,metric,NOAA CO-OPS Data API,https://api.tidesandcurrents.noaa.gov/api/prod/datagetter?product=water_level&application=tempo-earth2-workshop&begin_date=20260525&end_date=20260602&datum=MSL&station=8575512&time_zone=gmt&units=metric&interval=6&format=json,0.023,"0,0,0,0",v
2026-06-01 11:06:00+00:00,0.711,8575512,"Annapolis, MD",water_level,MSL,metric,NOAA CO-OPS Data API,https://api.tidesandcurrents.noaa.gov/api/prod/datagetter?product=water_level&application=tempo-earth2-workshop&begin_date=20260525&end_date=20260602&datum=MSL&station=8575512&time_zone=gmt&units=metric&interval=6&format=json,0.023,"0,0,0,0",v
2026-06-01 11:12:00+00:00,0.712,8575512,"Annapolis, MD",water_level,MSL,metric,NOAA CO-OPS Data API,https://api.tidesandcurrents.noaa.gov/api/prod/datagetter?product=water_level&application=tempo-earth2-workshop&begin_date=20260525&end_date=20260602&datum=MSL&station=8575512&time_zone=gmt&units=metric&interval=6&format=json,0.023,"0,0,0,0",v
2026-06-01 11:18:00+00:00,0.708,8575512,"Annapolis, MD",water_level,MSL,metric,NOAA CO-OPS Data API,https://api.tidesandcurrents.noaa.gov/api/prod/datagetter?product=water_level&application=tempo-earth2-workshop&begin_date=20260525&end_date=20260602&datum=MSL&station=8575512&time_zone=gmt&units=metric&interval=6&format=json,0.023,"0,0,0,0",v
2026-06-01 11:24:00+00:00,0.697,8575512,"Annapolis, MD",water_level,MSL,metric,NOAA CO-OPS Data API,https://api.tidesandcurrents.noaa.gov/api/prod/datagetter?product=water_level&application=tempo-earth2-workshop&begin_date=20260525&end_date=20260602&datum=MSL&station=8575512&time_zone=gmt&units=metric&interval=6&format=json,0.023,"0,0,0,0",v
2026-06-01 11:30:00+00:00,0.695,8575512,"Annapolis, MD",water_level,MSL,metric,NOAA CO-OPS Data API,https://api.tidesandcurrents.noaa.gov/api/prod/datagetter?product=water_level&application=tempo-earth2-workshop&begin_date=20260525&end_date=20260602&datum=MSL&station=8575512&time_zone=gmt&units=metric&interval=6&format=json,0.023,"0,0,0,0",v
2026-06-01 11:36:00+00:00,0.69,8575512,"Annapolis, MD",water_level,MSL,metric,NOAA CO-OPS Data API,https://api.tidesandcurrents.noaa.gov/api/prod/datagetter?product=water_level&application=tempo-earth2-workshop&begin_date=20260525&end_date=20260602&datum=MSL&station=8575512&time_zone=gmt&units=metric&interval=6&format=json,0.023,"0,0,0,0",v
2026-06-01 11:42:00+00:00,0.686,8575512,"Annapolis, MD",water_level,MSL,metric,NOAA CO-OPS Data API,https://api.tidesandcurrents.noaa.gov/api/prod/datagetter?product=water_level&application=tempo-earth2-workshop&begin_date=20260525&end_date=20260602&datum=MSL&station=8575512&time_zone=gmt&units=metric&interval=6&format=json,0.023,"0,0,0,0",v
2026-06-01 11:48:00+00:00,0.685,8575512,"Annapolis, MD",water_level,MSL,metric,NOAA CO-OPS Data API,https://api.tidesandcurrents.noaa.gov/api/prod/datagetter?product=water_level&application=tempo-earth2-workshop&begin_date=20260525&end_date=20260602&datum=MSL&station=8575512&time_zone=gmt&units=metric&interval=6&format=json,0.023,"0,0,0,0",v
2026-06-01 11:54:00+00:00,0.677,8575512,"Annapolis, MD",water_level,MSL,metric,NOAA CO-OPS Data API,https://api.tidesandcurrents.noaa.gov/api/prod/datagetter?product=water_level&application=tempo-earth2-workshop&begin_date=20260525&end_date=20260602&datum=MSL&station=8575512&time_zone=gmt&units=metric&interval=6&format=json,0.023,"0,0,0,0",v
2026-06-01 12:00:00+00:00,0.669,8575512,"Annapolis, MD",water_level,MSL,metric,NOAA CO-OPS Data API,https://api.tidesandcurrents.noaa.gov/api/prod/datagetter?product=water_level&application=tempo-earth2-workshop&begin_date=20260525&end_date=20260602&datum=MSL&station=8575512&time_zone=gmt&units=metric&interval=6&format=json,0.023,"0,0,0,0",v
2026-06-01 12:06:00+00:00,0.664,8575512,"Annapolis, MD",water_level,MSL,metric,NOAA CO-OPS Data API,https://api.tidesandcurrents.noaa.gov/api/prod/datagetter?product=water_level&application=tempo-earth2-workshop&begin_date=20260525&end_date=20260602&datum=MSL&station=8575512&time_zone=gmt&units=metric&interval=6&format=json,0.023,"0,0,0,0",v
2026-06-01 12:12:00+00:00,0.655,8575512,"Annapolis, MD",water_level,MSL,metric,NOAA CO-OPS Data API,https://api.tidesandcurrents.noaa.gov/api/prod/datagetter?product=water_level&application=tempo-earth2-workshop&begin_date=20260525&end_date=20260602&datum=MSL&station=8575512&time_zone=gmt&units=metric&interval=6&format=json,0.023,"0,0,0,0",v
2026-06-01 12:18:00+00:00,0.645,8575512,"Annapolis, MD",water_level,MSL,metric,NOAA CO-OPS Data API,https://api.tidesandcurrents.noaa.gov/api/prod/datagetter?product=water_level&application=tempo-earth2-workshop&begin_date=20260525&end_date=20260602&datum=MSL&station=8575512&time_zone=gmt&units=metric&interval=6&format=json,0.023,"0,0,0,0",v
2026-06-01 12:24:00+00:00,0.641,8575512,"Annapolis, MD",water_level,MSL,metric,NOAA CO-OPS Data API,https://api.tidesandcurrents.noaa.gov/api/prod/datagetter?product=water_level&application=tempo-earth2-workshop&begin_date=20260525&end_date=20260602&datum=MSL&station=8575512&time_zone=gmt&units=metric&interval=6&format=json,0.023,"0,0,0,0",v
2026-06-01 12:30:00+00:00,0.635,8575512,"Annapolis, MD",water_level,MSL,metric,NOAA CO-OPS Data API,https://api.tidesandcurrents.noaa.gov/api/prod/datagetter?product=water_level&application=tempo-earth2-workshop&begin_date=20260525&end_date=20260602&datum=MSL&station=8575512&time_zone=gmt&units=metric&interval=6&format=json,0.023,"0,0,0,0",v
2026-06-01 12:36:00+00:00,0.626,8575512,"Annapolis, MD",water_level,MSL,metric,NOAA CO-OPS Data API,https://api.tidesandcurrents.noaa.gov/api/prod/datagetter?product=water_level&application=tempo-earth2-workshop&begin_date=20260525&end_date=20260602&datum=MSL&station=8575512&time_zone=gmt&units=metric&interval=6&format=json,0.023,"0,0,0,0",v
2026-06-01 12:42:00+00:00,0.623,8575512,"Annapolis, MD",water_level,MSL,metric,NOAA CO-OPS Data API,https://api.tidesandcurrents.noaa.gov/api/prod/datagetter?product=water_level&application=tempo-earth2-workshop&begin_date=20260525&end_date=20260602&datum=MSL&station=8575512&time_zone=gmt&units=metric&interval=6&format=json,0.023,"0,0,0,0",v
2026-06-01 12:48:00+00:00,0.615,8575512,"Annapolis, MD",water_level,MSL,metric,NOAA CO-OPS Data API,https://api.tidesandcurrents.noaa.gov/api/prod/datagetter?product=water_level&application=tempo-earth2-workshop&begin_date=20260525&end_date=20260602&datum=MSL&station=8575512&time_zone=gmt&units=metric&interval=6&format=json,0.023,"0,0,0,0",v
2026-06-01 12:54:00+00:00,0.607,8575512,"Annapolis, MD",water_level,MSL,metric,NOAA CO-OPS Data API,https://api.tidesandcurrents.noaa.gov/api/prod/datagetter?product=water_level&application=tempo-earth2-workshop&begin_date=20260525&end_date=20260602&datum=MSL&station=8575512&time_zone=gmt&units=metric&interval=6&format=json,0.023,"0,0,0,0",v
2026-06-01 13:00:00+00:00,0.598,8575512,"Annapolis, MD",water_level,MSL,metric,NOAA CO-OPS Data API,https://api.tidesandcurrents.noaa.gov/api/prod/datagetter?product=water_level&application=tempo-earth2-workshop&begin_date=20260525&end_date=20260602&datum=MSL&station=8575512&time_zone=gmt&units=metric&interval=6&format=json,0.023,"0,0,0,0",v
2026-06-01 13:06:00+00:00,0.592,8575512,"Annapolis, MD",water_level,MSL,metric,NOAA CO-OPS Data API,https://api.tidesandcurrents.noaa.gov/api/prod/datagetter?product=water_level&application=tempo-earth2-workshop&begin_date=20260525&end_date=20260602&datum=MSL&station=8575512&time_zone=gmt&units=metric&interval=6&format=json,0.023,"0,0,0,0",v
2026-06-01 13:12:00+00:00,0.584,8575512,"Annapolis, MD",water_level,MSL,metric,NOAA CO-OPS Data API,https://api.tidesandcurrents.noaa.gov/api/prod/datagetter?product=water_level&application=tempo-earth2-workshop&begin_date=20260525&end_date=20260602&datum=MSL&station=8575512&time_zone=gmt&units=metric&interval=6&format=json,0.023,"0,0,0,0",v
2026-06-01 13:18:00+00:00,0.58,8575512,"Annapolis, MD",water_level,MSL,metric,NOAA CO-OPS Data API,https://api.tidesandcurrents.noaa.gov/api/prod/datagetter?product=water_level&application=tempo-earth2-workshop&begin_date=20260525&end_date=20260602&datum=MSL&station=8575512&time_zone=gmt&units=metric&interval=6&format=json,0.023,"0,0,0,0",v
2026-06-01 13:24:00+00:00,0.575,8575512,"Annapolis, MD",water_level,MSL,metric,NOAA CO-OPS Data API,https://api.tidesandcurrents.noaa.gov/api/prod/datagetter?product=water_level&application=tempo-earth2-workshop&begin_date=20260525&end_date=20260602&datum=MSL&station=8575512&time_zone=gmt&units=metric&interval=6&format=json,0.023,"0,0,0,0",v
2026-06-01 13:30:00+00:00,0.566,8575512,"Annapolis, MD",water_level,MSL,metric,NOAA CO-OPS Data API,https://api.tidesandcurrents.noaa.gov/api/prod/datagetter?product=water_level&application=tempo-earth2-workshop&begin_date=20260525&end_date=20260602&datum=MSL&station=8575512&time_zone=gmt&units=metric&interval=6&format=json,0.023,"0,0,0,0",v
2026-06-01 13:36:00+00:00,0.557,8575512,"Annapolis, MD",water_level,MSL,metric,NOAA CO-OPS Data API,https://api.tidesandcurrents.noaa.gov/api/prod/datagetter?product=water_level&application=tempo-earth2-workshop&begin_date=20260525&end_date=20260602&datum=MSL&station=8575512&time_zone=gmt&units=metric&interval=6&format=json,0.023,"0,0,0,0",v
2026-06-01 13:42:00+00:00,0.549,8575512,"Annapolis, MD",water_level,MSL,metric,NOAA CO-OPS Data API,https://api.tidesandcurrents.noaa.gov/api/prod/datagetter?product=water_level&application=tempo-earth2-workshop&begin_date=20260525&end_date=20260602&datum=MSL&station=8575512&time_zone=gmt&units=metric&interval=6&format=json,0.023,"0,0,0,0",v
2026-06-01 13:48:00+00:00,0.54,8575512,"Annapolis, MD",water_level,MSL,metric,NOAA CO-OPS Data API,https://api.tidesandcurrents.noaa.gov/api/prod/datagetter?product=water_level&application=tempo-earth2-workshop&begin_date=20260525&end_date=20260602&datum=MSL&station=8575512&time_zone=gmt&units=metric&interval=6&format=json,0.023,"0,0,0,0",v
2026-06-01 13:54:00+00:00,0.532,8575512,"Annapolis, MD",water_level,MSL,metric,NOAA CO-OPS Data API,https://api.tidesandcurrents.noaa.gov/api/prod/datagetter?product=water_level&application=tempo-earth2-workshop&begin_date=20260525&end_date=20260602&datum=MSL&station=8575512&time_zone=gmt&units=metric&interval=6&format=json,0.023,"0,0,0,0",v
2026-06-01 14:00:00+00:00,0.522,8575512,"Annapolis, MD",water_level,MSL,metric,NOAA CO-OPS Data API,https://api.tidesandcurrents.noaa.gov/api/prod/datagetter?product=water_level&application=tempo-earth2-workshop&begin_date=20260525&end_date=20260602&datum=MSL&station=8575512&time_zone=gmt&units=metric&interval=6&format=json,0.023,"0,0,0,0",v
2026-06-01 14:06:00+00:00,0.516,8575512,"Annapolis, MD",water_level,MSL,metric,NOAA CO-OPS Data API,https://api.tidesandcurrents.noaa.gov/api/prod/datagetter?product=water_level&application=tempo-earth2-workshop&begin_date=20260525&end_date=20260602&datum=MSL&station=8575512&time_zone=gmt&units=metric&interval=6&format=json,0.023,"0,0,0,0",v
2026-06-01 14:12:00+00:00,0.506,8575512,"Annapolis, MD",water_level,MSL,metric,NOAA CO-OPS Data API,https://api.tidesandcurrents.noaa.gov/api/prod/datagetter?product=water_level&application=tempo-earth2-workshop&begin_date=20260525&end_date=20260602&datum=MSL&station=8575512&time_zone=gmt&units=metric&interval=6&format=json,0.023,"0,0,0,0",v
2026-06-01 14:18:00+00:00,0.496,8575512,"Annapolis, MD",water_level,MSL,metric,NOAA CO-OPS Data API,https://api.tidesandcurrents.noaa.gov/api/prod/datagetter?product=water_level&application=tempo-earth2-workshop&begin_date=20260525&end_date=20260602&datum=MSL&station=8575512&time_zone=gmt&units=metric&interval=6&format=json,0.023,"0,0,0,0",v
2026-06-01 14:24:00+00:00,0.492,8575512,"Annapolis, MD",water_level,MSL,metric,NOAA CO-OPS Data API,https://api.tidesandcurrents.noaa.gov/api/prod/datagetter?product=water_level&application=tempo-earth2-workshop&begin_date=20260525&end_date=20260602&datum=MSL&station=8575512&time_zone=gmt&units=metric&interval=6&format=json,0.023,"0,0,0,0",v
2026-06-01 14:30:00+00:00,0.484,8575512,"Annapolis, MD",water_level,MSL,metric,NOAA CO-OPS Data API,https://api.tidesandcurrents.noaa.gov/api/prod/datagetter?product=water_level&application=tempo-earth2-workshop&begin_date=20260525&end_date=20260602&datum=MSL&station=8575512&time_zone=gmt&units=metric&interval=6&format=json,0.023,"0,0,0,0",v
2026-06-01 14:36:00+00:00,0.472,8575512,"Annapolis, MD",water_level,MSL,metric,NOAA CO-OPS Data API,https://api.tidesandcurrents.noaa.gov/api/prod/datagetter?product=water_level&application=tempo-earth2-workshop&begin_date=20260525&end_date=20260602&datum=MSL&station=8575512&time_zone=gmt&units=metric&interval=6&format=json,0.023,"0,0,0,0",v
2026-06-01 14:42:00+00:00,0.465,8575512,"Annapolis, MD",water_level,MSL,metric,NOAA CO-OPS Data API,https://api.tidesandcurrents.noaa.gov/api/prod/datagetter?product=water_level&application=tempo-earth2-workshop&begin_date=20260525&end_date=20260602&datum=MSL&station=8575512&time_zone=gmt&units=metric&interval=6&format=json,0.023,"0,0,0,0",v
2026-06-01 14:48:00+00:00,0.465,8575512,"Annapolis, MD",water_level,MSL,metric,NOAA CO-OPS Data API,https://api.tidesandcurrents.noaa.gov/api/prod/datagetter?product=water_level&application=tempo-earth2-workshop&begin_date=20260525&end_date=20260602&datum=MSL&station=8575512&time_zone=gmt&units=metric&interval=6&format=json,0.023,"0,0,0,0",v
2026-06-01 14:54:00+00:00,0.458,8575512,"Annapolis, MD",water_level,MSL,metric,NOAA CO-OPS Data API,https://api.tidesandcurrents.noaa.gov/api/prod/datagetter?product=water_level&application=tempo-earth2-workshop&begin_date=20260525&end_date=20260602&datum=MSL&station=8575512&time_zone=gmt&units=metric&interval=6&format=json,0.023,"0,0,0,0",v
2026-06-01 15:00:00+00:00,0.45,8575512,"Annapolis, MD",water_level,MSL,metric,NOAA CO-OPS Data API,https://api.tidesandcurrents.noaa.gov/api/prod/datagetter?product=water_level&application=tempo-earth2-workshop&begin_date=20260525&end_date=20260602&datum=MSL&station=8575512&time_zone=gmt&units=metric&interval=6&format=json,0.023,"0,0,0,0",v
2026-06-01 15:06:00+00:00,0.446,8575512,"Annapolis, MD",water_level,MSL,metric,NOAA CO-OPS Data API,https://api.tidesandcurrents.noaa.gov/api/prod/datagetter?product=water_level&application=tempo-earth2-workshop&begin_date=20260525&end_date=20260602&datum=MSL&station=8575512&time_zone=gmt&units=metric&interval=6&format=json,0.023,"0,0,0,0",v
2026-06-01 15:12:00+00:00,0.432,8575512,"Annapolis, MD",water_level,MSL,metric,NOAA CO-OPS Data API,https://api.tidesandcurrents.noaa.gov/api/prod/datagetter?product=water_level&application=tempo-earth2-workshop&begin_date=20260525&end_date=20260602&datum=MSL&station=8575512&time_zone=gmt&units=metric&interval=6&format=json,0.023,"0,0,0,0",v
2026-06-01 15:18:00+00:00,0.418,8575512,"Annapolis, MD",water_level,MSL,metric,NOAA CO-OPS Data API,https://api.tidesandcurrents.noaa.gov/api/prod/datagetter?product=water_level&application=tempo-earth2-workshop&begin_date=20260525&end_date=20260602&datum=MSL&station=8575512&time_zone=gmt&units=metric&interval=6&format=json,0.023,"0,0,0,0",v
2026-06-01 15:24:00+00:00,0.41,8575512,"Annapolis, MD",water_level,MSL,metric,NOAA CO-OPS Data API,https://api.tidesandcurrents.noaa.gov/api/prod/datagetter?product=water_level&application=tempo-earth2-workshop&begin_date=20260525&end_date=20260602&datum=MSL&station=8575512&time_zone=gmt&units=metric&interval=6&format=json,0.023,"0,0,0,0",v
2026-06-01 15:30:00+00:00,0.398,8575512,"Annapolis, MD",water_level,MSL,metric,NOAA CO-OPS Data API,https://api.tidesandcurrents.noaa.gov/api/prod/datagetter?product=water_level&application=tempo-earth2-workshop&begin_date=20260525&end_date=20260602&datum=MSL&station=8575512&time_zone=gmt&units=metric&interval=6&format=json,0.023,"0,0,0,0",v
2026-06-01 15:36:00+00:00,0.39,8575512,"Annapolis, MD",water_level,MSL,metric,NOAA CO-OPS Data API,https://api.tidesandcurrents.noaa.gov/api/prod/datagetter?product=water_level&application=tempo-earth2-workshop&begin_date=20260525&end_date=20260602&datum=MSL&station=8575512&time_zone=gmt&units=metric&interval=6&format=json,0.023,"0,0,0,0",v
2026-06-01 15:42:00+00:00,0.375,8575512,"Annapolis, MD",water_level,MSL,metric,NOAA CO-OPS Data API,https://api.tidesandcurrents.noaa.gov/api/prod/datagetter?product=water_level&application=tempo-earth2-workshop&begin_date=20260525&end_date=20260602&datum=MSL&station=8575512&time_zone=gmt&units=metric&interval=6&format=json,0.023,"0,0,0,0",v
2026-06-01 15:48:00+00:00,0.37,8575512,"Annapolis, MD",water_level,MSL,metric,NOAA CO-OPS Data API,https://api.tidesandcurrents.noaa.gov/api/prod/datagetter?product=water_level&application=tempo-earth2-workshop&begin_date=20260525&end_date=20260602&datum=MSL&station=8575512&time_zone=gmt&units=metric&interval=6&format=json,0.023,"0,0,0,0",v
2026-06-01 15:54:00+00:00,0.357,8575512,"Annapolis, MD",water_level,MSL,metric,NOAA CO-OPS Data API,https://api.tidesandcurrents.noaa.gov/api/prod/datagetter?product=water_level&application=tempo-earth2-workshop&begin_date=20260525&end_date=20260602&datum=MSL&station=8575512&time_zone=gmt&units=metric&interval=6&format=json,0.023,"0,0,0,0",v
2026-06-01 16:00:00+00:00,0.351,8575512,"Annapolis, MD",water_level,MSL,metric,NOAA CO-OPS Data API,https://api.tidesandcurrents.noaa.gov/api/prod/datagetter?product=water_level&application=tempo-earth2-workshop&begin_date=20260525&end_date=20260602&datum=MSL&station=8575512&time_zone=gmt&units=metric&interval=6&format=json,0.023,"0,0,0,0",v
2026-06-01 16:06:00+00:00,0.343,8575512,"Annapolis, MD",water_level,MSL,metric,NOAA CO-OPS Data API,https://api.tidesandcurrents.noaa.gov/api/prod/datagetter?product=water_level&application=tempo-earth2-workshop&begin_date=20260525&end_date=20260602&datum=MSL&station=8575512&time_zone=gmt&units=metric&interval=6&format=json,0.023,"0,0,0,0",v
2026-06-01 16:12:00+00:00,0.335,8575512,"Annapolis, MD",water_level,MSL,metric,NOAA CO-OPS Data API,https://api.tidesandcurrents.noaa.gov/api/prod/datagetter?product=water_level&application=tempo-earth2-workshop&begin_date=20260525&end_date=20260602&datum=MSL&station=8575512&time_zone=gmt&units=metric&interval=6&format=json,0.023,"0,0,0,0",v
2026-06-01 16:18:00+00:00,0.328,8575512,"Annapolis, MD",water_level,MSL,metric,NOAA CO-OPS Data API,https://api.tidesandcurrents.noaa.gov/api/prod/datagetter?product=water_level&application=tempo-earth2-workshop&begin_date=20260525&end_date=20260602&datum=MSL&station=8575512&time_zone=gmt&units=metric&interval=6&format=json,0.023,"0,0,0,0",v
2026-06-01 16:24:00+00:00,0.317,8575512,"Annapolis, MD",water_level,MSL,metric,NOAA CO-OPS Data API,https://api.tidesandcurrents.noaa.gov/api/prod/datagetter?product=water_level&application=tempo-earth2-workshop&begin_date=20260525&end_date=20260602&datum=MSL&station=8575512&time_zone=gmt&units=metric&interval=6&format=json,0.023,"0,0,0,0",v
2026-06-01 16:30:00+00:00,0.308,8575512,"Annapolis, MD",water_level,MSL,metric,NOAA CO-OPS Data API,https://api.tidesandcurrents.noaa.gov/api/prod/datagetter?product=water_level&application=tempo-earth2-workshop&begin_date=20260525&end_date=20260602&datum=MSL&station=8575512&time_zone=gmt&units=metric&interval=6&format=json,0.023,"0,0,0,0",v
2026-06-01 16:36:00+00:00,0.297,8575512,"Annapolis, MD",water_level,MSL,metric,NOAA CO-OPS Data API,https://api.tidesandcurrents.noaa.gov/api/prod/datagetter?product=water_level&application=tempo-earth2-workshop&begin_date=20260525&end_date=20260602&datum=MSL&station=8575512&time_zone=gmt&units=metric&interval=6&format=json,0.023,"0,0,0,0",v
2026-06-01 16:42:00+00:00,0.291,8575512,"Annapolis, MD",water_level,MSL,metric,NOAA CO-OPS Data API,https://api.tidesandcurrents.noaa.gov/api/prod/datagetter?product=water_level&application=tempo-earth2-workshop&begin_date=20260525&end_date=20260602&datum=MSL&station=8575512&time_zone=gmt&units=metric&interval=6&format=json,0.023,"0,0,0,0",v
2026-06-01 16:48:00+00:00,0.283,8575512,"Annapolis, MD",water_level,MSL,metric,NOAA CO-OPS Data API,https://api.tidesandcurrents.noaa.gov/api/prod/datagetter?product=water_level&application=tempo-earth2-workshop&begin_date=20260525&end_date=20260602&datum=MSL&station=8575512&time_zone=gmt&units=metric&interval=6&format=json,0.023,"0,0,0,0",v
2026-06-01 16:54:00+00:00,0.275,8575512,"Annapolis, MD",water_level,MSL,metric,NOAA CO-OPS Data API,https://api.tidesandcurrents.noaa.gov/api/prod/datagetter?product=water_level&application=tempo-earth2-workshop&begin_date=20260525&end_date=20260602&datum=MSL&station=8575512&time_zone=gmt&units=metric&interval=6&format=json,0.023,"0,0,0,0",v
2026-06-01 17:00:00+00:00,0.269,8575512,"Annapolis, MD",water_level,MSL,metric,NOAA CO-OPS Data API,https://api.tidesandcurrents.noaa.gov/api/prod/datagetter?product=water_level&application=tempo-earth2-workshop&begin_date=20260525&end_date=20260602&datum=MSL&station=8575512&time_zone=gmt&units=metric&interval=6&format=json,0.023,"0,0,0,0",v
2026-06-01 17:06:00+00:00,0.262,8575512,"Annapolis, MD",water_level,MSL,metric,NOAA CO-OPS Data API,https://api.tidesandcurrents.noaa.gov/api/prod/datagetter?product=water_level&application=tempo-earth2-workshop&begin_date=20260525&end_date=20260602&datum=MSL&station=8575512&time_zone=gmt&units=metric&interval=6&format=json,0.023,"0,0,0,0",v
2026-06-01 17:12:00+00:00,0.254,8575512,"Annapolis, MD",water_level,MSL,metric,NOAA CO-OPS Data API,https://api.tidesandcurrents.noaa.gov/api/prod/datagetter?product=water_level&application=tempo-earth2-workshop&begin_date=20260525&end_date=20260602&datum=MSL&station=8575512&time_zone=gmt&units=metric&interval=6&format=json,0.023,"0,0,0,0",v
2026-06-01 17:18:00+00:00,0.243,8575512,"Annapolis, MD",water_level,MSL,metric,NOAA CO-OPS Data API,https://api.tidesandcurrents.noaa.gov/api/prod/datagetter?product=water_level&application=tempo-earth2-workshop&begin_date=20260525&end_date=20260602&datum=MSL&station=8575512&time_zone=gmt&units=metric&interval=6&format=json,0.023,"0,0,0,0",v
2026-06-01 17:24:00+00:00,0.241,8575512,"Annapolis, MD",water_level,MSL,metric,NOAA CO-OPS Data API,https://api.tidesandcurrents.noaa.gov/api/prod/datagetter?product=water_level&application=tempo-earth2-workshop&begin_date=20260525&end_date=20260602&datum=MSL&station=8575512&time_zone=gmt&units=metric&interval=6&format=json,0.023,"0,0,0,0",v
2026-06-01 17:30:00+00:00,0.236,8575512,"Annapolis, MD",water_level,MSL,metric,NOAA CO-OPS Data API,https://api.tidesandcurrents.noaa.gov/api/prod/datagetter?product=water_level&application=tempo-earth2-workshop&begin_date=20260525&end_date=20260602&datum=MSL&station=8575512&time_zone=gmt&units=metric&interval=6&format=json,0.023,"0,0,0,0",v
2026-06-01 17:36:00+00:00,0.232,8575512,"Annapolis, MD",water_level,MSL,metric,NOAA CO-OPS Data API,https://api.tidesandcurrents.noaa.gov/api/prod/datagetter?product=water_level&application=tempo-earth2-workshop&begin_date=20260525&end_date=20260602&datum=MSL&station=8575512&time_zone=gmt&units=metric&interval=6&format=json,0.023,"0,0,0,0",v
2026-06-01 17:42:00+00:00,0.228,8575512,"Annapolis, MD",water_level,MSL,metric,NOAA CO-OPS Data API,https://api.tidesandcurrents.noaa.gov/api/prod/datagetter?product=water_level&application=tempo-earth2-workshop&begin_date=20260525&end_date=20260602&datum=MSL&station=8575512&time_zone=gmt&units=metric&interval=6&format=json,0.023,"0,0,0,0",v
2026-06-01 17:48:00+00:00,0.226,8575512,"Annapolis, MD",water_level,MSL,metric,NOAA CO-OPS Data API,https://api.tidesandcurrents.noaa.gov/api/prod/datagetter?product=water_level&application=tempo-earth2-workshop&begin_date=20260525&end_date=20260602&datum=MSL&station=8575512&time_zone=gmt&units=metric&interval=6&format=json,0.023,"0,0,0,0",v
2026-06-01 17:54:00+00:00,0.223,8575512,"Annapolis, MD",water_level,MSL,metric,NOAA CO-OPS Data API,https://api.tidesandcurrents.noaa.gov/api/prod/datagetter?product=water_level&application=tempo-earth2-workshop&begin_date=20260525&end_date=20260602&datum=MSL&station=8575512&time_zone=gmt&units=metric&interval=6&format=json,0.023,"0,0,0,0",v
2026-06-01 18:00:00+00:00,0.225,8575512,"Annapolis, MD",water_level,MSL,metric,NOAA CO-OPS Data API,https://api.tidesandcurrents.noaa.gov/api/prod/datagetter?product=water_level&application=tempo-earth2-workshop&begin_date=20260525&end_date=20260602&datum=MSL&station=8575512&time_zone=gmt&units=metric&interval=6&format=json,0.023,"0,0,0,0",v
2026-06-01 18:06:00+00:00,0.221,8575512,"Annapolis, MD",water_level,MSL,metric,NOAA CO-OPS Data API,https://api.tidesandcurrents.noaa.gov/api/prod/datagetter?product=water_level&application=tempo-earth2-workshop&begin_date=20260525&end_date=20260602&datum=MSL&station=8575512&time_zone=gmt&units=metric&interval=6&format=json,0.023,"0,0,0,0",v
2026-06-01 18:12:00+00:00,0.217,8575512,"Annapolis, MD",water_level,MSL,metric,NOAA CO-OPS Data API,https://api.tidesandcurrents.noaa.gov/api/prod/datagetter?product=water_level&application=tempo-earth2-workshop&begin_date=20260525&end_date=20260602&datum=MSL&station=8575512&time_zone=gmt&units=metric&interval=6&format=json,0.023,"0,0,0,0",v
2026-06-01 18:18:00+00:00,0.215,8575512,"Annapolis, MD",water_level,MSL,metric,NOAA CO-OPS Data API,https://api.tidesandcurrents.noaa.gov/api/prod/datagetter?product=water_level&application=tempo-earth2-workshop&begin_date=20260525&end_date=20260602&datum=MSL&station=8575512&time_zone=gmt&units=metric&interval=6&format=json,0.023,"0,0,0,0",v
2026-06-01 18:24:00+00:00,0.214,8575512,"Annapolis, MD",water_level,MSL,metric,NOAA CO-OPS Data API,https://api.tidesandcurrents.noaa.gov/api/prod/datagetter?product=water_level&application=tempo-earth2-workshop&begin_date=20260525&end_date=20260602&datum=MSL&station=8575512&time_zone=gmt&units=metric&interval=6&format=json,0.023,"0,0,0,0",v
2026-06-01 18:30:00+00:00,0.21,8575512,"Annapolis, MD",water_level,MSL,metric,NOAA CO-OPS Data API,https://api.tidesandcurrents.noaa.gov/api/prod/datagetter?product=water_level&application=tempo-earth2-workshop&begin_date=20260525&end_date=20260602&datum=MSL&station=8575512&time_zone=gmt&units=metric&interval=6&format=json,0.023,"0,0,0,0",v
2026-06-01 18:36:00+00:00,0.206,8575512,"Annapolis, MD",water_level,MSL,metric,NOAA CO-OPS Data API,https://api.tidesandcurrents.noaa.gov/api/prod/datagetter?product=water_level&application=tempo-earth2-workshop&begin_date=20260525&end_date=20260602&datum=MSL&station=8575512&time_zone=gmt&units=metric&interval=6&format=json,0.023,"0,0,0,0",v
2026-06-01 18:42:00+00:00,0.201,8575512,"Annapolis, MD",water_level,MSL,metric,NOAA CO-OPS Data API,https://api.tidesandcurrents.noaa.gov/api/prod/datagetter?product=water_level&application=tempo-earth2-workshop&begin_date=20260525&end_date=20260602&datum=MSL&station=8575512&time_zone=gmt&units=metric&interval=6&format=json,0.023,"0,0,0,0",v
2026-06-01 18:48:00+00:00,0.2,8575512,"Annapolis, MD",water_level,MSL,metric,NOAA CO-OPS Data API,https://api.tidesandcurrents.noaa.gov/api/prod/datagetter?product=water_level&application=tempo-earth2-workshop&begin_date=20260525&end_date=20260602&datum=MSL&station=8575512&time_zone=gmt&units=metric&interval=6&format=json,0.023,"0,0,0,0",v
2026-06-01 18:54:00+00:00,0.201,8575512,"Annapolis, MD",water_level,MSL,metric,NOAA CO-OPS Data API,https://api.tidesandcurrents.noaa.gov/api/prod/datagetter?product=water_level&application=tempo-earth2-workshop&begin_date=20260525&end_date=20260602&datum=MSL&station=8575512&time_zone=gmt&units=metric&interval=6&format=json,0.023,"0,0,0,0",v
2026-06-01 19:00:00+00:00,0.201,8575512,"Annapolis, MD",water_level,MSL,metric,NOAA CO-OPS Data API,https://api.tidesandcurrents.noaa.gov/api/prod/datagetter?product=water_level&application=tempo-earth2-workshop&begin_date=20260525&end_date=20260602&datum=MSL&station=8575512&time_zone=gmt&units=metric&interval=6&format=json,0.023,"0,0,0,0",v
2026-06-01 19:06:00+00:00,0.199,8575512,"Annapolis, MD",water_level,MSL,metric,NOAA CO-OPS Data API,https://api.tidesandcurrents.noaa.gov/api/prod/datagetter?product=water_level&application=tempo-earth2-workshop&begin_date=20260525&end_date=20260602&datum=MSL&station=8575512&time_zone=gmt&units=metric&interval=6&format=json,0.023,"0,0,0,0",v
2026-06-01 19:12:00+00:00,0.201,8575512,"Annapolis, MD",water_level,MSL,metric,NOAA CO-OPS Data API,https://api.tidesandcurrents.noaa.gov/api/prod/datagetter?product=water_level&application=tempo-earth2-workshop&begin_date=20260525&end_date=20260602&datum=MSL&station=8575512&time_zone=gmt&units=metric&interval=6&format=json,0.023,"0,0,0,0",v
2026-06-01 19:18:00+00:00,0.197,8575512,"Annapolis, MD",water_level,MSL,metric,NOAA CO-OPS Data API,https://api.tidesandcurrents.noaa.gov/api/prod/datagetter?product=water_level&application=tempo-earth2-workshop&begin_date=20260525&end_date=20260602&datum=MSL&station=8575512&time_zone=gmt&units=metric&interval=6&format=json,0.023,"0,0,0,0",v
2026-06-01 19:24:00+00:00,0.197,8575512,"Annapolis, MD",water_level,MSL,metric,NOAA CO-OPS Data API,https://api.tidesandcurrents.noaa.gov/api/prod/datagetter?product=water_level&application=tempo-earth2-workshop&begin_date=20260525&end_date=20260602&datum=MSL&station=8575512&time_zone=gmt&units=metric&interval=6&format=json,0.023,"0,0,0,0",v
2026-06-01 19:30:00+00:00,0.197,8575512,"Annapolis, MD",water_level,MSL,metric,NOAA CO-OPS Data API,https://api.tidesandcurrents.noaa.gov/api/prod/datagetter?product=water_level&application=tempo-earth2-workshop&begin_date=20260525&end_date=20260602&datum=MSL&station=8575512&time_zone=gmt&units=metric&interval=6&format=json,0.023,"0,0,0,0",v
2026-06-01 19:36:00+00:00,0.192,8575512,"Annapolis, MD",water_level,MSL,metric,NOAA CO-OPS Data API,https://api.tidesandcurrents.noaa.gov/api/prod/datagetter?product=water_level&application=tempo-earth2-workshop&begin_date=20260525&end_date=20260602&datum=MSL&station=8575512&time_zone=gmt&units=metric&interval=6&format=json,0.023,"0,0,0,0",v
2026-06-01 19:42:00+00:00,0.194,8575512,"Annapolis, MD",water_level,MSL,metric,NOAA CO-OPS Data API,https://api.tidesandcurrents.noaa.gov/api/prod/datagetter?product=water_level&application=tempo-earth2-workshop&begin_date=20260525&end_date=20260602&datum=MSL&station=8575512&time_zone=gmt&units=metric&interval=6&format=json,0.023,"0,0,0,0",v
2026-06-01 19:48:00+00:00,0.191,8575512,"Annapolis, MD",water_level,MSL,metric,NOAA CO-OPS Data API,https://api.tidesandcurrents.noaa.gov/api/prod/datagetter?product=water_level&application=tempo-earth2-workshop&begin_date=20260525&end_date=20260602&datum=MSL&station=8575512&time_zone=gmt&units=metric&interval=6&format=json,0.023,"0,0,0,0",v
2026-06-01 19:54:00+00:00,0.191,8575512,"Annapolis, MD",water_level,MSL,metric,NOAA CO-OPS Data API,https://api.tidesandcurrents.noaa.gov/api/prod/datagetter?product=water_level&application=tempo-earth2-workshop&begin_date=20260525&end_date=20260602&datum=MSL&station=8575512&time_zone=gmt&units=metric&interval=6&format=json,0.023,"0,0,0,0",v
2026-06-01 20:00:00+00:00,0.187,8575512,"Annapolis, MD",water_level,MSL,metric,NOAA CO-OPS Data API,https://api.tidesandcurrents.noaa.gov/api/prod/datagetter?product=water_level&application=tempo-earth2-workshop&begin_date=20260525&end_date=20260602&datum=MSL&station=8575512&time_zone=gmt&units=metric&interval=6&format=json,0.023,"0,0,0,0",v
2026-06-01 20:06:00+00:00,0.187,8575512,"Annapolis, MD",water_level,MSL,metric,NOAA CO-OPS Data API,https://api.tidesandcurrents.noaa.gov/api/prod/datagetter?product=water_level&application=tempo-earth2-workshop&begin_date=20260525&end_date=20260602&datum=MSL&station=8575512&time_zone=gmt&units=metric&interval=6&format=json,0.023,"0,0,0,0",v
2026-06-01 20:12:00+00:00,0.188,8575512,"Annapolis, MD",water_level,MSL,metric,NOAA CO-OPS Data API,https://api.tidesandcurrents.noaa.gov/api/prod/datagetter?product=water_level&application=tempo-earth2-workshop&begin_date=20260525&end_date=20260602&datum=MSL&station=8575512&time_zone=gmt&units=metric&interval=6&format=json,0.023,"0,0,0,0",v
2026-06-01 20:18:00+00:00,0.19,8575512,"Annapolis, MD",water_level,MSL,metric,NOAA CO-OPS Data API,https://api.tidesandcurrents.noaa.gov/api/prod/datagetter?product=water_level&application=tempo-earth2-workshop&begin_date=20260525&end_date=20260602&datum=MSL&station=8575512&time_zone=gmt&units=metric&interval=6&format=json,0.023,"0,0,0,0",v
2026-06-01 20:24:00+00:00,0.189,8575512,"Annapolis, MD",water_level,MSL,metric,NOAA CO-OPS Data API,https://api.tidesandcurrents.noaa.gov/api/prod/datagetter?product=water_level&application=tempo-earth2-workshop&begin_date=20260525&end_date=20260602&datum=MSL&station=8575512&time_zone=gmt&units=metric&interval=6&format=json,0.023,"0,0,0,0",v
2026-06-01 20:30:00+00:00,0.189,8575512,"Annapolis, MD",water_level,MSL,metric,NOAA CO-OPS Data API,https://api.tidesandcurrents.noaa.gov/api/prod/datagetter?product=water_level&application=tempo-earth2-workshop&begin_date=20260525&end_date=20260602&datum=MSL&station=8575512&time_zone=gmt&units=metric&interval=6&format=json,0.023,"0,0,0,0",v
2026-06-01 20:36:00+00:00,0.185,8575512,"Annapolis, MD",water_level,MSL,metric,NOAA CO-OPS Data API,https://api.tidesandcurrents.noaa.gov/api/prod/datagetter?product=water_level&application=tempo-earth2-workshop&begin_date=20260525&end_date=20260602&datum=MSL&station=8575512&time_zone=gmt&units=metric&interval=6&format=json,0.023,"0,0,0,0",v
2026-06-01 20:42:00+00:00,0.189,8575512,"Annapolis, MD",water_level,MSL,metric,NOAA CO-OPS Data API,https://api.tidesandcurrents.noaa.gov/api/prod/datagetter?product=water_level&application=tempo-earth2-workshop&begin_date=20260525&end_date=20260602&datum=MSL&station=8575512&time_zone=gmt&units=metric&interval=6&format=json,0.023,"0,0,0,0",v
2026-06-01 20:48:00+00:00,0.188,8575512,"Annapolis, MD",water_level,MSL,metric,NOAA CO-OPS Data API,https://api.tidesandcurrents.noaa.gov/api/prod/datagetter?product=water_level&application=tempo-earth2-workshop&begin_date=20260525&end_date=20260602&datum=MSL&station=8575512&time_zone=gmt&units=metric&interval=6&format=json,0.023,"0,0,0,0",v
2026-06-01 20:54:00+00:00,0.189,8575512,"Annapolis, MD",water_level,MSL,metric,NOAA CO-OPS Data API,https://api.tidesandcurrents.noaa.gov/api/prod/datagetter?product=water_level&application=tempo-earth2-workshop&begin_date=20260525&end_date=20260602&datum=MSL&station=8575512&time_zone=gmt&units=metric&interval=6&format=json,0.023,"0,0,0,0",v
2026-06-01 21:00:00+00:00,0.189,8575512,"Annapolis, MD",water_level,MSL,metric,NOAA CO-OPS Data API,https://api.tidesandcurrents.noaa.gov/api/prod/datagetter?product=water_level&application=tempo-earth2-workshop&begin_date=20260525&end_date=20260602&datum=MSL&station=8575512&time_zone=gmt&units=metric&interval=6&format=json,0.023,"0,0,0,0",v
2026-06-01 21:06:00+00:00,0.189,8575512,"Annapolis, MD",water_level,MSL,metric,NOAA CO-OPS Data API,https://api.tidesandcurrents.noaa.gov/api/prod/datagetter?product=water_level&application=tempo-earth2-workshop&begin_date=20260525&end_date=20260602&datum=MSL&station=8575512&time_zone=gmt&units=metric&interval=6&format=json,0.023,"0,0,0,0",v
2026-06-01 21:12:00+00:00,0.19,8575512,"Annapolis, MD",water_level,MSL,metric,NOAA CO-OPS Data API,https://api.tidesandcurrents.noaa.gov/api/prod/datagetter?product=water_level&application=tempo-earth2-workshop&begin_date=20260525&end_date=20260602&datum=MSL&station=8575512&time_zone=gmt&units=metric&interval=6&format=json,0.023,"0,0,0,0",v
2026-06-01 21:18:00+00:00,0.19,8575512,"Annapolis, MD",water_level,MSL,metric,NOAA CO-OPS Data API,https://api.tidesandcurrents.noaa.gov/api/prod/datagetter?product=water_level&application=tempo-earth2-workshop&begin_date=20260525&end_date=20260602&datum=MSL&station=8575512&time_zone=gmt&units=metric&interval=6&format=json,0.023,"0,0,0,0",v
2026-06-01 21:24:00+00:00,0.193,8575512,"Annapolis, MD",water_level,MSL,metric,NOAA CO-OPS Data API,https://api.tidesandcurrents.noaa.gov/api/prod/datagetter?product=water_level&application=tempo-earth2-workshop&begin_date=20260525&end_date=20260602&datum=MSL&station=8575512&time_zone=gmt&units=metric&interval=6&format=json,0.023,"0,0,0,0",v
2026-06-01 21:30:00+00:00,0.193,8575512,"Annapolis, MD",water_level,MSL,metric,NOAA CO-OPS Data API,https://api.tidesandcurrents.noaa.gov/api/prod/datagetter?product=water_level&application=tempo-earth2-workshop&begin_date=20260525&end_date=20260602&datum=MSL&station=8575512&time_zone=gmt&units=metric&interval=6&format=json,0.023,"0,0,0,0",v
2026-06-01 21:36:00+00:00,0.195,8575512,"Annapolis, MD",water_level,MSL,metric,NOAA CO-OPS Data API,https://api.tidesandcurrents.noaa.gov/api/prod/datagetter?product=water_level&application=tempo-earth2-workshop&begin_date=20260525&end_date=20260602&datum=MSL&station=8575512&time_zone=gmt&units=metric&interval=6&format=json,0.023,"0,0,0,0",v
2026-06-01 21:42:00+00:00,0.193,8575512,"Annapolis, MD",water_level,MSL,metric,NOAA CO-OPS Data API,https://api.tidesandcurrents.noaa.gov/api/prod/datagetter?product=water_level&application=tempo-earth2-workshop&begin_date=20260525&end_date=20260602&datum=MSL&station=8575512&time_zone=gmt&units=metric&interval=6&format=json,0.023,"0,0,0,0",v
2026-06-01 21:48:00+00:00,0.195,8575512,"Annapolis, MD",water_level,MSL,metric,NOAA CO-OPS Data API,https://api.tidesandcurrents.noaa.gov/api/prod/datagetter?product=water_level&application=tempo-earth2-workshop&begin_date=20260525&end_date=20260602&datum=MSL&station=8575512&time_zone=gmt&units=metric&interval=6&format=json,0.023,"0,0,0,0",v
2026-06-01 21:54:00+00:00,0.196,8575512,"Annapolis, MD",water_level,MSL,metric,NOAA CO-OPS Data API,https://api.tidesandcurrents.noaa.gov/api/prod/datagetter?product=water_level&application=tempo-earth2-workshop&begin_date=20260525&end_date=20260602&datum=MSL&station=8575512&time_zone=gmt&units=metric&interval=6&format=json,0.023,"0,0,0,0",v
2026-06-01 22:00:00+00:00,0.197,8575512,"Annapolis, MD",water_level,MSL,metric,NOAA CO-OPS Data API,https://api.tidesandcurrents.noaa.gov/api/prod/datagetter?product=water_level&application=tempo-earth2-workshop&begin_date=20260525&end_date=20260602&datum=MSL&station=8575512&time_zone=gmt&units=metric&interval=6&format=json,0.023,"0,0,0,0",v
2026-06-01 22:06:00+00:00,0.2,8575512,"Annapolis, MD",water_level,MSL,metric,NOAA CO-OPS Data API,https://api.tidesandcurrents.noaa.gov/api/prod/datagetter?product=water_level&application=tempo-earth2-workshop&begin_date=20260525&end_date=20260602&datum=MSL&station=8575512&time_zone=gmt&units=metric&interval=6&format=json,0.023,"0,0,0,0",v
2026-06-01 22:12:00+00:00,0.21,8575512,"Annapolis, MD",water_level,MSL,metric,NOAA CO-OPS Data API,https://api.tidesandcurrents.noaa.gov/api/prod/datagetter?product=water_level&application=tempo-earth2-workshop&begin_date=20260525&end_date=20260602&datum=MSL&station=8575512&time_zone=gmt&units=metric&interval=6&format=json,0.023,"0,0,0,0",v
2026-06-01 22:18:00+00:00,0.213,8575512,"Annapolis, MD",water_level,MSL,metric,NOAA CO-OPS Data API,https://api.tidesandcurrents.noaa.gov/api/prod/datagetter?product=water_level&application=tempo-earth2-workshop&begin_date=20260525&end_date=20260602&datum=MSL&station=8575512&time_zone=gmt&units=metric&interval=6&format=json,0.023,"0,0,0,0",v
2026-06-01 22:24:00+00:00,0.217,8575512,"Annapolis, MD",water_level,MSL,metric,NOAA CO-OPS Data API,https://api.tidesandcurrents.noaa.gov/api/prod/datagetter?product=water_level&application=tempo-earth2-workshop&begin_date=20260525&end_date=20260602&datum=MSL&station=8575512&time_zone=gmt&units=metric&interval=6&format=json,0.023,"0,0,0,0",v
2026-06-01 22:30:00+00:00,0.218,8575512,"Annapolis, MD",water_level,MSL,metric,NOAA CO-OPS Data API,https://api.tidesandcurrents.noaa.gov/api/prod/datagetter?product=water_level&application=tempo-earth2-workshop&begin_date=20260525&end_date=20260602&datum=MSL&station=8575512&time_zone=gmt&units=metric&interval=6&format=json,0.023,"0,0,0,0",v
2026-06-01 22:36:00+00:00,0.219,8575512,"Annapolis, MD",water_level,MSL,metric,NOAA CO-OPS Data API,https://api.tidesandcurrents.noaa.gov/api/prod/datagetter?product=water_level&application=tempo-earth2-workshop&begin_date=20260525&end_date=20260602&datum=MSL&station=8575512&time_zone=gmt&units=metric&interval=6&format=json,0.023,"0,0,0,0",v
2026-06-01 22:42:00+00:00,0.213,8575512,"Annapolis, MD",water_level,MSL,metric,NOAA CO-OPS Data API,https://api.tidesandcurrents.noaa.gov/api/prod/datagetter?product=water_level&application=tempo-earth2-workshop&begin_date=20260525&end_date=20260602&datum=MSL&station=8575512&time_zone=gmt&units=metric&interval=6&format=json,0.023,"0,0,0,0",v
2026-06-01 22:48:00+00:00,0.199,8575512,"Annapolis, MD",water_level,MSL,metric,NOAA CO-OPS Data API,https://api.tidesandcurrents.noaa.gov/api/prod/datagetter?product=water_level&application=tempo-earth2-workshop&begin_date=20260525&end_date=20260602&datum=MSL&station=8575512&time_zone=gmt&units=metric&interval=6&format=json,0.023,"0,0,0,0",v
2026-06-01 22:54:00+00:00,0.202,8575512,"Annapolis, MD",water_level,MSL,metric,NOAA CO-OPS Data API,https://api.tidesandcurrents.noaa.gov/api/prod/datagetter?product=water_level&application=tempo-earth2-workshop&begin_date=20260525&end_date=20260602&datum=MSL&station=8575512&time_zone=gmt&units=metric&interval=6&format=json,0.023,"0,0,0,0",v
2026-06-01 23:00:00+00:00,0.198,8575512,"Annapolis, MD",water_level,MSL,metric,NOAA CO-OPS Data API,https://api.tidesandcurrents.noaa.gov/api/prod/datagetter?product=water_level&application=tempo-earth2-workshop&begin_date=20260525&end_date=20260602&datum=MSL&station=8575512&time_zone=gmt&units=metric&interval=6&format=json,0.023,"0,0,0,0",v
2026-06-01 23:06:00+00:00,0.203,8575512,"Annapolis, MD",water_level,MSL,metric,NOAA CO-OPS Data API,https://api.tidesandcurrents.noaa.gov/api/prod/datagetter?product=water_level&application=tempo-earth2-workshop&begin_date=20260525&end_date=20260602&datum=MSL&station=8575512&time_zone=gmt&units=metric&interval=6&format=json,0.023,"0,0,0,0",v
2026-06-01 23:12:00+00:00,0.204,8575512,"Annapolis, MD",water_level,MSL,metric,NOAA CO-OPS Data API,https://api.tidesandcurrents.noaa.gov/api/prod/datagetter?product=water_level&application=tempo-earth2-workshop&begin_date=20260525&end_date=20260602&datum=MSL&station=8575512&time_zone=gmt&units=metric&interval=6&format=json,0.023,"0,0,0,0",v
2026-06-01 23:18:00+00:00,0.207,8575512,"Annapolis, MD",water_level,MSL,metric,NOAA CO-OPS Data API,https://api.tidesandcurrents.noaa.gov/api/prod/datagetter?product=water_level&application=tempo-earth2-workshop&begin_date=20260525&end_date=20260602&datum=MSL&station=8575512&time_zone=gmt&units=metric&interval=6&format=json,0.023,"0,0,0,0",v
2026-06-01 23:24:00+00:00,0.211,8575512,"Annapolis, MD",water_level,MSL,metric,NOAA CO-OPS Data API,https://api.tidesandcurrents.noaa.gov/api/prod/datagetter?product=water_level&application=tempo-earth2-workshop&begin_date=20260525&end_date=20260602&datum=MSL&station=8575512&time_zone=gmt&units=metric&interval=6&format=json,0.023,"0,0,0,0",v
2026-06-01 23:30:00+00:00,0.209,8575512,"Annapolis, MD",water_level,MSL,metric,NOAA CO-OPS Data API,https://api.tidesandcurrents.noaa.gov/api/prod/datagetter?product=water_level&application=tempo-earth2-workshop&begin_date=20260525&end_date=20260602&datum=MSL&station=8575512&time_zone=gmt&units=metric&interval=6&format=json,0.023,"0,0,0,0",v
2026-06-01 23:36:00+00:00,0.22,8575512,"Annapolis, MD",water_level,MSL,metric,NOAA CO-OPS Data API,https://api.tidesandcurrents.noaa.gov/api/prod/datagetter?product=water_level&application=tempo-earth2-workshop&begin_date=20260525&end_date=20260602&datum=MSL&station=8575512&time_zone=gmt&units=metric&interval=6&format=json,0.023,"0,0,0,0",v
2026-06-01 23:42:00+00:00,0.212,8575512,"Annapolis, MD",water_level,MSL,metric,NOAA CO-OPS Data API,https://api.tidesandcurrents.noaa.gov/api/prod/datagetter?product=water_level&application=tempo-earth2-workshop&begin_date=20260525&end_date=20260602&datum=MSL&station=8575512&time_zone=gmt&units=metric&interval=6&format=json,0.023,"0,0,0,0",v
2026-06-01 23:48:00+00:00,0.211,8575512,"Annapolis, MD",water_level,MSL,metric,NOAA CO-OPS Data API,https://api.tidesandcurrents.noaa.gov/api/prod/datagetter?product=water_level&application=tempo-earth2-workshop&begin_date=20260525&end_date=20260602&datum=MSL&station=8575512&time_zone=gmt&units=metric&interval=6&format=json,0.023,"0,0,0,0",v
2026-06-01 23:54:00+00:00,0.204,8575512,"Annapolis, MD",water_level,MSL,metric,NOAA CO-OPS Data API,https://api.tidesandcurrents.noaa.gov/api/prod/datagetter?product=water_level&application=tempo-earth2-workshop&begin_date=20260525&end_date=20260602&datum=MSL&station=8575512&time_zone=gmt&units=metric&interval=6&format=json,0.023,"0,0,0,0",v
2026-06-02 00:00:00+00:00,0.201,8575512,"Annapolis, MD",water_level,MSL,metric,NOAA CO-OPS Data API,https://api.tidesandcurrents.noaa.gov/api/prod/datagetter?product=water_level&application=tempo-earth2-workshop&begin_date=20260525&end_date=20260602&datum=MSL&station=8575512&time_zone=gmt&units=metric&interval=6&format=json,0.023,"0,0,0,0",v
2026-06-02 00:06:00+00:00,0.198,8575512,"Annapolis, MD",water_level,MSL,metric,NOAA CO-OPS Data API,https://api.tidesandcurrents.noaa.gov/api/prod/datagetter?product=water_level&application=tempo-earth2-workshop&begin_date=20260525&end_date=20260602&datum=MSL&station=8575512&time_zone=gmt&units=metric&interval=6&format=json,0.023,"0,0,0,0",v
2026-06-02 00:12:00+00:00,0.185,8575512,"Annapolis, MD",water_level,MSL,metric,NOAA CO-OPS Data API,https://api.tidesandcurrents.noaa.gov/api/prod/datagetter?product=water_level&application=tempo-earth2-workshop&begin_date=20260525&end_date=20260602&datum=MSL&station=8575512&time_zone=gmt&units=metric&interval=6&format=json,0.023,"0,0,0,0",v
2026-06-02 00:18:00+00:00,0.184,8575512,"Annapolis, MD",water_level,MSL,metric,NOAA CO-OPS Data API,https://api.tidesandcurrents.noaa.gov/api/prod/datagetter?product=water_level&application=tempo-earth2-workshop&begin_date=20260525&end_date=20260602&datum=MSL&station=8575512&time_zone=gmt&units=metric&interval=6&format=json,0.023,"0,0,0,0",v
2026-06-02 00:24:00+00:00,0.173,8575512,"Annapolis, MD",water_level,MSL,metric,NOAA CO-OPS Data API,https://api.tidesandcurrents.noaa.gov/api/prod/datagetter?product=water_level&application=tempo-earth2-workshop&begin_date=20260525&end_date=20260602&datum=MSL&station=8575512&time_zone=gmt&units=metric&interval=6&format=json,0.023,"0,0,0,0",v
2026-06-02 00:30:00+00:00,0.17,8575512,"Annapolis, MD",water_level,MSL,metric,NOAA CO-OPS Data API,https://api.tidesandcurrents.noaa.gov/api/prod/datagetter?product=water_level&application=tempo-earth2-workshop&begin_date=20260525&end_date=20260602&datum=MSL&station=8575512&time_zone=gmt&units=metric&interval=6&format=json,0.023,"0,0,0,0",v
2026-06-02 00:36:00+00:00,0.155,8575512,"Annapolis, MD",water_level,MSL,metric,NOAA CO-OPS Data API,https://api.tidesandcurrents.noaa.gov/api/prod/datagetter?product=water_level&application=tempo-earth2-workshop&begin_date=20260525&end_date=20260602&datum=MSL&station=8575512&time_zone=gmt&units=metric&interval=6&format=json,0.023,"0,0,0,0",v
2026-06-02 00:42:00+00:00,0.149,8575512,"Annapolis, MD",water_level,MSL,metric,NOAA CO-OPS Data API,https://api.tidesandcurrents.noaa.gov/api/prod/datagetter?product=water_level&application=tempo-earth2-workshop&begin_date=20260525&end_date=20260602&datum=MSL&station=8575512&time_zone=gmt&units=metric&interval=6&format=json,0.023,"0,0,0,0",v
2026-06-02 00:48:00+00:00,0.15,8575512,"Annapolis, MD",water_level,MSL,metric,NOAA CO-OPS Data API,https://api.tidesandcurrents.noaa.gov/api/prod/datagetter?product=water_level&application=tempo-earth2-workshop&begin_date=20260525&end_date=20260602&datum=MSL&station=8575512&time_zone=gmt&units=metric&interval=6&format=json,0.023,"0,0,0,0",v
2026-06-02 00:54:00+00:00,0.144,8575512,"Annapolis, MD",water_level,MSL,metric,NOAA CO-OPS Data API,https://api.tidesandcurrents.noaa.gov/api/prod/datagetter?product=water_level&application=tempo-earth2-workshop&begin_date=20260525&end_date=20260602&datum=MSL&station=8575512&time_zone=gmt&units=metric&interval=6&format=json,0.023,"0,0,0,0",v
2026-06-02 01:00:00+00:00,0.147,8575512,"Annapolis, MD",water_level,MSL,metric,NOAA CO-OPS Data API,https://api.tidesandcurrents.noaa.gov/api/prod/datagetter?product=water_level&application=tempo-earth2-workshop&begin_date=20260525&end_date=20260602&datum=MSL&station=8575512&time_zone=gmt&units=metric&interval=6&format=json,0.023,"0,0,0,0",v
2026-06-02 01:06:00+00:00,0.14,8575512,"Annapolis, MD",water_level,MSL,metric,NOAA CO-OPS Data API,https://api.tidesandcurrents.noaa.gov/api/prod/datagetter?product=water_level&application=tempo-earth2-workshop&begin_date=20260525&end_date=20260602&datum=MSL&station=8575512&time_zone=gmt&units=metric&interval=6&format=json,0.023,"0,0,0,0",v
2026-06-02 01:12:00+00:00,0.134,8575512,"Annapolis, MD",water_level,MSL,metric,NOAA CO-OPS Data API,https://api.tidesandcurrents.noaa.gov/api/prod/datagetter?product=water_level&application=tempo-earth2-workshop&begin_date=20260525&end_date=20260602&datum=MSL&station=8575512&time_zone=gmt&units=metric&interval=6&format=json,0.023,"0,0,0,0",v
2026-06-02 01:18:00+00:00,0.132,8575512,"Annapolis, MD",water_level,MSL,metric,NOAA CO-OPS Data API,https://api.tidesandcurrents.noaa.gov/api/prod/datagetter?product=water_level&application=tempo-earth2-workshop&begin_date=20260525&end_date=20260602&datum=MSL&station=8575512&time_zone=gmt&units=metric&interval=6&format=json,0.023,"0,0,0,0",v
2026-06-02 01:24:00+00:00,0.131,8575512,"Annapolis, MD",water_level,MSL,metric,NOAA CO-OPS Data API,https://api.tidesandcurrents.noaa.gov/api/prod/datagetter?product=water_level&application=tempo-earth2-workshop&begin_date=20260525&end_date=20260602&datum=MSL&station=8575512&time_zone=gmt&units=metric&interval=6&format=json,0.023,"0,0,0,0",v
2026-06-02 01:30:00+00:00,0.119,8575512,"Annapolis, MD",water_level,MSL,metric,NOAA CO-OPS Data API,https://api.tidesandcurrents.noaa.gov/api/prod/datagetter?product=water_level&application=tempo-earth2-workshop&begin_date=20260525&end_date=20260602&datum=MSL&station=8575512&time_zone=gmt&units=metric&interval=6&format=json,0.023,"0,0,0,0",v
2026-06-02 01:36:00+00:00,0.111,8575512,"Annapolis, MD",water_level,MSL,metric,NOAA CO-OPS Data API,https://api.tidesandcurrents.noaa.gov/api/prod/datagetter?product=water_level&application=tempo-earth2-workshop&begin_date=20260525&end_date=20260602&datum=MSL&station=8575512&time_zone=gmt&units=metric&interval=6&format=json,0.023,"0,0,0,0",v
2026-06-02 01:42:00+00:00,0.1,8575512,"Annapolis, MD",water_level,MSL,metric,NOAA CO-OPS Data API,https://api.tidesandcurrents.noaa.gov/api/prod/datagetter?product=water_level&application=tempo-earth2-workshop&begin_date=20260525&end_date=20260602&datum=MSL&station=8575512&time_zone=gmt&units=metric&interval=6&format=json,0.023,"0,0,0,0",v
2026-06-02 01:48:00+00:00,0.095,8575512,"Annapolis, MD",water_level,MSL,metric,NOAA CO-OPS Data API,https://api.tidesandcurrents.noaa.gov/api/prod/datagetter?product=water_level&application=tempo-earth2-workshop&begin_date=20260525&end_date=20260602&datum=MSL&station=8575512&time_zone=gmt&units=metric&interval=6&format=json,0.023,"0,0,0,0",v
2026-06-02 01:54:00+00:00,0.088,8575512,"Annapolis, MD",water_level,MSL,metric,NOAA CO-OPS Data API,https://api.tidesandcurrents.noaa.gov/api/prod/datagetter?product=water_level&application=tempo-earth2-workshop&begin_date=20260525&end_date=20260602&datum=MSL&station=8575512&time_zone=gmt&units=metric&interval=6&format=json,0.023,"0,0,0,0",v
2026-06-02 02:00:00+00:00,0.081,8575512,"Annapolis, MD",water_level,MSL,metric,NOAA CO-OPS Data API,https://api.tidesandcurrents.noaa.gov/api/prod/datagetter?product=water_level&application=tempo-earth2-workshop&begin_date=20260525&end_date=20260602&datum=MSL&station=8575512&time_zone=gmt&units=metric&interval=6&format=json,0.023,"0,0,0,0",v
2026-06-02 02:06:00+00:00,0.077,8575512,"Annapolis, MD",water_level,MSL,metric,NOAA CO-OPS Data API,https://api.tidesandcurrents.noaa.gov/api/prod/datagetter?product=water_level&application=tempo-earth2-workshop&begin_date=20260525&end_date=20260602&datum=MSL&station=8575512&time_zone=gmt&units=metric&interval=6&format=json,0.023,"0,0,0,0",v
2026-06-02 02:12:00+00:00,0.073,8575512,"Annapolis, MD",water_level,MSL,metric,NOAA CO-OPS Data API,https://api.tidesandcurrents.noaa.gov/api/prod/datagetter?product=water_level&application=tempo-earth2-workshop&begin_date=20260525&end_date=20260602&datum=MSL&station=8575512&time_zone=gmt&units=metric&interval=6&format=json,0.023,"0,0,0,0",v
2026-06-02 02:18:00+00:00,0.067,8575512,"Annapolis, MD",water_level,MSL,metric,NOAA CO-OPS Data API,https://api.tidesandcurrents.noaa.gov/api/prod/datagetter?product=water_level&application=tempo-earth2-workshop&begin_date=20260525&end_date=20260602&datum=MSL&station=8575512&time_zone=gmt&units=metric&interval=6&format=json,0.023,"0,0,0,0",v
2026-06-02 02:24:00+00:00,0.06,8575512,"Annapolis, MD",water_level,MSL,metric,NOAA CO-OPS Data API,https://api.tidesandcurrents.noaa.gov/api/prod/datagetter?product=water_level&application=tempo-earth2-workshop&begin_date=20260525&end_date=20260602&datum=MSL&station=8575512&time_zone=gmt&units=metric&interval=6&format=json,0.023,"0,0,0,0",v
2026-06-02 02:30:00+00:00,0.059,8575512,"Annapolis, MD",water_level,MSL,metric,NOAA CO-OPS Data API,https://api.tidesandcurrents.noaa.gov/api/prod/datagetter?product=water_level&application=tempo-earth2-workshop&begin_date=20260525&end_date=20260602&datum=MSL&station=8575512&time_zone=gmt&units=metric&interval=6&format=json,0.023,"0,0,0,0",v
2026-06-02 02:36:00+00:00,0.054,8575512,"Annapolis, MD",water_level,MSL,metric,NOAA CO-OPS Data API,https://api.tidesandcurrents.noaa.gov/api/prod/datagetter?product=water_level&application=tempo-earth2-workshop&begin_date=20260525&end_date=20260602&datum=MSL&station=8575512&time_zone=gmt&units=metric&interval=6&format=json,0.023,"0,0,0,0",v
2026-06-02 02:42:00+00:00,0.045,8575512,"Annapolis, MD",water_level,MSL,metric,NOAA CO-OPS Data API,https://api.tidesandcurrents.noaa.gov/api/prod/datagetter?product=water_level&application=tempo-earth2-workshop&begin_date=20260525&end_date=20260602&datum=MSL&station=8575512&time_zone=gmt&units=metric&interval=6&format=json,0.023,"0,0,0,0",v
2026-06-02 02:48:00+00:00,0.042,8575512,"Annapolis, MD",water_level,MSL,metric,NOAA CO-OPS Data API,https://api.tidesandcurrents.noaa.gov/api/prod/datagetter?product=water_level&application=tempo-earth2-workshop&begin_date=20260525&end_date=20260602&datum=MSL&station=8575512&time_zone=gmt&units=metric&interval=6&format=json,0.023,"0,0,0,0",v
2026-06-02 02:54:00+00:00,0.038,8575512,"Annapolis, MD",water_level,MSL,metric,NOAA CO-OPS Data API,https://api.tidesandcurrents.noaa.gov/api/prod/datagetter?product=water_level&application=tempo-earth2-workshop&begin_date=20260525&end_date=20260602&datum=MSL&station=8575512&time_zone=gmt&units=metric&interval=6&format=json,0.023,"0,0,0,0",v
2026-06-02 03:00:00+00:00,0.035,8575512,"Annapolis, MD",water_level,MSL,metric,NOAA CO-OPS Data API,https://api.tidesandcurrents.noaa.gov/api/prod/datagetter?product=water_level&application=tempo-earth2-workshop&begin_date=20260525&end_date=20260602&datum=MSL&station=8575512&time_zone=gmt&units=metric&interval=6&format=json,0.023,"0,0,0,0",v
2026-06-02 03:06:00+00:00,0.03,8575512,"Annapolis, MD",water_level,MSL,metric,NOAA CO-OPS Data API,https://api.tidesandcurrents.noaa.gov/api/prod/datagetter?product=water_level&application=tempo-earth2-workshop&begin_date=20260525&end_date=20260602&datum=MSL&station=8575512&time_zone=gmt&units=metric&interval=6&format=json,0.023,"0,0,0,0",v
2026-06-02 03:12:00+00:00,0.03,8575512,"Annapolis, MD",water_level,MSL,metric,NOAA CO-OPS Data API,https://api.tidesandcurrents.noaa.gov/api/prod/datagetter?product=water_level&application=tempo-earth2-workshop&begin_date=20260525&end_date=20260602&datum=MSL&station=8575512&time_zone=gmt&units=metric&interval=6&format=json,0.023,"0,0,0,0",v
2026-06-02 03:18:00+00:00,0.028,8575512,"Annapolis, MD",water_level,MSL,metric,NOAA CO-OPS Data API,https://api.tidesandcurrents.noaa.gov/api/prod/datagetter?product=water_level&application=tempo-earth2-workshop&begin_date=20260525&end_date=20260602&datum=MSL&station=8575512&time_zone=gmt&units=metric&interval=6&format=json,0.023,"0,0,0,0",v
2026-06-02 03:24:00+00:00,0.029,8575512,"Annapolis, MD",water_level,MSL,metric,NOAA CO-OPS Data API,https://api.tidesandcurrents.noaa.gov/api/prod/datagetter?product=water_level&application=tempo-earth2-workshop&begin_date=20260525&end_date=20260602&datum=MSL&station=8575512&time_zone=gmt&units=metric&interval=6&format=json,0.023,"0,0,0,0",v
2026-06-02 03:30:00+00:00,0.027,8575512,"Annapolis, MD",water_level,MSL,metric,NOAA CO-OPS Data API,https://api.tidesandcurrents.noaa.gov/api/prod/datagetter?product=water_level&application=tempo-earth2-workshop&begin_date=20260525&end_date=20260602&datum=MSL&station=8575512&time_zone=gmt&units=metric&interval=6&format=json,0.023,"0,0,0,0",v
2026-06-02 03:36:00+00:00,0.017,8575512,"Annapolis, MD",water_level,MSL,metric,NOAA CO-OPS Data API,https://api.tidesandcurrents.noaa.gov/api/prod/datagetter?product=water_level&application=tempo-earth2-workshop&begin_date=20260525&end_date=20260602&datum=MSL&station=8575512&time_zone=gmt&units=metric&interval=6&format=json,0.023,"0,0,0,0",v
2026-06-02 03:42:00+00:00,0.015,8575512,"Annapolis, MD",water_level,MSL,metric,NOAA CO-OPS Data API,https://api.tidesandcurrents.noaa.gov/api/prod/datagetter?product=water_level&application=tempo-earth2-workshop&begin_date=20260525&end_date=20260602&datum=MSL&station=8575512&time_zone=gmt&units=metric&interval=6&format=json,0.023,"0,0,0,0",v
2026-06-02 03:48:00+00:00,0.012,8575512,"Annapolis, MD",water_level,MSL,metric,NOAA CO-OPS Data API,https://api.tidesandcurrents.noaa.gov/api/prod/datagetter?product=water_level&application=tempo-earth2-workshop&begin_date=20260525&end_date=20260602&datum=MSL&station=8575512&time_zone=gmt&units=metric&interval=6&format=json,0.023,"0,0,0,0",v
2026-06-02 03:54:00+00:00,0.006,8575512,"Annapolis, MD",water_level,MSL,metric,NOAA CO-OPS Data API,https://api.tidesandcurrents.noaa.gov/api/prod/datagetter?product=water_level&application=tempo-earth2-workshop&begin_date=20260525&end_date=20260602&datum=MSL&station=8575512&time_zone=gmt&units=metric&interval=6&format=json,0.023,"0,0,0,0",v
2026-06-02 04:00:00+00:00,0.005,8575512,"Annapolis, MD",water_level,MSL,metric,NOAA CO-OPS Data API,https://api.tidesandcurrents.noaa.gov/api/prod/datagetter?product=water_level&application=tempo-earth2-workshop&begin_date=20260525&end_date=20260602&datum=MSL&station=8575512&time_zone=gmt&units=metric&interval=6&format=json,0.023,"0,0,0,0",v
2026-06-02 04:06:00+00:00,0.007,8575512,"Annapolis, MD",water_level,MSL,metric,NOAA CO-OPS Data API,https://api.tidesandcurrents.noaa.gov/api/prod/datagetter?product=water_level&application=tempo-earth2-workshop&begin_date=20260525&end_date=20260602&datum=MSL&station=8575512&time_zone=gmt&units=metric&interval=6&format=json,0.023,"0,0,0,0",v
2026-06-02 04:12:00+00:00,0.004,8575512,"Annapolis, MD",water_level,MSL,metric,NOAA CO-OPS Data API,https://api.tidesandcurrents.noaa.gov/api/prod/datagetter?product=water_level&application=tempo-earth2-workshop&begin_date=20260525&end_date=20260602&datum=MSL&station=8575512&time_zone=gmt&units=metric&interval=6&format=json,0.023,"0,0,0,0",v
2026-06-02 04:18:00+00:00,0.004,8575512,"Annapolis, MD",water_level,MSL,metric,NOAA CO-OPS Data API,https://api.tidesandcurrents.noaa.gov/api/prod/datagetter?product=water_level&application=tempo-earth2-workshop&begin_date=20260525&end_date=20260602&datum=MSL&station=8575512&time_zone=gmt&units=metric&interval=6&format=json,0.023,"0,0,0,0",v
2026-06-02 04:24:00+00:00,0.001,8575512,"Annapolis, MD",water_level,MSL,metric,NOAA CO-OPS Data API,https://api.tidesandcurrents.noaa.gov/api/prod/datagetter?product=water_level&application=tempo-earth2-workshop&begin_date=20260525&end_date=20260602&datum=MSL&station=8575512&time_zone=gmt&units=metric&interval=6&format=json,0.023,"0,0,0,0",v
2026-06-02 04:30:00+00:00,-0.002,8575512,"Annapolis, MD",water_level,MSL,metric,NOAA CO-OPS Data API,https://api.tidesandcurrents.noaa.gov/api/prod/datagetter?product=water_level&application=tempo-earth2-workshop&begin_date=20260525&end_date=20260602&datum=MSL&station=8575512&time_zone=gmt&units=metric&interval=6&format=json,0.023,"0,0,0,0",v
2026-06-02 04:36:00+00:00,0.0,8575512,"Annapolis, MD",water_level,MSL,metric,NOAA CO-OPS Data API,https://api.tidesandcurrents.noaa.gov/api/prod/datagetter?product=water_level&application=tempo-earth2-workshop&begin_date=20260525&end_date=20260602&datum=MSL&station=8575512&time_zone=gmt&units=metric&interval=6&format=json,0.023,"0,0,0,0",v
2026-06-02 04:42:00+00:00,-0.004,8575512,"Annapolis, MD",water_level,MSL,metric,NOAA CO-OPS Data API,https://api.tidesandcurrents.noaa.gov/api/prod/datagetter?product=water_level&application=tempo-earth2-workshop&begin_date=20260525&end_date=20260602&datum=MSL&station=8575512&time_zone=gmt&units=metric&interval=6&format=json,0.023,"0,0,0,0",v
2026-06-02 04:48:00+00:00,0.002,8575512,"Annapolis, MD",water_level,MSL,metric,NOAA CO-OPS Data API,https://api.tidesandcurrents.noaa.gov/api/prod/datagetter?product=water_level&application=tempo-earth2-workshop&begin_date=20260525&end_date=20260602&datum=MSL&station=8575512&time_zone=gmt&units=metric&interval=6&format=json,0.023,"0,0,0,0",v
2026-06-02 04:54:00+00:00,0.004,8575512,"Annapolis, MD",water_level,MSL,metric,NOAA CO-OPS Data API,https://api.tidesandcurrents.noaa.gov/api/prod/datagetter?product=water_level&application=tempo-earth2-workshop&begin_date=20260525&end_date=20260602&datum=MSL&station=8575512&time_zone=gmt&units=metric&interval=6&format=json,0.023,"0,0,0,0",v
2026-06-02 05:00:00+00:00,0.005,8575512,"Annapolis, MD",water_level,MSL,metric,NOAA CO-OPS Data API,https://api.tidesandcurrents.noaa.gov/api/prod/datagetter?product=water_level&application=tempo-earth2-workshop&begin_date=20260525&end_date=20260602&datum=MSL&station=8575512&time_zone=gmt&units=metric&interval=6&format=json,0.023,"0,0,0,0",v
2026-06-02 05:06:00+00:00,0.008,8575512,"Annapolis, MD",water_level,MSL,metric,NOAA CO-OPS Data API,https://api.tidesandcurrents.noaa.gov/api/prod/datagetter?product=water_level&application=tempo-earth2-workshop&begin_date=20260525&end_date=20260602&datum=MSL&station=8575512&time_zone=gmt&units=metric&interval=6&format=json,0.023,"0,0,0,0",v
2026-06-02 05:12:00+00:00,0.01,8575512,"Annapolis, MD",water_level,MSL,metric,NOAA CO-OPS Data API,https://api.tidesandcurrents.noaa.gov/api/prod/datagetter?product=water_level&application=tempo-earth2-workshop&begin_date=20260525&end_date=20260602&datum=MSL&station=8575512&time_zone=gmt&units=metric&interval=6&format=json,0.023,"0,0,0,0",v
2026-06-02 05:18:00+00:00,0.013,8575512,"Annapolis, MD",water_level,MSL,metric,NOAA CO-OPS Data API,https://api.tidesandcurrents.noaa.gov/api/prod/datagetter?product=water_level&application=tempo-earth2-workshop&begin_date=20260525&end_date=20260602&datum=MSL&station=8575512&time_zone=gmt&units=metric&interval=6&format=json,0.023,"0,0,0,0",v
2026-06-02 05:24:00+00:00,0.019,8575512,"Annapolis, MD",water_level,MSL,metric,NOAA CO-OPS Data API,https://api.tidesandcurrents.noaa.gov/api/prod/datagetter?product=water_level&application=tempo-earth2-workshop&begin_date=20260525&end_date=20260602&datum=MSL&station=8575512&time_zone=gmt&units=metric&interval=6&format=json,0.023,"0,0,0,0",v
2026-06-02 05:30:00+00:00,0.025,8575512,"Annapolis, MD",water_level,MSL,metric,NOAA CO-OPS Data API,https://api.tidesandcurrents.noaa.gov/api/prod/datagetter?product=water_level&application=tempo-earth2-workshop&begin_date=20260525&end_date=20260602&datum=MSL&station=8575512&time_zone=gmt&units=metric&interval=6&format=json,0.023,"0,0,0,0",v
2026-06-02 05:36:00+00:00,0.03,8575512,"Annapolis, MD",water_level,MSL,metric,NOAA CO-OPS Data API,https://api.tidesandcurrents.noaa.gov/api/prod/datagetter?product=water_level&application=tempo-earth2-workshop&begin_date=20260525&end_date=20260602&datum=MSL&station=8575512&time_zone=gmt&units=metric&interval=6&format=json,0.023,"0,0,0,0",v
2026-06-02 05:42:00+00:00,0.034,8575512,"Annapolis, MD",water_level,MSL,metric,NOAA CO-OPS Data API,https://api.tidesandcurrents.noaa.gov/api/prod/datagetter?product=water_level&application=tempo-earth2-workshop&begin_date=20260525&end_date=20260602&datum=MSL&station=8575512&time_zone=gmt&units=metric&interval=6&format=json,0.023,"0,0,0,0",v
2026-06-02 05:48:00+00:00,0.037,8575512,"Annapolis, MD",water_level,MSL,metric,NOAA CO-OPS Data API,https://api.tidesandcurrents.noaa.gov/api/prod/datagetter?product=water_level&application=tempo-earth2-workshop&begin_date=20260525&end_date=20260602&datum=MSL&station=8575512&time_zone=gmt&units=metric&interval=6&format=json,0.023,"0,0,0,0",v
2026-06-02 05:54:00+00:00,0.047,8575512,"Annapolis, MD",water_level,MSL,metric,NOAA CO-OPS Data API,https://api.tidesandcurrents.noaa.gov/api/prod/datagetter?product=water_level&application=tempo-earth2-workshop&begin_date=20260525&end_date=20260602&datum=MSL&station=8575512&time_zone=gmt&units=metric&interval=6&format=json,0.023,"0,0,0,0",v
2026-06-02 06:00:00+00:00,0.05,8575512,"Annapolis, MD",water_level,MSL,metric,NOAA CO-OPS Data API,https://api.tidesandcurrents.noaa.gov/api/prod/datagetter?product=water_level&application=tempo-earth2-workshop&begin_date=20260525&end_date=20260602&datum=MSL&station=8575512&time_zone=gmt&units=metric&interval=6&format=json,0.023,"0,0,0,0",v
2026-06-02 06:06:00+00:00,0.056,8575512,"Annapolis, MD",water_level,MSL,metric,NOAA CO-OPS Data API,https://api.tidesandcurrents.noaa.gov/api/prod/datagetter?product=water_level&application=tempo-earth2-workshop&begin_date=20260525&end_date=20260602&datum=MSL&station=8575512&time_zone=gmt&units=metric&interval=6&format=json,0.023,"0,0,0,0",v
2026-06-02 06:12:00+00:00,0.064,8575512,"Annapolis, MD",water_level,MSL,metric,NOAA CO-OPS Data API,https://api.tidesandcurrents.noaa.gov/api/prod/datagetter?product=water_level&application=tempo-earth2-workshop&begin_date=20260525&end_date=20260602&datum=MSL&station=8575512&time_zone=gmt&units=metric&interval=6&format=json,0.023,"0,0,0,0",v
2026-06-02 06:18:00+00:00,0.07,8575512,"Annapolis, MD",water_level,MSL,metric,NOAA CO-OPS Data API,https://api.tidesandcurrents.noaa.gov/api/prod/datagetter?product=water_level&application=tempo-earth2-workshop&begin_date=20260525&end_date=20260602&datum=MSL&station=8575512&time_zone=gmt&units=metric&interval=6&format=json,0.023,"0,0,0,0",v
2026-06-02 06:24:00+00:00,0.08,8575512,"Annapolis, MD",water_level,MSL,metric,NOAA CO-OPS Data API,https://api.tidesandcurrents.noaa.gov/api/prod/datagetter?product=water_level&application=tempo-earth2-workshop&begin_date=20260525&end_date=20260602&datum=MSL&station=8575512&time_zone=gmt&units=metric&interval=6&format=json,0.023,"0,0,0,0",v
2026-06-02 06:30:00+00:00,0.093,8575512,"Annapolis, MD",water_level,MSL,metric,NOAA CO-OPS Data API,https://api.tidesandcurrents.noaa.gov/api/prod/datagetter?product=water_level&application=tempo-earth2-workshop&begin_date=20260525&end_date=20260602&datum=MSL&station=8575512&time_zone=gmt&units=metric&interval=6&format=json,0.023,"0,0,0,0",v
2026-06-02 06:36:00+00:00,0.101,8575512,"Annapolis, MD",water_level,MSL,metric,NOAA CO-OPS Data API,https://api.tidesandcurrents.noaa.gov/api/prod/datagetter?product=water_level&application=tempo-earth2-workshop&begin_date=20260525&end_date=20260602&datum=MSL&station=8575512&time_zone=gmt&units=metric&interval=6&format=json,0.023,"0,0,0,0",v
2026-06-02 06:42:00+00:00,0.115,8575512,"Annapolis, MD",water_level,MSL,metric,NOAA CO-OPS Data API,https://api.tidesandcurrents.noaa.gov/api/prod/datagetter?product=water_level&application=tempo-earth2-workshop&begin_date=20260525&end_date=20260602&datum=MSL&station=8575512&time_zone=gmt&units=metric&interval=6&format=json,0.023,"0,0,0,0",v
2026-06-02 06:48:00+00:00,0.126,8575512,"Annapolis, MD",water_level,MSL,metric,NOAA CO-OPS Data API,https://api.tidesandcurrents.noaa.gov/api/prod/datagetter?product=water_level&application=tempo-earth2-workshop&begin_date=20260525&end_date=20260602&datum=MSL&station=8575512&time_zone=gmt&units=metric&interval=6&format=json,0.023,"0,0,0,0",v
2026-06-02 06:54:00+00:00,0.135,8575512,"Annapolis, MD",water_level,MSL,metric,NOAA CO-OPS Data API,https://api.tidesandcurrents.noaa.gov/api/prod/datagetter?product=water_level&application=tempo-earth2-workshop&begin_date=20260525&end_date=20260602&datum=MSL&station=8575512&time_zone=gmt&units=metric&interval=6&format=json,0.023,"0,0,0,0",v
2026-06-02 07:00:00+00:00,0.144,8575512,"Annapolis, MD",water_level,MSL,metric,NOAA CO-OPS Data API,https://api.tidesandcurrents.noaa.gov/api/prod/datagetter?product=water_level&application=tempo-earth2-workshop&begin_date=20260525&end_date=20260602&datum=MSL&station=8575512&time_zone=gmt&units=metric&interval=6&format=json,0.023,"0,0,0,0",v
2026-06-02 07:06:00+00:00,0.151,8575512,"Annapolis, MD",water_level,MSL,metric,NOAA CO-OPS Data API,https://api.tidesandcurrents.noaa.gov/api/prod/datagetter?product=water_level&application=tempo-earth2-workshop&begin_date=20260525&end_date=20260602&datum=MSL&station=8575512&time_zone=gmt&units=metric&interval=6&format=json,0.023,"0,0,0,0",v
2026-06-02 07:12:00+00:00,0.165,8575512,"Annapolis, MD",water_level,MSL,metric,NOAA CO-OPS Data API,https://api.tidesandcurrents.noaa.gov/api/prod/datagetter?product=water_level&application=tempo-earth2-workshop&begin_date=20260525&end_date=20260602&datum=MSL&station=8575512&time_zone=gmt&units=metric&interval=6&format=json,0.023,"0,0,0,0",v
2026-06-02 07:18:00+00:00,0.179,8575512,"Annapolis, MD",water_level,MSL,metric,NOAA CO-OPS Data API,https://api.tidesandcurrents.noaa.gov/api/prod/datagetter?product=water_level&application=tempo-earth2-workshop&begin_date=20260525&end_date=20260602&datum=MSL&station=8575512&time_zone=gmt&units=metric&interval=6&format=json,0.023,"0,0,0,0",v
2026-06-02 07:24:00+00:00,0.183,8575512,"Annapolis, MD",water_level,MSL,metric,NOAA CO-OPS Data API,https://api.tidesandcurrents.noaa.gov/api/prod/datagetter?product=water_level&application=tempo-earth2-workshop&begin_date=20260525&end_date=20260602&datum=MSL&station=8575512&time_zone=gmt&units=metric&interval=6&format=json,0.023,"0,0,0,0",v
2026-06-02 07:30:00+00:00,0.196,8575512,"Annapolis, MD",water_level,MSL,metric,NOAA CO-OPS Data API,https://api.tidesandcurrents.noaa.gov/api/prod/datagetter?product=water_level&application=tempo-earth2-workshop&begin_date=20260525&end_date=20260602&datum=MSL&station=8575512&time_zone=gmt&units=metric&interval=6&format=json,0.023,"0,0,0,0",v
2026-06-02 07:36:00+00:00,0.205,8575512,"Annapolis, MD",water_level,MSL,metric,NOAA CO-OPS Data API,https://api.tidesandcurrents.noaa.gov/api/prod/datagetter?product=water_level&application=tempo-earth2-workshop&begin_date=20260525&end_date=20260602&datum=MSL&station=8575512&time_zone=gmt&units=metric&interval=6&format=json,0.023,"0,0,0,0",v
2026-06-02 07:42:00+00:00,0.212,8575512,"Annapolis, MD",water_level,MSL,metric,NOAA CO-OPS Data API,https://api.tidesandcurrents.noaa.gov/api/prod/datagetter?product=water_level&application=tempo-earth2-workshop&begin_date=20260525&end_date=20260602&datum=MSL&station=8575512&time_zone=gmt&units=metric&interval=6&format=json,0.023,"0,0,0,0",v
2026-06-02 07:48:00+00:00,0.229,8575512,"Annapolis, MD",water_level,MSL,metric,NOAA CO-OPS Data API,https://api.tidesandcurrents.noaa.gov/api/prod/datagetter?product=water_level&application=tempo-earth2-workshop&begin_date=20260525&end_date=20260602&datum=MSL&station=8575512&time_zone=gmt&units=metric&interval=6&format=json,0.023,"0,0,0,0",v
2026-06-02 07:54:00+00:00,0.238,8575512,"Annapolis, MD",water_level,MSL,metric,NOAA CO-OPS Data API,https://api.tidesandcurrents.noaa.gov/api/prod/datagetter?product=water_level&application=tempo-earth2-workshop&begin_date=20260525&end_date=20260602&datum=MSL&station=8575512&time_zone=gmt&units=metric&interval=6&format=json,0.023,"0,0,0,0",v
2026-06-02 08:00:00+00:00,0.253,8575512,"Annapolis, MD",water_level,MSL,metric,NOAA CO-OPS Data API,https://api.tidesandcurrents.noaa.gov/api/prod/datagetter?product=water_level&application=tempo-earth2-workshop&begin_date=20260525&end_date=20260602&datum=MSL&station=8575512&time_zone=gmt&units=metric&interval=6&format=json,0.023,"0,0,0,0",v
2026-06-02 08:06:00+00:00,0.262,8575512,"Annapolis, MD",water_level,MSL,metric,NOAA CO-OPS Data API,https://api.tidesandcurrents.noaa.gov/api/prod/datagetter?product=water_level&application=tempo-earth2-workshop&begin_date=20260525&end_date=20260602&datum=MSL&station=8575512&time_zone=gmt&units=metric&interval=6&format=json,0.023,"0,0,0,0",v
2026-06-02 08:12:00+00:00,0.27,8575512,"Annapolis, MD",water_level,MSL,metric,NOAA CO-OPS Data API,https://api.tidesandcurrents.noaa.gov/api/prod/datagetter?product=water_level&application=tempo-earth2-workshop&begin_date=20260525&end_date=20260602&datum=MSL&station=8575512&time_zone=gmt&units=metric&interval=6&format=json,0.023,"0,0,0,0",v
2026-06-02 08:18:00+00:00,0.284,8575512,"Annapolis, MD",water_level,MSL,metric,NOAA CO-OPS Data API,https://api.tidesandcurrents.noaa.gov/api/prod/datagetter?product=water_level&application=tempo-earth2-workshop&begin_date=20260525&end_date=20260602&datum=MSL&station=8575512&time_zone=gmt&units=metric&interval=6&format=json,0.023,"0,0,0,0",v
2026-06-02 08:24:00+00:00,0.297,8575512,"Annapolis, MD",water_level,MSL,metric,NOAA CO-OPS Data API,https://api.tidesandcurrents.noaa.gov/api/prod/datagetter?product=water_level&application=tempo-earth2-workshop&begin_date=20260525&end_date=20260602&datum=MSL&station=8575512&time_zone=gmt&units=metric&interval=6&format=json,0.023,"0,0,0,0",v
2026-06-02 08:30:00+00:00,0.303,8575512,"Annapolis, MD",water_level,MSL,metric,NOAA CO-OPS Data API,https://api.tidesandcurrents.noaa.gov/api/prod/datagetter?product=water_level&application=tempo-earth2-workshop&begin_date=20260525&end_date=20260602&datum=MSL&station=8575512&time_zone=gmt&units=metric&interval=6&format=json,0.023,"0,0,0,0",v
2026-06-02 08:36:00+00:00,0.316,8575512,"Annapolis, MD",water_level,MSL,metric,NOAA CO-OPS Data API,https://api.tidesandcurrents.noaa.gov/api/prod/datagetter?product=water_level&application=tempo-earth2-workshop&begin_date=20260525&end_date=20260602&datum=MSL&station=8575512&time_zone=gmt&units=metric&interval=6&format=json,0.023,"0,0,0,0",v
2026-06-02 08:42:00+00:00,0.319,8575512,"Annapolis, MD",water_level,MSL,metric,NOAA CO-OPS Data API,https://api.tidesandcurrents.noaa.gov/api/prod/datagetter?product=water_level&application=tempo-earth2-workshop&begin_date=20260525&end_date=20260602&datum=MSL&station=8575512&time_zone=gmt&units=metric&interval=6&format=json,0.023,"0,0,0,0",v
2026-06-02 08:48:00+00:00,0.328,8575512,"Annapolis, MD",water_level,MSL,metric,NOAA CO-OPS Data API,https://api.tidesandcurrents.noaa.gov/api/prod/datagetter?product=water_level&application=tempo-earth2-workshop&begin_date=20260525&end_date=20260602&datum=MSL&station=8575512&time_zone=gmt&units=metric&interval=6&format=json,0.023,"0,0,0,0",v
2026-06-02 08:54:00+00:00,0.339,8575512,"Annapolis, MD",water_level,MSL,metric,NOAA CO-OPS Data API,https://api.tidesandcurrents.noaa.gov/api/prod/datagetter?product=water_level&application=tempo-earth2-workshop&begin_date=20260525&end_date=20260602&datum=MSL&station=8575512&time_zone=gmt&units=metric&interval=6&format=json,0.023,"0,0,0,0",v
2026-06-02 09:00:00+00:00,0.342,8575512,"Annapolis, MD",water_level,MSL,metric,NOAA CO-OPS Data API,https://api.tidesandcurrents.noaa.gov/api/prod/datagetter?product=water_level&application=tempo-earth2-workshop&begin_date=20260525&end_date=20260602&datum=MSL&station=8575512&time_zone=gmt&units=metric&interval=6&format=json,0.023,"0,0,0,0",v
2026-06-02 09:06:00+00:00,0.356,8575512,"Annapolis, MD",water_level,MSL,metric,NOAA CO-OPS Data API,https://api.tidesandcurrents.noaa.gov/api/prod/datagetter?product=water_level&application=tempo-earth2-workshop&begin_date=20260525&end_date=20260602&datum=MSL&station=8575512&time_zone=gmt&units=metric&interval=6&format=json,0.023,"0,0,0,0",v
2026-06-02 09:12:00+00:00,0.363,8575512,"Annapolis, MD",water_level,MSL,metric,NOAA CO-OPS Data API,https://api.tidesandcurrents.noaa.gov/api/prod/datagetter?product=water_level&application=tempo-earth2-workshop&begin_date=20260525&end_date=20260602&datum=MSL&station=8575512&time_zone=gmt&units=metric&interval=6&format=json,0.023,"0,0,0,0",v
2026-06-02 09:18:00+00:00,0.367,8575512,"Annapolis, MD",water_level,MSL,metric,NOAA CO-OPS Data API,https://api.tidesandcurrents.noaa.gov/api/prod/datagetter?product=water_level&application=tempo-earth2-workshop&begin_date=20260525&end_date=20260602&datum=MSL&station=8575512&time_zone=gmt&units=metric&interval=6&format=json,0.023,"0,0,0,0",v
2026-06-02 09:24:00+00:00,0.379,8575512,"Annapolis, MD",water_level,MSL,metric,NOAA CO-OPS Data API,https://api.tidesandcurrents.noaa.gov/api/prod/datagetter?product=water_level&application=tempo-earth2-workshop&begin_date=20260525&end_date=20260602&datum=MSL&station=8575512&time_zone=gmt&units=metric&interval=6&format=json,0.023,"0,0,0,0",v
2026-06-02 09:30:00+00:00,0.385,8575512,"Annapolis, MD",water_level,MSL,metric,NOAA CO-OPS Data API,https://api.tidesandcurrents.noaa.gov/api/prod/datagetter?product=water_level&application=tempo-earth2-workshop&begin_date=20260525&end_date=20260602&datum=MSL&station=8575512&time_zone=gmt&units=metric&interval=6&format=json,0.023,"0,0,0,0",v
2026-06-02 09:36:00+00:00,0.394,8575512,"Annapolis, MD",water_level,MSL,metric,NOAA CO-OPS Data API,https://api.tidesandcurrents.noaa.gov/api/prod/datagetter?product=water_level&application=tempo-earth2-workshop&begin_date=20260525&end_date=20260602&datum=MSL&station=8575512&time_zone=gmt&units=metric&interval=6&format=json,0.023,"0,0,0,0",v
2026-06-02 09:42:00+00:00,0.401,8575512,"Annapolis, MD",water_level,MSL,metric,NOAA CO-OPS Data API,https://api.tidesandcurrents.noaa.gov/api/prod/datagetter?product=water_level&application=tempo-earth2-workshop&begin_date=20260525&end_date=20260602&datum=MSL&station=8575512&time_zone=gmt&units=metric&interval=6&format=json,0.023,"0,0,0,0",v
2026-06-02 09:48:00+00:00,0.401,8575512,"Annapolis, MD",water_level,MSL,metric,NOAA CO-OPS Data API,https://api.tidesandcurrents.noaa.gov/api/prod/datagetter?product=water_level&application=tempo-earth2-workshop&begin_date=20260525&end_date=20260602&datum=MSL&station=8575512&time_zone=gmt&units=metric&interval=6&format=json,0.023,"0,0,0,0",v
2026-06-02 09:54:00+00:00,0.407,8575512,"Annapolis, MD",water_level,MSL,metric,NOAA CO-OPS Data API,https://api.tidesandcurrents.noaa.gov/api/prod/datagetter?product=water_level&application=tempo-earth2-workshop&begin_date=20260525&end_date=20260602&datum=MSL&station=8575512&time_zone=gmt&units=metric&interval=6&format=json,0.023,"0,0,0,0",v
2026-06-02 10:00:00+00:00,0.414,8575512,"Annapolis, MD",water_level,MSL,metric,NOAA CO-OPS Data API,https://api.tidesandcurrents.noaa.gov/api/prod/datagetter?product=water_level&application=tempo-earth2-workshop&begin_date=20260525&end_date=20260602&datum=MSL&station=8575512&time_zone=gmt&units=metric&interval=6&format=json,0.023,"0,0,0,0",v
2026-06-02 10:06:00+00:00,0.426,8575512,"Annapolis, MD",water_level,MSL,metric,NOAA CO-OPS Data API,https://api.tidesandcurrents.noaa.gov/api/prod/datagetter?product=water_level&application=tempo-earth2-workshop&begin_date=20260525&end_date=20260602&datum=MSL&station=8575512&time_zone=gmt&units=metric&interval=6&format=json,0.023,"0,0,0,0",v
2026-06-02 10:12:00+00:00,0.434,8575512,"Annapolis, MD",water_level,MSL,metric,NOAA CO-OPS Data API,https://api.tidesandcurrents.noaa.gov/api/prod/datagetter?product=water_level&application=tempo-earth2-workshop&begin_date=20260525&end_date=20260602&datum=MSL&station=8575512&time_zone=gmt&units=metric&interval=6&format=json,0.023,"0,0,0,0",v
2026-06-02 10:18:00+00:00,0.435,8575512,"Annapolis, MD",water_level,MSL,metric,NOAA CO-OPS Data API,https://api.tidesandcurrents.noaa.gov/api/prod/datagetter?product=water_level&application=tempo-earth2-workshop&begin_date=20260525&end_date=20260602&datum=MSL&station=8575512&time_zone=gmt&units=metric&interval=6&format=json,0.023,"0,0,0,0",v
2026-06-02 10:24:00+00:00,0.444,8575512,"Annapolis, MD",water_level,MSL,metric,NOAA CO-OPS Data API,https://api.tidesandcurrents.noaa.gov/api/prod/datagetter?product=water_level&application=tempo-earth2-workshop&begin_date=20260525&end_date=20260602&datum=MSL&station=8575512&time_zone=gmt&units=metric&interval=6&format=json,0.023,"0,0,0,0",v
2026-06-02 10:30:00+00:00,0.45,8575512,"Annapolis, MD",water_level,MSL,metric,NOAA CO-OPS Data API,https://api.tidesandcurrents.noaa.gov/api/prod/datagetter?product=water_level&application=tempo-earth2-workshop&begin_date=20260525&end_date=20260602&datum=MSL&station=8575512&time_zone=gmt&units=metric&interval=6&format=json,0.023,"0,0,0,0",v
2026-06-02 10:36:00+00:00,0.455,8575512,"Annapolis, MD",water_level,MSL,metric,NOAA CO-OPS Data API,https://api.tidesandcurrents.noaa.gov/api/prod/datagetter?product=water_level&application=tempo-earth2-workshop&begin_date=20260525&end_date=20260602&datum=MSL&station=8575512&time_zone=gmt&units=metric&interval=6&format=json,0.023,"0,0,0,0",v
2026-06-02 10:42:00+00:00,0.459,8575512,"Annapolis, MD",water_level,MSL,metric,NOAA CO-OPS Data API,https://api.tidesandcurrents.noaa.gov/api/prod/datagetter?product=water_level&application=tempo-earth2-workshop&begin_date=20260525&end_date=20260602&datum=MSL&station=8575512&time_zone=gmt&units=metric&interval=6&format=json,0.023,"0,0,0,0",v
2026-06-02 10:48:00+00:00,0.465,8575512,"Annapolis, MD",water_level,MSL,metric,NOAA CO-OPS Data API,https://api.tidesandcurrents.noaa.gov/api/prod/datagetter?product=water_level&application=tempo-earth2-workshop&begin_date=20260525&end_date=20260602&datum=MSL&station=8575512&time_zone=gmt&units=metric&interval=6&format=json,0.023,"0,0,0,0",v
2026-06-02 10:54:00+00:00,0.47,8575512,"Annapolis, MD",water_level,MSL,metric,NOAA CO-OPS Data API,https://api.tidesandcurrents.noaa.gov/api/prod/datagetter?product=water_level&application=tempo-earth2-workshop&begin_date=20260525&end_date=20260602&datum=MSL&station=8575512&time_zone=gmt&units=metric&interval=6&format=json,0.023,"0,0,0,0",v
2026-06-02 11:00:00+00:00,0.474,8575512,"Annapolis, MD",water_level,MSL,metric,NOAA CO-OPS Data API,https://api.tidesandcurrents.noaa.gov/api/prod/datagetter?product=water_level&application=tempo-earth2-workshop&begin_date=20260525&end_date=20260602&datum=MSL&station=8575512&time_zone=gmt&units=metric&interval=6&format=json,0.023,"0,0,0,0",v
2026-06-02 11:06:00+00:00,0.474,8575512,"Annapolis, MD",water_level,MSL,metric,NOAA CO-OPS Data API,https://api.tidesandcurrents.noaa.gov/api/prod/datagetter?product=water_level&application=tempo-earth2-workshop&begin_date=20260525&end_date=20260602&datum=MSL&station=8575512&time_zone=gmt&units=metric&interval=6&format=json,0.023,"0,0,0,0",v
2026-06-02 11:12:00+00:00,0.478,8575512,"Annapolis, MD",water_level,MSL,metric,NOAA CO-OPS Data API,https://api.tidesandcurrents.noaa.gov/api/prod/datagetter?product=water_level&application=tempo-earth2-workshop&begin_date=20260525&end_date=20260602&datum=MSL&station=8575512&time_zone=gmt&units=metric&interval=6&format=json,0.023,"0,0,0,0",v
2026-06-02 11:18:00+00:00,0.481,8575512,"Annapolis, MD",water_level,MSL,metric,NOAA CO-OPS Data API,https://api.tidesandcurrents.noaa.gov/api/prod/datagetter?product=water_level&application=tempo-earth2-workshop&begin_date=20260525&end_date=20260602&datum=MSL&station=8575512&time_zone=gmt&units=metric&interval=6&format=json,0.023,"0,0,0,0",v
2026-06-02 11:24:00+00:00,0.483,8575512,"Annapolis, MD",water_level,MSL,metric,NOAA CO-OPS Data API,https://api.tidesandcurrents.noaa.gov/api/prod/datagetter?product=water_level&application=tempo-earth2-workshop&begin_date=20260525&end_date=20260602&datum=MSL&station=8575512&time_zone=gmt&units=metric&interval=6&format=json,0.023,"0,0,0,0",v
2026-06-02 11:30:00+00:00,0.482,8575512,"Annapolis, MD",water_level,MSL,metric,NOAA CO-OPS Data API,https://api.tidesandcurrents.noaa.gov/api/prod/datagetter?product=water_level&application=tempo-earth2-workshop&begin_date=20260525&end_date=20260602&datum=MSL&station=8575512&time_zone=gmt&units=metric&interval=6&format=json,0.023,"0,0,0,0",v
2026-06-02 11:36:00+00:00,0.481,8575512,"Annapolis, MD",water_level,MSL,metric,NOAA CO-OPS Data API,https://api.tidesandcurrents.noaa.gov/api/prod/datagetter?product=water_level&application=tempo-earth2-workshop&begin_date=20260525&end_date=20260602&datum=MSL&station=8575512&time_zone=gmt&units=metric&interval=6&format=json,0.023,"0,0,0,0",v
2026-06-02 11:42:00+00:00,0.481,8575512,"Annapolis, MD",water_level,MSL,metric,NOAA CO-OPS Data API,https://api.tidesandcurrents.noaa.gov/api/prod/datagetter?product=water_level&application=tempo-earth2-workshop&begin_date=20260525&end_date=20260602&datum=MSL&station=8575512&time_zone=gmt&units=metric&interval=6&format=json,0.023,"0,0,0,0",v
2026-06-02 11:48:00+00:00,0.482,8575512,"Annapolis, MD",water_level,MSL,metric,NOAA CO-OPS Data API,https://api.tidesandcurrents.noaa.gov/api/prod/datagetter?product=water_level&application=tempo-earth2-workshop&begin_date=20260525&end_date=20260602&datum=MSL&station=8575512&time_zone=gmt&units=metric&interval=6&format=json,0.023,"0,0,0,0",v
2026-06-02 11:54:00+00:00,0.479,8575512,"Annapolis, MD",water_level,MSL,metric,NOAA CO-OPS Data API,https://api.tidesandcurrents.noaa.gov/api/prod/datagetter?product=water_level&application=tempo-earth2-workshop&begin_date=20260525&end_date=20260602&datum=MSL&station=8575512&time_zone=gmt&units=metric&interval=6&format=json,0.023,"0,0,0,0",v
2026-06-02 12:00:00+00:00,0.476,8575512,"Annapolis, MD",water_level,MSL,metric,NOAA CO-OPS Data API,https://api.tidesandcurrents.noaa.gov/api/prod/datagetter?product=water_level&application=tempo-earth2-workshop&begin_date=20260525&end_date=20260602&datum=MSL&station=8575512&time_zone=gmt&units=metric&interval=6&format=json,0.023,"0,0,0,0",v
2026-06-02 12:06:00+00:00,0.478,8575512,"Annapolis, MD",water_level,MSL,metric,NOAA CO-OPS Data API,https://api.tidesandcurrents.noaa.gov/api/prod/datagetter?product=water_level&application=tempo-earth2-workshop&begin_date=20260525&end_date=20260602&datum=MSL&station=8575512&time_zone=gmt&units=metric&interval=6&format=json,0.023,"0,0,0,0",v
2026-06-02 12:12:00+00:00,0.478,8575512,"Annapolis, MD",water_level,MSL,metric,NOAA CO-OPS Data API,https://api.tidesandcurrents.noaa.gov/api/prod/datagetter?product=water_level&application=tempo-earth2-workshop&begin_date=20260525&end_date=20260602&datum=MSL&station=8575512&time_zone=gmt&units=metric&interval=6&format=json,0.023,"0,0,0,0",v
2026-06-02 12:18:00+00:00,0.471,8575512,"Annapolis, MD",water_level,MSL,metric,NOAA CO-OPS Data API,https://api.tidesandcurrents.noaa.gov/api/prod/datagetter?product=water_level&application=tempo-earth2-workshop&begin_date=20260525&end_date=20260602&datum=MSL&station=8575512&time_zone=gmt&units=metric&interval=6&format=json,0.023,"0,0,0,0",v
2026-06-02 12:24:00+00:00,0.47,8575512,"Annapolis, MD",water_level,MSL,metric,NOAA CO-OPS Data API,https://api.tidesandcurrents.noaa.gov/api/prod/datagetter?product=water_level&application=tempo-earth2-workshop&begin_date=20260525&end_date=20260602&datum=MSL&station=8575512&time_zone=gmt&units=metric&interval=6&format=json,0.023,"0,0,0,0",v
2026-06-02 12:30:00+00:00,0.467,8575512,"Annapolis, MD",water_level,MSL,metric,NOAA CO-OPS Data API,https://api.tidesandcurrents.noaa.gov/api/prod/datagetter?product=water_level&application=tempo-earth2-workshop&begin_date=20260525&end_date=20260602&datum=MSL&station=8575512&time_zone=gmt&units=metric&interval=6&format=json,0.023,"0,0,0,0",v
2026-06-02 12:36:00+00:00,0.464,8575512,"Annapolis, MD",water_level,MSL,metric,NOAA CO-OPS Data API,https://api.tidesandcurrents.noaa.gov/api/prod/datagetter?product=water_level&application=tempo-earth2-workshop&begin_date=20260525&end_date=20260602&datum=MSL&station=8575512&time_zone=gmt&units=metric&interval=6&format=json,0.023,"0,0,0,0",v
2026-06-02 12:42:00+00:00,0.461,8575512,"Annapolis, MD",water_level,MSL,metric,NOAA CO-OPS Data API,https://api.tidesandcurrents.noaa.gov/api/prod/datagetter?product=water_level&application=tempo-earth2-workshop&begin_date=20260525&end_date=20260602&datum=MSL&station=8575512&time_zone=gmt&units=metric&interval=6&format=json,0.023,"0,0,0,0",v
2026-06-02 12:48:00+00:00,0.46,8575512,"Annapolis, MD",water_level,MSL,metric,NOAA CO-OPS Data API,https://api.tidesandcurrents.noaa.gov/api/prod/datagetter?product=water_level&application=tempo-earth2-workshop&begin_date=20260525&end_date=20260602&datum=MSL&station=8575512&time_zone=gmt&units=metric&interval=6&format=json,0.023,"0,0,0,0",v
2026-06-02 12:54:00+00:00,0.456,8575512,"Annapolis, MD",water_level,MSL,metric,NOAA CO-OPS Data API,https://api.tidesandcurrents.noaa.gov/api/prod/datagetter?product=water_level&application=tempo-earth2-workshop&begin_date=20260525&end_date=20260602&datum=MSL&station=8575512&time_zone=gmt&units=metric&interval=6&format=json,0.023,"0,0,0,0",v
2026-06-02 13:00:00+00:00,0.452,8575512,"Annapolis, MD",water_level,MSL,metric,NOAA CO-OPS Data API,https://api.tidesandcurrents.noaa.gov/api/prod/datagetter?product=water_level&application=tempo-earth2-workshop&begin_date=20260525&end_date=20260602&datum=MSL&station=8575512&time_zone=gmt&units=metric&interval=6&format=json,0.023,"0,0,0,0",v
2026-06-02 13:06:00+00:00,0.448,8575512,"Annapolis, MD",water_level,MSL,metric,NOAA CO-OPS Data API,https://api.tidesandcurrents.noaa.gov/api/prod/datagetter?product=water_level&application=tempo-earth2-workshop&begin_date=20260525&end_date=20260602&datum=MSL&station=8575512&time_zone=gmt&units=metric&interval=6&format=json,0.023,"0,0,0,0",v
2026-06-02 13:12:00+00:00,0.443,8575512,"Annapolis, MD",water_level,MSL,metric,NOAA CO-OPS Data API,https://api.tidesandcurrents.noaa.gov/api/prod/datagetter?product=water_level&application=tempo-earth2-workshop&begin_date=20260525&end_date=20260602&datum=MSL&station=8575512&time_zone=gmt&units=metric&interval=6&format=json,0.023,"0,0,0,0",v
2026-06-02 13:18:00+00:00,0.438,8575512,"Annapolis, MD",water_level,MSL,metric,NOAA CO-OPS Data API,https://api.tidesandcurrents.noaa.gov/api/prod/datagetter?product=water_level&application=tempo-earth2-workshop&begin_date=20260525&end_date=20260602&datum=MSL&station=8575512&time_zone=gmt&units=metric&interval=6&format=json,0.023,"0,0,0,0",v
2026-06-02 13:24:00+00:00,0.432,8575512,"Annapolis, MD",water_level,MSL,metric,NOAA CO-OPS Data API,https://api.tidesandcurrents.noaa.gov/api/prod/datagetter?product=water_level&application=tempo-earth2-workshop&begin_date=20260525&end_date=20260602&datum=MSL&station=8575512&time_zone=gmt&units=metric&interval=6&format=json,0.023,"0,0,0,0",v
2026-06-02 13:30:00+00:00,0.429,8575512,"Annapolis, MD",water_level,MSL,metric,NOAA CO-OPS Data API,https://api.tidesandcurrents.noaa.gov/api/prod/datagetter?product=water_level&application=tempo-earth2-workshop&begin_date=20260525&end_date=20260602&datum=MSL&station=8575512&time_zone=gmt&units=metric&interval=6&format=json,0.023,"0,0,0,0",v
2026-06-02 13:36:00+00:00,0.426,8575512,"Annapolis, MD",water_level,MSL,metric,NOAA CO-OPS Data API,https://api.tidesandcurrents.noaa.gov/api/prod/datagetter?product=water_level&application=tempo-earth2-workshop&begin_date=20260525&end_date=20260602&datum=MSL&station=8575512&time_zone=gmt&units=metric&interval=6&format=json,0.023,"0,0,0,0",v
2026-06-02 13:42:00+00:00,0.418,8575512,"Annapolis, MD",water_level,MSL,metric,NOAA CO-OPS Data API,https://api.tidesandcurrents.noaa.gov/api/prod/datagetter?product=water_level&application=tempo-earth2-workshop&begin_date=20260525&end_date=20260602&datum=MSL&station=8575512&time_zone=gmt&units=metric&interval=6&format=json,0.023,"0,0,0,0",v
2026-06-02 13:48:00+00:00,0.412,8575512,"Annapolis, MD",water_level,MSL,metric,NOAA CO-OPS Data API,https://api.tidesandcurrents.noaa.gov/api/prod/datagetter?product=water_level&application=tempo-earth2-workshop&begin_date=20260525&end_date=20260602&datum=MSL&station=8575512&time_zone=gmt&units=metric&interval=6&format=json,0.023,"0,0,0,0",v
2026-06-02 13:54:00+00:00,0.409,8575512,"Annapolis, MD",water_level,MSL,metric,NOAA CO-OPS Data API,https://api.tidesandcurrents.noaa.gov/api/prod/datagetter?product=water_level&application=tempo-earth2-workshop&begin_date=20260525&end_date=20260602&datum=MSL&station=8575512&time_zone=gmt&units=metric&interval=6&format=json,0.023,"0,0,0,0",v
2026-06-02 14:00:00+00:00,0.405,8575512,"Annapolis, MD",water_level,MSL,metric,NOAA CO-OPS Data API,https://api.tidesandcurrents.noaa.gov/api/prod/datagetter?product=water_level&application=tempo-earth2-workshop&begin_date=20260525&end_date=20260602&datum=MSL&station=8575512&time_zone=gmt&units=metric&interval=6&format=json,0.023,"0,0,0,0",v
2026-06-02 14:06:00+00:00,0.4,8575512,"Annapolis, MD",water_level,MSL,metric,NOAA CO-OPS Data API,https://api.tidesandcurrents.noaa.gov/api/prod/datagetter?product=water_level&application=tempo-earth2-workshop&begin_date=20260525&end_date=20260602&datum=MSL&station=8575512&time_zone=gmt&units=metric&interval=6&format=json,0.023,"0,0,0,0",v
2026-06-02 14:12:00+00:00,0.395,8575512,"Annapolis, MD",water_level,MSL,metric,NOAA CO-OPS Data API,https://api.tidesandcurrents.noaa.gov/api/prod/datagetter?product=water_level&application=tempo-earth2-workshop&begin_date=20260525&end_date=20260602&datum=MSL&station=8575512&time_zone=gmt&units=metric&interval=6&format=json,0.023,"0,0,0,0",v
2026-06-02 14:18:00+00:00,0.389,8575512,"Annapolis, MD",water_level,MSL,metric,NOAA CO-OPS Data API,https://api.tidesandcurrents.noaa.gov/api/prod/datagetter?product=water_level&application=tempo-earth2-workshop&begin_date=20260525&end_date=20260602&datum=MSL&station=8575512&time_zone=gmt&units=metric&interval=6&format=json,0.023,"0,0,0,0",v
2026-06-02 14:24:00+00:00,0.386,8575512,"Annapolis, MD",water_level,MSL,metric,NOAA CO-OPS Data API,https://api.tidesandcurrents.noaa.gov/api/prod/datagetter?product=water_level&application=tempo-earth2-workshop&begin_date=20260525&end_date=20260602&datum=MSL&station=8575512&time_zone=gmt&units=metric&interval=6&format=json,0.023,"0,0,0,0",v
2026-06-02 14:30:00+00:00,0.381,8575512,"Annapolis, MD",water_level,MSL,metric,NOAA CO-OPS Data API,https://api.tidesandcurrents.noaa.gov/api/prod/datagetter?product=water_level&application=tempo-earth2-workshop&begin_date=20260525&end_date=20260602&datum=MSL&station=8575512&time_zone=gmt&units=metric&interval=6&format=json,0.023,"0,0,0,0",v
2026-06-02 14:36:00+00:00,0.378,8575512,"Annapolis, MD",water_level,MSL,metric,NOAA CO-OPS Data API,https://api.tidesandcurrents.noaa.gov/api/prod/datagetter?product=water_level&application=tempo-earth2-workshop&begin_date=20260525&end_date=20260602&datum=MSL&station=8575512&time_zone=gmt&units=metric&interval=6&format=json,0.023,"0,0,0,0",v
2026-06-02 14:42:00+00:00,0.372,8575512,"Annapolis, MD",water_level,MSL,metric,NOAA CO-OPS Data API,https://api.tidesandcurrents.noaa.gov/api/prod/datagetter?product=water_level&application=tempo-earth2-workshop&begin_date=20260525&end_date=20260602&datum=MSL&station=8575512&time_zone=gmt&units=metric&interval=6&format=json,0.023,"0,0,0,0",v
2026-06-02 14:48:00+00:00,0.367,8575512,"Annapolis, MD",water_level,MSL,metric,NOAA CO-OPS Data API,https://api.tidesandcurrents.noaa.gov/api/prod/datagetter?product=water_level&application=tempo-earth2-workshop&begin_date=20260525&end_date=20260602&datum=MSL&station=8575512&time_zone=gmt&units=metric&interval=6&format=json,0.023,"0,0,0,0",v
2026-06-02 14:54:00+00:00,0.363,8575512,"Annapolis, MD",water_level,MSL,metric,NOAA CO-OPS Data API,https://api.tidesandcurrents.noaa.gov/api/prod/datagetter?product=water_level&application=tempo-earth2-workshop&begin_date=20260525&end_date=20260602&datum=MSL&station=8575512&time_zone=gmt&units=metric&interval=6&format=json,0.023,"0,0,0,0",v
2026-06-02 15:00:00+00:00,0.359,8575512,"Annapolis, MD",water_level,MSL,metric,NOAA CO-OPS Data API,https://api.tidesandcurrents.noaa.gov/api/prod/datagetter?product=water_level&application=tempo-earth2-workshop&begin_date=20260525&end_date=20260602&datum=MSL&station=8575512&time_zone=gmt&units=metric&interval=6&format=json,0.023,"0,0,0,0",v
2026-06-02 15:06:00+00:00,0.352,8575512,"Annapolis, MD",water_level,MSL,metric,NOAA CO-OPS Data API,https://api.tidesandcurrents.noaa.gov/api/prod/datagetter?product=water_level&application=tempo-earth2-workshop&begin_date=20260525&end_date=20260602&datum=MSL&station=8575512&time_zone=gmt&units=metric&interval=6&format=json,0.023,"0,0,0,0",v
2026-06-02 15:12:00+00:00,0.343,8575512,"Annapolis, MD",water_level,MSL,metric,NOAA CO-OPS Data API,https://api.tidesandcurrents.noaa.gov/api/prod/datagetter?product=water_level&application=tempo-earth2-workshop&begin_date=20260525&end_date=20260602&datum=MSL&station=8575512&time_zone=gmt&units=metric&interval=6&format=json,0.023,"0,0,0,0",v
2026-06-02 15:18:00+00:00,0.34,8575512,"Annapolis, MD",water_level,MSL,metric,NOAA CO-OPS Data API,https://api.tidesandcurrents.noaa.gov/api/prod/datagetter?product=water_level&application=tempo-earth2-workshop&begin_date=20260525&end_date=20260602&datum=MSL&station=8575512&time_zone=gmt&units=metric&interval=6&format=json,0.023,"0,0,0,0",v
2026-06-02 15:24:00+00:00,0.332,8575512,"Annapolis, MD",water_level,MSL,metric,NOAA CO-OPS Data API,https://api.tidesandcurrents.noaa.gov/api/prod/datagetter?product=water_level&application=tempo-earth2-workshop&begin_date=20260525&end_date=20260602&datum=MSL&station=8575512&time_zone=gmt&units=metric&interval=6&format=json,0.023,"0,0,0,0",v
2026-06-02 15:30:00+00:00,0.33,8575512,"Annapolis, MD",water_level,MSL,metric,NOAA CO-OPS Data API,https://api.tidesandcurrents.noaa.gov/api/prod/datagetter?product=water_level&application=tempo-earth2-workshop&begin_date=20260525&end_date=20260602&datum=MSL&station=8575512&time_zone=gmt&units=metric&interval=6&format=json,0.023,"0,0,0,0",v
2026-06-02 15:36:00+00:00,0.323,8575512,"Annapolis, MD",water_level,MSL,metric,NOAA CO-OPS Data API,https://api.tidesandcurrents.noaa.gov/api/prod/datagetter?product=water_level&application=tempo-earth2-workshop&begin_date=20260525&end_date=20260602&datum=MSL&station=8575512&time_zone=gmt&units=metric&interval=6&format=json,0.023,"0,0,0,0",v
2026-06-02 15:42:00+00:00,0.32,8575512,"Annapolis, MD",water_level,MSL,metric,NOAA CO-OPS Data API,https://api.tidesandcurrents.noaa.gov/api/prod/datagetter?product=water_level&application=tempo-earth2-workshop&begin_date=20260525&end_date=20260602&datum=MSL&station=8575512&time_zone=gmt&units=metric&interval=6&format=json,0.023,"0,0,0,0",v
2026-06-02 15:48:00+00:00,0.318,8575512,"Annapolis, MD",water_level,MSL,metric,NOAA CO-OPS Data API,https://api.tidesandcurrents.noaa.gov/api/prod/datagetter?product=water_level&application=tempo-earth2-workshop&begin_date=20260525&end_date=20260602&datum=MSL&station=8575512&time_zone=gmt&units=metric&interval=6&format=json,0.023,"0,0,0,0",v
2026-06-02 15:54:00+00:00,0.312,8575512,"Annapolis, MD",water_level,MSL,metric,NOAA CO-OPS Data API,https://api.tidesandcurrents.noaa.gov/api/prod/datagetter?product=water_level&application=tempo-earth2-workshop&begin_date=20260525&end_date=20260602&datum=MSL&station=8575512&time_zone=gmt&units=metric&interval=6&format=json,0.023,"0,0,0,0",v
2026-06-02 16:00:00+00:00,0.309,8575512,"Annapolis, MD",water_level,MSL,metric,NOAA CO-OPS Data API,https://api.tidesandcurrents.noaa.gov/api/prod/datagetter?product=water_level&application=tempo-earth2-workshop&begin_date=20260525&end_date=20260602&datum=MSL&station=8575512&time_zone=gmt&units=metric&interval=6&format=json,0.023,"0,0,0,0",v
2026-06-02 16:06:00+00:00,0.298,8575512,"Annapolis, MD",water_level,MSL,metric,NOAA CO-OPS Data API,https://api.tidesandcurrents.noaa.gov/api/prod/datagetter?product=water_level&application=tempo-earth2-workshop&begin_date=20260525&end_date=20260602&datum=MSL&station=8575512&time_zone=gmt&units=metric&interval=6&format=json,0.023,"0,0,0,0",v
2026-06-02 16:12:00+00:00,0.295,8575512,"Annapolis, MD",water_level,MSL,metric,NOAA CO-OPS Data API,https://api.tidesandcurrents.noaa.gov/api/prod/datagetter?product=water_level&application=tempo-earth2-workshop&begin_date=20260525&end_date=20260602&datum=MSL&station=8575512&time_zone=gmt&units=metric&interval=6&format=json,0.023,"0,0,0,0",v
2026-06-02 16:18:00+00:00,0.286,8575512,"Annapolis, MD",water_level,MSL,metric,NOAA CO-OPS Data API,https://api.tidesandcurrents.noaa.gov/api/prod/datagetter?product=water_level&application=tempo-earth2-workshop&begin_date=20260525&end_date=20260602&datum=MSL&station=8575512&time_zone=gmt&units=metric&interval=6&format=json,0.023,"0,0,0,0",v
2026-06-02 16:24:00+00:00,0.285,8575512,"Annapolis, MD",water_level,MSL,metric,NOAA CO-OPS Data API,https://api.tidesandcurrents.noaa.gov/api/prod/datagetter?product=water_level&application=tempo-earth2-workshop&begin_date=20260525&end_date=20260602&datum=MSL&station=8575512&time_zone=gmt&units=metric&interval=6&format=json,0.023,"0,0,0,0",v
2026-06-02 16:30:00+00:00,0.28,8575512,"Annapolis, MD",water_level,MSL,metric,NOAA CO-OPS Data API,https://api.tidesandcurrents.noaa.gov/api/prod/datagetter?product=water_level&application=tempo-earth2-workshop&begin_date=20260525&end_date=20260602&datum=MSL&station=8575512&time_zone=gmt&units=metric&interval=6&format=json,0.023,"0,0,0,0",v
2026-06-02 16:36:00+00:00,0.277,8575512,"Annapolis, MD",water_level,MSL,metric,NOAA CO-OPS Data API,https://api.tidesandcurrents.noaa.gov/api/prod/datagetter?product=water_level&application=tempo-earth2-workshop&begin_date=20260525&end_date=20260602&datum=MSL&station=8575512&time_zone=gmt&units=metric&interval=6&format=json,0.023,"0,0,0,0",v
2026-06-02 16:42:00+00:00,0.272,8575512,"Annapolis, MD",water_level,MSL,metric,NOAA CO-OPS Data API,https://api.tidesandcurrents.noaa.gov/api/prod/datagetter?product=water_level&application=tempo-earth2-workshop&begin_date=20260525&end_date=20260602&datum=MSL&station=8575512&time_zone=gmt&units=metric&interval=6&format=json,0.023,"0,0,0,0",v
2026-06-02 16:48:00+00:00,0.272,8575512,"Annapolis, MD",water_level,MSL,metric,NOAA CO-OPS Data API,https://api.tidesandcurrents.noaa.gov/api/prod/datagetter?product=water_level&application=tempo-earth2-workshop&begin_date=20260525&end_date=20260602&datum=MSL&station=8575512&time_zone=gmt&units=metric&interval=6&format=json,0.023,"0,0,0,0",v
2026-06-02 16:54:00+00:00,0.266,8575512,"Annapolis, MD",water_level,MSL,metric,NOAA CO-OPS Data API,https://api.tidesandcurrents.noaa.gov/api/prod/datagetter?product=water_level&application=tempo-earth2-workshop&begin_date=20260525&end_date=20260602&datum=MSL&station=8575512&time_zone=gmt&units=metric&interval=6&format=json,0.023,"0,0,0,0",v
2026-06-02 17:00:00+00:00,0.263,8575512,"Annapolis, MD",water_level,MSL,metric,NOAA CO-OPS Data API,https://api.tidesandcurrents.noaa.gov/api/prod/datagetter?product=water_level&application=tempo-earth2-workshop&begin_date=20260525&end_date=20260602&datum=MSL&station=8575512&time_zone=gmt&units=metric&interval=6&format=json,0.023,"0,0,0,0",v
2026-06-02 17:06:00+00:00,0.264,8575512,"Annapolis, MD",water_level,MSL,metric,NOAA CO-OPS Data API,https://api.tidesandcurrents.noaa.gov/api/prod/datagetter?product=water_level&application=tempo-earth2-workshop&begin_date=20260525&end_date=20260602&datum=MSL&station=8575512&time_zone=gmt&units=metric&interval=6&format=json,0.023,"0,0,0,0",v
2026-06-02 17:12:00+00:00,0.26,8575512,"Annapolis, MD",water_level,MSL,metric,NOAA CO-OPS Data API,https://api.tidesandcurrents.noaa.gov/api/prod/datagetter?product=water_level&application=tempo-earth2-workshop&begin_date=20260525&end_date=20260602&datum=MSL&station=8575512&time_zone=gmt&units=metric&interval=6&format=json,0.023,"0,0,0,0",v
2026-06-02 17:18:00+00:00,0.256,8575512,"Annapolis, MD",water_level,MSL,metric,NOAA CO-OPS Data API,https://api.tidesandcurrents.noaa.gov/api/prod/datagetter?product=water_level&application=tempo-earth2-workshop&begin_date=20260525&end_date=20260602&datum=MSL&station=8575512&time_zone=gmt&units=metric&interval=6&format=json,0.023,"0,0,0,0",v
2026-06-02 17:24:00+00:00,0.253,8575512,"Annapolis, MD",water_level,MSL,metric,NOAA CO-OPS Data API,https://api.tidesandcurrents.noaa.gov/api/prod/datagetter?product=water_level&application=tempo-earth2-workshop&begin_date=20260525&end_date=20260602&datum=MSL&station=8575512&time_zone=gmt&units=metric&interval=6&format=json,0.023,"0,0,0,0",v
2026-06-02 17:30:00+00:00,0.249,8575512,"Annapolis, MD",water_level,MSL,metric,NOAA CO-OPS Data API,https://api.tidesandcurrents.noaa.gov/api/prod/datagetter?product=water_level&application=tempo-earth2-workshop&begin_date=20260525&end_date=20260602&datum=MSL&station=8575512&time_zone=gmt&units=metric&interval=6&format=json,0.023,"0,0,0,0",v
2026-06-02 17:36:00+00:00,0.248,8575512,"Annapolis, MD",water_level,MSL,metric,NOAA CO-OPS Data API,https://api.tidesandcurrents.noaa.gov/api/prod/datagetter?product=water_level&application=tempo-earth2-workshop&begin_date=20260525&end_date=20260602&datum=MSL&station=8575512&time_zone=gmt&units=metric&interval=6&format=json,0.023,"0,0,0,0",v
2026-06-02 17:42:00+00:00,0.252,8575512,"Annapolis, MD",water_level,MSL,metric,NOAA CO-OPS Data API,https://api.tidesandcurrents.noaa.gov/api/prod/datagetter?product=water_level&application=tempo-earth2-workshop&begin_date=20260525&end_date=20260602&datum=MSL&station=8575512&time_zone=gmt&units=metric&interval=6&format=json,0.023,"0,0,0,0",v
2026-06-02 17:48:00+00:00,0.255,8575512,"Annapolis, MD",water_level,MSL,metric,NOAA CO-OPS Data API,https://api.tidesandcurrents.noaa.gov/api/prod/datagetter?product=water_level&application=tempo-earth2-workshop&begin_date=20260525&end_date=20260602&datum=MSL&station=8575512&time_zone=gmt&units=metric&interval=6&format=json,0.023,"0,0,0,0",v
2026-06-02 17:54:00+00:00,0.255,8575512,"Annapolis, MD",water_level,MSL,metric,NOAA CO-OPS Data API,https://api.tidesandcurrents.noaa.gov/api/prod/datagetter?product=water_level&application=tempo-earth2-workshop&begin_date=20260525&end_date=20260602&datum=MSL&station=8575512&time_zone=gmt&units=metric&interval=6&format=json,0.023,"0,0,0,0",v
2026-06-02 18:00:00+00:00,0.253,8575512,"Annapolis, MD",water_level,MSL,metric,NOAA CO-OPS Data API,https://api.tidesandcurrents.noaa.gov/api/prod/datagetter?product=water_level&application=tempo-earth2-workshop&begin_date=20260525&end_date=20260602&datum=MSL&station=8575512&time_zone=gmt&units=metric&interval=6&format=json,0.023,"0,0,0,0",v
2026-06-02 18:06:00+00:00,0.253,8575512,"Annapolis, MD",water_level,MSL,metric,NOAA CO-OPS Data API,https://api.tidesandcurrents.noaa.gov/api/prod/datagetter?product=water_level&application=tempo-earth2-workshop&begin_date=20260525&end_date=20260602&datum=MSL&station=8575512&time_zone=gmt&units=metric&interval=6&format=json,0.023,"0,0,0,0",v
2026-06-02 18:12:00+00:00,0.248,8575512,"Annapolis, MD",water_level,MSL,metric,NOAA CO-OPS Data API,https://api.tidesandcurrents.noaa.gov/api/prod/datagetter?product=water_level&application=tempo-earth2-workshop&begin_date=20260525&end_date=20260602&datum=MSL&station=8575512&time_zone=gmt&units=metric&interval=6&format=json,0.023,"0,0,0,0",v
2026-06-02 18:18:00+00:00,0.253,8575512,"Annapolis, MD",water_level,MSL,metric,NOAA CO-OPS Data API,https://api.tidesandcurrents.noaa.gov/api/prod/datagetter?product=water_level&application=tempo-earth2-workshop&begin_date=20260525&end_date=20260602&datum=MSL&station=8575512&time_zone=gmt&units=metric&interval=6&format=json,0.023,"0,0,0,0",v
2026-06-02 18:24:00+00:00,0.257,8575512,"Annapolis, MD",water_level,MSL,metric,NOAA CO-OPS Data API,https://api.tidesandcurrents.noaa.gov/api/prod/datagetter?product=water_level&application=tempo-earth2-workshop&begin_date=20260525&end_date=20260602&datum=MSL&station=8575512&time_zone=gmt&units=metric&interval=6&format=json,0.023,"0,0,0,0",v
2026-06-02 18:30:00+00:00,0.259,8575512,"Annapolis, MD",water_level,MSL,metric,NOAA CO-OPS Data API,https://api.tidesandcurrents.noaa.gov/api/prod/datagetter?product=water_level&application=tempo-earth2-workshop&begin_date=20260525&end_date=20260602&datum=MSL&station=8575512&time_zone=gmt&units=metric&interval=6&format=json,0.023,"0,0,0,0",v
2026-06-02 18:36:00+00:00,0.26,8575512,"Annapolis, MD",water_level,MSL,metric,NOAA CO-OPS Data API,https://api.tidesandcurrents.noaa.gov/api/prod/datagetter?product=water_level&application=tempo-earth2-workshop&begin_date=20260525&end_date=20260602&datum=MSL&station=8575512&time_zone=gmt&units=metric&interval=6&format=json,0.023,"0,0,0,0",v
2026-06-02 18:42:00+00:00,0.267,8575512,"Annapolis, MD",water_level,MSL,metric,NOAA CO-OPS Data API,https://api.tidesandcurrents.noaa.gov/api/prod/datagetter?product=water_level&application=tempo-earth2-workshop&begin_date=20260525&end_date=20260602&datum=MSL&station=8575512&time_zone=gmt&units=metric&interval=6&format=json,0.023,"0,0,0,0",v
2026-06-02 18:48:00+00:00,0.277,8575512,"Annapolis, MD",water_level,MSL,metric,NOAA CO-OPS Data API,https://api.tidesandcurrents.noaa.gov/api/prod/datagetter?product=water_level&application=tempo-earth2-workshop&begin_date=20260525&end_date=20260602&datum=MSL&station=8575512&time_zone=gmt&units=metric&interval=6&format=json,0.023,"0,0,0,0",v
2026-06-02 18:54:00+00:00,0.283,8575512,"Annapolis, MD",water_level,MSL,metric,NOAA CO-OPS Data API,https://api.tidesandcurrents.noaa.gov/api/prod/datagetter?product=water_level&application=tempo-earth2-workshop&begin_date=20260525&end_date=20260602&datum=MSL&station=8575512&time_zone=gmt&units=metric&interval=6&format=json,0.023,"0,0,0,0",v
2026-06-02 19:00:00+00:00,0.283,8575512,"Annapolis, MD",water_level,MSL,metric,NOAA CO-OPS Data API,https://api.tidesandcurrents.noaa.gov/api/prod/datagetter?product=water_level&application=tempo-earth2-workshop&begin_date=20260525&end_date=20260602&datum=MSL&station=8575512&time_zone=gmt&units=metric&interval=6&format=json,0.023,"0,0,0,0",v
2026-06-02 19:06:00+00:00,0.289,8575512,"Annapolis, MD",water_level,MSL,metric,NOAA CO-OPS Data API,https://api.tidesandcurrents.noaa.gov/api/prod/datagetter?product=water_level&application=tempo-earth2-workshop&begin_date=20260525&end_date=20260602&datum=MSL&station=8575512&time_zone=gmt&units=metric&interval=6&format=json,0.023,"0,0,0,0",v
2026-06-02 19:12:00+00:00,0.291,8575512,"Annapolis, MD",water_level,MSL,metric,NOAA CO-OPS Data API,https://api.tidesandcurrents.noaa.gov/api/prod/datagetter?product=water_level&application=tempo-earth2-workshop&begin_date=20260525&end_date=20260602&datum=MSL&station=8575512&time_zone=gmt&units=metric&interval=6&format=json,0.023,"0,0,0,0",v
2026-06-02 19:18:00+00:00,0.293,8575512,"Annapolis, MD",water_level,MSL,metric,NOAA CO-OPS Data API,https://api.tidesandcurrents.noaa.gov/api/prod/datagetter?product=water_level&application=tempo-earth2-workshop&begin_date=20260525&end_date=20260602&datum=MSL&station=8575512&time_zone=gmt&units=metric&interval=6&format=json,0.023,"0,0,0,0",v
2026-06-02 19:24:00+00:00,0.294,8575512,"Annapolis, MD",water_level,MSL,metric,NOAA CO-OPS Data API,https://api.tidesandcurrents.noaa.gov/api/prod/datagetter?product=water_level&application=tempo-earth2-workshop&begin_date=20260525&end_date=20260602&datum=MSL&station=8575512&time_zone=gmt&units=metric&interval=6&format=json,0.023,"0,0,0,0",v
2026-06-02 19:30:00+00:00,0.295,8575512,"Annapolis, MD",water_level,MSL,metric,NOAA CO-OPS Data API,https://api.tidesandcurrents.noaa.gov/api/prod/datagetter?product=water_level&application=tempo-earth2-workshop&begin_date=20260525&end_date=20260602&datum=MSL&station=8575512&time_zone=gmt&units=metric&interval=6&format=json,0.023,"0,0,0,0",v
2026-06-02 19:36:00+00:00,0.307,8575512,"Annapolis, MD",water_level,MSL,metric,NOAA CO-OPS Data API,https://api.tidesandcurrents.noaa.gov/api/prod/datagetter?product=water_level&application=tempo-earth2-workshop&begin_date=20260525&end_date=20260602&datum=MSL&station=8575512&time_zone=gmt&units=metric&interval=6&format=json,0.023,"0,0,0,0",v
2026-06-02 19:42:00+00:00,0.309,8575512,"Annapolis, MD",water_level,MSL,metric,NOAA CO-OPS Data API,https://api.tidesandcurrents.noaa.gov/api/prod/datagetter?product=water_level&application=tempo-earth2-workshop&begin_date=20260525&end_date=20260602&datum=MSL&station=8575512&time_zone=gmt&units=metric&interval=6&format=json,0.023,"0,0,0,0",v
2026-06-02 19:48:00+00:00,0.31,8575512,"Annapolis, MD",water_level,MSL,metric,NOAA CO-OPS Data API,https://api.tidesandcurrents.noaa.gov/api/prod/datagetter?product=water_level&application=tempo-earth2-workshop&begin_date=20260525&end_date=20260602&datum=MSL&station=8575512&time_zone=gmt&units=metric&interval=6&format=json,0.023,"0,0,0,0",v
2026-06-02 19:54:00+00:00,0.316,8575512,"Annapolis, MD",water_level,MSL,metric,NOAA CO-OPS Data API,https://api.tidesandcurrents.noaa.gov/api/prod/datagetter?product=water_level&application=tempo-earth2-workshop&begin_date=20260525&end_date=20260602&datum=MSL&station=8575512&time_zone=gmt&units=metric&interval=6&format=json,0.023,"0,0,0,0",v
2026-06-02 20:00:00+00:00,0.32,8575512,"Annapolis, MD",water_level,MSL,metric,NOAA CO-OPS Data API,https://api.tidesandcurrents.noaa.gov/api/prod/datagetter?product=water_level&application=tempo-earth2-workshop&begin_date=20260525&end_date=20260602&datum=MSL&station=8575512&time_zone=gmt&units=metric&interval=6&format=json,0.023,"0,0,0,0",v
2026-06-02 20:06:00+00:00,0.326,8575512,"Annapolis, MD",water_level,MSL,metric,NOAA CO-OPS Data API,https://api.tidesandcurrents.noaa.gov/api/prod/datagetter?product=water_level&application=tempo-earth2-workshop&begin_date=20260525&end_date=20260602&datum=MSL&station=8575512&time_zone=gmt&units=metric&interval=6&format=json,0.023,"0,0,0,0",v
2026-06-02 20:12:00+00:00,0.328,8575512,"Annapolis, MD",water_level,MSL,metric,NOAA CO-OPS Data API,https://api.tidesandcurrents.noaa.gov/api/prod/datagetter?product=water_level&application=tempo-earth2-workshop&begin_date=20260525&end_date=20260602&datum=MSL&station=8575512&time_zone=gmt&units=metric&interval=6&format=json,0.023,"0,0,0,0",v
2026-06-02 20:18:00+00:00,0.331,8575512,"Annapolis, MD",water_level,MSL,metric,NOAA CO-OPS Data API,https://api.tidesandcurrents.noaa.gov/api/prod/datagetter?product=water_level&application=tempo-earth2-workshop&begin_date=20260525&end_date=20260602&datum=MSL&station=8575512&time_zone=gmt&units=metric&interval=6&format=json,0.023,"0,0,0,0",v
2026-06-02 20:24:00+00:00,0.333,8575512,"Annapolis, MD",water_level,MSL,metric,NOAA CO-OPS Data API,https://api.tidesandcurrents.noaa.gov/api/prod/datagetter?product=water_level&application=tempo-earth2-workshop&begin_date=20260525&end_date=20260602&datum=MSL&station=8575512&time_zone=gmt&units=metric&interval=6&format=json,0.023,"0,0,0,0",v
2026-06-02 20:30:00+00:00,0.34,8575512,"Annapolis, MD",water_level,MSL,metric,NOAA CO-OPS Data API,https://api.tidesandcurrents.noaa.gov/api/prod/datagetter?product=water_level&application=tempo-earth2-workshop&begin_date=20260525&end_date=20260602&datum=MSL&station=8575512&time_zone=gmt&units=metric&interval=6&format=json,0.023,"0,0,0,0",v
2026-06-02 20:36:00+00:00,0.343,8575512,"Annapolis, MD",water_level,MSL,metric,NOAA CO-OPS Data API,https://api.tidesandcurrents.noaa.gov/api/prod/datagetter?product=water_level&application=tempo-earth2-workshop&begin_date=20260525&end_date=20260602&datum=MSL&station=8575512&time_zone=gmt&units=metric&interval=6&format=json,0.023,"0,0,0,0",v
2026-06-02 20:42:00+00:00,0.346,8575512,"Annapolis, MD",water_level,MSL,metric,NOAA CO-OPS Data API,https://api.tidesandcurrents.noaa.gov/api/prod/datagetter?product=water_level&application=tempo-earth2-workshop&begin_date=20260525&end_date=20260602&datum=MSL&station=8575512&time_zone=gmt&units=metric&interval=6&format=json,0.023,"0,0,0,0",v
2026-06-02 20:48:00+00:00,0.346,8575512,"Annapolis, MD",water_level,MSL,metric,NOAA CO-OPS Data API,https://api.tidesandcurrents.noaa.gov/api/prod/datagetter?product=water_level&application=tempo-earth2-workshop&begin_date=20260525&end_date=20260602&datum=MSL&station=8575512&time_zone=gmt&units=metric&interval=6&format=json,0.023,"0,0,0,0",v
2026-06-02 20:54:00+00:00,0.351,8575512,"Annapolis, MD",water_level,MSL,metric,NOAA CO-OPS Data API,https://api.tidesandcurrents.noaa.gov/api/prod/datagetter?product=water_level&application=tempo-earth2-workshop&begin_date=20260525&end_date=20260602&datum=MSL&station=8575512&time_zone=gmt&units=metric&interval=6&format=json,0.023,"0,0,0,0",v
2026-06-02 21:00:00+00:00,0.36,8575512,"Annapolis, MD",water_level,MSL,metric,NOAA CO-OPS Data API,https://api.tidesandcurrents.noaa.gov/api/prod/datagetter?product=water_level&application=tempo-earth2-workshop&begin_date=20260525&end_date=20260602&datum=MSL&station=8575512&time_zone=gmt&units=metric&interval=6&format=json,0.023,"0,0,0,0",v
2026-06-02 21:06:00+00:00,0.365,8575512,"Annapolis, MD",water_level,MSL,metric,NOAA CO-OPS Data API,https://api.tidesandcurrents.noaa.gov/api/prod/datagetter?product=water_level&application=tempo-earth2-workshop&begin_date=20260525&end_date=20260602&datum=MSL&station=8575512&time_zone=gmt&units=metric&interval=6&format=json,0.023,"0,0,0,0",v
2026-06-02 21:12:00+00:00,0.372,8575512,"Annapolis, MD",water_level,MSL,metric,NOAA CO-OPS Data API,https://api.tidesandcurrents.noaa.gov/api/prod/datagetter?product=water_level&application=tempo-earth2-workshop&begin_date=20260525&end_date=20260602&datum=MSL&station=8575512&time_zone=gmt&units=metric&interval=6&format=json,0.023,"0,0,0,0",v
2026-06-02 21:18:00+00:00,0.376,8575512,"Annapolis, MD",water_level,MSL,metric,NOAA CO-OPS Data API,https://api.tidesandcurrents.noaa.gov/api/prod/datagetter?product=water_level&application=tempo-earth2-workshop&begin_date=20260525&end_date=20260602&datum=MSL&station=8575512&time_zone=gmt&units=metric&interval=6&format=json,0.023,"0,0,0,0",v
2026-06-02 21:24:00+00:00,0.376,8575512,"Annapolis, MD",water_level,MSL,metric,NOAA CO-OPS Data API,https://api.tidesandcurrents.noaa.gov/api/prod/datagetter?product=water_level&application=tempo-earth2-workshop&begin_date=20260525&end_date=20260602&datum=MSL&station=8575512&time_zone=gmt&units=metric&interval=6&format=json,0.023,"0,0,0,0",v
2026-06-02 21:30:00+00:00,0.374,8575512,"Annapolis, MD",water_level,MSL,metric,NOAA CO-OPS Data API,https://api.tidesandcurrents.noaa.gov/api/prod/datagetter?product=water_level&application=tempo-earth2-workshop&begin_date=20260525&end_date=20260602&datum=MSL&station=8575512&time_zone=gmt&units=metric&interval=6&format=json,0.023,"0,0,0,0",v
2026-06-02 21:36:00+00:00,0.379,8575512,"Annapolis, MD",water_level,MSL,metric,NOAA CO-OPS Data API,https://api.tidesandcurrents.noaa.gov/api/prod/datagetter?product=water_level&application=tempo-earth2-workshop&begin_date=20260525&end_date=20260602&datum=MSL&station=8575512&time_zone=gmt&units=metric&interval=6&format=json,0.023,"0,0,0,0",v
2026-06-02 21:42:00+00:00,0.383,8575512,"Annapolis, MD",water_level,MSL,metric,NOAA CO-OPS Data API,https://api.tidesandcurrents.noaa.gov/api/prod/datagetter?product=water_level&application=tempo-earth2-workshop&begin_date=20260525&end_date=20260602&datum=MSL&station=8575512&time_zone=gmt&units=metric&interval=6&format=json,0.023,"0,0,0,0",v
2026-06-02 21:48:00+00:00,0.384,8575512,"Annapolis, MD",water_level,MSL,metric,NOAA CO-OPS Data API,https://api.tidesandcurrents.noaa.gov/api/prod/datagetter?product=water_level&application=tempo-earth2-workshop&begin_date=20260525&end_date=20260602&datum=MSL&station=8575512&time_zone=gmt&units=metric&interval=6&format=json,0.023,"0,0,0,0",v
2026-06-02 21:54:00+00:00,0.393,8575512,"Annapolis, MD",water_level,MSL,metric,NOAA CO-OPS Data API,https://api.tidesandcurrents.noaa.gov/api/prod/datagetter?product=water_level&application=tempo-earth2-workshop&begin_date=20260525&end_date=20260602&datum=MSL&station=8575512&time_zone=gmt&units=metric&interval=6&format=json,0.023,"0,0,0,0",v
2026-06-02 22:00:00+00:00,0.394,8575512,"Annapolis, MD",water_level,MSL,metric,NOAA CO-OPS Data API,https://api.tidesandcurrents.noaa.gov/api/prod/datagetter?product=water_level&application=tempo-earth2-workshop&begin_date=20260525&end_date=20260602&datum=MSL&station=8575512&time_zone=gmt&units=metric&interval=6&format=json,0.023,"0,0,0,0",v
2026-06-02 22:06:00+00:00,0.397,8575512,"Annapolis, MD",water_level,MSL,metric,NOAA CO-OPS Data API,https://api.tidesandcurrents.noaa.gov/api/prod/datagetter?product=water_level&application=tempo-earth2-workshop&begin_date=20260525&end_date=20260602&datum=MSL&station=8575512&time_zone=gmt&units=metric&interval=6&format=json,0.023,"0,0,0,0",v
2026-06-02 22:12:00+00:00,0.399,8575512,"Annapolis, MD",water_level,MSL,metric,NOAA CO-OPS Data API,https://api.tidesandcurrents.noaa.gov/api/prod/datagetter?product=water_level&application=tempo-earth2-workshop&begin_date=20260525&end_date=20260602&datum=MSL&station=8575512&time_zone=gmt&units=metric&interval=6&format=json,0.023,"0,0,0,0",v
2026-06-02 22:18:00+00:00,0.403,8575512,"Annapolis, MD",water_level,MSL,metric,NOAA CO-OPS Data API,https://api.tidesandcurrents.noaa.gov/api/prod/datagetter?product=water_level&application=tempo-earth2-workshop&begin_date=20260525&end_date=20260602&datum=MSL&station=8575512&time_zone=gmt&units=metric&interval=6&format=json,0.023,"0,0,0,0",v
2026-06-02 22:24:00+00:00,0.405,8575512,"Annapolis, MD",water_level,MSL,metric,NOAA CO-OPS Data API,https://api.tidesandcurrents.noaa.gov/api/prod/datagetter?product=water_level&application=tempo-earth2-workshop&begin_date=20260525&end_date=20260602&datum=MSL&station=8575512&time_zone=gmt&units=metric&interval=6&format=json,0.023,"0,0,0,0",v
2026-06-02 22:30:00+00:00,0.409,8575512,"Annapolis, MD",water_level,MSL,metric,NOAA CO-OPS Data API,https://api.tidesandcurrents.noaa.gov/api/prod/datagetter?product=water_level&application=tempo-earth2-workshop&begin_date=20260525&end_date=20260602&datum=MSL&station=8575512&time_zone=gmt&units=metric&interval=6&format=json,0.023,"0,0,0,0",v
2026-06-02 22:36:00+00:00,0.409,8575512,"Annapolis, MD",water_level,MSL,metric,NOAA CO-OPS Data API,https://api.tidesandcurrents.noaa.gov/api/prod/datagetter?product=water_level&application=tempo-earth2-workshop&begin_date=20260525&end_date=20260602&datum=MSL&station=8575512&time_zone=gmt&units=metric&interval=6&format=json,0.023,"0,0,0,0",v
2026-06-02 22:42:00+00:00,0.407,8575512,"Annapolis, MD",water_level,MSL,metric,NOAA CO-OPS Data API,https://api.tidesandcurrents.noaa.gov/api/prod/datagetter?product=water_level&application=tempo-earth2-workshop&begin_date=20260525&end_date=20260602&datum=MSL&station=8575512&time_zone=gmt&units=metric&interval=6&format=json,0.023,"0,0,0,0",v
2026-06-02 22:48:00+00:00,0.409,8575512,"Annapolis, MD",water_level,MSL,metric,NOAA CO-OPS Data API,https://api.tidesandcurrents.noaa.gov/api/prod/datagetter?product=water_level&application=tempo-earth2-workshop&begin_date=20260525&end_date=20260602&datum=MSL&station=8575512&time_zone=gmt&units=metric&interval=6&format=json,0.023,"0,0,0,0",v
2026-06-02 22:54:00+00:00,0.41,8575512,"Annapolis, MD",water_level,MSL,metric,NOAA CO-OPS Data API,https://api.tidesandcurrents.noaa.gov/api/prod/datagetter?product=water_level&application=tempo-earth2-workshop&begin_date=20260525&end_date=20260602&datum=MSL&station=8575512&time_zone=gmt&units=metric&interval=6&format=json,0.023,"0,0,0,0",v
2026-06-02 23:00:00+00:00,0.411,8575512,"Annapolis, MD",water_level,MSL,metric,NOAA CO-OPS Data API,https://api.tidesandcurrents.noaa.gov/api/prod/datagetter?product=water_level&application=tempo-earth2-workshop&begin_date=20260525&end_date=20260602&datum=MSL&station=8575512&time_zone=gmt&units=metric&interval=6&format=json,0.023,"0,0,0,0",v
2026-06-02 23:06:00+00:00,0.408,8575512,"Annapolis, MD",water_level,MSL,metric,NOAA CO-OPS Data API,https://api.tidesandcurrents.noaa.gov/api/prod/datagetter?product=water_level&application=tempo-earth2-workshop&begin_date=20260525&end_date=20260602&datum=MSL&station=8575512&time_zone=gmt&units=metric&interval=6&format=json,0.023,"0,0,0,0",v
2026-06-02 23:12:00+00:00,0.409,8575512,"Annapolis, MD",water_level,MSL,metric,NOAA CO-OPS Data API,https://api.tidesandcurrents.noaa.gov/api/prod/datagetter?product=water_level&application=tempo-earth2-workshop&begin_date=20260525&end_date=20260602&datum=MSL&station=8575512&time_zone=gmt&units=metric&interval=6&format=json,0.023,"0,0,0,0",v
2026-06-02 23:18:00+00:00,0.41,8575512,"Annapolis, MD",water_level,MSL,metric,NOAA CO-OPS Data API,https://api.tidesandcurrents.noaa.gov/api/prod/datagetter?product=water_level&application=tempo-earth2-workshop&begin_date=20260525&end_date=20260602&datum=MSL&station=8575512&time_zone=gmt&units=metric&interval=6&format=json,0.023,"0,0,0,0",v
2026-06-02 23:24:00+00:00,0.408,8575512,"Annapolis, MD",water_level,MSL,metric,NOAA CO-OPS Data API,https://api.tidesandcurrents.noaa.gov/api/prod/datagetter?product=water_level&application=tempo-earth2-workshop&begin_date=20260525&end_date=20260602&datum=MSL&station=8575512&time_zone=gmt&units=metric&interval=6&format=json,0.023,"0,0,0,0",v
2026-06-02 23:30:00+00:00,0.406,8575512,"Annapolis, MD",water_level,MSL,metric,NOAA CO-OPS Data API,https://api.tidesandcurrents.noaa.gov/api/prod/datagetter?product=water_level&application=tempo-earth2-workshop&begin_date=20260525&end_date=20260602&datum=MSL&station=8575512&time_zone=gmt&units=metric&interval=6&format=json,0.023,"0,0,0,0",v
2026-06-02 23:36:00+00:00,0.402,8575512,"Annapolis, MD",water_level,MSL,metric,NOAA CO-OPS Data API,https://api.tidesandcurrents.noaa.gov/api/prod/datagetter?product=water_level&application=tempo-earth2-workshop&begin_date=20260525&end_date=20260602&datum=MSL&station=8575512&time_zone=gmt&units=metric&interval=6&format=json,0.023,"0,0,0,0",v
2026-06-02 23:42:00+00:00,0.399,8575512,"Annapolis, MD",water_level,MSL,metric,NOAA CO-OPS Data API,https://api.tidesandcurrents.noaa.gov/api/prod/datagetter?product=water_level&application=tempo-earth2-workshop&begin_date=20260525&end_date=20260602&datum=MSL&station=8575512&time_zone=gmt&units=metric&interval=6&format=json,0.023,"0,0,0,0",v
2026-06-02 23:48:00+00:00,0.401,8575512,"Annapolis, MD",water_level,MSL,metric,NOAA CO-OPS Data API,https://api.tidesandcurrents.noaa.gov/api/prod/datagetter?product=water_level&application=tempo-earth2-workshop&begin_date=20260525&end_date=20260602&datum=MSL&station=8575512&time_zone=gmt&units=metric&interval=6&format=json,0.023,"0,0,0,0",v
2026-06-02 23:54:00+00:00,0.398,8575512,"Annapolis, MD",water_level,MSL,metric,NOAA CO-OPS Data API,https://api.tidesandcurrents.noaa.gov/api/prod/datagetter?product=water_level&application=tempo-earth2-workshop&begin_date=20260525&end_date=20260602&datum=MSL&station=8575512&time_zone=gmt&units=metric&interval=6&format=json,0.023,"0,0,0,0",v
